,l_xy,n_pts,time
0,1,10,0.9991304874420166
1,2,10,0.0007369518280029297
2,3,10,0.00027060508728027344
3,4,10,0.00024271011352539062
4,5,10,0.00026106834411621094
5,6,10,0.0002377033233642578
6,7,10,0.00024080276489257812
7,8,10,0.00023698806762695312
8,9,10,0.00023031234741210938
9,10,10,0.00021839141845703125
10,11,10,0.00021505355834960938
11,12,10,0.0002429485321044922
12,13,10,0.0002353191375732422
13,14,10,0.0002434253692626953
14,15,10,0.0002474784851074219
15,16,10,0.00022482872009277344
16,17,10,0.00021004676818847656
17,18,10,0.0002067089080810547
18,19,10,0.00022745132446289062
19,20,10,0.00023794174194335938
20,21,10,0.00022745132446289062
21,22,10,0.00021338462829589844
22,23,10,0.00021219253540039062
23,24,10,0.0002694129943847656
24,25,10,0.0002281665802001953
25,26,10,0.00022745132446289062
26,27,10,0.0002346038818359375
27,28,10,0.00023984909057617188
28,29,10,0.00021696090698242188
29,30,10,0.00022172927856445312
30,31,10,0.00020956993103027344
31,32,10,0.00021958351135253906
32,33,10,0.00020384788513183594
33,34,10,0.00019550323486328125
34,35,10,0.00024819374084472656
35,36,10,0.00022101402282714844
36,37,10,0.00023102760314941406
37,38,10,0.0002186298370361328
38,39,10,0.00022339820861816406
39,40,10,0.00023102760314941406
40,41,10,0.00023221969604492188
41,42,10,0.0002334117889404297
42,43,10,0.0002505779266357422
43,44,10,0.00021386146545410156
44,45,10,0.0002422332763671875
45,46,10,0.00019788742065429688
46,47,10,0.00022125244140625
47,48,10,0.00019359588623046875
48,49,10,0.0002033710479736328
49,50,10,0.0001952648162841797
50,51,10,0.000213623046875
51,52,10,0.0002346038818359375
52,53,10,0.0001513957977294922
53,54,10,0.0001633167266845703
54,55,10,0.00018143653869628906
55,56,10,0.00016641616821289062
56,57,10,0.00015926361083984375
57,58,10,0.000164031982421875
58,59,10,0.00023603439331054688
59,60,10,0.0002281665802001953
60,61,10,0.00020074844360351562
61,62,10,0.0002677440643310547
62,63,10,0.00019741058349609375
63,64,10,0.0002231597900390625
64,65,10,0.00020933151245117188
65,66,10,0.00019741058349609375
66,67,10,0.00020313262939453125
67,68,10,0.00020074844360351562
68,69,10,0.00020933151245117188
69,70,10,0.00024819374084472656
70,71,10,0.00024127960205078125
71,72,10,0.0002071857452392578
72,73,10,0.00021600723266601562
73,74,10,0.0002155303955078125
74,75,10,0.0002357959747314453
75,76,10,0.00021696090698242188
76,77,10,0.00019693374633789062
77,78,10,0.00019884109497070312
78,79,10,0.00021600723266601562
79,80,10,0.0002143383026123047
80,81,10,0.00020623207092285156
81,82,10,0.00019288063049316406
82,83,10,0.00020265579223632812
83,84,10,0.0002033710479736328
84,85,10,0.0001404285430908203
85,86,10,0.00013566017150878906
86,87,10,0.00013589859008789062
87,88,10,0.0001480579376220703
88,89,10,0.0001461505889892578
89,90,10,0.00014901161193847656
90,91,10,0.00021266937255859375
91,92,10,0.0002129077911376953
92,93,10,0.000213623046875
93,94,10,0.00020170211791992188
94,95,10,0.00019598007202148438
95,96,10,0.0002009868621826172
96,97,10,0.00013875961303710938
97,98,10,0.00012946128845214844
98,99,10,0.000141143798828125
99,1,20,0.0002269744873046875
100,2,20,0.0002129077911376953
101,3,20,0.0001976490020751953
102,4,20,0.00027251243591308594
103,5,20,0.00026154518127441406
104,6,20,0.0002567768096923828
105,7,20,0.00024771690368652344
106,8,20,0.00026535987854003906
107,9,20,0.0002372264862060547
108,10,20,0.0002651214599609375
109,11,20,0.0002510547637939453
110,12,20,0.00024509429931640625
111,13,20,0.0003254413604736328
112,14,20,0.00019025802612304688
113,15,20,0.00018215179443359375
114,16,20,0.0001614093780517578
115,17,20,0.0001590251922607422
116,18,20,0.00018143653869628906
117,19,20,0.0001685619354248047
118,20,20,0.00025200843811035156
119,21,20,0.00018095970153808594
120,22,20,0.0001544952392578125
121,23,20,0.00018453598022460938
122,24,20,0.0001666545867919922
123,25,20,0.00016379356384277344
124,26,20,0.00015616416931152344
125,27,20,0.00022673606872558594
126,28,20,0.0002238750457763672
127,29,20,0.00024890899658203125
128,30,20,0.00023365020751953125
129,31,20,0.00023698806762695312
130,32,20,0.0002219676971435547
131,33,20,0.0002346038818359375
132,34,20,0.00023937225341796875
133,35,20,0.0002262592315673828
134,36,20,0.00023436546325683594
135,37,20,0.00023484230041503906
136,38,20,0.00022363662719726562
137,39,20,0.0001537799835205078
138,40,20,0.00015735626220703125
139,41,20,0.00016570091247558594
140,42,20,0.00016641616821289062
141,43,20,0.00016069412231445312
142,44,20,0.00015354156494140625
143,45,20,0.00022864341735839844
144,46,20,0.00021529197692871094
145,47,20,0.00023055076599121094
146,48,20,0.000225067138671875
147,49,20,0.0002276897430419922
148,50,20,0.0002856254577636719
149,51,20,0.00023651123046875
150,52,20,0.00024175643920898438
151,53,20,0.00022673606872558594
152,54,20,0.000232696533203125
153,55,20,0.0002148151397705078
154,56,20,0.00021886825561523438
155,57,20,0.00021886825561523438
156,58,20,0.0002243518829345703
157,59,20,0.00021505355834960938
158,60,20,0.00021147727966308594
159,61,20,0.00021791458129882812
160,62,20,0.00021958351135253906
161,63,20,0.00022554397583007812
162,64,20,0.00022935867309570312
163,65,20,0.0002315044403076172
164,66,20,0.0002162456512451172
165,67,20,0.00016427040100097656
166,68,20,0.00014066696166992188
167,69,20,0.00014925003051757812
168,70,20,0.00012826919555664062
169,71,20,0.00014209747314453125
170,72,20,0.0001399517059326172
171,73,20,0.00021958351135253906
172,74,20,0.0002105236053466797
173,75,20,0.00021791458129882812
174,76,20,0.0002193450927734375
175,77,20,0.00021147727966308594
176,78,20,0.0002167224884033203
177,79,20,0.00013947486877441406
178,80,20,0.00016427040100097656
179,81,20,0.00014495849609375
180,82,20,0.00014328956604003906
181,83,20,0.0001842975616455078
182,84,20,0.00017690658569335938
183,85,20,0.00022673606872558594
184,86,20,0.000225067138671875
185,87,20,0.00021505355834960938
186,88,20,0.00021958351135253906
187,89,20,0.000209808349609375
188,90,20,0.00021409988403320312
189,91,20,0.00021314620971679688
190,92,20,0.00020813941955566406
191,93,20,0.00021791458129882812
192,94,20,0.00022554397583007812
193,95,20,0.00023555755615234375
194,96,20,0.00023984909057617188
195,97,20,0.0002200603485107422
196,98,20,0.00021123886108398438
197,99,20,0.00021505355834960938
198,1,30,0.00035262107849121094
199,2,30,0.0002970695495605469
200,3,30,0.0002853870391845703
201,4,30,0.0002899169921875
202,5,30,0.000293731689453125
203,6,30,0.00026679039001464844
204,7,30,0.0002682209014892578
205,8,30,0.0002753734588623047
206,9,30,0.0002694129943847656
207,10,30,0.00020694732666015625
208,11,30,0.0002219676971435547
209,12,30,0.0002028942108154297
210,13,30,0.00019049644470214844
211,14,30,0.00019860267639160156
212,15,30,0.00019216537475585938
213,16,30,0.0003273487091064453
214,17,30,0.00026535987854003906
215,18,30,0.00029730796813964844
216,19,30,0.00026988983154296875
217,20,30,0.0002875328063964844
218,21,30,0.0002830028533935547
219,22,30,0.0002810955047607422
220,23,30,0.0002429485321044922
221,24,30,0.0002567768096923828
222,25,30,0.00030732154846191406
223,26,30,0.0002796649932861328
224,27,30,0.0002658367156982422
225,28,30,0.00026535987854003906
226,29,30,0.00027680397033691406
227,30,30,0.0002613067626953125
228,31,30,0.0002796649932861328
229,32,30,0.0002651214599609375
230,33,30,0.00027441978454589844
231,34,30,0.0002562999725341797
232,35,30,0.00018262863159179688
233,36,30,0.00018453598022460938
234,37,30,0.00018525123596191406
235,38,30,0.00019240379333496094
236,39,30,0.00019407272338867188
237,40,30,0.0001983642578125
238,41,30,0.00018095970153808594
239,42,30,0.00020432472229003906
240,43,30,0.00018906593322753906
241,44,30,0.00018215179443359375
242,45,30,0.0001850128173828125
243,46,30,0.0002079010009765625
244,47,30,0.00021886825561523438
245,48,30,0.00019669532775878906
246,49,30,0.00018739700317382812
247,50,30,0.000179290771484375
248,51,30,0.00017213821411132812
249,52,30,0.00019669532775878906
250,53,30,0.00025391578674316406
251,54,30,0.00018548965454101562
252,55,30,0.00017833709716796875
253,56,30,0.00018358230590820312
254,57,30,0.0002002716064453125
255,58,30,0.00017881393432617188
256,59,30,0.00020647048950195312
257,60,30,0.0002732276916503906
258,61,30,0.00018525123596191406
259,62,30,0.0001761913299560547
260,63,30,0.0001800060272216797
261,64,30,0.0001728534698486328
262,65,30,0.000179290771484375
263,66,30,0.00017333030700683594
264,67,30,0.00016808509826660156
265,68,30,0.00014901161193847656
266,69,30,0.0001633167266845703
267,70,30,0.00016736984252929688
268,71,30,0.000186920166015625
269,72,30,0.0001709461212158203
270,73,30,0.00024437904357910156
271,74,30,0.0002589225769042969
272,75,30,0.00017571449279785156
273,76,30,0.00017762184143066406
274,77,30,0.00015687942504882812
275,78,30,0.0001647472381591797
276,79,30,0.0001571178436279297
277,80,30,0.0001800060272216797
278,81,30,0.00015926361083984375
279,82,30,0.0001666545867919922
280,83,30,0.00015807151794433594
281,84,30,0.00016427040100097656
282,85,30,0.00015997886657714844
283,86,30,0.0001747608184814453
284,87,30,0.00014591217041015625
285,88,30,0.0001690387725830078
286,89,30,0.00017905235290527344
287,90,30,0.00019311904907226562
288,91,30,0.00014662742614746094
289,92,30,0.00017905235290527344
290,93,30,0.0001857280731201172
291,94,30,0.0002067089080810547
292,95,30,0.00016760826110839844
293,96,30,0.0001773834228515625
294,97,30,0.00015997886657714844
295,98,30,0.00016546249389648438
296,99,30,0.0001633167266845703
297,1,40,0.0003185272216796875
298,2,40,0.00026679039001464844
299,3,40,0.0002682209014892578
300,4,40,0.00026416778564453125
301,5,40,0.00028634071350097656
302,6,40,0.0002880096435546875
303,7,40,0.0002739429473876953
304,8,40,0.00028324127197265625
305,9,40,0.0002884864807128906
306,10,40,0.00028514862060546875
307,11,40,0.0002562999725341797
308,12,40,0.00023818016052246094
309,13,40,0.0002682209014892578
310,14,40,0.0002493858337402344
311,15,40,0.00022459030151367188
312,16,40,0.00024247169494628906
313,17,40,0.00026869773864746094
314,18,40,0.00024056434631347656
315,19,40,0.00024771690368652344
316,20,40,0.00024819374084472656
317,21,40,0.00029397010803222656
318,22,40,0.0002779960632324219
319,23,40,0.00023126602172851562
320,24,40,0.00026226043701171875
321,25,40,0.0002601146697998047
322,26,40,0.0002491474151611328
323,27,40,0.00027060508728027344
324,28,40,0.0002593994140625
325,29,40,0.0002651214599609375
326,30,40,0.0002384185791015625
327,31,40,0.00025963783264160156
328,32,40,0.00024199485778808594
329,33,40,0.0002415180206298828
330,34,40,0.0002257823944091797
331,35,40,0.00024318695068359375
332,36,40,0.0002257823944091797
333,37,40,0.0002162456512451172
334,38,40,0.0002505779266357422
335,39,40,0.00021886825561523438
336,40,40,0.0002391338348388672
337,41,40,0.00025081634521484375
338,42,40,0.0002474784851074219
339,43,40,0.00024390220642089844
340,44,40,0.0002491474151611328
341,45,40,0.0002262592315673828
342,46,40,0.00022840499877929688
343,47,40,0.0002262592315673828
344,48,40,0.0002143383026123047
345,49,40,0.00021123886108398438
346,50,40,0.00024247169494628906
347,51,40,0.00023412704467773438
348,52,40,0.00022554397583007812
349,53,40,0.00022983551025390625
350,54,40,0.00022125244140625
351,55,40,0.00023126602172851562
352,56,40,0.00027251243591308594
353,57,40,0.000263214111328125
354,58,40,0.0002579689025878906
355,59,40,0.00021457672119140625
356,60,40,0.00023937225341796875
357,61,40,0.0002105236053466797
358,62,40,0.00022983551025390625
359,63,40,0.00021505355834960938
360,64,40,0.00023865699768066406
361,65,40,0.0002148151397705078
362,66,40,0.0002570152282714844
363,67,40,0.0002052783966064453
364,68,40,0.00020766258239746094
365,69,40,0.0002143383026123047
366,70,40,0.0002465248107910156
367,71,40,0.00026226043701171875
368,72,40,0.0002105236053466797
369,73,40,0.00021696090698242188
370,74,40,0.00021219253540039062
371,75,40,0.000186920166015625
372,76,40,0.00018787384033203125
373,77,40,0.00017952919006347656
374,78,40,0.0001926422119140625
375,79,40,0.00019550323486328125
376,80,40,0.0002086162567138672
377,81,40,0.0002288818359375
378,82,40,0.00023651123046875
379,83,40,0.00022029876708984375
380,84,40,0.0002315044403076172
381,85,40,0.0001983642578125
382,86,40,0.00020551681518554688
383,87,40,0.00020360946655273438
384,88,40,0.00021338462829589844
385,89,40,0.00019025802612304688
386,90,40,0.0001952648162841797
387,91,40,0.00018906593322753906
388,92,40,0.0001919269561767578
389,93,40,0.0001952648162841797
390,94,40,0.00019931793212890625
391,95,40,0.00021338462829589844
392,96,40,0.00019288063049316406
393,97,40,0.0001881122589111328
394,98,40,0.00022125244140625
395,99,40,0.0001900196075439453
396,1,50,0.00040435791015625
397,2,50,0.00036454200744628906
398,3,50,0.00036072731018066406
399,4,50,0.00031304359436035156
400,5,50,0.0003452301025390625
401,6,50,0.0003485679626464844
402,7,50,0.0003726482391357422
403,8,50,0.00031447410583496094
404,9,50,0.00033092498779296875
405,10,50,0.00033855438232421875
406,11,50,0.00033092498779296875
407,12,50,0.00032806396484375
408,13,50,0.0003151893615722656
409,14,50,0.0003173351287841797
410,15,50,0.000354766845703125
411,16,50,0.0003132820129394531
412,17,50,0.0003921985626220703
413,18,50,0.0003437995910644531
414,19,50,0.0003046989440917969
415,20,50,0.0002982616424560547
416,21,50,0.00029158592224121094
417,22,50,0.0002918243408203125
418,23,50,0.00035953521728515625
419,24,50,0.0003070831298828125
420,25,50,0.00034689903259277344
421,26,50,0.0002994537353515625
422,27,50,0.0003066062927246094
423,28,50,0.0002880096435546875
424,29,50,0.00032520294189453125
425,30,50,0.0003380775451660156
426,31,50,0.0003120899200439453
427,32,50,0.00030803680419921875
428,33,50,0.0003428459167480469
429,34,50,0.0003724098205566406
430,35,50,0.0003094673156738281
431,36,50,0.0002994537353515625
432,37,50,0.00029206275939941406
433,38,50,0.00031185150146484375
434,39,50,0.00030684471130371094
435,40,50,0.00028252601623535156
436,41,50,0.0003249645233154297
437,42,50,0.00028824806213378906
438,43,50,0.0002853870391845703
439,44,50,0.00028634071350097656
440,45,50,0.00028395652770996094
441,46,50,0.00033283233642578125
442,47,50,0.0002956390380859375
443,48,50,0.0002865791320800781
444,49,50,0.0002760887145996094
445,50,50,0.0002913475036621094
446,51,50,0.0018839836120605469
447,52,50,0.0002663135528564453
448,53,50,0.0003094673156738281
449,54,50,0.00026535987854003906
450,55,50,0.0002963542938232422
451,56,50,0.0002493858337402344
452,57,50,0.0002818107604980469
453,58,50,0.00025200843811035156
454,59,50,0.00028777122497558594
455,60,50,0.00028014183044433594
456,61,50,0.0003361701965332031
457,62,50,0.00031757354736328125
458,63,50,0.00027823448181152344
459,64,50,0.00027179718017578125
460,65,50,0.00029778480529785156
461,66,50,0.00023984909057617188
462,67,50,0.00027823448181152344
463,68,50,0.0002727508544921875
464,69,50,0.0002779960632324219
465,70,50,0.0002429485321044922
466,71,50,0.0002541542053222656
467,72,50,0.00028967857360839844
468,73,50,0.0002720355987548828
469,74,50,0.0002627372741699219
470,75,50,0.0002512931823730469
471,76,50,0.0002799034118652344
472,77,50,0.00028133392333984375
473,78,50,0.0003066062927246094
474,79,50,0.00027441978454589844
475,80,50,0.00029277801513671875
476,81,50,0.00028443336486816406
477,82,50,0.0002582073211669922
478,83,50,0.0002803802490234375
479,84,50,0.00025343894958496094
480,85,50,0.0002589225769042969
481,86,50,0.00024437904357910156
482,87,50,0.0002543926239013672
483,88,50,0.0002574920654296875
484,89,50,0.0002346038818359375
485,90,50,0.0002396106719970703
486,91,50,0.0002617835998535156
487,92,50,0.00023126602172851562
488,93,50,0.0002276897430419922
489,94,50,0.00026345252990722656
490,95,50,0.00024056434631347656
491,96,50,0.0002281665802001953
492,97,50,0.00025534629821777344
493,98,50,0.00024318695068359375
494,99,50,0.0002467632293701172
495,1,60,0.0005476474761962891
496,2,60,0.0004661083221435547
497,3,60,0.0004260540008544922
498,4,60,0.00040793418884277344
499,5,60,0.0004220008850097656
500,6,60,0.0004417896270751953
501,7,60,0.0004563331604003906
502,8,60,0.0004181861877441406
503,9,60,0.00045180320739746094
504,10,60,0.0003666877746582031
505,11,60,0.00041556358337402344
506,12,60,0.00037860870361328125
507,13,60,0.0003814697265625
508,14,60,0.00048351287841796875
509,15,60,0.0004506111145019531
510,16,60,0.0004105567932128906
511,17,60,0.000457763671875
512,18,60,0.00046944618225097656
513,19,60,0.0004467964172363281
514,20,60,0.00048041343688964844
515,21,60,0.0004582405090332031
516,22,60,0.00045943260192871094
517,23,60,0.0004267692565917969
518,24,60,0.0004363059997558594
519,25,60,0.0004999637603759766
520,26,60,0.0004284381866455078
521,27,60,0.0004410743713378906
522,28,60,0.0004496574401855469
523,29,60,0.00048089027404785156
524,30,60,0.0004863739013671875
525,31,60,0.0004284381866455078
526,32,60,0.00041961669921875
527,33,60,0.0003933906555175781
528,34,60,0.0003666877746582031
529,35,60,0.0004153251647949219
530,36,60,0.0003871917724609375
531,37,60,0.0003306865692138672
532,38,60,0.0003421306610107422
533,39,60,0.0003457069396972656
534,40,60,0.0003752708435058594
535,41,60,0.0003490447998046875
536,42,60,0.0003788471221923828
537,43,60,0.0003600120544433594
538,44,60,0.00034356117248535156
539,45,60,0.0003447532653808594
540,46,60,0.0003490447998046875
541,47,60,0.00036835670471191406
542,48,60,0.0003261566162109375
543,49,60,0.0003371238708496094
544,50,60,0.0003616809844970703
545,51,60,0.00032639503479003906
546,52,60,0.0003337860107421875
547,53,60,0.000335693359375
548,54,60,0.00030517578125
549,55,60,0.00031495094299316406
550,56,60,0.00030422210693359375
551,57,60,0.000316619873046875
552,58,60,0.0002956390380859375
553,59,60,0.00031375885009765625
554,60,60,0.00033020973205566406
555,61,60,0.0003218650817871094
556,62,60,0.00028514862060546875
557,63,60,0.00031447410583496094
558,64,60,0.0003285408020019531
559,65,60,0.00036215782165527344
560,66,60,0.0002841949462890625
561,67,60,0.0003097057342529297
562,68,60,0.00027108192443847656
563,69,60,0.00028014183044433594
564,70,60,0.0002713203430175781
565,71,60,0.0002827644348144531
566,72,60,0.0003159046173095703
567,73,60,0.00028896331787109375
568,74,60,0.000301361083984375
569,75,60,0.00029587745666503906
570,76,60,0.00029206275939941406
571,77,60,0.0003197193145751953
572,78,60,0.0003039836883544922
573,79,60,0.0003046989440917969
574,80,60,0.00028443336486816406
575,81,60,0.0002949237823486328
576,82,60,0.0002989768981933594
577,83,60,0.0003192424774169922
578,84,60,0.00028514862060546875
579,85,60,0.0002593994140625
580,86,60,0.0002760887145996094
581,87,60,0.0003287792205810547
582,88,60,0.0003094673156738281
583,89,60,0.0003287792205810547
584,90,60,0.00029277801513671875
585,91,60,0.00030231475830078125
586,92,60,0.0003342628479003906
587,93,60,0.00024771690368652344
588,94,60,0.00027251243591308594
589,95,60,0.0002589225769042969
590,96,60,0.0002658367156982422
591,97,60,0.00027298927307128906
592,98,60,0.0002689361572265625
593,99,60,0.0002968311309814453
594,1,70,0.0006310939788818359
595,2,70,0.0005347728729248047
596,3,70,0.00048160552978515625
597,4,70,0.0005962848663330078
598,5,70,0.0005817413330078125
599,6,70,0.0007388591766357422
600,7,70,0.0005221366882324219
601,8,70,0.0005321502685546875
602,9,70,0.0005145072937011719
603,10,70,0.0006155967712402344
604,11,70,0.0005328655242919922
605,12,70,0.0005223751068115234
606,13,70,0.0005140304565429688
607,14,70,0.0005178451538085938
608,15,70,0.0004913806915283203
609,16,70,0.0006129741668701172
610,17,70,0.0005266666412353516
611,18,70,0.0005457401275634766
612,19,70,0.0005071163177490234
613,20,70,0.0005304813385009766
614,21,70,0.0005404949188232422
615,22,70,0.0005121231079101562
616,23,70,0.0005288124084472656
617,24,70,0.0005557537078857422
618,25,70,0.0004334449768066406
619,26,70,0.00045990943908691406
620,27,70,0.0004038810729980469
621,28,70,0.00044226646423339844
622,29,70,0.0004208087921142578
623,30,70,0.0005016326904296875
624,31,70,0.000476837158203125
625,32,70,0.00045037269592285156
626,33,70,0.0004413127899169922
627,34,70,0.0005118846893310547
628,35,70,0.000507354736328125
629,36,70,0.00046634674072265625
630,37,70,0.0004382133483886719
631,38,70,0.0004382133483886719
632,39,70,0.00049591064453125
633,40,70,0.0014989376068115234
634,41,70,0.0003838539123535156
635,42,70,0.0004987716674804688
636,43,70,0.00042891502380371094
637,44,70,0.0004181861877441406
638,45,70,0.0004532337188720703
639,46,70,0.0004601478576660156
640,47,70,0.0004642009735107422
641,48,70,0.00047278404235839844
642,49,70,0.0005283355712890625
643,50,70,0.0004627704620361328
644,51,70,0.0004956722259521484
645,52,70,0.00039958953857421875
646,53,70,0.0004279613494873047
647,54,70,0.0004315376281738281
648,55,70,0.0004889965057373047
649,56,70,0.0004227161407470703
650,57,70,0.0003781318664550781
651,58,70,0.0004572868347167969
652,59,70,0.0004425048828125
653,60,70,0.0003783702850341797
654,61,70,0.00040149688720703125
655,62,70,0.00041937828063964844
656,63,70,0.000370025634765625
657,64,70,0.00039768218994140625
658,65,70,0.00042176246643066406
659,66,70,0.00034308433532714844
660,67,70,0.0003421306610107422
661,68,70,0.00037360191345214844
662,69,70,0.0003421306610107422
663,70,70,0.0003349781036376953
664,71,70,0.0003638267517089844
665,72,70,0.0003287792205810547
666,73,70,0.00035119056701660156
667,74,70,0.0003364086151123047
668,75,70,0.00038886070251464844
669,76,70,0.00032401084899902344
670,77,70,0.0003960132598876953
671,78,70,0.00037980079650878906
672,79,70,0.0003535747528076172
673,80,70,0.00032401084899902344
674,81,70,0.00033926963806152344
675,82,70,0.0003113746643066406
676,83,70,0.000301361083984375
677,84,70,0.0003337860107421875
678,85,70,0.0002994537353515625
679,86,70,0.0003421306610107422
680,87,70,0.0003170967102050781
681,88,70,0.00037980079650878906
682,89,70,0.0003192424774169922
683,90,70,0.0003726482391357422
684,91,70,0.00033926963806152344
685,92,70,0.0003592967987060547
686,93,70,0.0003056526184082031
687,94,70,0.0003497600555419922
688,95,70,0.0003483295440673828
689,96,70,0.0002841949462890625
690,97,70,0.00034236907958984375
691,98,70,0.00032711029052734375
692,99,70,0.00032782554626464844
693,1,80,0.000980377197265625
694,2,80,0.0006880760192871094
695,3,80,0.0006687641143798828
696,4,80,0.0007929801940917969
697,5,80,0.0005884170532226562
698,6,80,0.0006363391876220703
699,7,80,0.0007233619689941406
700,8,80,0.0007321834564208984
701,9,80,0.0006313323974609375
702,10,80,0.0007851123809814453
703,11,80,0.0006785392761230469
704,12,80,0.0006315708160400391
705,13,80,0.0006508827209472656
706,14,80,0.0006132125854492188
707,15,80,0.0006399154663085938
708,16,80,0.0006623268127441406
709,17,80,0.0006663799285888672
710,18,80,0.0006384849548339844
711,19,80,0.0006489753723144531
712,20,80,0.0006577968597412109
713,21,80,0.0006208419799804688
714,22,80,0.0006513595581054688
715,23,80,0.0005764961242675781
716,24,80,0.0007200241088867188
717,25,80,0.0006594657897949219
718,26,80,0.0005898475646972656
719,27,80,0.0006341934204101562
720,28,80,0.0005931854248046875
721,29,80,0.0006885528564453125
722,30,80,0.0005557537078857422
723,31,80,0.0004627704620361328
724,32,80,0.0005135536193847656
725,33,80,0.0005617141723632812
726,34,80,0.0005481243133544922
727,35,80,0.0005941390991210938
728,36,80,0.000522613525390625
729,37,80,0.00054931640625
730,38,80,0.0005431175231933594
731,39,80,0.0006380081176757812
732,40,80,0.0004622936248779297
733,41,80,0.0005252361297607422
734,42,80,0.0005502700805664062
735,43,80,0.0005388259887695312
736,44,80,0.0005185604095458984
737,45,80,0.0005366802215576172
738,46,80,0.0005292892456054688
739,47,80,0.0005533695220947266
740,48,80,0.0005409717559814453
741,49,80,0.0005431175231933594
742,50,80,0.0005409717559814453
743,51,80,0.0005311965942382812
744,52,80,0.0005035400390625
745,53,80,0.0005350112915039062
746,54,80,0.0005700588226318359
747,55,80,0.0005209445953369141
748,56,80,0.0006320476531982422
749,57,80,0.0005133152008056641
750,58,80,0.0005025863647460938
751,59,80,0.0005981922149658203
752,60,80,0.0005385875701904297
753,61,80,0.0005116462707519531
754,62,80,0.0004932880401611328
755,63,80,0.00048470497131347656
756,64,80,0.00046181678771972656
757,65,80,0.0004336833953857422
758,66,80,0.00047969818115234375
759,67,80,0.0004515647888183594
760,68,80,0.0005030632019042969
761,69,80,0.0005619525909423828
762,70,80,0.00045371055603027344
763,71,80,0.0004482269287109375
764,72,80,0.00040984153747558594
765,73,80,0.00039124488830566406
766,74,80,0.00039768218994140625
767,75,80,0.0004124641418457031
768,76,80,0.00036454200744628906
769,77,80,0.0003745555877685547
770,78,80,0.0003943443298339844
771,79,80,0.0003998279571533203
772,80,80,0.0003821849822998047
773,81,80,0.00040149688720703125
774,82,80,0.00037980079650878906
775,83,80,0.00033855438232421875
776,84,80,0.0003604888916015625
777,85,80,0.00043201446533203125
778,86,80,0.00036525726318359375
779,87,80,0.0003676414489746094
780,88,80,0.00037217140197753906
781,89,80,0.0004134178161621094
782,90,80,0.0003559589385986328
783,91,80,0.0003559589385986328
784,92,80,0.00036644935607910156
785,93,80,0.00034308433532714844
786,94,80,0.0003743171691894531
787,95,80,0.0004329681396484375
788,96,80,0.0003705024719238281
789,97,80,0.0003809928894042969
790,98,80,0.0003426074981689453
791,99,80,0.00042438507080078125
792,1,90,0.0008909702301025391
793,2,90,0.0007214546203613281
794,3,90,0.0007405281066894531
795,4,90,0.000820159912109375
796,5,90,0.0009188652038574219
797,6,90,0.0007450580596923828
798,7,90,0.0008285045623779297
799,8,90,0.00075531005859375
800,9,90,0.0007755756378173828
801,10,90,0.0007429122924804688
802,11,90,0.0008215904235839844
803,12,90,0.0007822513580322266
804,13,90,0.00089263916015625
805,14,90,0.0007319450378417969
806,15,90,0.0008342266082763672
807,16,90,0.0007407665252685547
808,17,90,0.0007615089416503906
809,18,90,0.0007500648498535156
810,19,90,0.0008041858673095703
811,20,90,0.0008103847503662109
812,21,90,0.0007612705230712891
813,22,90,0.0007658004760742188
814,23,90,0.0008044242858886719
815,24,90,0.0007264614105224609
816,25,90,0.000743865966796875
817,26,90,0.0007565021514892578
818,27,90,0.0007135868072509766
819,28,90,0.0007181167602539062
820,29,90,0.0006985664367675781
821,30,90,0.0006937980651855469
822,31,90,0.0006933212280273438
823,32,90,0.0007226467132568359
824,33,90,0.0006923675537109375
825,34,90,0.0006322860717773438
826,35,90,0.0005977153778076172
827,36,90,0.0006363391876220703
828,37,90,0.0007092952728271484
829,38,90,0.0007083415985107422
830,39,90,0.0006418228149414062
831,40,90,0.0006954669952392578
832,41,90,0.00069427490234375
833,42,90,0.0006866455078125
834,43,90,0.0007054805755615234
835,44,90,0.0006883144378662109
836,45,90,0.0006754398345947266
837,46,90,0.0006825923919677734
838,47,90,0.0006623268127441406
839,48,90,0.0006315708160400391
840,49,90,0.0006306171417236328
841,50,90,0.0005955696105957031
842,51,90,0.0006191730499267578
843,52,90,0.0006055831909179688
844,53,90,0.0006330013275146484
845,54,90,0.0006847381591796875
846,55,90,0.0006864070892333984
847,56,90,0.0005571842193603516
848,57,90,0.0005900859832763672
849,58,90,0.0005757808685302734
850,59,90,0.0006203651428222656
851,60,90,0.0006620883941650391
852,61,90,0.0006175041198730469
853,62,90,0.0006079673767089844
854,63,90,0.0006687641143798828
855,64,90,0.0006206035614013672
856,65,90,0.0006222724914550781
857,66,90,0.0006074905395507812
858,67,90,0.0005998611450195312
859,68,90,0.0005710124969482422
860,69,90,0.0005958080291748047
861,70,90,0.000579833984375
862,71,90,0.0005643367767333984
863,72,90,0.0005462169647216797
864,73,90,0.0005271434783935547
865,74,90,0.0005075931549072266
866,75,90,0.0005815029144287109
867,76,90,0.0004858970642089844
868,77,90,0.0004894733428955078
869,78,90,0.0005242824554443359
870,79,90,0.0005104541778564453
871,80,90,0.0005004405975341797
872,81,90,0.00047898292541503906
873,82,90,0.00048041343688964844
874,83,90,0.0005033016204833984
875,84,90,0.0004634857177734375
876,85,90,0.00046253204345703125
877,86,90,0.0005137920379638672
878,87,90,0.00046133995056152344
879,88,90,0.00048065185546875
880,89,90,0.0004458427429199219
881,90,90,0.00047779083251953125
882,91,90,0.00046133995056152344
883,92,90,0.00046324729919433594
884,93,90,0.0004286766052246094
885,94,90,0.0004711151123046875
886,95,90,0.0004413127899169922
887,96,90,0.00046372413635253906
888,97,90,0.00048542022705078125
889,98,90,0.0004646778106689453
890,99,90,0.0004787445068359375
891,1,100,0.0010967254638671875
892,2,100,0.00091552734375
893,3,100,0.0008981227874755859
894,4,100,0.0009922981262207031
895,5,100,0.0010187625885009766
896,6,100,0.0009725093841552734
897,7,100,0.0009617805480957031
898,8,100,0.0009791851043701172
899,9,100,0.0009305477142333984
900,10,100,0.0009467601776123047
901,11,100,0.0009870529174804688
902,12,100,0.0008873939514160156
903,13,100,0.0008375644683837891
904,14,100,0.0008990764617919922
905,15,100,0.0009241104125976562
906,16,100,0.0009970664978027344
907,17,100,0.0007894039154052734
908,18,100,0.0009629726409912109
909,19,100,0.0009462833404541016
910,20,100,0.0008289813995361328
911,21,100,0.0009291172027587891
912,22,100,0.0009033679962158203
913,23,100,0.0008795261383056641
914,24,100,0.0008852481842041016
915,25,100,0.0009393692016601562
916,26,100,0.0008478164672851562
917,27,100,0.0008635520935058594
918,28,100,0.0008003711700439453
919,29,100,0.0017783641815185547
920,30,100,0.0008077621459960938
921,31,100,0.0008237361907958984
922,32,100,0.0008687973022460938
923,33,100,0.0008368492126464844
924,34,100,0.0008444786071777344
925,35,100,0.0008029937744140625
926,36,100,0.0007925033569335938
927,37,100,0.0007932186126708984
928,38,100,0.0007994174957275391
929,39,100,0.0007297992706298828
930,40,100,0.0007176399230957031
931,41,100,0.0007610321044921875
932,42,100,0.000762939453125
933,43,100,0.0007264614105224609
934,44,100,0.0007965564727783203
935,45,100,0.0007405281066894531
936,46,100,0.0007643699645996094
937,47,100,0.0008072853088378906
938,48,100,0.0007741451263427734
939,49,100,0.0008265972137451172
940,50,100,0.0007345676422119141
941,51,100,0.0007448196411132812
942,52,100,0.0007262229919433594
943,53,100,0.0007116794586181641
944,54,100,0.0006902217864990234
945,55,100,0.0007214546203613281
946,56,100,0.0006856918334960938
947,57,100,0.0006818771362304688
948,58,100,0.0007221698760986328
949,59,100,0.000720977783203125
950,60,100,0.0007531642913818359
951,61,100,0.0007264614105224609
952,62,100,0.0006864070892333984
953,63,100,0.0006847381591796875
954,64,100,0.0007092952728271484
955,65,100,0.0006556510925292969
956,66,100,0.0006361007690429688
957,67,100,0.0006818771362304688
958,68,100,0.0006601810455322266
959,69,100,0.000682830810546875
960,70,100,0.0006663799285888672
961,71,100,0.0005412101745605469
962,72,100,0.0006945133209228516
963,73,100,0.0007104873657226562
964,74,100,0.0006921291351318359
965,75,100,0.0006923675537109375
966,76,100,0.0006811618804931641
967,77,100,0.0006692409515380859
968,78,100,0.0005719661712646484
969,79,100,0.0006773471832275391
970,80,100,0.0006000995635986328
971,81,100,0.0005936622619628906
972,82,100,0.0005879402160644531
973,83,100,0.0006108283996582031
974,84,100,0.0005674362182617188
975,85,100,0.0005445480346679688
976,86,100,0.0006120204925537109
977,87,100,0.0005388259887695312
978,88,100,0.000537872314453125
979,89,100,0.0005097389221191406
980,90,100,0.0005271434783935547
981,91,100,0.0004994869232177734
982,92,100,0.0005283355712890625
983,93,100,0.0005331039428710938
984,94,100,0.0005071163177490234
985,95,100,0.0004761219024658203
986,96,100,0.0005359649658203125
987,97,100,0.0004990100860595703
988,98,100,0.0005071163177490234
989,99,100,0.0005002021789550781
990,1,110,0.0013263225555419922
991,2,110,0.0010058879852294922
992,3,110,0.0021157264709472656
993,4,110,0.0011513233184814453
994,5,110,0.0011370182037353516
995,6,110,0.0010895729064941406
996,7,110,0.0010814666748046875
997,8,110,0.0011248588562011719
998,9,110,0.0010120868682861328
999,10,110,0.0010647773742675781
1000,11,110,0.0011034011840820312
1001,12,110,0.0011703968048095703
1002,13,110,0.0010669231414794922
1003,14,110,0.0011029243469238281
1004,15,110,0.0010776519775390625
1005,16,110,0.0020127296447753906
1006,17,110,0.0010750293731689453
1007,18,110,0.0010383129119873047
1008,19,110,0.0007719993591308594
1009,20,110,0.0010676383972167969
1010,21,110,0.0009555816650390625
1011,22,110,0.0010361671447753906
1012,23,110,0.0010862350463867188
1013,24,110,0.001123666763305664
1014,25,110,0.0010251998901367188
1015,26,110,0.0010895729064941406
1016,27,110,0.0010409355163574219
1017,28,110,0.0010371208190917969
1018,29,110,0.0009944438934326172
1019,30,110,0.0010454654693603516
1020,31,110,0.0007734298706054688
1021,32,110,0.0010478496551513672
1022,33,110,0.0009396076202392578
1023,34,110,0.0009694099426269531
1024,35,110,0.0009167194366455078
1025,36,110,0.0009877681732177734
1026,37,110,0.0009753704071044922
1027,38,110,0.0009245872497558594
1028,39,110,0.0008413791656494141
1029,40,110,0.0009310245513916016
1030,41,110,0.0008640289306640625
1031,42,110,0.0008585453033447266
1032,43,110,0.0008625984191894531
1033,44,110,0.000911712646484375
1034,45,110,0.0008478164672851562
1035,46,110,0.0008783340454101562
1036,47,110,0.0008676052093505859
1037,48,110,0.0009171962738037109
1038,49,110,0.0008151531219482422
1039,50,110,0.0008854866027832031
1040,51,110,0.0009205341339111328
1041,52,110,0.0008630752563476562
1042,53,110,0.0009160041809082031
1043,54,110,0.0008819103240966797
1044,55,110,0.0009090900421142578
1045,56,110,0.0008177757263183594
1046,57,110,0.0008761882781982422
1047,58,110,0.0008153915405273438
1048,59,110,0.000827789306640625
1049,60,110,0.0008838176727294922
1050,61,110,0.0008172988891601562
1051,62,110,0.0007891654968261719
1052,63,110,0.0008070468902587891
1053,64,110,0.0008232593536376953
1054,65,110,0.0007872581481933594
1055,66,110,0.0007333755493164062
1056,67,110,0.0007777214050292969
1057,68,110,0.0007674694061279297
1058,69,110,0.0008144378662109375
1059,70,110,0.0007266998291015625
1060,71,110,0.0007586479187011719
1061,72,110,0.0007593631744384766
1062,73,110,0.0008103847503662109
1063,74,110,0.0009033679962158203
1064,75,110,0.0008044242858886719
1065,76,110,0.0007236003875732422
1066,77,110,0.0008263587951660156
1067,78,110,0.0008018016815185547
1068,79,110,0.0007791519165039062
1069,80,110,0.0008194446563720703
1070,81,110,0.0007908344268798828
1071,82,110,0.0007565021514892578
1072,83,110,0.0007615089416503906
1073,84,110,0.0007688999176025391
1074,85,110,0.0007662773132324219
1075,86,110,0.0007317066192626953
1076,87,110,0.0007429122924804688
1077,88,110,0.0007522106170654297
1078,89,110,0.0007152557373046875
1079,90,110,0.0006911754608154297
1080,91,110,0.0007190704345703125
1081,92,110,0.0007424354553222656
1082,93,110,0.0007266998291015625
1083,94,110,0.0006198883056640625
1084,95,110,0.0007138252258300781
1085,96,110,0.0006546974182128906
1086,97,110,0.0006158351898193359
1087,98,110,0.0007014274597167969
1088,99,110,0.0006422996520996094
1089,1,120,0.0015289783477783203
1090,2,120,0.0011892318725585938
1091,3,120,0.0012161731719970703
1092,4,120,0.0014700889587402344
1093,5,120,0.0012218952178955078
1094,6,120,0.001214742660522461
1095,7,120,0.0013186931610107422
1096,8,120,0.0012977123260498047
1097,9,120,0.001918792724609375
1098,10,120,0.0013403892517089844
1099,11,120,0.0011935234069824219
1100,12,120,0.0013244152069091797
1101,13,120,0.0012450218200683594
1102,14,120,0.001299142837524414
1103,15,120,0.0012848377227783203
1104,16,120,0.0012171268463134766
1105,17,120,0.0012712478637695312
1106,18,120,0.0013339519500732422
1107,19,120,0.001268625259399414
1108,20,120,0.0012924671173095703
1109,21,120,0.0012035369873046875
1110,22,120,0.0011570453643798828
1111,23,120,0.0013167858123779297
1112,24,120,0.0012371540069580078
1113,25,120,0.0012407302856445312
1114,26,120,0.0012307167053222656
1115,27,120,0.0011591911315917969
1116,28,120,0.001149892807006836
1117,29,120,0.001232147216796875
1118,30,120,0.0011904239654541016
1119,31,120,0.0011856555938720703
1120,32,120,0.0011584758758544922
1121,33,120,0.0010952949523925781
1122,34,120,0.001012563705444336
1123,35,120,0.0011811256408691406
1124,36,120,0.0011076927185058594
1125,37,120,0.0012116432189941406
1126,38,120,0.0010831356048583984
1127,39,120,0.0011129379272460938
1128,40,120,0.0010895729064941406
1129,41,120,0.0011017322540283203
1130,42,120,0.0010256767272949219
1131,43,120,0.0011212825775146484
1132,44,120,0.0010118484497070312
1133,45,120,0.0009698867797851562
1134,46,120,0.0009360313415527344
1135,47,120,0.0009801387786865234
1136,48,120,0.0009613037109375
1137,49,120,0.0010170936584472656
1138,50,120,0.0009610652923583984
1139,51,120,0.0009846687316894531
1140,52,120,0.0007688999176025391
1141,53,120,0.0010330677032470703
1142,54,120,0.0009953975677490234
1143,55,120,0.00095367431640625
1144,56,120,0.0009829998016357422
1145,57,120,0.0009646415710449219
1146,58,120,0.0010504722595214844
1147,59,120,0.0010342597961425781
1148,60,120,0.0009560585021972656
1149,61,120,0.0009679794311523438
1150,62,120,0.0009293556213378906
1151,63,120,0.0009362697601318359
1152,64,120,0.0009036064147949219
1153,65,120,0.0009393692016601562
1154,66,120,0.0008423328399658203
1155,67,120,0.0008578300476074219
1156,68,120,0.0008714199066162109
1157,69,120,0.0008254051208496094
1158,70,120,0.0008330345153808594
1159,71,120,0.0008177757263183594
1160,72,120,0.0008475780487060547
1161,73,120,0.0009005069732666016
1162,74,120,0.0008180141448974609
1163,75,120,0.0007772445678710938
1164,76,120,0.0008220672607421875
1165,77,120,0.0008053779602050781
1166,78,120,0.0009005069732666016
1167,79,120,0.0008242130279541016
1168,80,120,0.0009171962738037109
1169,81,120,0.0007631778717041016
1170,82,120,0.0009026527404785156
1171,83,120,0.0007963180541992188
1172,84,120,0.00083160400390625
1173,85,120,0.0008356571197509766
1174,86,120,0.0008549690246582031
1175,87,120,0.0008275508880615234
1176,88,120,0.0008192062377929688
1177,89,120,0.0008213520050048828
1178,90,120,0.0007870197296142578
1179,91,120,0.0008187294006347656
1180,92,120,0.0007658004760742188
1181,93,120,0.0007874965667724609
1182,94,120,0.0007719993591308594
1183,95,120,0.0007565021514892578
1184,96,120,0.0007708072662353516
1185,97,120,0.0007157325744628906
1186,98,120,0.0007162094116210938
1187,99,120,0.0007872581481933594
1188,1,130,0.0018453598022460938
1189,2,130,0.001363515853881836
1190,3,130,0.0017044544219970703
1191,4,130,0.001371145248413086
1192,5,130,0.0015377998352050781
1193,6,130,0.0014371871948242188
1194,7,130,0.001470804214477539
1195,8,130,0.0014395713806152344
1196,9,130,0.0014312267303466797
1197,10,130,0.0014357566833496094
1198,11,130,0.0014085769653320312
1199,12,130,0.0014185905456542969
1200,13,130,0.0014495849609375
1201,14,130,0.0014667510986328125
1202,15,130,0.0014324188232421875
1203,16,130,0.0014290809631347656
1204,17,130,0.0014164447784423828
1205,18,130,0.0014281272888183594
1206,19,130,0.002187013626098633
1207,20,130,0.0014133453369140625
1208,21,130,0.0014202594757080078
1209,22,130,0.0013701915740966797
1210,23,130,0.0013697147369384766
1211,24,130,0.0013620853424072266
1212,25,130,0.0013911724090576172
1213,26,130,0.0013434886932373047
1214,27,130,0.0013849735260009766
1215,28,130,0.0013439655303955078
1216,29,130,0.0013425350189208984
1217,30,130,0.0013201236724853516
1218,31,130,0.0013670921325683594
1219,32,130,0.0012483596801757812
1220,33,130,0.0013582706451416016
1221,34,130,0.0013685226440429688
1222,35,130,0.0013861656188964844
1223,36,130,0.0013070106506347656
1224,37,130,0.001317739486694336
1225,38,130,0.0012629032135009766
1226,39,130,0.0012743473052978516
1227,40,130,0.0013206005096435547
1228,41,130,0.0012583732604980469
1229,42,130,0.0012340545654296875
1230,43,130,0.0012590885162353516
1231,44,130,0.0012581348419189453
1232,45,130,0.0011749267578125
1233,46,130,0.0011839866638183594
1234,47,130,0.0012364387512207031
1235,48,130,0.0011606216430664062
1236,49,130,0.001131296157836914
1237,50,130,0.0010859966278076172
1238,51,130,0.001154184341430664
1239,52,130,0.0011456012725830078
1240,53,130,0.0009095668792724609
1241,54,130,0.001178741455078125
1242,55,130,0.001111745834350586
1243,56,130,0.0011458396911621094
1244,57,130,0.001013040542602539
1245,58,130,0.001046895980834961
1246,59,130,0.0011456012725830078
1247,60,130,0.0011310577392578125
1248,61,130,0.0011184215545654297
1249,62,130,0.0011425018310546875
1250,63,130,0.0011861324310302734
1251,64,130,0.0010788440704345703
1252,65,130,0.0011339187622070312
1253,66,130,0.0011377334594726562
1254,67,130,0.0010280609130859375
1255,68,130,0.0010368824005126953
1256,69,130,0.0009291172027587891
1257,70,130,0.0010285377502441406
1258,71,130,0.001026153564453125
1259,72,130,0.0009646415710449219
1260,73,130,0.0010731220245361328
1261,74,130,0.0009512901306152344
1262,75,130,0.0009241104125976562
1263,76,130,0.0009140968322753906
1264,77,130,0.0009763240814208984
1265,78,130,0.0010113716125488281
1266,79,130,0.0010006427764892578
1267,80,130,0.0009415149688720703
1268,81,130,0.0008151531219482422
1269,82,130,0.0008928775787353516
1270,83,130,0.0008592605590820312
1271,84,130,0.0007233619689941406
1272,85,130,0.0009946823120117188
1273,86,130,0.0009326934814453125
1274,87,130,0.0010061264038085938
1275,88,130,0.00093841552734375
1276,89,130,0.0009737014770507812
1277,90,130,0.0009171962738037109
1278,91,130,0.0009801387786865234
1279,92,130,0.0009582042694091797
1280,93,130,0.0008940696716308594
1281,94,130,0.0009317398071289062
1282,95,130,0.0008764266967773438
1283,96,130,0.0008990764617919922
1284,97,130,0.0008554458618164062
1285,98,130,0.0009062290191650391
1286,99,130,0.0008654594421386719
1287,1,140,0.002103090286254883
1288,2,140,0.001516103744506836
1289,3,140,0.001650094985961914
1290,4,140,0.0016999244689941406
1291,5,140,0.0016329288482666016
1292,6,140,0.001535177230834961
1293,7,140,0.0015778541564941406
1294,8,140,0.0015246868133544922
1295,9,140,0.001524209976196289
1296,10,140,0.001552581787109375
1297,11,140,0.001953125
1298,12,140,0.0015647411346435547
1299,13,140,0.0015306472778320312
1300,14,140,0.0015671253204345703
1301,15,140,0.0015647411346435547
1302,16,140,0.0015249252319335938
1303,17,140,0.0015559196472167969
1304,18,140,0.0015380382537841797
1305,19,140,0.0015501976013183594
1306,20,140,0.001478433609008789
1307,21,140,0.0015208721160888672
1308,22,140,0.0014827251434326172
1309,23,140,0.0015065670013427734
1310,24,140,0.0011401176452636719
1311,25,140,0.0014562606811523438
1312,26,140,0.0014688968658447266
1313,27,140,0.0014522075653076172
1314,28,140,0.0014495849609375
1315,29,140,0.0014829635620117188
1316,30,140,0.0014553070068359375
1317,31,140,0.0014519691467285156
1318,32,140,0.001415252685546875
1319,33,140,0.0014047622680664062
1320,34,140,0.0014574527740478516
1321,35,140,0.0014462471008300781
1322,36,140,0.0014066696166992188
1323,37,140,0.0014190673828125
1324,38,140,0.0013644695281982422
1325,39,140,0.0014026165008544922
1326,40,140,0.0014123916625976562
1327,41,140,0.001392364501953125
1328,42,140,0.0014693737030029297
1329,43,140,0.0013957023620605469
1330,44,140,0.0013470649719238281
1331,45,140,0.0013580322265625
1332,46,140,0.0013623237609863281
1333,47,140,0.0013594627380371094
1334,48,140,0.0012617111206054688
1335,49,140,0.0013260841369628906
1336,50,140,0.0013434886932373047
1337,51,140,0.0013301372528076172
1338,52,140,0.0012221336364746094
1339,53,140,0.0011854171752929688
1340,54,140,0.0011832714080810547
1341,55,140,0.001239776611328125
1342,56,140,0.0012652873992919922
1343,57,140,0.0011897087097167969
1344,58,140,0.0012018680572509766
1345,59,140,0.0012063980102539062
1346,60,140,0.0012564659118652344
1347,61,140,0.001161813735961914
1348,62,140,0.0012426376342773438
1349,63,140,0.0012257099151611328
1350,64,140,0.0011641979217529297
1351,65,140,0.0012066364288330078
1352,66,140,0.0012087821960449219
1353,67,140,0.0011937618255615234
1354,68,140,0.0011758804321289062
1355,69,140,0.0011987686157226562
1356,70,140,0.0012331008911132812
1357,71,140,0.0011534690856933594
1358,72,140,0.0011544227600097656
1359,73,140,0.0010843276977539062
1360,74,140,0.001107931137084961
1361,75,140,0.0010731220245361328
1362,76,140,0.0010514259338378906
1363,77,140,0.0011072158813476562
1364,78,140,0.0010645389556884766
1365,79,140,0.0010488033294677734
1366,80,140,0.001035928726196289
1367,81,140,0.0010213851928710938
1368,82,140,0.0009589195251464844
1369,83,140,0.0011017322540283203
1370,84,140,0.0011229515075683594
1371,85,140,0.0010530948638916016
1372,86,140,0.0009737014770507812
1373,87,140,0.0009725093841552734
1374,88,140,0.0009551048278808594
1375,89,140,0.0009706020355224609
1376,90,140,0.0009477138519287109
1377,91,140,0.0009520053863525391
1378,92,140,0.001026153564453125
1379,93,140,0.0010428428649902344
1380,94,140,0.0009596347808837891
1381,95,140,0.0010442733764648438
1382,96,140,0.0009810924530029297
1383,97,140,0.0010232925415039062
1384,98,140,0.0010232925415039062
1385,99,140,0.0010383129119873047
1386,1,150,0.0022275447845458984
1387,2,150,0.0017969608306884766
1388,3,150,0.002216815948486328
1389,4,150,0.0017483234405517578
1390,5,150,0.0017275810241699219
1391,6,150,0.0017857551574707031
1392,7,150,0.0016970634460449219
1393,8,150,0.0016129016876220703
1394,9,150,0.0016474723815917969
1395,10,150,0.0015804767608642578
1396,11,150,0.0017380714416503906
1397,12,150,0.0016410350799560547
1398,13,150,0.001683950424194336
1399,14,150,0.0017344951629638672
1400,15,150,0.0016605854034423828
1401,16,150,0.0018150806427001953
1402,17,150,0.001720428466796875
1403,18,150,0.0016601085662841797
1404,19,150,0.0016179084777832031
1405,20,150,0.0016279220581054688
1406,21,150,0.0015769004821777344
1407,22,150,0.00167083740234375
1408,23,150,0.0016100406646728516
1409,24,150,0.0016198158264160156
1410,25,150,0.0015773773193359375
1411,26,150,0.0015366077423095703
1412,27,150,0.0015385150909423828
1413,28,150,0.001547098159790039
1414,29,150,0.001615762710571289
1415,30,150,0.0015943050384521484
1416,31,150,0.0016064643859863281
1417,32,150,0.0015535354614257812
1418,33,150,0.001566171646118164
1419,34,150,0.0015301704406738281
1420,35,150,0.0015377998352050781
1421,36,150,0.0015261173248291016
1422,37,150,0.0015382766723632812
1423,38,150,0.001600027084350586
1424,39,150,0.0015170574188232422
1425,40,150,0.0015189647674560547
1426,41,150,0.0014624595642089844
1427,42,150,0.0015175342559814453
1428,43,150,0.0015316009521484375
1429,44,150,0.0015633106231689453
1430,45,150,0.001505136489868164
1431,46,150,0.0014443397521972656
1432,47,150,0.0014882087707519531
1433,48,150,0.0014879703521728516
1434,49,150,0.0014679431915283203
1435,50,150,0.0014448165893554688
1436,51,150,0.0013947486877441406
1437,52,150,0.0014491081237792969
1438,53,150,0.0014903545379638672
1439,54,150,0.0013971328735351562
1440,55,150,0.0014071464538574219
1441,56,150,0.001401662826538086
1442,57,150,0.0013608932495117188
1443,58,150,0.001359701156616211
1444,59,150,0.0013301372528076172
1445,60,150,0.0014390945434570312
1446,61,150,0.0013706684112548828
1447,62,150,0.0013828277587890625
1448,63,150,0.0013523101806640625
1449,64,150,0.0013790130615234375
1450,65,150,0.0014073848724365234
1451,66,150,0.0013549327850341797
1452,67,150,0.001399993896484375
1453,68,150,0.0013744831085205078
1454,69,150,0.0013263225555419922
1455,70,150,0.0013535022735595703
1456,71,150,0.001390695571899414
1457,72,150,0.001336812973022461
1458,73,150,0.0012862682342529297
1459,74,150,0.0013761520385742188
1460,75,150,0.0013153553009033203
1461,76,150,0.001657724380493164
1462,77,150,0.0011506080627441406
1463,78,150,0.0014078617095947266
1464,79,150,0.0012006759643554688
1465,80,150,0.0013439655303955078
1466,81,150,0.0012030601501464844
1467,82,150,0.0011904239654541016
1468,83,150,0.0012314319610595703
1469,84,150,0.0013322830200195312
1470,85,150,0.0012278556823730469
1471,86,150,0.0011539459228515625
1472,87,150,0.0009696483612060547
1473,88,150,0.0011932849884033203
1474,89,150,0.001287221908569336
1475,90,150,0.0011608600616455078
1476,91,150,0.0011415481567382812
1477,92,150,0.0012121200561523438
1478,93,150,0.0010826587677001953
1479,94,150,0.0010979175567626953
1480,95,150,0.0011065006256103516
1481,96,150,0.0011279582977294922
1482,97,150,0.0011248588562011719
1483,98,150,0.0011603832244873047
1484,99,150,0.0011453628540039062
1485,1,160,0.0025131702423095703
1486,2,160,0.001941680908203125
1487,3,160,0.0019795894622802734
1488,4,160,0.0019342899322509766
1489,5,160,0.0019485950469970703
1490,6,160,0.001840829849243164
1491,7,160,0.0018436908721923828
1492,8,160,0.0018303394317626953
1493,9,160,0.001712799072265625
1494,10,160,0.0018227100372314453
1495,11,160,0.0018336772918701172
1496,12,160,0.001787424087524414
1497,13,160,0.0017504692077636719
1498,14,160,0.0018045902252197266
1499,15,160,0.0017445087432861328
1500,16,160,0.0018088817596435547
1501,17,160,0.0018000602722167969
1502,18,160,0.0017745494842529297
1503,19,160,0.0018253326416015625
1504,20,160,0.00173187255859375
1505,21,160,0.0018908977508544922
1506,22,160,0.001741170883178711
1507,23,160,0.0016901493072509766
1508,24,160,0.0017595291137695312
1509,25,160,0.0016667842864990234
1510,26,160,0.0017104148864746094
1511,27,160,0.0016629695892333984
1512,28,160,0.0017592906951904297
1513,29,160,0.0017018318176269531
1514,30,160,0.0016889572143554688
1515,31,160,0.0016551017761230469
1516,32,160,0.0016450881958007812
1517,33,160,0.0017120838165283203
1518,34,160,0.0016841888427734375
1519,35,160,0.0016891956329345703
1520,36,160,0.0016276836395263672
1521,37,160,0.0016214847564697266
1522,38,160,0.0016796588897705078
1523,39,160,0.001600027084350586
1524,40,160,0.0016131401062011719
1525,41,160,0.0016021728515625
1526,42,160,0.0016298294067382812
1527,43,160,0.001631021499633789
1528,44,160,0.0016741752624511719
1529,45,160,0.0015494823455810547
1530,46,160,0.0015308856964111328
1531,47,160,0.0015878677368164062
1532,48,160,0.001588582992553711
1533,49,160,0.0015549659729003906
1534,50,160,0.0016326904296875
1535,51,160,0.0016167163848876953
1536,52,160,0.001580953598022461
1537,53,160,0.001584768295288086
1538,54,160,0.0015904903411865234
1539,55,160,0.001562356948852539
1540,56,160,0.001508474349975586
1541,57,160,0.0015413761138916016
1542,58,160,0.0015714168548583984
1543,59,160,0.0014901161193847656
1544,60,160,0.0015139579772949219
1545,61,160,0.0014293193817138672
1546,62,160,0.0013663768768310547
1547,63,160,0.001428365707397461
1548,64,160,0.0014560222625732422
1549,65,160,0.0014033317565917969
1550,66,160,0.0014972686767578125
1551,67,160,0.001444101333618164
1552,68,160,0.0014393329620361328
1553,69,160,0.0014598369598388672
1554,70,160,0.0014319419860839844
1555,71,160,0.0014259815216064453
1556,72,160,0.0014770030975341797
1557,73,160,0.001474142074584961
1558,74,160,0.0014615058898925781
1559,75,160,0.0014019012451171875
1560,76,160,0.001363515853881836
1561,77,160,0.0014476776123046875
1562,78,160,0.0014023780822753906
1563,79,160,0.0014233589172363281
1564,80,160,0.0014030933380126953
1565,81,160,0.0014679431915283203
1566,82,160,0.0014083385467529297
1567,83,160,0.0014090538024902344
1568,84,160,0.0013728141784667969
1569,85,160,0.0012965202331542969
1570,86,160,0.0013310909271240234
1571,87,160,0.00133514404296875
1572,88,160,0.0013439655303955078
1573,89,160,0.0014276504516601562
1574,90,160,0.001348257064819336
1575,91,160,0.0013761520385742188
1576,92,160,0.0011737346649169922
1577,93,160,0.0012881755828857422
1578,94,160,0.0012254714965820312
1579,95,160,0.0013499259948730469
1580,96,160,0.0012373924255371094
1581,97,160,0.0013446807861328125
1582,98,160,0.0011861324310302734
1583,99,160,0.0013899803161621094
1584,1,170,0.0028984546661376953
1585,2,170,0.0031011104583740234
1586,3,170,0.0023832321166992188
1587,4,170,0.002237081527709961
1588,5,170,0.002239227294921875
1589,6,170,0.002299785614013672
1590,7,170,0.0022416114807128906
1591,8,170,0.002296924591064453
1592,9,170,0.0023734569549560547
1593,10,170,0.0021500587463378906
1594,11,170,0.002222776412963867
1595,12,170,0.002232789993286133
1596,13,170,0.0022573471069335938
1597,14,170,0.002209186553955078
1598,15,170,0.002275705337524414
1599,16,170,0.0023059844970703125
1600,17,170,0.002333402633666992
1601,18,170,0.002384662628173828
1602,19,170,0.0022535324096679688
1603,20,170,0.0023088455200195312
1604,21,170,0.0023272037506103516
1605,22,170,0.002595663070678711
1606,23,170,0.0023484230041503906
1607,24,170,0.002295255661010742
1608,25,170,0.0023441314697265625
1609,26,170,0.0026106834411621094
1610,27,170,0.0024890899658203125
1611,28,170,0.002506256103515625
1612,29,170,0.0024335384368896484
1613,30,170,0.002257823944091797
1614,31,170,0.002402067184448242
1615,32,170,0.002391338348388672
1616,33,170,0.0024869441986083984
1617,34,170,0.0023958683013916016
1618,35,170,0.00223541259765625
1619,36,170,0.0028498172760009766
1620,37,170,0.0026297569274902344
1621,38,170,0.0025844573974609375
1622,39,170,0.0027294158935546875
1623,40,170,0.002744913101196289
1624,41,170,0.0028219223022460938
1625,42,170,0.0024652481079101562
1626,43,170,0.0028204917907714844
1627,44,170,0.0028145313262939453
1628,45,170,0.0026521682739257812
1629,46,170,0.0023009777069091797
1630,47,170,0.002314329147338867
1631,48,170,0.0026726722717285156
1632,49,170,0.0018777847290039062
1633,50,170,0.002932310104370117
1634,51,170,0.0029060840606689453
1635,52,170,0.002840757369995117
1636,53,170,0.0027053356170654297
1637,54,170,0.002887725830078125
1638,55,170,0.002812623977661133
1639,56,170,0.002756834030151367
1640,57,170,0.002834320068359375
1641,58,170,0.002679109573364258
1642,59,170,0.0026624202728271484
1643,60,170,0.0027060508728027344
1644,61,170,0.002702474594116211
1645,62,170,0.002596616744995117
1646,63,170,0.0025682449340820312
1647,64,170,0.0025115013122558594
1648,65,170,0.002500772476196289
1649,66,170,0.0023887157440185547
1650,67,170,0.002421140670776367
1651,68,170,0.0017321109771728516
1652,69,170,0.0024445056915283203
1653,70,170,0.0017232894897460938
1654,71,170,0.0024385452270507812
1655,72,170,0.0025234222412109375
1656,73,170,0.00255584716796875
1657,74,170,0.002524852752685547
1658,75,170,0.0024242401123046875
1659,76,170,0.0023567676544189453
1660,77,170,0.0023996829986572266
1661,78,170,0.0024552345275878906
1662,79,170,0.0023741722106933594
1663,80,170,0.002438783645629883
1664,81,170,0.0023577213287353516
1665,82,170,0.002525806427001953
1666,83,170,0.0024368762969970703
1667,84,170,0.0024652481079101562
1668,85,170,0.0021588802337646484
1669,86,170,0.0020749568939208984
1670,87,170,0.0020797252655029297
1671,88,170,0.0017282962799072266
1672,89,170,0.0022907257080078125
1673,90,170,0.0022897720336914062
1674,91,170,0.0021686553955078125
1675,92,170,0.002254486083984375
1676,93,170,0.002268075942993164
1677,94,170,0.0021877288818359375
1678,95,170,0.0022444725036621094
1679,96,170,0.0022673606872558594
1680,97,170,0.0022084712982177734
1681,98,170,0.002058744430541992
1682,99,170,0.0022437572479248047
1683,1,180,0.006014108657836914
1684,2,180,0.004841327667236328
1685,3,180,0.004485368728637695
1686,4,180,0.004731178283691406
1687,5,180,0.004629611968994141
1688,6,180,0.00438380241394043
1689,7,180,0.004209041595458984
1690,8,180,0.0045888423919677734
1691,9,180,0.004311800003051758
1692,10,180,0.0037584304809570312
1693,11,180,0.003912448883056641
1694,12,180,0.0039026737213134766
1695,13,180,0.003895282745361328
1696,14,180,0.0038383007049560547
1697,15,180,0.004519939422607422
1698,16,180,0.003833293914794922
1699,17,180,0.003734588623046875
1700,18,180,0.004209280014038086
1701,19,180,0.0037593841552734375
1702,20,180,0.0037674903869628906
1703,21,180,0.0037064552307128906
1704,22,180,0.003764629364013672
1705,23,180,0.003660917282104492
1706,24,180,0.0038666725158691406
1707,25,180,0.0036842823028564453
1708,26,180,0.003610849380493164
1709,27,180,0.0037682056427001953
1710,28,180,0.003551959991455078
1711,29,180,0.003435850143432617
1712,30,180,0.0034742355346679688
1713,31,180,0.0037641525268554688
1714,32,180,0.003573179244995117
1715,33,180,0.003430604934692383
1716,34,180,0.0033788681030273438
1717,35,180,0.0033826828002929688
1718,36,180,0.0034389495849609375
1719,37,180,0.003935813903808594
1720,38,180,0.0035858154296875
1721,39,180,0.003315448760986328
1722,40,180,0.003510713577270508
1723,41,180,0.0038034915924072266
1724,42,180,0.0032911300659179688
1725,43,180,0.003332376480102539
1726,44,180,0.0032720565795898438
1727,45,180,0.0033805370330810547
1728,46,180,0.003319263458251953
1729,47,180,0.003229856491088867
1730,48,180,0.0030884742736816406
1731,49,180,0.003319978713989258
1732,50,180,0.0030982494354248047
1733,51,180,0.003141164779663086
1734,52,180,0.003145456314086914
1735,53,180,0.003210306167602539
1736,54,180,0.0031304359436035156
1737,55,180,0.003015279769897461
1738,56,180,0.0030438899993896484
1739,57,180,0.002954721450805664
1740,58,180,0.0029697418212890625
1741,59,180,0.002919912338256836
1742,60,180,0.00299072265625
1743,61,180,0.0029277801513671875
1744,62,180,0.0029366016387939453
1745,63,180,0.002791166305541992
1746,64,180,0.002877473831176758
1747,65,180,0.0028257369995117188
1748,66,180,0.0028409957885742188
1749,67,180,0.0028307437896728516
1750,68,180,0.001558542251586914
1751,69,180,0.002608060836791992
1752,70,180,0.0025272369384765625
1753,71,180,0.0026760101318359375
1754,72,180,0.0026230812072753906
1755,73,180,0.002663135528564453
1756,74,180,0.0026178359985351562
1757,75,180,0.0025908946990966797
1758,76,180,0.002641916275024414
1759,77,180,0.0027282238006591797
1760,78,180,0.002646923065185547
1761,79,180,0.0026993751525878906
1762,80,180,0.0025603771209716797
1763,81,180,0.002618074417114258
1764,82,180,0.002497434616088867
1765,83,180,0.0025167465209960938
1766,84,180,0.002543210983276367
1767,85,180,0.0025382041931152344
1768,86,180,0.0025920867919921875
1769,87,180,0.002572298049926758
1770,88,180,0.002565145492553711
1771,89,180,0.002602100372314453
1772,90,180,0.0025577545166015625
1773,91,180,0.0024938583374023438
1774,92,180,0.0024542808532714844
1775,93,180,0.0025284290313720703
1776,94,180,0.0024666786193847656
1777,95,180,0.002385377883911133
1778,96,180,0.002389192581176758
1779,97,180,0.002415895462036133
1780,98,180,0.002411365509033203
1781,99,180,0.0024297237396240234
1782,1,190,0.0064945220947265625
1783,2,190,0.005333662033081055
1784,3,190,0.0052280426025390625
1785,4,190,0.005257368087768555
1786,5,190,0.005299568176269531
1787,6,190,0.004698753356933594
1788,7,190,0.0049817562103271484
1789,8,190,0.004708528518676758
1790,9,190,0.004343986511230469
1791,10,190,0.004222869873046875
1792,11,190,0.004770994186401367
1793,12,190,0.005015134811401367
1794,13,190,0.004421234130859375
1795,14,190,0.004202127456665039
1796,15,190,0.0043582916259765625
1797,16,190,0.004274606704711914
1798,17,190,0.0038836002349853516
1799,18,190,0.004169464111328125
1800,19,190,0.0048828125
1801,20,190,0.004290103912353516
1802,21,190,0.004154682159423828
1803,22,190,0.00420379638671875
1804,23,190,0.003980159759521484
1805,24,190,0.0041255950927734375
1806,25,190,0.0036258697509765625
1807,26,190,0.004542350769042969
1808,27,190,0.003946781158447266
1809,28,190,0.003977060317993164
1810,29,190,0.004044771194458008
1811,30,190,0.00446629524230957
1812,31,190,0.0037937164306640625
1813,32,190,0.0037124156951904297
1814,33,190,0.00396418571472168
1815,34,190,0.0037136077880859375
1816,35,190,0.003533601760864258
1817,36,190,0.003668546676635742
1818,37,190,0.0037839412689208984
1819,38,190,0.0036878585815429688
1820,39,190,0.0036847591400146484
1821,40,190,0.003674030303955078
1822,41,190,0.003883838653564453
1823,42,190,0.0036673545837402344
1824,43,190,0.003598928451538086
1825,44,190,0.003606081008911133
1826,45,190,0.003580331802368164
1827,46,190,0.003643035888671875
1828,47,190,0.0035686492919921875
1829,48,190,0.003660917282104492
1830,49,190,0.0034008026123046875
1831,50,190,0.0034966468811035156
1832,51,190,0.003276824951171875
1833,52,190,0.003404855728149414
1834,53,190,0.0034792423248291016
1835,54,190,0.003301382064819336
1836,55,190,0.003421783447265625
1837,56,190,0.0034062862396240234
1838,57,190,0.0034074783325195312
1839,58,190,0.0032701492309570312
1840,59,190,0.003293275833129883
1841,60,190,0.0032777786254882812
1842,61,190,0.003248453140258789
1843,62,190,0.0032148361206054688
1844,63,190,0.0030853748321533203
1845,64,190,0.003126859664916992
1846,65,190,0.003071308135986328
1847,66,190,0.0030677318572998047
1848,67,190,0.0031020641326904297
1849,68,190,0.003063678741455078
1850,69,190,0.0030641555786132812
1851,70,190,0.00298309326171875
1852,71,190,0.0030002593994140625
1853,72,190,0.0028371810913085938
1854,73,190,0.0028107166290283203
1855,74,190,0.002735614776611328
1856,75,190,0.0028171539306640625
1857,76,190,0.002794504165649414
1858,77,190,0.002866506576538086
1859,78,190,0.0028896331787109375
1860,79,190,0.002798795700073242
1861,80,190,0.0027527809143066406
1862,81,190,0.0027480125427246094
1863,82,190,0.002851724624633789
1864,83,190,0.0028362274169921875
1865,84,190,0.002772808074951172
1866,85,190,0.002611398696899414
1867,86,190,0.0025391578674316406
1868,87,190,0.0028009414672851562
1869,88,190,0.003006458282470703
1870,89,190,0.002737283706665039
1871,90,190,0.0026819705963134766
1872,91,190,0.002748727798461914
1873,92,190,0.0027132034301757812
1874,93,190,0.0027544498443603516
1875,94,190,0.002870798110961914
1876,95,190,0.002506732940673828
1877,96,190,0.002630472183227539
1878,97,190,0.002585172653198242
1879,98,190,0.0025076866149902344
1880,99,190,0.0029273033142089844
1881,1,200,0.007175445556640625
1882,2,200,0.005752086639404297
1883,3,200,0.00557255744934082
1884,4,200,0.0057866573333740234
1885,5,200,0.00569605827331543
1886,6,200,0.005195140838623047
1887,7,200,0.005426883697509766
1888,8,200,0.00521087646484375
1889,9,200,0.005640506744384766
1890,10,200,0.004832029342651367
1891,11,200,0.005452632904052734
1892,12,200,0.005342721939086914
1893,13,200,0.0046176910400390625
1894,14,200,0.004642009735107422
1895,15,200,0.004545927047729492
1896,16,200,0.005007743835449219
1897,17,200,0.004667758941650391
1898,18,200,0.0045566558837890625
1899,19,200,0.004687070846557617
1900,20,200,0.004546403884887695
1901,21,200,0.004494667053222656
1902,22,200,0.004827737808227539
1903,23,200,0.004369020462036133
1904,24,200,0.0044062137603759766
1905,25,200,0.004143714904785156
1906,26,200,0.004267454147338867
1907,27,200,0.004252433776855469
1908,28,200,0.0043447017669677734
1909,29,200,0.0048754215240478516
1910,30,200,0.004370450973510742
1911,31,200,0.004272937774658203
1912,32,200,0.004236936569213867
1913,33,200,0.004262208938598633
1914,34,200,0.00417780876159668
1915,35,200,0.004135608673095703
1916,36,200,0.003996610641479492
1917,37,200,0.0040836334228515625
1918,38,200,0.0040454864501953125
1919,39,200,0.004087924957275391
1920,40,200,0.004019975662231445
1921,41,200,0.00399017333984375
1922,42,200,0.00432586669921875
1923,43,200,0.00403285026550293
1924,44,200,0.0038938522338867188
1925,45,200,0.003895282745361328
1926,46,200,0.0036466121673583984
1927,47,200,0.003869771957397461
1928,48,200,0.0039081573486328125
1929,49,200,0.003851175308227539
1930,50,200,0.003865480422973633
1931,51,200,0.0039517879486083984
1932,52,200,0.0037424564361572266
1933,53,200,0.003788471221923828
1934,54,200,0.003807544708251953
1935,55,200,0.0038292407989501953
1936,56,200,0.0036933422088623047
1937,57,200,0.0035462379455566406
1938,58,200,0.003612041473388672
1939,59,200,0.0036764144897460938
1940,60,200,0.003542184829711914
1941,61,200,0.003536701202392578
1942,62,200,0.003493785858154297
1943,63,200,0.003511667251586914
1944,64,200,0.003419637680053711
1945,65,200,0.003342866897583008
1946,66,200,0.003387928009033203
1947,67,200,0.0033080577850341797
1948,68,200,0.0033855438232421875
1949,69,200,0.0032372474670410156
1950,70,200,0.00323486328125
1951,71,200,0.0033707618713378906
1952,72,200,0.0032219886779785156
1953,73,200,0.003245115280151367
1954,74,200,0.003172636032104492
1955,75,200,0.0031235218048095703
1956,76,200,0.0030612945556640625
1957,77,200,0.0030312538146972656
1958,78,200,0.002916574478149414
1959,79,200,0.0030388832092285156
1960,80,200,0.0029740333557128906
1961,81,200,0.0029993057250976562
1962,82,200,0.003055572509765625
1963,83,200,0.002934694290161133
1964,84,200,0.002985239028930664
1965,85,200,0.0029184818267822266
1966,86,200,0.0030107498168945312
1967,87,200,0.003031492233276367
1968,88,200,0.0029478073120117188
1969,89,200,0.0028753280639648438
1970,90,200,0.0029075145721435547
1971,91,200,0.0029692649841308594
1972,92,200,0.0029082298278808594
1973,93,200,0.002894878387451172
1974,94,200,0.0027773380279541016
1975,95,200,0.002849102020263672
1976,96,200,0.0028662681579589844
1977,97,200,0.002879619598388672
1978,98,200,0.002893209457397461
1979,99,200,0.002940654754638672
1980,1,210,0.008031368255615234
1981,2,210,0.006590843200683594
1982,3,210,0.0059778690338134766
1983,4,210,0.006458282470703125
1984,5,210,0.00588226318359375
1985,6,210,0.00613093376159668
1986,7,210,0.005860090255737305
1987,8,210,0.005826473236083984
1988,9,210,0.005361080169677734
1989,10,210,0.005597591400146484
1990,11,210,0.005156278610229492
1991,12,210,0.0050394535064697266
1992,13,210,0.004914522171020508
1993,14,210,0.005264759063720703
1994,15,210,0.0049974918365478516
1995,16,210,0.005529642105102539
1996,17,210,0.005642890930175781
1997,18,210,0.0050046443939208984
1998,19,210,0.004999637603759766
1999,20,210,0.005246162414550781
2000,21,210,0.004848480224609375
2001,22,210,0.0049724578857421875
2002,23,210,0.005246162414550781
2003,24,210,0.004708290100097656
2004,25,210,0.005006551742553711
2005,26,210,0.004679441452026367
2006,27,210,0.004634857177734375
2007,28,210,0.0046901702880859375
2008,29,210,0.004675388336181641
2009,30,210,0.005136728286743164
2010,31,210,0.004570960998535156
2011,32,210,0.0047588348388671875
2012,33,210,0.0042972564697265625
2013,34,210,0.004713773727416992
2014,35,210,0.004532337188720703
2015,36,210,0.004528999328613281
2016,37,210,0.004538774490356445
2017,38,210,0.004480838775634766
2018,39,210,0.004395246505737305
2019,40,210,0.0045320987701416016
2020,41,210,0.0043981075286865234
2021,42,210,0.004254341125488281
2022,43,210,0.004636287689208984
2023,44,210,0.00465846061706543
2024,45,210,0.004385948181152344
2025,46,210,0.004323244094848633
2026,47,210,0.0043261051177978516
2027,48,210,0.004396915435791016
2028,49,210,0.004349946975708008
2029,50,210,0.00423884391784668
2030,51,210,0.004167318344116211
2031,52,210,0.004138469696044922
2032,53,210,0.004080295562744141
2033,54,210,0.00421452522277832
2034,55,210,0.0041882991790771484
2035,56,210,0.004044294357299805
2036,57,210,0.0038480758666992188
2037,58,210,0.003993034362792969
2038,59,210,0.00394129753112793
2039,60,210,0.003851652145385742
2040,61,210,0.0037474632263183594
2041,62,210,0.00396418571472168
2042,63,210,0.0038356781005859375
2043,64,210,0.0038957595825195312
2044,65,210,0.003837108612060547
2045,66,210,0.003786802291870117
2046,67,210,0.003483295440673828
2047,68,210,0.003652811050415039
2048,69,210,0.003705263137817383
2049,70,210,0.003586292266845703
2050,71,210,0.003688335418701172
2051,72,210,0.0036318302154541016
2052,73,210,0.0024335384368896484
2053,74,210,0.002459287643432617
2054,75,210,0.0035784244537353516
2055,76,210,0.0034961700439453125
2056,77,210,0.0034542083740234375
2057,78,210,0.003514528274536133
2058,79,210,0.003345489501953125
2059,80,210,0.003253936767578125
2060,81,210,0.003278493881225586
2061,82,210,0.0029954910278320312
2062,83,210,0.0032813549041748047
2063,84,210,0.0032465457916259766
2064,85,210,0.0033278465270996094
2065,86,210,0.0033266544342041016
2066,87,210,0.0033295154571533203
2067,88,210,0.0032486915588378906
2068,89,210,0.003202676773071289
2069,90,210,0.003294706344604492
2070,91,210,0.0027637481689453125
2071,92,210,0.003247499465942383
2072,93,210,0.00310516357421875
2073,94,210,0.003200531005859375
2074,95,210,0.0027227401733398438
2075,96,210,0.0032148361206054688
2076,97,210,0.003233194351196289
2077,98,210,0.0030701160430908203
2078,99,210,0.003183603286743164
2079,1,220,0.008711099624633789
2080,2,220,0.006964921951293945
2081,3,220,0.00659489631652832
2082,4,220,0.0069844722747802734
2083,5,220,0.007128477096557617
2084,6,220,0.006953239440917969
2085,7,220,0.006313800811767578
2086,8,220,0.005655050277709961
2087,9,220,0.006178617477416992
2088,10,220,0.0062983036041259766
2089,11,220,0.006026029586791992
2090,12,220,0.006248950958251953
2091,13,220,0.00572657585144043
2092,14,220,0.005543231964111328
2093,15,220,0.005469560623168945
2094,16,220,0.005475282669067383
2095,17,220,0.0056116580963134766
2096,18,220,0.006497621536254883
2097,19,220,0.0064013004302978516
2098,20,220,0.005281686782836914
2099,21,220,0.004950761795043945
2100,22,220,0.0055234432220458984
2101,23,220,0.005518674850463867
2102,24,220,0.005094051361083984
2103,25,220,0.005387783050537109
2104,26,220,0.005633115768432617
2105,27,220,0.005217313766479492
2106,28,220,0.005173444747924805
2107,29,220,0.005136728286743164
2108,30,220,0.005181312561035156
2109,31,220,0.005159616470336914
2110,32,220,0.005045890808105469
2111,33,220,0.005143404006958008
2112,34,220,0.0050656795501708984
2113,35,220,0.005118608474731445
2114,36,220,0.004216432571411133
2115,37,220,0.004904031753540039
2116,38,220,0.00475001335144043
2117,39,220,0.004797220230102539
2118,40,220,0.00484919548034668
2119,41,220,0.0047299861907958984
2120,42,220,0.004834413528442383
2121,43,220,0.004440784454345703
2122,44,220,0.004709482192993164
2123,45,220,0.0047872066497802734
2124,46,220,0.004607677459716797
2125,47,220,0.0046901702880859375
2126,48,220,0.004586696624755859
2127,49,220,0.004714488983154297
2128,50,220,0.004645109176635742
2129,51,220,0.0046961307525634766
2130,52,220,0.00460505485534668
2131,53,220,0.004532337188720703
2132,54,220,0.004355907440185547
2133,55,220,0.004365205764770508
2134,56,220,0.004382133483886719
2135,57,220,0.004304647445678711
2136,58,220,0.004405498504638672
2137,59,220,0.0043087005615234375
2138,60,220,0.00419163703918457
2139,61,220,0.004197359085083008
2140,62,220,0.0041959285736083984
2141,63,220,0.004088878631591797
2142,64,220,0.00425410270690918
2143,65,220,0.004164457321166992
2144,66,220,0.0042705535888671875
2145,67,220,0.004024982452392578
2146,68,220,0.00394749641418457
2147,69,220,0.003813505172729492
2148,70,220,0.0038671493530273438
2149,71,220,0.003828763961791992
2150,72,220,0.003860950469970703
2151,73,220,0.003251314163208008
2152,74,220,0.0026023387908935547
2153,75,220,0.0037043094635009766
2154,76,220,0.003709077835083008
2155,77,220,0.003584623336791992
2156,78,220,0.0025975704193115234
2157,79,220,0.003681182861328125
2158,80,220,0.0032303333282470703
2159,81,220,0.0035071372985839844
2160,82,220,0.003604888916015625
2161,83,220,0.0034482479095458984
2162,84,220,0.002295970916748047
2163,85,220,0.0023458003997802734
2164,86,220,0.0028145313262939453
2165,87,220,0.0033969879150390625
2166,88,220,0.003355741500854492
2167,89,220,0.0027768611907958984
2168,90,220,0.0033152103424072266
2169,91,220,0.0034072399139404297
2170,92,220,0.0034499168395996094
2171,93,220,0.0037016868591308594
2172,94,220,0.003408193588256836
2173,95,220,0.0033245086669921875
2174,96,220,0.0032820701599121094
2175,97,220,0.0033407211303710938
2176,98,220,0.0033473968505859375
2177,99,220,0.003226041793823242
2178,1,230,0.009790182113647461
2179,2,230,0.0075092315673828125
2180,3,230,0.0073451995849609375
2181,4,230,0.007589101791381836
2182,5,230,0.007216453552246094
2183,6,230,0.006104707717895508
2184,7,230,0.006223917007446289
2185,8,230,0.0072479248046875
2186,9,230,0.005999088287353516
2187,10,230,0.0070340633392333984
2188,11,230,0.006500720977783203
2189,12,230,0.006167888641357422
2190,13,230,0.006106853485107422
2191,14,230,0.006669759750366211
2192,15,230,0.006161689758300781
2193,16,230,0.007224082946777344
2194,17,230,0.0066471099853515625
2195,18,230,0.0059299468994140625
2196,19,230,0.0059549808502197266
2197,20,230,0.0061533451080322266
2198,21,230,0.007107257843017578
2199,22,230,0.005917072296142578
2200,23,230,0.00674748420715332
2201,24,230,0.005957603454589844
2202,25,230,0.005762577056884766
2203,26,230,0.005746364593505859
2204,27,230,0.0056569576263427734
2205,28,230,0.0056993961334228516
2206,29,230,0.006459474563598633
2207,30,230,0.0058574676513671875
2208,31,230,0.005710601806640625
2209,32,230,0.005602598190307617
2210,33,230,0.005566596984863281
2211,34,230,0.005551576614379883
2212,35,230,0.0055942535400390625
2213,36,230,0.005793571472167969
2214,37,230,0.006033182144165039
2215,38,230,0.00590968132019043
2216,39,230,0.00530242919921875
2217,40,230,0.005528450012207031
2218,41,230,0.00528407096862793
2219,42,230,0.005780220031738281
2220,43,230,0.005264997482299805
2221,44,230,0.005566120147705078
2222,45,230,0.0052530765533447266
2223,46,230,0.0050961971282958984
2224,47,230,0.0052318572998046875
2225,48,230,0.005263328552246094
2226,49,230,0.0057337284088134766
2227,50,230,0.0050182342529296875
2228,51,230,0.005744457244873047
2229,52,230,0.004974365234375
2230,53,230,0.004848957061767578
2231,54,230,0.004839897155761719
2232,55,230,0.004939556121826172
2233,56,230,0.004742622375488281
2234,57,230,0.004759311676025391
2235,58,230,0.004649639129638672
2236,59,230,0.004698276519775391
2237,60,230,0.004377841949462891
2238,61,230,0.004606723785400391
2239,62,230,0.0046443939208984375
2240,63,230,0.005115985870361328
2241,64,230,0.004495859146118164
2242,65,230,0.004566192626953125
2243,66,230,0.004359722137451172
2244,67,230,0.0044095516204833984
2245,68,230,0.004546403884887695
2246,69,230,0.0045261383056640625
2247,70,230,0.0044825077056884766
2248,71,230,0.004295825958251953
2249,72,230,0.004200458526611328
2250,73,230,0.004282474517822266
2251,74,230,0.004204750061035156
2252,75,230,0.00416254997253418
2253,76,230,0.004064798355102539
2254,77,230,0.004175662994384766
2255,78,230,0.004179239273071289
2256,79,230,0.004050254821777344
2257,80,230,0.004082918167114258
2258,81,230,0.003006458282470703
2259,82,230,0.004036664962768555
2260,83,230,0.0037598609924316406
2261,84,230,0.0038628578186035156
2262,85,230,0.0037183761596679688
2263,86,230,0.003834962844848633
2264,87,230,0.0040950775146484375
2265,88,230,0.003593921661376953
2266,89,230,0.003530263900756836
2267,90,230,0.003303050994873047
2268,91,230,0.0035822391510009766
2269,92,230,0.0035076141357421875
2270,93,230,0.0036063194274902344
2271,94,230,0.0035750865936279297
2272,95,230,0.0034608840942382812
2273,96,230,0.0036058425903320312
2274,97,230,0.003574848175048828
2275,98,230,0.0036461353302001953
2276,99,230,0.0035219192504882812
2277,1,240,0.010414361953735352
2278,2,240,0.008318185806274414
2279,3,240,0.007921218872070312
2280,4,240,0.00817251205444336
2281,5,240,0.007609844207763672
2282,6,240,0.008138895034790039
2283,7,240,0.00708460807800293
2284,8,240,0.007795095443725586
2285,9,240,0.0071184635162353516
2286,10,240,0.007235050201416016
2287,11,240,0.006943941116333008
2288,12,240,0.00748443603515625
2289,13,240,0.006319522857666016
2290,14,240,0.006276130676269531
2291,15,240,0.006307125091552734
2292,16,240,0.0067708492279052734
2293,17,240,0.006721973419189453
2294,18,240,0.0064852237701416016
2295,19,240,0.006328582763671875
2296,20,240,0.007385730743408203
2297,21,240,0.006579399108886719
2298,22,240,0.0064928531646728516
2299,23,240,0.006448507308959961
2300,24,240,0.0064465999603271484
2301,25,240,0.006978034973144531
2302,26,240,0.006290435791015625
2303,27,240,0.006133079528808594
2304,28,240,0.006066560745239258
2305,29,240,0.006384849548339844
2306,30,240,0.0066204071044921875
2307,31,240,0.0065555572509765625
2308,32,240,0.0058727264404296875
2309,33,240,0.005916595458984375
2310,34,240,0.005859851837158203
2311,35,240,0.005887269973754883
2312,36,240,0.0056383609771728516
2313,37,240,0.00572514533996582
2314,38,240,0.005617380142211914
2315,39,240,0.005767345428466797
2316,40,240,0.0056149959564208984
2317,41,240,0.005491733551025391
2318,42,240,0.005324840545654297
2319,43,240,0.005406856536865234
2320,44,240,0.005461454391479492
2321,45,240,0.005341291427612305
2322,46,240,0.00535893440246582
2323,47,240,0.005157470703125
2324,48,240,0.005251884460449219
2325,49,240,0.005274295806884766
2326,50,240,0.005373239517211914
2327,51,240,0.0053098201751708984
2328,52,240,0.00518345832824707
2329,53,240,0.0052165985107421875
2330,54,240,0.005160331726074219
2331,55,240,0.005182504653930664
2332,56,240,0.005311727523803711
2333,57,240,0.0050601959228515625
2334,58,240,0.005800724029541016
2335,59,240,0.0050792694091796875
2336,60,240,0.004889726638793945
2337,61,240,0.004876852035522461
2338,62,240,0.004758358001708984
2339,63,240,0.0049610137939453125
2340,64,240,0.004798173904418945
2341,65,240,0.004761934280395508
2342,66,240,0.004704713821411133
2343,67,240,0.004675865173339844
2344,68,240,0.004608631134033203
2345,69,240,0.004608869552612305
2346,70,240,0.004747629165649414
2347,71,240,0.00475001335144043
2348,72,240,0.004512310028076172
2349,73,240,0.004592418670654297
2350,74,240,0.004384517669677734
2351,75,240,0.004348278045654297
2352,76,240,0.004403829574584961
2353,77,240,0.004166364669799805
2354,78,240,0.0042667388916015625
2355,79,240,0.004041433334350586
2356,80,240,0.00425410270690918
2357,81,240,0.004178285598754883
2358,82,240,0.004096269607543945
2359,83,240,0.004040956497192383
2360,84,240,0.00398707389831543
2361,85,240,0.002924680709838867
2362,86,240,0.0027878284454345703
2363,87,240,0.0027539730072021484
2364,88,240,0.003936290740966797
2365,89,240,0.003903627395629883
2366,90,240,0.003847360610961914
2367,91,240,0.0025527477264404297
2368,92,240,0.003741741180419922
2369,93,240,0.003638029098510742
2370,94,240,0.0038993358612060547
2371,95,240,0.0037610530853271484
2372,96,240,0.0037081241607666016
2373,97,240,0.003671884536743164
2374,98,240,0.003683805465698242
2375,99,240,0.003849029541015625
2376,1,250,0.011029481887817383
2377,2,250,0.0087738037109375
2378,3,250,0.00884103775024414
2379,4,250,0.008888721466064453
2380,5,250,0.007861852645874023
2381,6,250,0.008285284042358398
2382,7,250,0.0077779293060302734
2383,8,250,0.007540464401245117
2384,9,250,0.007681369781494141
2385,10,250,0.00702357292175293
2386,11,250,0.007409572601318359
2387,12,250,0.00834035873413086
2388,13,250,0.008156538009643555
2389,14,250,0.007252216339111328
2390,15,250,0.0071485042572021484
2391,16,250,0.007113456726074219
2392,17,250,0.007154941558837891
2393,18,250,0.0072362422943115234
2394,19,250,0.006974458694458008
2395,20,250,0.006730318069458008
2396,21,250,0.007315397262573242
2397,22,250,0.006678581237792969
2398,23,250,0.006757497787475586
2399,24,250,0.0077953338623046875
2400,25,250,0.007814407348632812
2401,26,250,0.0066335201263427734
2402,27,250,0.007280588150024414
2403,28,250,0.006400585174560547
2404,29,250,0.00743556022644043
2405,30,250,0.00652003288269043
2406,31,250,0.0065381526947021484
2407,32,250,0.006701231002807617
2408,33,250,0.00645136833190918
2409,34,250,0.00621485710144043
2410,35,250,0.006363868713378906
2411,36,250,0.0062677860260009766
2412,37,250,0.00632476806640625
2413,38,250,0.006368398666381836
2414,39,250,0.006246805191040039
2415,40,250,0.0062716007232666016
2416,41,250,0.006303548812866211
2417,42,250,0.0057506561279296875
2418,43,250,0.005930662155151367
2419,44,250,0.005646467208862305
2420,45,250,0.005887746810913086
2421,46,250,0.005477190017700195
2422,47,250,0.005911111831665039
2423,48,250,0.006794452667236328
2424,49,250,0.005876302719116211
2425,50,250,0.005793333053588867
2426,51,250,0.0059947967529296875
2427,52,250,0.005952358245849609
2428,53,250,0.005916595458984375
2429,54,250,0.005799770355224609
2430,55,250,0.005669593811035156
2431,56,250,0.005562305450439453
2432,57,250,0.005644083023071289
2433,58,250,0.0054929256439208984
2434,59,250,0.005474090576171875
2435,60,250,0.005415439605712891
2436,61,250,0.005404233932495117
2437,62,250,0.0054340362548828125
2438,63,250,0.0060253143310546875
2439,64,250,0.005213022232055664
2440,65,250,0.005209445953369141
2441,66,250,0.005072116851806641
2442,67,250,0.005223989486694336
2443,68,250,0.00484466552734375
2444,69,250,0.005080223083496094
2445,70,250,0.005068302154541016
2446,71,250,0.004848480224609375
2447,72,250,0.004980564117431641
2448,73,250,0.00503849983215332
2449,74,250,0.005026102066040039
2450,75,250,0.004952192306518555
2451,76,250,0.004819393157958984
2452,77,250,0.004782199859619141
2453,78,250,0.0045166015625
2454,79,250,0.004572391510009766
2455,80,250,0.0046002864837646484
2456,81,250,0.004552125930786133
2457,82,250,0.004492759704589844
2458,83,250,0.004469394683837891
2459,84,250,0.004392147064208984
2460,85,250,0.004550457000732422
2461,86,250,0.004430294036865234
2462,87,250,0.004433393478393555
2463,88,250,0.0041654109954833984
2464,89,250,0.004454374313354492
2465,90,250,0.004408597946166992
2466,91,250,0.004271507263183594
2467,92,250,0.00422215461730957
2468,93,250,0.004286289215087891
2469,94,250,0.004331827163696289
2470,95,250,0.004149675369262695
2471,96,250,0.0039033889770507812
2472,97,250,0.004032611846923828
2473,98,250,0.003753662109375
2474,99,250,0.004056453704833984
2475,1,260,0.011586666107177734
2476,2,260,0.010223388671875
2477,3,260,0.00892496109008789
2478,4,260,0.009467840194702148
2479,5,260,0.008564233779907227
2480,6,260,0.008515119552612305
2481,7,260,0.008590221405029297
2482,8,260,0.008733510971069336
2483,9,260,0.00857686996459961
2484,10,260,0.009500265121459961
2485,11,260,0.007628679275512695
2486,12,260,0.00750732421875
2487,13,260,0.008968830108642578
2488,14,260,0.007541656494140625
2489,15,260,0.007503032684326172
2490,16,260,0.007382869720458984
2491,17,260,0.00782465934753418
2492,18,260,0.007688283920288086
2493,19,260,0.007498502731323242
2494,20,260,0.008480072021484375
2495,21,260,0.007352352142333984
2496,22,260,0.008291006088256836
2497,23,260,0.0074615478515625
2498,24,260,0.008643150329589844
2499,25,260,0.008255481719970703
2500,26,260,0.0071680545806884766
2501,27,260,0.0071604251861572266
2502,28,260,0.0074634552001953125
2503,29,260,0.007926225662231445
2504,30,260,0.007129669189453125
2505,31,260,0.007835626602172852
2506,32,260,0.006965160369873047
2507,33,260,0.007098197937011719
2508,34,260,0.006690263748168945
2509,35,260,0.007298946380615234
2510,36,260,0.006620168685913086
2511,37,260,0.006677865982055664
2512,38,260,0.006868124008178711
2513,39,260,0.006704568862915039
2514,40,260,0.007283687591552734
2515,41,260,0.006546735763549805
2516,42,260,0.00661921501159668
2517,43,260,0.006613254547119141
2518,44,260,0.007539510726928711
2519,45,260,0.006144046783447266
2520,46,260,0.007296085357666016
2521,47,260,0.00628209114074707
2522,48,260,0.006131649017333984
2523,49,260,0.0064144134521484375
2524,50,260,0.0062808990478515625
2525,51,260,0.006167173385620117
2526,52,260,0.006152629852294922
2527,53,260,0.006184816360473633
2528,54,260,0.0060272216796875
2529,55,260,0.006104230880737305
2530,56,260,0.005929470062255859
2531,57,260,0.0059621334075927734
2532,58,260,0.005953550338745117
2533,59,260,0.0059664249420166016
2534,60,260,0.005807399749755859
2535,61,260,0.005784034729003906
2536,62,260,0.005788564682006836
2537,63,260,0.0057370662689208984
2538,64,260,0.005683422088623047
2539,65,260,0.005637168884277344
2540,66,260,0.005450725555419922
2541,67,260,0.006325483322143555
2542,68,260,0.005433082580566406
2543,69,260,0.005593776702880859
2544,70,260,0.005402803421020508
2545,71,260,0.005249500274658203
2546,72,260,0.005392551422119141
2547,73,260,0.005135059356689453
2548,74,260,0.004780292510986328
2549,75,260,0.005098819732666016
2550,76,260,0.005240917205810547
2551,77,260,0.005159854888916016
2552,78,260,0.005126476287841797
2553,79,260,0.005002737045288086
2554,80,260,0.004971504211425781
2555,81,260,0.0049591064453125
2556,82,260,0.004879951477050781
2557,83,260,0.004714012145996094
2558,84,260,0.004815340042114258
2559,85,260,0.004635334014892578
2560,86,260,0.00468897819519043
2561,87,260,0.00472569465637207
2562,88,260,0.004567384719848633
2563,89,260,0.004606008529663086
2564,90,260,0.004471778869628906
2565,91,260,0.004441738128662109
2566,92,260,0.004494905471801758
2567,93,260,0.0044825077056884766
2568,94,260,0.0044786930084228516
2569,95,260,0.004456758499145508
2570,96,260,0.004405975341796875
2571,97,260,0.004435062408447266
2572,98,260,0.0041713714599609375
2573,99,260,0.0041065216064453125
2574,1,270,0.012779474258422852
2575,2,270,0.01057887077331543
2576,3,270,0.00966787338256836
2577,4,270,0.010183095932006836
2578,5,270,0.009706258773803711
2579,6,270,0.009166955947875977
2580,7,270,0.009418010711669922
2581,8,270,0.010052919387817383
2582,9,270,0.008362770080566406
2583,10,270,0.008115768432617188
2584,11,270,0.008912324905395508
2585,12,270,0.009873151779174805
2586,13,270,0.008212089538574219
2587,14,270,0.008994340896606445
2588,15,270,0.008095741271972656
2589,16,270,0.008178234100341797
2590,17,270,0.008206367492675781
2591,18,270,0.008199214935302734
2592,19,270,0.008285045623779297
2593,20,270,0.008338689804077148
2594,21,270,0.007691144943237305
2595,22,270,0.008223772048950195
2596,23,270,0.008214950561523438
2597,24,270,0.00795125961303711
2598,25,270,0.00841379165649414
2599,26,270,0.0076274871826171875
2600,27,270,0.007710695266723633
2601,28,270,0.007914066314697266
2602,29,270,0.0074520111083984375
2603,30,270,0.007544040679931641
2604,31,270,0.007328510284423828
2605,32,270,0.007401704788208008
2606,33,270,0.008149862289428711
2607,34,270,0.00731968879699707
2608,35,270,0.007257223129272461
2609,36,270,0.00511622428894043
2610,37,270,0.007201671600341797
2611,38,270,0.00457453727722168
2612,39,270,0.004537820816040039
2613,40,270,0.00693202018737793
2614,41,270,0.006995677947998047
2615,42,270,0.0071108341217041016
2616,43,270,0.006806850433349609
2617,44,270,0.00688934326171875
2618,45,270,0.0068035125732421875
2619,46,270,0.006597280502319336
2620,47,270,0.0065686702728271484
2621,48,270,0.006678342819213867
2622,49,270,0.00656437873840332
2623,50,270,0.006509304046630859
2624,51,270,0.00634765625
2625,52,270,0.006579875946044922
2626,53,270,0.006314277648925781
2627,54,270,0.006467580795288086
2628,55,270,0.006253957748413086
2629,56,270,0.006303071975708008
2630,57,270,0.006322145462036133
2631,58,270,0.007325887680053711
2632,59,270,0.006516695022583008
2633,60,270,0.0060176849365234375
2634,61,270,0.006154298782348633
2635,62,270,0.006102085113525391
2636,63,270,0.006154298782348633
2637,64,270,0.00693511962890625
2638,65,270,0.005754709243774414
2639,66,270,0.0059130191802978516
2640,67,270,0.005834817886352539
2641,68,270,0.005891323089599609
2642,69,270,0.005812406539916992
2643,70,270,0.005773067474365234
2644,71,270,0.005621910095214844
2645,72,270,0.005735158920288086
2646,73,270,0.005683183670043945
2647,74,270,0.005628824234008789
2648,75,270,0.005539655685424805
2649,76,270,0.0055255889892578125
2650,77,270,0.00526881217956543
2651,78,270,0.005482196807861328
2652,79,270,0.0054509639739990234
2653,80,270,0.006151437759399414
2654,81,270,0.005373716354370117
2655,82,270,0.005297660827636719
2656,83,270,0.0058057308197021484
2657,84,270,0.0053005218505859375
2658,85,270,0.00513005256652832
2659,86,270,0.005096435546875
2660,87,270,0.004912137985229492
2661,88,270,0.005014896392822266
2662,89,270,0.004906892776489258
2663,90,270,0.0049555301666259766
2664,91,270,0.004887819290161133
2665,92,270,0.004952192306518555
2666,93,270,0.004959583282470703
2667,94,270,0.004659891128540039
2668,95,270,0.004797220230102539
2669,96,270,0.004796743392944336
2670,97,270,0.004915475845336914
2671,98,270,0.004782438278198242
2672,99,270,0.0047261714935302734
2673,1,280,0.013678312301635742
2674,2,280,0.011180639266967773
2675,3,280,0.011229753494262695
2676,4,280,0.011192798614501953
2677,5,280,0.010447502136230469
2678,6,280,0.011011362075805664
2679,7,280,0.00914907455444336
2680,8,280,0.01033639907836914
2681,9,280,0.009011268615722656
2682,10,280,0.00864100456237793
2683,11,280,0.008819341659545898
2684,12,280,0.00864410400390625
2685,13,280,0.009019136428833008
2686,14,280,0.008680582046508789
2687,15,280,0.010483503341674805
2688,16,280,0.00898289680480957
2689,17,280,0.008388519287109375
2690,18,280,0.008600950241088867
2691,19,280,0.010226726531982422
2692,20,280,0.008548736572265625
2693,21,280,0.008265495300292969
2694,22,280,0.008939027786254883
2695,23,280,0.008906841278076172
2696,24,280,0.008233070373535156
2697,25,280,0.00822138786315918
2698,26,280,0.008128643035888672
2699,27,280,0.008059978485107422
2700,28,280,0.009271860122680664
2701,29,280,0.007945537567138672
2702,30,280,0.008160829544067383
2703,31,280,0.008105754852294922
2704,32,280,0.0079803466796875
2705,33,280,0.007858753204345703
2706,34,280,0.007849931716918945
2707,35,280,0.008001089096069336
2708,36,280,0.00767827033996582
2709,37,280,0.007772207260131836
2710,38,280,0.0076808929443359375
2711,39,280,0.007731437683105469
2712,40,280,0.008235692977905273
2713,41,280,0.007570505142211914
2714,42,280,0.00799417495727539
2715,43,280,0.007789134979248047
2716,44,280,0.007471561431884766
2717,45,280,0.008932113647460938
2718,46,280,0.007532358169555664
2719,47,280,0.007420063018798828
2720,48,280,0.007191658020019531
2721,49,280,0.006831645965576172
2722,50,280,0.008113622665405273
2723,51,280,0.007031440734863281
2724,52,280,0.006989002227783203
2725,53,280,0.007040739059448242
2726,54,280,0.006909608840942383
2727,55,280,0.006936073303222656
2728,56,280,0.006878852844238281
2729,57,280,0.006712913513183594
2730,58,280,0.0066568851470947266
2731,59,280,0.006639957427978516
2732,60,280,0.0068438053131103516
2733,61,280,0.0065114498138427734
2734,62,280,0.0064771175384521484
2735,63,280,0.006600856781005859
2736,64,280,0.0063893795013427734
2737,65,280,0.006670713424682617
2738,66,280,0.006414651870727539
2739,67,280,0.006330251693725586
2740,68,280,0.0062656402587890625
2741,69,280,0.006211757659912109
2742,70,280,0.006179332733154297
2743,71,280,0.006295204162597656
2744,72,280,0.006083965301513672
2745,73,280,0.005875110626220703
2746,74,280,0.0060825347900390625
2747,75,280,0.0058252811431884766
2748,76,280,0.00574493408203125
2749,77,280,0.005816459655761719
2750,78,280,0.005629301071166992
2751,79,280,0.005509853363037109
2752,80,280,0.005407571792602539
2753,81,280,0.00560450553894043
2754,82,280,0.0056610107421875
2755,83,280,0.0056133270263671875
2756,84,280,0.005483388900756836
2757,85,280,0.005484104156494141
2758,86,280,0.00555109977722168
2759,87,280,0.005263090133666992
2760,88,280,0.005245208740234375
2761,89,280,0.005173683166503906
2762,90,280,0.005219221115112305
2763,91,280,0.0051364898681640625
2764,92,280,0.005148887634277344
2765,93,280,0.004912137985229492
2766,94,280,0.00514531135559082
2767,95,280,0.005121707916259766
2768,96,280,0.0050907135009765625
2769,97,280,0.004956960678100586
2770,98,280,0.004925966262817383
2771,99,280,0.005434751510620117
2772,1,290,0.014813661575317383
2773,2,290,0.011904239654541016
2774,3,290,0.011018991470336914
2775,4,290,0.011432170867919922
2776,5,290,0.010776996612548828
2777,6,290,0.009758949279785156
2778,7,290,0.01140141487121582
2779,8,290,0.010509729385375977
2780,9,290,0.011754274368286133
2781,10,290,0.011176109313964844
2782,11,290,0.011240482330322266
2783,12,290,0.009422779083251953
2784,13,290,0.00966191291809082
2785,14,290,0.009162664413452148
2786,15,290,0.00933837890625
2787,16,290,0.009127140045166016
2788,17,290,0.009233474731445312
2789,18,290,0.009640932083129883
2790,19,290,0.009292840957641602
2791,20,290,0.010157108306884766
2792,21,290,0.009094476699829102
2793,22,290,0.008967399597167969
2794,23,290,0.008792877197265625
2795,24,290,0.010230064392089844
2796,25,290,0.008712530136108398
2797,26,290,0.009844779968261719
2798,27,290,0.00858449935913086
2799,28,290,0.008800029754638672
2800,29,290,0.008777379989624023
2801,30,290,0.008597612380981445
2802,31,290,0.008482933044433594
2803,32,290,0.00855875015258789
2804,33,290,0.00849771499633789
2805,34,290,0.00841522216796875
2806,35,290,0.008287668228149414
2807,36,290,0.007980108261108398
2808,37,290,0.008269786834716797
2809,38,290,0.008237123489379883
2810,39,290,0.008249998092651367
2811,40,290,0.008029460906982422
2812,41,290,0.008553743362426758
2813,42,290,0.007870197296142578
2814,43,290,0.009023189544677734
2815,44,290,0.007877588272094727
2816,45,290,0.0075762271881103516
2817,46,290,0.00813150405883789
2818,47,290,0.007689476013183594
2819,48,290,0.0075948238372802734
2820,49,290,0.0072214603424072266
2821,50,290,0.007298946380615234
2822,51,290,0.007025003433227539
2823,52,290,0.0071680545806884766
2824,53,290,0.0071680545806884766
2825,54,290,0.007318019866943359
2826,55,290,0.007092714309692383
2827,56,290,0.007136821746826172
2828,57,290,0.007193803787231445
2829,58,290,0.0071010589599609375
2830,59,290,0.0069882869720458984
2831,60,290,0.006879329681396484
2832,61,290,0.007196187973022461
2833,62,290,0.0068035125732421875
2834,63,290,0.006792545318603516
2835,64,290,0.006564140319824219
2836,65,290,0.006556987762451172
2837,66,290,0.004427194595336914
2838,67,290,0.00703883171081543
2839,68,290,0.006572246551513672
2840,69,290,0.004635810852050781
2841,70,290,0.006302356719970703
2842,71,290,0.006458282470703125
2843,72,290,0.006413936614990234
2844,73,290,0.006336688995361328
2845,74,290,0.006286144256591797
2846,75,290,0.0061779022216796875
2847,76,290,0.006272315979003906
2848,77,290,0.006134986877441406
2849,78,290,0.00704646110534668
2850,79,290,0.005780220031738281
2851,80,290,0.004784107208251953
2852,81,290,0.005924224853515625
2853,82,290,0.005860567092895508
2854,83,290,0.005759239196777344
2855,84,290,0.004261970520019531
2856,85,290,0.005094289779663086
2857,86,290,0.005738735198974609
2858,87,290,0.005755186080932617
2859,88,290,0.0055620670318603516
2860,89,290,0.00550389289855957
2861,90,290,0.005483388900756836
2862,91,290,0.0054056644439697266
2863,92,290,0.0054607391357421875
2864,93,290,0.0054569244384765625
2865,94,290,0.005326986312866211
2866,95,290,0.005331277847290039
2867,96,290,0.005395412445068359
2868,97,290,0.005356788635253906
2869,98,290,0.005403995513916016
2870,99,290,0.0053408145904541016
2871,1,300,0.014564037322998047
2872,2,300,0.01267099380493164
2873,3,300,0.0126953125
2874,4,300,0.012046575546264648
2875,5,300,0.01213216781616211
2876,6,300,0.011508703231811523
2877,7,300,0.011773824691772461
2878,8,300,0.011624336242675781
2879,9,300,0.010885477066040039
2880,10,300,0.010133028030395508
2881,11,300,0.012114524841308594
2882,12,300,0.010451555252075195
2883,13,300,0.011199712753295898
2884,14,300,0.010174274444580078
2885,15,300,0.01189422607421875
2886,16,300,0.009845256805419922
2887,17,300,0.011006593704223633
2888,18,300,0.010012388229370117
2889,19,300,0.009723186492919922
2890,20,300,0.010087013244628906
2891,21,300,0.009657144546508789
2892,22,300,0.009488821029663086
2893,23,300,0.010469436645507812
2894,24,300,0.009210348129272461
2895,25,300,0.00929570198059082
2896,26,300,0.009389877319335938
2897,27,300,0.00913548469543457
2898,28,300,0.010175943374633789
2899,29,300,0.009133100509643555
2900,30,300,0.010219097137451172
2901,31,300,0.009054899215698242
2902,32,300,0.008925199508666992
2903,33,300,0.009097099304199219
2904,34,300,0.009982824325561523
2905,35,300,0.008939266204833984
2906,36,300,0.009033679962158203
2907,37,300,0.008819341659545898
2908,38,300,0.008648872375488281
2909,39,300,0.008606672286987305
2910,40,300,0.008577108383178711
2911,41,300,0.008567333221435547
2912,42,300,0.008641719818115234
2913,43,300,0.009020805358886719
2914,44,300,0.008369207382202148
2915,45,300,0.00809025764465332
2916,46,300,0.008478164672851562
2917,47,300,0.007921218872070312
2918,48,300,0.005292177200317383
2919,49,300,0.008278608322143555
2920,50,300,0.009491205215454102
2921,51,300,0.007979869842529297
2922,52,300,0.007698774337768555
2923,53,300,0.007668495178222656
2924,54,300,0.007720232009887695
2925,55,300,0.0076961517333984375
2926,56,300,0.007557868957519531
2927,57,300,0.0076448917388916016
2928,58,300,0.007517337799072266
2929,59,300,0.007454872131347656
2930,60,300,0.007462263107299805
2931,61,300,0.0072765350341796875
2932,62,300,0.007200479507446289
2933,63,300,0.007155895233154297
2934,64,300,0.007434844970703125
2935,65,300,0.007269859313964844
2936,66,300,0.007166862487792969
2937,67,300,0.0070629119873046875
2938,68,300,0.007238149642944336
2939,69,300,0.007027149200439453
2940,70,300,0.007117509841918945
2941,71,300,0.0069048404693603516
2942,72,300,0.006896495819091797
2943,73,300,0.00693511962890625
2944,74,300,0.007193803787231445
2945,75,300,0.006643533706665039
2946,76,300,0.0066967010498046875
2947,77,300,0.0065784454345703125
2948,78,300,0.006482601165771484
2949,79,300,0.006610870361328125
2950,80,300,0.006506204605102539
2951,81,300,0.006410837173461914
2952,82,300,0.006292104721069336
2953,83,300,0.006345272064208984
2954,84,300,0.0063571929931640625
2955,85,300,0.006371498107910156
2956,86,300,0.006021261215209961
2957,87,300,0.006212472915649414
2958,88,300,0.006195783615112305
2959,89,300,0.006241798400878906
2960,90,300,0.006086587905883789
2961,91,300,0.0060405731201171875
2962,92,300,0.00598454475402832
2963,93,300,0.005865335464477539
2964,94,300,0.005945920944213867
2965,95,300,0.005882978439331055
2966,96,300,0.005814790725708008
2967,97,300,0.005659818649291992
2968,98,300,0.005647420883178711
2969,99,300,0.005784273147583008
2970,1,310,0.0164339542388916
2971,2,310,0.013493061065673828
2972,3,310,0.013314247131347656
2973,4,310,0.012609720230102539
2974,5,310,0.012477874755859375
2975,6,310,0.012047529220581055
2976,7,310,0.01285696029663086
2977,8,310,0.012841224670410156
2978,9,310,0.010410785675048828
2979,10,310,0.013298749923706055
2980,11,310,0.010704517364501953
2981,12,310,0.010499954223632812
2982,13,310,0.011884212493896484
2983,14,310,0.010489702224731445
2984,15,310,0.011436939239501953
2985,16,310,0.010319232940673828
2986,17,310,0.010913372039794922
2987,18,310,0.010289907455444336
2988,19,310,0.010434865951538086
2989,20,310,0.010274171829223633
2990,21,310,0.012035369873046875
2991,22,310,0.010329246520996094
2992,23,310,0.012086629867553711
2993,24,310,0.009657859802246094
2994,25,310,0.009567022323608398
2995,26,310,0.009660482406616211
2996,27,310,0.010192155838012695
2997,28,310,0.009521722793579102
2998,29,310,0.00989985466003418
2999,30,310,0.009718656539916992
3000,31,310,0.009496212005615234
3001,32,310,0.010349273681640625
3002,33,310,0.009267091751098633
3003,34,310,0.009256601333618164
3004,35,310,0.009528160095214844
3005,36,310,0.009290695190429688
3006,37,310,0.009355306625366211
3007,38,310,0.009215831756591797
3008,39,310,0.008959293365478516
3009,40,310,0.00885915756225586
3010,41,310,0.008916139602661133
3011,42,310,0.008992433547973633
3012,43,310,0.008882761001586914
3013,44,310,0.008881092071533203
3014,45,310,0.008583307266235352
3015,46,310,0.008568525314331055
3016,47,310,0.008559703826904297
3017,48,310,0.005728721618652344
3018,49,310,0.008219003677368164
3019,50,310,0.009163379669189453
3020,51,310,0.00834798812866211
3021,52,310,0.00806283950805664
3022,53,310,0.008532524108886719
3023,54,310,0.007869720458984375
3024,55,310,0.008131027221679688
3025,56,310,0.007933378219604492
3026,57,310,0.007947921752929688
3027,58,310,0.008158445358276367
3028,59,310,0.008099794387817383
3029,60,310,0.007849454879760742
3030,61,310,0.008487462997436523
3031,62,310,0.007994651794433594
3032,63,310,0.007667064666748047
3033,64,310,0.007876157760620117
3034,65,310,0.0077495574951171875
3035,66,310,0.0076105594635009766
3036,67,310,0.007530689239501953
3037,68,310,0.008750438690185547
3038,69,310,0.007574319839477539
3039,70,310,0.008166790008544922
3040,71,310,0.007438182830810547
3041,72,310,0.007415056228637695
3042,73,310,0.0071370601654052734
3043,74,310,0.007211208343505859
3044,75,310,0.007338047027587891
3045,76,310,0.007094621658325195
3046,77,310,0.0070836544036865234
3047,78,310,0.007153749465942383
3048,79,310,0.00690460205078125
3049,80,310,0.006955385208129883
3050,81,310,0.007659196853637695
3051,82,310,0.006723165512084961
3052,83,310,0.006785154342651367
3053,84,310,0.006722927093505859
3054,85,310,0.006661891937255859
3055,86,310,0.006562709808349609
3056,87,310,0.0065517425537109375
3057,88,310,0.006392478942871094
3058,89,310,0.0064029693603515625
3059,90,310,0.006406068801879883
3060,91,310,0.006180286407470703
3061,92,310,0.006468772888183594
3062,93,310,0.006383657455444336
3063,94,310,0.006264925003051758
3064,95,310,0.006349802017211914
3065,96,310,0.006094932556152344
3066,97,310,0.006196498870849609
3067,98,310,0.0060863494873046875
3068,99,310,0.005990028381347656
3069,1,320,0.017757892608642578
3070,2,320,0.01460886001586914
3071,3,320,0.014389514923095703
3072,4,320,0.01448965072631836
3073,5,320,0.012949228286743164
3074,6,320,0.013181924819946289
3075,7,320,0.014363288879394531
3076,8,320,0.01266336441040039
3077,9,320,0.013036012649536133
3078,10,320,0.011818170547485352
3079,11,320,0.011786222457885742
3080,12,320,0.011286020278930664
3081,13,320,0.011814355850219727
3082,14,320,0.012668609619140625
3083,15,320,0.011541366577148438
3084,16,320,0.011649131774902344
3085,17,320,0.011384248733520508
3086,18,320,0.012186527252197266
3087,19,320,0.011421918869018555
3088,20,320,0.011022567749023438
3089,21,320,0.010689973831176758
3090,22,320,0.010775089263916016
3091,23,320,0.010806083679199219
3092,24,320,0.011553287506103516
3093,25,320,0.010251760482788086
3094,26,320,0.010305166244506836
3095,27,320,0.010388851165771484
3096,28,320,0.010242462158203125
3097,29,320,0.012531518936157227
3098,30,320,0.01024484634399414
3099,31,320,0.010204315185546875
3100,32,320,0.010751724243164062
3101,33,320,0.010459184646606445
3102,34,320,0.009985923767089844
3103,35,320,0.010856389999389648
3104,36,320,0.010080814361572266
3105,37,320,0.009857177734375
3106,38,320,0.010803937911987305
3107,39,320,0.010750293731689453
3108,40,320,0.00964498519897461
3109,41,320,0.00946497917175293
3110,42,320,0.009607076644897461
3111,43,320,0.009479045867919922
3112,44,320,0.009418249130249023
3113,45,320,0.00938558578491211
3114,46,320,0.009449243545532227
3115,47,320,0.010217905044555664
3116,48,320,0.009063959121704102
3117,49,320,0.009756326675415039
3118,50,320,0.009037971496582031
3119,51,320,0.009197235107421875
3120,52,320,0.009186029434204102
3121,53,320,0.009021520614624023
3122,54,320,0.008872509002685547
3123,55,320,0.008402109146118164
3124,56,320,0.008784055709838867
3125,57,320,0.00812530517578125
3126,58,320,0.007967233657836914
3127,59,320,0.007838249206542969
3128,60,320,0.008106708526611328
3129,61,320,0.008234262466430664
3130,62,320,0.008189678192138672
3131,63,320,0.007839441299438477
3132,64,320,0.008098363876342773
3133,65,320,0.008018016815185547
3134,66,320,0.007884025573730469
3135,67,320,0.007784605026245117
3136,68,320,0.007843971252441406
3137,69,320,0.007782936096191406
3138,70,320,0.008217334747314453
3139,71,320,0.007761240005493164
3140,72,320,0.007635354995727539
3141,73,320,0.007649421691894531
3142,74,320,0.007570981979370117
3143,75,320,0.007623910903930664
3144,76,320,0.007462739944458008
3145,77,320,0.007245063781738281
3146,78,320,0.0073087215423583984
3147,79,320,0.007399559020996094
3148,80,320,0.007186174392700195
3149,81,320,0.0072629451751708984
3150,82,320,0.0071048736572265625
3151,83,320,0.00704503059387207
3152,84,320,0.007080078125
3153,85,320,0.006978034973144531
3154,86,320,0.007027626037597656
3155,87,320,0.006725788116455078
3156,88,320,0.006754398345947266
3157,89,320,0.0066678524017333984
3158,90,320,0.006713151931762695
3159,91,320,0.00654149055480957
3160,92,320,0.00757288932800293
3161,93,320,0.006630420684814453
3162,94,320,0.006452322006225586
3163,95,320,0.0066950321197509766
3164,96,320,0.007765531539916992
3165,97,320,0.00641322135925293
3166,98,320,0.006486415863037109
3167,99,320,0.006314516067504883
3168,1,330,0.018637418746948242
3169,2,330,0.015801191329956055
3170,3,330,0.014093637466430664
3171,4,330,0.014902114868164062
3172,5,330,0.014278888702392578
3173,6,330,0.01322031021118164
3174,7,330,0.014136552810668945
3175,8,330,0.013797998428344727
3176,9,330,0.014086246490478516
3177,10,330,0.011724710464477539
3178,11,330,0.013255596160888672
3179,12,330,0.011459112167358398
3180,13,330,0.012303352355957031
3181,14,330,0.012002706527709961
3182,15,330,0.01243734359741211
3183,16,330,0.011884212493896484
3184,17,330,0.012017011642456055
3185,18,330,0.011604785919189453
3186,19,330,0.011282920837402344
3187,20,330,0.011677265167236328
3188,21,330,0.011563301086425781
3189,22,330,0.012005329132080078
3190,23,330,0.011185884475708008
3191,24,330,0.011646032333374023
3192,25,330,0.010820150375366211
3193,26,330,0.010912895202636719
3194,27,330,0.013375043869018555
3195,28,330,0.010734319686889648
3196,29,330,0.010821342468261719
3197,30,330,0.012237310409545898
3198,31,330,0.010642766952514648
3199,32,330,0.01085972785949707
3200,33,330,0.010680198669433594
3201,34,330,0.01052999496459961
3202,35,330,0.010416984558105469
3203,36,330,0.010155677795410156
3204,37,330,0.01034998893737793
3205,38,330,0.010036468505859375
3206,39,330,0.009936332702636719
3207,40,330,0.006445884704589844
3208,41,330,0.009793758392333984
3209,42,330,0.009648561477661133
3210,43,330,0.009430170059204102
3211,44,330,0.009548664093017578
3212,45,330,0.00942087173461914
3213,46,330,0.009282827377319336
3214,47,330,0.009855031967163086
3215,48,330,0.009621381759643555
3216,49,330,0.009222745895385742
3217,50,330,0.009078025817871094
3218,51,330,0.009273767471313477
3219,52,330,0.005747079849243164
3220,53,330,0.009099245071411133
3221,54,330,0.009088754653930664
3222,55,330,0.009090662002563477
3223,56,330,0.008872509002685547
3224,57,330,0.008795738220214844
3225,58,330,0.00865626335144043
3226,59,330,0.008666515350341797
3227,60,330,0.008651018142700195
3228,61,330,0.008664608001708984
3229,62,330,0.00877833366394043
3230,63,330,0.008656024932861328
3231,64,330,0.008578777313232422
3232,65,330,0.008514642715454102
3233,66,330,0.00857686996459961
3234,67,330,0.008368730545043945
3235,68,330,0.008183479309082031
3236,69,330,0.008836030960083008
3237,70,330,0.008404731750488281
3238,71,330,0.008023500442504883
3239,72,330,0.007966756820678711
3240,73,330,0.007937192916870117
3241,74,330,0.007824182510375977
3242,75,330,0.007927179336547852
3243,76,330,0.00804448127746582
3244,77,330,0.007783651351928711
3245,78,330,0.008213996887207031
3246,79,330,0.00780797004699707
3247,80,330,0.00780797004699707
3248,81,330,0.007588386535644531
3249,82,330,0.007511138916015625
3250,83,330,0.007389545440673828
3251,84,330,0.007256984710693359
3252,85,330,0.007393836975097656
3253,86,330,0.006924867630004883
3254,87,330,0.007281780242919922
3255,88,330,0.007140636444091797
3256,89,330,0.007161140441894531
3257,90,330,0.0070378780364990234
3258,91,330,0.007036447525024414
3259,92,330,0.00713038444519043
3260,93,330,0.006963253021240234
3261,94,330,0.0063457489013671875
3262,95,330,0.006719112396240234
3263,96,330,0.006873607635498047
3264,97,330,0.006880283355712891
3265,98,330,0.006716012954711914
3266,99,330,0.006758451461791992
3267,1,340,0.020157575607299805
3268,2,340,0.01679086685180664
3269,3,340,0.016444921493530273
3270,4,340,0.015790224075317383
3271,5,340,0.014995574951171875
3272,6,340,0.013671636581420898
3273,7,340,0.01640009880065918
3274,8,340,0.013113021850585938
3275,9,340,0.013427972793579102
3276,10,340,0.013213634490966797
3277,11,340,0.014659404754638672
3278,12,340,0.015279054641723633
3279,13,340,0.013231277465820312
3280,14,340,0.012738943099975586
3281,15,340,0.013004779815673828
3282,16,340,0.014451742172241211
3283,17,340,0.01260685920715332
3284,18,340,0.015451431274414062
3285,19,340,0.012349367141723633
3286,20,340,0.012145042419433594
3287,21,340,0.012017488479614258
3288,22,340,0.012234687805175781
3289,23,340,0.012031316757202148
3290,24,340,0.011805534362792969
3291,25,340,0.011982917785644531
3292,26,340,0.011514663696289062
3293,27,340,0.011478900909423828
3294,28,340,0.011231184005737305
3295,29,340,0.011597394943237305
3296,30,340,0.01214456558227539
3297,31,340,0.011236906051635742
3298,32,340,0.011226177215576172
3299,33,340,0.011473417282104492
3300,34,340,0.011099815368652344
3301,35,340,0.011494874954223633
3302,36,340,0.011261463165283203
3303,37,340,0.010998010635375977
3304,38,340,0.010843753814697266
3305,39,340,0.010890483856201172
3306,40,340,0.010756254196166992
3307,41,340,0.010676383972167969
3308,42,340,0.010755062103271484
3309,43,340,0.010477781295776367
3310,44,340,0.010489702224731445
3311,45,340,0.010295867919921875
3312,46,340,0.010353326797485352
3313,47,340,0.010414838790893555
3314,48,340,0.010474443435668945
3315,49,340,0.010316610336303711
3316,50,340,0.010806798934936523
3317,51,340,0.010029792785644531
3318,52,340,0.01063084602355957
3319,53,340,0.009857177734375
3320,54,340,0.009843826293945312
3321,55,340,0.010040044784545898
3322,56,340,0.00980687141418457
3323,57,340,0.009587287902832031
3324,58,340,0.009550094604492188
3325,59,340,0.009163856506347656
3326,60,340,0.00966954231262207
3327,61,340,0.009740829467773438
3328,62,340,0.009300708770751953
3329,63,340,0.009147405624389648
3330,64,340,0.00915670394897461
3331,65,340,0.009064912796020508
3332,66,340,0.009425878524780273
3333,67,340,0.009242057800292969
3334,68,340,0.008904218673706055
3335,69,340,0.008839607238769531
3336,70,340,0.008703470230102539
3337,71,340,0.007851600646972656
3338,72,340,0.008543014526367188
3339,73,340,0.008166313171386719
3340,74,340,0.008205175399780273
3341,75,340,0.0050470829010009766
3342,76,340,0.008204936981201172
3343,77,340,0.005021810531616211
3344,78,340,0.007842540740966797
3345,79,340,0.0056438446044921875
3346,80,340,0.007780790328979492
3347,81,340,0.00788426399230957
3348,82,340,0.007584095001220703
3349,83,340,0.00930929183959961
3350,84,340,0.007824182510375977
3351,85,340,0.007550716400146484
3352,86,340,0.007485628128051758
3353,87,340,0.007650613784790039
3354,88,340,0.007443428039550781
3355,89,340,0.007353305816650391
3356,90,340,0.007517099380493164
3357,91,340,0.00742030143737793
3358,92,340,0.00735163688659668
3359,93,340,0.007336616516113281
3360,94,340,0.007253885269165039
3361,95,340,0.008623838424682617
3362,96,340,0.0070765018463134766
3363,97,340,0.00699925422668457
3364,98,340,0.007123231887817383
3365,99,340,0.007125139236450195
3366,1,350,0.0207822322845459
3367,2,350,0.017422199249267578
3368,3,350,0.016536712646484375
3369,4,350,0.01662302017211914
3370,5,350,0.016185760498046875
3371,6,350,0.015007495880126953
3372,7,350,0.016872882843017578
3373,8,350,0.015215158462524414
3374,9,350,0.014765262603759766
3375,10,350,0.01609516143798828
3376,11,350,0.015569448471069336
3377,12,350,0.01342630386352539
3378,13,350,0.013544559478759766
3379,14,350,0.016176462173461914
3380,15,350,0.013193845748901367
3381,16,350,0.013232231140136719
3382,17,350,0.013426542282104492
3383,18,350,0.014798641204833984
3384,19,350,0.01555633544921875
3385,20,350,0.013991594314575195
3386,21,350,0.012574195861816406
3387,22,350,0.01262807846069336
3388,23,350,0.012949943542480469
3389,24,350,0.012620210647583008
3390,25,350,0.01282191276550293
3391,26,350,0.01240086555480957
3392,27,350,0.012786865234375
3393,28,350,0.013933897018432617
3394,29,350,0.012202978134155273
3395,30,350,0.012172937393188477
3396,31,350,0.01256108283996582
3397,32,350,0.0119171142578125
3398,33,350,0.013175725936889648
3399,34,350,0.011885881423950195
3400,35,350,0.011870861053466797
3401,36,350,0.011674165725708008
3402,37,350,0.011566400527954102
3403,38,350,0.011809825897216797
3404,39,350,0.011879682540893555
3405,40,350,0.011475324630737305
3406,41,350,0.01155710220336914
3407,42,350,0.011463165283203125
3408,43,350,0.011179447174072266
3409,44,350,0.010564804077148438
3410,45,350,0.011072158813476562
3411,46,350,0.010938167572021484
3412,47,350,0.01079559326171875
3413,48,350,0.011000633239746094
3414,49,350,0.010951519012451172
3415,50,350,0.010725736618041992
3416,51,350,0.01066279411315918
3417,52,350,0.010607481002807617
3418,53,350,0.011447668075561523
3419,54,350,0.01044607162475586
3420,55,350,0.01099085807800293
3421,56,350,0.010150432586669922
3422,57,350,0.010351896286010742
3423,58,350,0.010630130767822266
3424,59,350,0.009962797164916992
3425,60,350,0.00982046127319336
3426,61,350,0.009707450866699219
3427,62,350,0.009525299072265625
3428,63,350,0.009532690048217773
3429,64,350,0.009387493133544922
3430,65,350,0.009469985961914062
3431,66,350,0.00963735580444336
3432,67,350,0.009914159774780273
3433,68,350,0.00943899154663086
3434,69,350,0.010505914688110352
3435,70,350,0.009287118911743164
3436,71,350,0.009303808212280273
3437,72,350,0.009221553802490234
3438,73,350,0.009191274642944336
3439,74,350,0.00917673110961914
3440,75,350,0.01087045669555664
3441,76,350,0.008861541748046875
3442,77,350,0.009018182754516602
3443,78,350,0.008576631546020508
3444,79,350,0.008748531341552734
3445,80,350,0.008728981018066406
3446,81,350,0.006458759307861328
3447,82,350,0.008504867553710938
3448,83,350,0.008633136749267578
3449,84,350,0.008410453796386719
3450,85,350,0.008233785629272461
3451,86,350,0.00814676284790039
3452,87,350,0.008005142211914062
3453,88,350,0.007995367050170898
3454,89,350,0.00781869888305664
3455,90,350,0.008558034896850586
3456,91,350,0.007909297943115234
3457,92,350,0.00772857666015625
3458,93,350,0.007925748825073242
3459,94,350,0.007676124572753906
3460,95,350,0.007536649703979492
3461,96,350,0.007652759552001953
3462,97,350,0.0076236724853515625
3463,98,350,0.007516145706176758
3464,99,350,0.007478475570678711
3465,1,360,0.022225618362426758
3466,2,360,0.018771886825561523
3467,3,360,0.01636362075805664
3468,4,360,0.016277551651000977
3469,5,360,0.016277313232421875
3470,6,360,0.016237735748291016
3471,7,360,0.01809859275817871
3472,8,360,0.01649165153503418
3473,9,360,0.01529550552368164
3474,10,360,0.01427006721496582
3475,11,360,0.013654947280883789
3476,12,360,0.0173037052154541
3477,13,360,0.013988018035888672
3478,14,360,0.014097452163696289
3479,15,360,0.013885259628295898
3480,16,360,0.01614212989807129
3481,17,360,0.014509916305541992
3482,18,360,0.013934612274169922
3483,19,360,0.015354394912719727
3484,20,360,0.016212940216064453
3485,21,360,0.014636993408203125
3486,22,360,0.013322591781616211
3487,23,360,0.013564586639404297
3488,24,360,0.01279592514038086
3489,25,360,0.013197898864746094
3490,26,360,0.01330256462097168
3491,27,360,0.013925790786743164
3492,28,360,0.012717962265014648
3493,29,360,0.012893915176391602
3494,30,360,0.013073205947875977
3495,31,360,0.012822628021240234
3496,32,360,0.012765884399414062
3497,33,360,0.012726783752441406
3498,34,360,0.012366056442260742
3499,35,360,0.012900114059448242
3500,36,360,0.012453317642211914
3501,37,360,0.012241363525390625
3502,38,360,0.012274980545043945
3503,39,360,0.012177228927612305
3504,40,360,0.012132644653320312
3505,41,360,0.012261629104614258
3506,42,360,0.01207280158996582
3507,43,360,0.012111186981201172
3508,44,360,0.012023210525512695
3509,45,360,0.011907577514648438
3510,46,360,0.01168680191040039
3511,47,360,0.01070094108581543
3512,48,360,0.011298179626464844
3513,49,360,0.011448383331298828
3514,50,360,0.011604070663452148
3515,51,360,0.01142430305480957
3516,52,360,0.01123666763305664
3517,53,360,0.011132955551147461
3518,54,360,0.011608600616455078
3519,55,360,0.01109004020690918
3520,56,360,0.010967493057250977
3521,57,360,0.010680913925170898
3522,58,360,0.010892868041992188
3523,59,360,0.010817289352416992
3524,60,360,0.011499166488647461
3525,61,360,0.010580062866210938
3526,62,360,0.010210275650024414
3527,63,360,0.010368585586547852
3528,64,360,0.009974002838134766
3529,65,360,0.010054826736450195
3530,66,360,0.009965896606445312
3531,67,360,0.009902715682983398
3532,68,360,0.01007080078125
3533,69,360,0.010162115097045898
3534,70,360,0.009821891784667969
3535,71,360,0.009877681732177734
3536,72,360,0.009537458419799805
3537,73,360,0.00950479507446289
3538,74,360,0.009681463241577148
3539,75,360,0.009168148040771484
3540,76,360,0.008954524993896484
3541,77,360,0.009374856948852539
3542,78,360,0.009311199188232422
3543,79,360,0.009103059768676758
3544,80,360,0.009146928787231445
3545,81,360,0.009071111679077148
3546,82,360,0.00900578498840332
3547,83,360,0.009046792984008789
3548,84,360,0.008896112442016602
3549,85,360,0.008785486221313477
3550,86,360,0.008859634399414062
3551,87,360,0.008785724639892578
3552,88,360,0.008818387985229492
3553,89,360,0.008503913879394531
3554,90,360,0.00861501693725586
3555,91,360,0.008390426635742188
3556,92,360,0.00843954086303711
3557,93,360,0.008465290069580078
3558,94,360,0.007418155670166016
3559,95,360,0.008242607116699219
3560,96,360,0.008001327514648438
3561,97,360,0.007961034774780273
3562,98,360,0.007936954498291016
3563,99,360,0.007991790771484375
3564,1,370,0.023023366928100586
3565,2,370,0.01947641372680664
3566,3,370,0.018482685089111328
3567,4,370,0.018704652786254883
3568,5,370,0.01871800422668457
3569,6,370,0.017716646194458008
3570,7,370,0.019258737564086914
3571,8,370,0.017009973526000977
3572,9,370,0.016681671142578125
3573,10,370,0.018036603927612305
3574,11,370,0.01577472686767578
3575,12,370,0.018936872482299805
3576,13,370,0.014760732650756836
3577,14,370,0.015154123306274414
3578,15,370,0.016133785247802734
3579,16,370,0.014734029769897461
3580,17,370,0.019965410232543945
3581,18,370,0.014555692672729492
3582,19,370,0.017502784729003906
3583,20,370,0.014168024063110352
3584,21,370,0.0137939453125
3585,22,370,0.013887643814086914
3586,23,370,0.014902353286743164
3587,24,370,0.013897895812988281
3588,25,370,0.01374959945678711
3589,26,370,0.01384592056274414
3590,27,370,0.013665914535522461
3591,28,370,0.013841867446899414
3592,29,370,0.013277769088745117
3593,30,370,0.013452768325805664
3594,31,370,0.013640880584716797
3595,32,370,0.013437509536743164
3596,33,370,0.013360977172851562
3597,34,370,0.013143777847290039
3598,35,370,0.013084173202514648
3599,36,370,0.013341188430786133
3600,37,370,0.01418757438659668
3601,38,370,0.01286005973815918
3602,39,370,0.013028860092163086
3603,40,370,0.014097213745117188
3604,41,370,0.012603998184204102
3605,42,370,0.013482809066772461
3606,43,370,0.012413263320922852
3607,44,370,0.012451171875
3608,45,370,0.013573646545410156
3609,46,370,0.012305259704589844
3610,47,370,0.01221776008605957
3611,48,370,0.012032508850097656
3612,49,370,0.014778614044189453
3613,50,370,0.012039422988891602
3614,51,370,0.011775732040405273
3615,52,370,0.01205754280090332
3616,53,370,0.011735677719116211
3617,54,370,0.011815071105957031
3618,55,370,0.011444568634033203
3619,56,370,0.012172460556030273
3620,57,370,0.011986970901489258
3621,58,370,0.01140904426574707
3622,59,370,0.011463165283203125
3623,60,370,0.011271953582763672
3624,61,370,0.011150360107421875
3625,62,370,0.01207423210144043
3626,63,370,0.010644197463989258
3627,64,370,0.010500669479370117
3628,65,370,0.010645866394042969
3629,66,370,0.010437488555908203
3630,67,370,0.010395288467407227
3631,68,370,0.010431051254272461
3632,69,370,0.010359764099121094
3633,70,370,0.010382652282714844
3634,71,370,0.01018667221069336
3635,72,370,0.010076761245727539
3636,73,370,0.009951591491699219
3637,74,370,0.009917259216308594
3638,75,370,0.010084867477416992
3639,76,370,0.009954214096069336
3640,77,370,0.009650945663452148
3641,78,370,0.009770870208740234
3642,79,370,0.009805917739868164
3643,80,370,0.009311199188232422
3644,81,370,0.009562969207763672
3645,82,370,0.009457826614379883
3646,83,370,0.009251594543457031
3647,84,370,0.009443998336791992
3648,85,370,0.009511232376098633
3649,86,370,0.009433746337890625
3650,87,370,0.00925755500793457
3651,88,370,0.00947427749633789
3652,89,370,0.009065628051757812
3653,90,370,0.009151458740234375
3654,91,370,0.00899052619934082
3655,92,370,0.008692502975463867
3656,93,370,0.008923530578613281
3657,94,370,0.008498430252075195
3658,95,370,0.010424137115478516
3659,96,370,0.008722066879272461
3660,97,370,0.008708477020263672
3661,98,370,0.008621454238891602
3662,99,370,0.008559226989746094
3663,1,380,0.025344371795654297
3664,2,380,0.019495010375976562
3665,3,380,0.01919245719909668
3666,4,380,0.019756078720092773
3667,5,380,0.016457796096801758
3668,6,380,0.01897406578063965
3669,7,380,0.017287492752075195
3670,8,380,0.01670551300048828
3671,9,380,0.019686222076416016
3672,10,380,0.017138957977294922
3673,11,380,0.015943527221679688
3674,12,380,0.017736196517944336
3675,13,380,0.01667165756225586
3676,14,380,0.015900611877441406
3677,15,380,0.0159914493560791
3678,16,380,0.015659093856811523
3679,17,380,0.017432689666748047
3680,18,380,0.016791343688964844
3681,19,380,0.01836395263671875
3682,20,380,0.01557302474975586
3683,21,380,0.015177011489868164
3684,22,380,0.014223098754882812
3685,23,380,0.014205694198608398
3686,24,380,0.013867616653442383
3687,25,380,0.014181375503540039
3688,26,380,0.014066696166992188
3689,27,380,0.014809131622314453
3690,28,380,0.013859033584594727
3691,29,380,0.014534950256347656
3692,30,380,0.015790462493896484
3693,31,380,0.013796806335449219
3694,32,380,0.0138397216796875
3695,33,380,0.014045953750610352
3696,34,380,0.013731956481933594
3697,35,380,0.013796806335449219
3698,36,380,0.013541936874389648
3699,37,380,0.013902902603149414
3700,38,380,0.013466358184814453
3701,39,380,0.013593435287475586
3702,40,380,0.013146400451660156
3703,41,380,0.013357162475585938
3704,42,380,0.013449668884277344
3705,43,380,0.013159513473510742
3706,44,380,0.012990474700927734
3707,45,380,0.012924432754516602
3708,46,380,0.013031005859375
3709,47,380,0.01255035400390625
3710,48,380,0.012814998626708984
3711,49,380,0.012664079666137695
3712,50,380,0.012584209442138672
3713,51,380,0.012357711791992188
3714,52,380,0.012586593627929688
3715,53,380,0.012357234954833984
3716,54,380,0.01209115982055664
3717,55,380,0.012645959854125977
3718,56,380,0.012253522872924805
3719,57,380,0.012104034423828125
3720,58,380,0.0118865966796875
3721,59,380,0.01195073127746582
3722,60,380,0.011581182479858398
3723,61,380,0.011482000350952148
3724,62,380,0.011226415634155273
3725,63,380,0.011680841445922852
3726,64,380,0.011562585830688477
3727,65,380,0.010944843292236328
3728,66,380,0.010901451110839844
3729,67,380,0.010418415069580078
3730,68,380,0.006669759750366211
3731,69,380,0.006685733795166016
3732,70,380,0.01006007194519043
3733,71,380,0.010394811630249023
3734,72,380,0.010797500610351562
3735,73,380,0.010495424270629883
3736,74,380,0.010232210159301758
3737,75,380,0.010291099548339844
3738,76,380,0.00994110107421875
3739,77,380,0.01024007797241211
3740,78,380,0.010193109512329102
3741,79,380,0.010202646255493164
3742,80,380,0.010221004486083984
3743,81,380,0.009915590286254883
3744,82,380,0.009798765182495117
3745,83,380,0.009592533111572266
3746,84,380,0.009585857391357422
3747,85,380,0.009708404541015625
3748,86,380,0.009658098220825195
3749,87,380,0.009606599807739258
3750,88,380,0.009630918502807617
3751,89,380,0.009461402893066406
3752,90,380,0.009431123733520508
3753,91,380,0.009494304656982422
3754,92,380,0.009322404861450195
3755,93,380,0.00930929183959961
3756,94,380,0.008689403533935547
3757,95,380,0.009202957153320312
3758,96,380,0.010834217071533203
3759,97,380,0.009155988693237305
3760,98,380,0.008996963500976562
3761,99,380,0.010556936264038086
3762,1,390,0.026758193969726562
3763,2,390,0.021610498428344727
3764,3,390,0.02039170265197754
3765,4,390,0.0207064151763916
3766,5,390,0.021136999130249023
3767,6,390,0.018884897232055664
3768,7,390,0.02014446258544922
3769,8,390,0.02060723304748535
3770,9,390,0.020122528076171875
3771,10,390,0.019129514694213867
3772,11,390,0.018059730529785156
3773,12,390,0.017069578170776367
3774,13,390,0.017058849334716797
3775,14,390,0.016482830047607422
3776,15,390,0.016417980194091797
3777,16,390,0.01648116111755371
3778,17,390,0.01603412628173828
3779,18,390,0.01623368263244629
3780,19,390,0.01601123809814453
3781,20,390,0.01822209358215332
3782,21,390,0.017139673233032227
3783,22,390,0.01566171646118164
3784,23,390,0.015434741973876953
3785,24,390,0.015263080596923828
3786,25,390,0.015306472778320312
3787,26,390,0.01520538330078125
3788,27,390,0.015707015991210938
3789,28,390,0.019108295440673828
3790,29,390,0.016603946685791016
3791,30,390,0.014929533004760742
3792,31,390,0.014708518981933594
3793,32,390,0.01474452018737793
3794,33,390,0.014873504638671875
3795,34,390,0.014789581298828125
3796,35,390,0.014387845993041992
3797,36,390,0.014199972152709961
3798,37,390,0.01412510871887207
3799,38,390,0.015920162200927734
3800,39,390,0.011333227157592773
3801,40,390,0.013751983642578125
3802,41,390,0.014032363891601562
3803,42,390,0.01392364501953125
3804,43,390,0.01402902603149414
3805,44,390,0.01375579833984375
3806,45,390,0.013627052307128906
3807,46,390,0.013572216033935547
3808,47,390,0.01281428337097168
3809,48,390,0.013455629348754883
3810,49,390,0.016427278518676758
3811,50,390,0.013102054595947266
3812,51,390,0.01287388801574707
3813,52,390,0.01264643669128418
3814,53,390,0.01396632194519043
3815,54,390,0.01299142837524414
3816,55,390,0.013033151626586914
3817,56,390,0.012525558471679688
3818,57,390,0.012595891952514648
3819,58,390,0.012521743774414062
3820,59,390,0.012207746505737305
3821,60,390,0.01234126091003418
3822,61,390,0.012047529220581055
3823,62,390,0.01181483268737793
3824,63,390,0.012171745300292969
3825,64,390,0.011953592300415039
3826,65,390,0.011938095092773438
3827,66,390,0.011583805084228516
3828,67,390,0.011362314224243164
3829,68,390,0.011189937591552734
3830,69,390,0.010937690734863281
3831,70,390,0.011017322540283203
3832,71,390,0.010818719863891602
3833,72,390,0.010771989822387695
3834,73,390,0.011076688766479492
3835,74,390,0.011063575744628906
3836,75,390,0.010945796966552734
3837,76,390,0.010802507400512695
3838,77,390,0.010640382766723633
3839,78,390,0.010743856430053711
3840,79,390,0.010509729385375977
3841,80,390,0.009633302688598633
3842,81,390,0.010372638702392578
3843,82,390,0.009958505630493164
3844,83,390,0.010875701904296875
3845,84,390,0.01025843620300293
3846,85,390,0.0103607177734375
3847,86,390,0.01026463508605957
3848,87,390,0.009997367858886719
3849,88,390,0.010133981704711914
3850,89,390,0.010033130645751953
3851,90,390,0.010083913803100586
3852,91,390,0.009796380996704102
3853,92,390,0.009908676147460938
3854,93,390,0.009821891784667969
3855,94,390,0.009306192398071289
3856,95,390,0.009677410125732422
3857,96,390,0.009450912475585938
3858,97,390,0.009275674819946289
3859,98,390,0.009200811386108398
3860,99,390,0.00939631462097168
3861,1,400,0.02680349349975586
3862,2,400,0.022898435592651367
3863,3,400,0.02215409278869629
3864,4,400,0.022457122802734375
3865,5,400,0.021329879760742188
3866,6,400,0.02000141143798828
3867,7,400,0.01967024803161621
3868,8,400,0.01857924461364746
3869,9,400,0.019460201263427734
3870,10,400,0.019222021102905273
3871,11,400,0.021195650100708008
3872,12,400,0.017273426055908203
3873,13,400,0.019563674926757812
3874,14,400,0.018947362899780273
3875,15,400,0.01730966567993164
3876,16,400,0.017900466918945312
3877,17,400,0.020566225051879883
3878,18,400,0.0202791690826416
3879,19,400,0.017241239547729492
3880,20,400,0.01689934730529785
3881,21,400,0.01725482940673828
3882,22,400,0.016637325286865234
3883,23,400,0.01567387580871582
3884,24,400,0.017423391342163086
3885,25,400,0.016569852828979492
3886,26,400,0.01656508445739746
3887,27,400,0.016406536102294922
3888,28,400,0.016026020050048828
3889,29,400,0.01599597930908203
3890,30,400,0.017932891845703125
3891,31,400,0.015663623809814453
3892,32,400,0.015441656112670898
3893,33,400,0.014954090118408203
3894,34,400,0.01519918441772461
3895,35,400,0.015180826187133789
3896,36,400,0.015520095825195312
3897,37,400,0.0153045654296875
3898,38,400,0.014405012130737305
3899,39,400,0.015181779861450195
3900,40,400,0.014878273010253906
3901,41,400,0.015873193740844727
3902,42,400,0.015552759170532227
3903,43,400,0.014174222946166992
3904,44,400,0.014570951461791992
3905,45,400,0.01629185676574707
3906,46,400,0.014359712600708008
3907,47,400,0.014885663986206055
3908,48,400,0.014093399047851562
3909,49,400,0.014126777648925781
3910,50,400,0.0140380859375
3911,51,400,0.013733863830566406
3912,52,400,0.013596773147583008
3913,53,400,0.013673067092895508
3914,54,400,0.013155698776245117
3915,55,400,0.013486862182617188
3916,56,400,0.013393163681030273
3917,57,400,0.013418197631835938
3918,58,400,0.013114452362060547
3919,59,400,0.013468265533447266
3920,60,400,0.012770414352416992
3921,61,400,0.01290130615234375
3922,62,400,0.012687206268310547
3923,63,400,0.012448310852050781
3924,64,400,0.014377355575561523
3925,65,400,0.01253819465637207
3926,66,400,0.011988401412963867
3927,67,400,0.012123823165893555
3928,68,400,0.01201486587524414
3929,69,400,0.01144099235534668
3930,70,400,0.011576175689697266
3931,71,400,0.011462926864624023
3932,72,400,0.01398921012878418
3933,73,400,0.011185169219970703
3934,74,400,0.011464118957519531
3935,75,400,0.011496782302856445
3936,76,400,0.01111292839050293
3937,77,400,0.01381993293762207
3938,78,400,0.011031866073608398
3939,79,400,0.010882377624511719
3940,80,400,0.011106491088867188
3941,81,400,0.010999441146850586
3942,82,400,0.010890483856201172
3943,83,400,0.010748147964477539
3944,84,400,0.010728120803833008
3945,85,400,0.010568380355834961
3946,86,400,0.010672569274902344
3947,87,400,0.010515213012695312
3948,88,400,0.010267972946166992
3949,89,400,0.010727405548095703
3950,90,400,0.010198116302490234
3951,91,400,0.01042628288269043
3952,92,400,0.010091543197631836
3953,93,400,0.010308265686035156
3954,94,400,0.00991678237915039
3955,95,400,0.010231971740722656
3956,96,400,0.01000213623046875
3957,97,400,0.010031461715698242
3958,98,400,0.009911775588989258
3959,99,400,0.009820938110351562
3960,1,410,0.028865337371826172
3961,2,410,0.024034500122070312
3962,3,410,0.021914243698120117
3963,4,410,0.022847414016723633
3964,5,410,0.02246689796447754
3965,6,410,0.020633220672607422
3966,7,410,0.020693063735961914
3967,8,410,0.019442319869995117
3968,9,410,0.019765138626098633
3969,10,410,0.020828962326049805
3970,11,410,0.021719932556152344
3971,12,410,0.018318653106689453
3972,13,410,0.017979860305786133
3973,14,410,0.022146940231323242
3974,15,410,0.019176959991455078
3975,16,410,0.018268823623657227
3976,17,410,0.018576860427856445
3977,18,410,0.020966053009033203
3978,19,410,0.01760554313659668
3979,20,410,0.01755213737487793
3980,21,410,0.017483234405517578
3981,22,410,0.017179012298583984
3982,23,410,0.017177343368530273
3983,24,410,0.017041921615600586
3984,25,410,0.0197601318359375
3985,26,410,0.016947031021118164
3986,27,410,0.016993999481201172
3987,28,410,0.016533613204956055
3988,29,410,0.01959991455078125
3989,30,410,0.01251220703125
3990,31,410,0.011307239532470703
3991,32,410,0.01587057113647461
3992,33,410,0.01581597328186035
3993,34,410,0.015888214111328125
3994,35,410,0.01787257194519043
3995,36,410,0.014727592468261719
3996,37,410,0.014050483703613281
3997,38,410,0.015541553497314453
3998,39,410,0.014857769012451172
3999,40,410,0.017015457153320312
4000,41,410,0.014699459075927734
4001,42,410,0.016291379928588867
4002,43,410,0.014983177185058594
4003,44,410,0.014809608459472656
4004,45,410,0.014907360076904297
4005,46,410,0.014870882034301758
4006,47,410,0.014722824096679688
4007,48,410,0.014697551727294922
4008,49,410,0.014686346054077148
4009,50,410,0.014546871185302734
4010,51,410,0.014386653900146484
4011,52,410,0.014088869094848633
4012,53,410,0.010605096817016602
4013,54,410,0.014080047607421875
4014,55,410,0.014454126358032227
4015,56,410,0.013910770416259766
4016,57,410,0.01374673843383789
4017,58,410,0.01375579833984375
4018,59,410,0.013364553451538086
4019,60,410,0.013573646545410156
4020,61,410,0.013375043869018555
4021,62,410,0.013240337371826172
4022,63,410,0.013332128524780273
4023,64,410,0.013183355331420898
4024,65,410,0.012886524200439453
4025,66,410,0.013128042221069336
4026,67,410,0.013042688369750977
4027,68,410,0.012766838073730469
4028,69,410,0.015586376190185547
4029,70,410,0.012217998504638672
4030,71,410,0.01196432113647461
4031,72,410,0.01200246810913086
4032,73,410,0.011934757232666016
4033,74,410,0.011958599090576172
4034,75,410,0.011795759201049805
4035,76,410,0.011801958084106445
4036,77,410,0.011887788772583008
4037,78,410,0.011716604232788086
4038,79,410,0.01177978515625
4039,80,410,0.011554956436157227
4040,81,410,0.01135396957397461
4041,82,410,0.011326789855957031
4042,83,410,0.011564493179321289
4043,84,410,0.0113067626953125
4044,85,410,0.010991096496582031
4045,86,410,0.011001110076904297
4046,87,410,0.010952949523925781
4047,88,410,0.013459205627441406
4048,89,410,0.010622739791870117
4049,90,410,0.010299205780029297
4050,91,410,0.010328292846679688
4051,92,410,0.010092496871948242
4052,93,410,0.010096311569213867
4053,94,410,0.010270357131958008
4054,95,410,0.010330915451049805
4055,96,410,0.010396957397460938
4056,97,410,0.010207653045654297
4057,98,410,0.010285139083862305
4058,99,410,0.01009511947631836
4059,1,420,0.03139066696166992
4060,2,420,0.024451494216918945
4061,3,420,0.024689674377441406
4062,4,420,0.024707555770874023
4063,5,420,0.02349853515625
4064,6,420,0.023104429244995117
4065,7,420,0.023130178451538086
4066,8,420,0.0236208438873291
4067,9,420,0.021397829055786133
4068,10,420,0.023278474807739258
4069,11,420,0.019107341766357422
4070,12,420,0.019161224365234375
4071,13,420,0.022243261337280273
4072,14,420,0.02232527732849121
4073,15,420,0.018818378448486328
4074,16,420,0.01948380470275879
4075,17,420,0.024338960647583008
4076,18,420,0.019762754440307617
4077,19,420,0.02078723907470703
4078,20,420,0.018571853637695312
4079,21,420,0.019280433654785156
4080,22,420,0.019121170043945312
4081,23,420,0.017934799194335938
4082,24,420,0.021144628524780273
4083,25,420,0.017574310302734375
4084,26,420,0.017441511154174805
4085,27,420,0.018019914627075195
4086,28,420,0.01688098907470703
4087,29,420,0.01736593246459961
4088,30,420,0.01751089096069336
4089,31,420,0.017162322998046875
4090,32,420,0.017037630081176758
4091,33,420,0.017766952514648438
4092,34,420,0.016741037368774414
4093,35,420,0.01696634292602539
4094,36,420,0.016743183135986328
4095,37,420,0.01657700538635254
4096,38,420,0.01665210723876953
4097,39,420,0.01614522933959961
4098,40,420,0.017765283584594727
4099,41,420,0.016386032104492188
4100,42,420,0.016061067581176758
4101,43,420,0.016909360885620117
4102,44,420,0.01680922508239746
4103,45,420,0.01569223403930664
4104,46,420,0.015771150588989258
4105,47,420,0.015134811401367188
4106,48,420,0.015477418899536133
4107,49,420,0.015500783920288086
4108,50,420,0.015267133712768555
4109,51,420,0.0161895751953125
4110,52,420,0.015314340591430664
4111,53,420,0.014756917953491211
4112,54,420,0.01546931266784668
4113,55,420,0.014666080474853516
4114,56,420,0.01385498046875
4115,57,420,0.014738798141479492
4116,58,420,0.013993024826049805
4117,59,420,0.013848066329956055
4118,60,420,0.013446569442749023
4119,61,420,0.013522624969482422
4120,62,420,0.014043807983398438
4121,63,420,0.013400554656982422
4122,64,420,0.013346195220947266
4123,65,420,0.013172149658203125
4124,66,420,0.013158798217773438
4125,67,420,0.013110160827636719
4126,68,420,0.013097524642944336
4127,69,420,0.013216495513916016
4128,70,420,0.012831926345825195
4129,71,420,0.012828350067138672
4130,72,420,0.015143632888793945
4131,73,420,0.012207269668579102
4132,74,420,0.012073755264282227
4133,75,420,0.012053251266479492
4134,76,420,0.01231837272644043
4135,77,420,0.01204824447631836
4136,78,420,0.011915445327758789
4137,79,420,0.011797666549682617
4138,80,420,0.0119781494140625
4139,81,420,0.011712074279785156
4140,82,420,0.014365673065185547
4141,83,420,0.011723995208740234
4142,84,420,0.011710405349731445
4143,85,420,0.011827468872070312
4144,86,420,0.011379241943359375
4145,87,420,0.01127171516418457
4146,88,420,0.011343717575073242
4147,89,420,0.011527061462402344
4148,90,420,0.011539697647094727
4149,91,420,0.011182785034179688
4150,92,420,0.011107206344604492
4151,93,420,0.01098012924194336
4152,94,420,0.010839462280273438
4153,95,420,0.010945558547973633
4154,96,420,0.008512020111083984
4155,97,420,0.010866880416870117
4156,98,420,0.010752677917480469
4157,99,420,0.010931015014648438
4158,1,430,0.030491352081298828
4159,2,430,0.02548503875732422
4160,3,430,0.023274660110473633
4161,4,430,0.025609970092773438
4162,5,430,0.024909496307373047
4163,6,430,0.023130178451538086
4164,7,430,0.025304555892944336
4165,8,430,0.024591922760009766
4166,9,430,0.020505905151367188
4167,10,430,0.024065017700195312
4168,11,430,0.023500680923461914
4169,12,430,0.019868135452270508
4170,13,430,0.019730567932128906
4171,14,430,0.020020723342895508
4172,15,430,0.023694753646850586
4173,16,430,0.019849777221679688
4174,17,430,0.020226001739501953
4175,18,430,0.023209810256958008
4176,19,430,0.019347429275512695
4177,20,430,0.01920795440673828
4178,21,430,0.0241086483001709
4179,22,430,0.01889491081237793
4180,23,430,0.01952362060546875
4181,24,430,0.020137548446655273
4182,25,430,0.018152475357055664
4183,26,430,0.018393754959106445
4184,27,430,0.015526533126831055
4185,28,430,0.018145322799682617
4186,29,430,0.018004655838012695
4187,30,430,0.018125534057617188
4188,31,430,0.017990827560424805
4189,32,430,0.017670154571533203
4190,33,430,0.017858266830444336
4191,34,430,0.017374753952026367
4192,35,430,0.017484188079833984
4193,36,430,0.017350435256958008
4194,37,430,0.01741814613342285
4195,38,430,0.018967628479003906
4196,39,430,0.016896724700927734
4197,40,430,0.016605615615844727
4198,41,430,0.016829252243041992
4199,42,430,0.017549991607666016
4200,43,430,0.017952680587768555
4201,44,430,0.016267776489257812
4202,45,430,0.016141176223754883
4203,46,430,0.020211458206176758
4204,47,430,0.017455339431762695
4205,48,430,0.016414165496826172
4206,49,430,0.01688694953918457
4207,50,430,0.015456914901733398
4208,51,430,0.016539335250854492
4209,52,430,0.015698909759521484
4210,53,430,0.016060590744018555
4211,54,430,0.015334129333496094
4212,55,430,0.015607118606567383
4213,56,430,0.015248537063598633
4214,57,430,0.015178442001342773
4215,58,430,0.015320301055908203
4216,59,430,0.014968395233154297
4217,60,430,0.014848709106445312
4218,61,430,0.015069007873535156
4219,62,430,0.01442575454711914
4220,63,430,0.014661550521850586
4221,64,430,0.014433860778808594
4222,65,430,0.014011621475219727
4223,66,430,0.014134407043457031
4224,67,430,0.013640642166137695
4225,68,430,0.013587236404418945
4226,69,430,0.013789892196655273
4227,70,430,0.013670921325683594
4228,71,430,0.01413416862487793
4229,72,430,0.013794183731079102
4230,73,430,0.013094186782836914
4231,74,430,0.012802362442016602
4232,75,430,0.012816667556762695
4233,76,430,0.012516498565673828
4234,77,430,0.012158870697021484
4235,78,430,0.012573003768920898
4236,79,430,0.012501001358032227
4237,80,430,0.012285947799682617
4238,81,430,0.01251983642578125
4239,82,430,0.012223482131958008
4240,83,430,0.012319564819335938
4241,84,430,0.012320280075073242
4242,85,430,0.012129783630371094
4243,86,430,0.01211857795715332
4244,87,430,0.012016534805297852
4245,88,430,0.01198720932006836
4246,89,430,0.011898517608642578
4247,90,430,0.011635303497314453
4248,91,430,0.012019634246826172
4249,92,430,0.011797189712524414
4250,93,430,0.011708736419677734
4251,94,430,0.011383533477783203
4252,95,430,0.011503458023071289
4253,96,430,0.011356353759765625
4254,97,430,0.01159977912902832
4255,98,430,0.01134490966796875
4256,99,430,0.011572599411010742
4257,1,440,0.03245711326599121
4258,2,440,0.02682638168334961
4259,3,440,0.026427268981933594
4260,4,440,0.02659893035888672
4261,5,440,0.027298688888549805
4262,6,440,0.025168657302856445
4263,7,440,0.026201963424682617
4264,8,440,0.02544999122619629
4265,9,440,0.023326396942138672
4266,10,440,0.021576881408691406
4267,11,440,0.025876522064208984
4268,12,440,0.021744489669799805
4269,13,440,0.02155160903930664
4270,14,440,0.02186131477355957
4271,15,440,0.02473592758178711
4272,16,440,0.02084493637084961
4273,17,440,0.020630836486816406
4274,18,440,0.02296900749206543
4275,19,440,0.022641658782958984
4276,20,440,0.019911766052246094
4277,21,440,0.020362138748168945
4278,22,440,0.020704030990600586
4279,23,440,0.019365787506103516
4280,24,440,0.019761085510253906
4281,25,440,0.019218921661376953
4282,26,440,0.019771337509155273
4283,27,440,0.01898980140686035
4284,28,440,0.022100210189819336
4285,29,440,0.019025802612304688
4286,30,440,0.018822431564331055
4287,31,440,0.018791675567626953
4288,32,440,0.018422842025756836
4289,33,440,0.018262624740600586
4290,34,440,0.018065690994262695
4291,35,440,0.01803445816040039
4292,36,440,0.018136262893676758
4293,37,440,0.018809080123901367
4294,38,440,0.018668651580810547
4295,39,440,0.018155813217163086
4296,40,440,0.01770329475402832
4297,41,440,0.017163991928100586
4298,42,440,0.017404556274414062
4299,43,440,0.017510414123535156
4300,44,440,0.01738905906677246
4301,45,440,0.017168045043945312
4302,46,440,0.016772985458374023
4303,47,440,0.016943931579589844
4304,48,440,0.017000913619995117
4305,49,440,0.0167233943939209
4306,50,440,0.016770362854003906
4307,51,440,0.01611924171447754
4308,52,440,0.016248703002929688
4309,53,440,0.01608729362487793
4310,54,440,0.01693415641784668
4311,55,440,0.0178680419921875
4312,56,440,0.016726016998291016
4313,57,440,0.01542973518371582
4314,58,440,0.010869264602661133
4315,59,440,0.015416383743286133
4316,60,440,0.014811515808105469
4317,61,440,0.015366315841674805
4318,62,440,0.01494598388671875
4319,63,440,0.014791488647460938
4320,64,440,0.015042304992675781
4321,65,440,0.014739751815795898
4322,66,440,0.014770269393920898
4323,67,440,0.014454841613769531
4324,68,440,0.014346599578857422
4325,69,440,0.013624191284179688
4326,70,440,0.014258384704589844
4327,71,440,0.013569355010986328
4328,72,440,0.013925552368164062
4329,73,440,0.01407623291015625
4330,74,440,0.013396739959716797
4331,75,440,0.013659477233886719
4332,76,440,0.01277470588684082
4333,77,440,0.01318502426147461
4334,78,440,0.012853384017944336
4335,79,440,0.01267695426940918
4336,80,440,0.012696027755737305
4337,81,440,0.015622138977050781
4338,82,440,0.012660980224609375
4339,83,440,0.012666702270507812
4340,84,440,0.01284027099609375
4341,85,440,0.01257014274597168
4342,86,440,0.012616872787475586
4343,87,440,0.012469768524169922
4344,88,440,0.01241755485534668
4345,89,440,0.012181758880615234
4346,90,440,0.012311220169067383
4347,91,440,0.012128829956054688
4348,92,440,0.011883735656738281
4349,93,440,0.011958122253417969
4350,94,440,0.011769294738769531
4351,95,440,0.011793375015258789
4352,96,440,0.011964559555053711
4353,97,440,0.011782407760620117
4354,98,440,0.011828422546386719
4355,99,440,0.011745691299438477
4356,1,450,0.034603118896484375
4357,2,450,0.028841495513916016
4358,3,450,0.026256799697875977
4359,4,450,0.028185606002807617
4360,5,450,0.026720046997070312
4361,6,450,0.026943206787109375
4362,7,450,0.02738165855407715
4363,8,450,0.02208709716796875
4364,9,450,0.021478891372680664
4365,10,450,0.023456811904907227
4366,11,450,0.023442745208740234
4367,12,450,0.022507190704345703
4368,13,450,0.026693105697631836
4369,14,450,0.02762889862060547
4370,15,450,0.022670507431030273
4371,16,450,0.024800539016723633
4372,17,450,0.021158218383789062
4373,18,450,0.020991802215576172
4374,19,450,0.02103281021118164
4375,20,450,0.021207571029663086
4376,21,450,0.025125980377197266
4377,22,450,0.02126598358154297
4378,23,450,0.02050018310546875
4379,24,450,0.023993968963623047
4380,25,450,0.02094292640686035
4381,26,450,0.019725322723388672
4382,27,450,0.01983046531677246
4383,28,450,0.020102262496948242
4384,29,450,0.019698619842529297
4385,30,450,0.019687652587890625
4386,31,450,0.019663333892822266
4387,32,450,0.019669294357299805
4388,33,450,0.020264387130737305
4389,34,450,0.024042129516601562
4390,35,450,0.019126176834106445
4391,36,450,0.019021272659301758
4392,37,450,0.019348859786987305
4393,38,450,0.018551111221313477
4394,39,450,0.018773794174194336
4395,40,450,0.018273353576660156
4396,41,450,0.018052339553833008
4397,42,450,0.01825881004333496
4398,43,450,0.018259763717651367
4399,44,450,0.018134117126464844
4400,45,450,0.018419504165649414
4401,46,450,0.01832866668701172
4402,47,450,0.017270565032958984
4403,48,450,0.0175631046295166
4404,49,450,0.017554044723510742
4405,50,450,0.017351388931274414
4406,51,450,0.01713871955871582
4407,52,450,0.017011642456054688
4408,53,450,0.01683521270751953
4409,54,450,0.017861127853393555
4410,55,450,0.017322063446044922
4411,56,450,0.016592979431152344
4412,57,450,0.01620030403137207
4413,58,450,0.016109943389892578
4414,59,450,0.016133546829223633
4415,60,450,0.015715599060058594
4416,61,450,0.01591777801513672
4417,62,450,0.01707625389099121
4418,63,450,0.015677452087402344
4419,64,450,0.015355825424194336
4420,65,450,0.015490055084228516
4421,66,450,0.015602827072143555
4422,67,450,0.015083074569702148
4423,68,450,0.015057802200317383
4424,69,450,0.015117883682250977
4425,70,450,0.015190601348876953
4426,71,450,0.01503896713256836
4427,72,450,0.014540910720825195
4428,73,450,0.014977455139160156
4429,74,450,0.014629840850830078
4430,75,450,0.014719963073730469
4431,76,450,0.013875722885131836
4432,77,450,0.01436614990234375
4433,78,450,0.013536930084228516
4434,79,450,0.013572454452514648
4435,80,450,0.014097213745117188
4436,81,450,0.013497114181518555
4437,82,450,0.013851165771484375
4438,83,450,0.012502193450927734
4439,84,450,0.013105154037475586
4440,85,450,0.013134241104125977
4441,86,450,0.012798070907592773
4442,87,450,0.012863397598266602
4443,88,450,0.012656211853027344
4444,89,450,0.015482425689697266
4445,90,450,0.012685298919677734
4446,91,450,0.012393951416015625
4447,92,450,0.012180328369140625
4448,93,450,0.012241840362548828
4449,94,450,0.012085437774658203
4450,95,450,0.012407064437866211
4451,96,450,0.012431621551513672
4452,97,450,0.012315034866333008
4453,98,450,0.012271881103515625
4454,99,450,0.011827707290649414
4455,1,460,0.03756856918334961
4456,2,460,0.029501914978027344
4457,3,460,0.029529571533203125
4458,4,460,0.027298927307128906
4459,5,460,0.027140378952026367
4460,6,460,0.024601221084594727
4461,7,460,0.025034427642822266
4462,8,460,0.02853989601135254
4463,9,460,0.02614426612854004
4464,10,460,0.0280153751373291
4465,11,460,0.02313089370727539
4466,12,460,0.02725815773010254
4467,13,460,0.022602319717407227
4468,14,460,0.02442169189453125
4469,15,460,0.024242401123046875
4470,16,460,0.028157472610473633
4471,17,460,0.0221555233001709
4472,18,460,0.021854400634765625
4473,19,460,0.021628618240356445
4474,20,460,0.021894454956054688
4475,21,460,0.021595001220703125
4476,22,460,0.022649288177490234
4477,23,460,0.0219419002532959
4478,24,460,0.022480487823486328
4479,25,460,0.020798683166503906
4480,26,460,0.024665117263793945
4481,27,460,0.020554780960083008
4482,28,460,0.020443201065063477
4483,29,460,0.02048182487487793
4484,30,460,0.021851301193237305
4485,31,460,0.019902944564819336
4486,32,460,0.020533084869384766
4487,33,460,0.020502567291259766
4488,34,460,0.02060699462890625
4489,35,460,0.0197906494140625
4490,36,460,0.019512653350830078
4491,37,460,0.0195767879486084
4492,38,460,0.018817424774169922
4493,39,460,0.01927638053894043
4494,40,460,0.01935124397277832
4495,41,460,0.018947362899780273
4496,42,460,0.018710851669311523
4497,43,460,0.01871514320373535
4498,44,460,0.018425464630126953
4499,45,460,0.018671751022338867
4500,46,460,0.018459796905517578
4501,47,460,0.016927480697631836
4502,48,460,0.018773555755615234
4503,49,460,0.017934083938598633
4504,50,460,0.01816415786743164
4505,51,460,0.01773238182067871
4506,52,460,0.017942428588867188
4507,53,460,0.017559528350830078
4508,54,460,0.01791548728942871
4509,55,460,0.017185449600219727
4510,56,460,0.011101722717285156
4511,57,460,0.01641845703125
4512,58,460,0.016431570053100586
4513,59,460,0.016159772872924805
4514,60,460,0.01609635353088379
4515,61,460,0.016645431518554688
4516,62,460,0.016026735305786133
4517,63,460,0.016002178192138672
4518,64,460,0.01594996452331543
4519,65,460,0.01604437828063965
4520,66,460,0.016585111618041992
4521,67,460,0.016158103942871094
4522,68,460,0.01560521125793457
4523,69,460,0.015445709228515625
4524,70,460,0.015263795852661133
4525,71,460,0.015269756317138672
4526,72,460,0.014962196350097656
4527,73,460,0.015143394470214844
4528,74,460,0.014738321304321289
4529,75,460,0.014933109283447266
4530,76,460,0.014691352844238281
4531,77,460,0.01451730728149414
4532,78,460,0.01764822006225586
4533,79,460,0.014208078384399414
4534,80,460,0.017385005950927734
4535,81,460,0.013720035552978516
4536,82,460,0.013682365417480469
4537,83,460,0.01392221450805664
4538,84,460,0.013733148574829102
4539,85,460,0.013522624969482422
4540,86,460,0.013499975204467773
4541,87,460,0.013491392135620117
4542,88,460,0.013704299926757812
4543,89,460,0.013220548629760742
4544,90,460,0.013524770736694336
4545,91,460,0.013081073760986328
4546,92,460,0.013066530227661133
4547,93,460,0.012928247451782227
4548,94,460,0.012752056121826172
4549,95,460,0.013136148452758789
4550,96,460,0.01256108283996582
4551,97,460,0.012888669967651367
4552,98,460,0.012565374374389648
4553,99,460,0.012688636779785156
4554,1,470,0.037877798080444336
4555,2,470,0.030920982360839844
4556,3,470,0.030323266983032227
4557,4,470,0.027496337890625
4558,5,470,0.030974626541137695
4559,6,470,0.0306854248046875
4560,7,470,0.025836467742919922
4561,8,470,0.024155378341674805
4562,9,470,0.028321027755737305
4563,10,470,0.027430057525634766
4564,11,470,0.02319622039794922
4565,12,470,0.02880406379699707
4566,13,470,0.024396657943725586
4567,14,470,0.027599573135375977
4568,15,470,0.02328801155090332
4569,16,470,0.023164987564086914
4570,17,470,0.024354934692382812
4571,18,470,0.02289128303527832
4572,19,470,0.017728567123413086
4573,20,470,0.022246122360229492
4574,21,470,0.02348923683166504
4575,22,470,0.024385929107666016
4576,23,470,0.02211785316467285
4577,24,470,0.021654367446899414
4578,25,470,0.02161860466003418
4579,26,470,0.02233099937438965
4580,27,470,0.022947311401367188
4581,28,470,0.02092885971069336
4582,29,470,0.022307634353637695
4583,30,470,0.021613121032714844
4584,31,470,0.023967742919921875
4585,32,470,0.026865005493164062
4586,33,470,0.021984577178955078
4587,34,470,0.022022008895874023
4588,35,470,0.023162841796875
4589,36,470,0.02098822593688965
4590,37,470,0.020306825637817383
4591,38,470,0.02028965950012207
4592,39,470,0.020620346069335938
4593,40,470,0.020000457763671875
4594,41,470,0.020277976989746094
4595,42,470,0.019710063934326172
4596,43,470,0.02052593231201172
4597,44,470,0.01931142807006836
4598,45,470,0.020144939422607422
4599,46,470,0.02002716064453125
4600,47,470,0.019925355911254883
4601,48,470,0.01893329620361328
4602,49,470,0.019001007080078125
4603,50,470,0.018595218658447266
4604,51,470,0.019906044006347656
4605,52,470,0.01865410804748535
4606,53,470,0.018222808837890625
4607,54,470,0.01793670654296875
4608,55,470,0.01930713653564453
4609,56,470,0.01799941062927246
4610,57,470,0.017934799194335938
4611,58,470,0.01788187026977539
4612,59,470,0.01800823211669922
4613,60,470,0.017161130905151367
4614,61,470,0.017058372497558594
4615,62,470,0.017061948776245117
4616,63,470,0.016558170318603516
4617,64,470,0.01635289192199707
4618,65,470,0.016553401947021484
4619,66,470,0.01665043830871582
4620,67,470,0.01564812660217285
4621,68,470,0.01565718650817871
4622,69,470,0.01598668098449707
4623,70,470,0.01581859588623047
4624,71,470,0.015573740005493164
4625,72,470,0.015848875045776367
4626,73,470,0.014296293258666992
4627,74,470,0.014998435974121094
4628,75,470,0.015477180480957031
4629,76,470,0.015125513076782227
4630,77,470,0.014977693557739258
4631,78,470,0.015627145767211914
4632,79,470,0.01178884506225586
4633,80,470,0.014540433883666992
4634,81,470,0.014156818389892578
4635,82,470,0.014053821563720703
4636,83,470,0.01378011703491211
4637,84,470,0.014211416244506836
4638,85,470,0.013718128204345703
4639,86,470,0.014075279235839844
4640,87,470,0.013785123825073242
4641,88,470,0.014173269271850586
4642,89,470,0.01374053955078125
4643,90,470,0.013915538787841797
4644,91,470,0.013784170150756836
4645,92,470,0.013237237930297852
4646,93,470,0.013641595840454102
4647,94,470,0.013442277908325195
4648,95,470,0.013465166091918945
4649,96,470,0.013241052627563477
4650,97,470,0.011626482009887695
4651,98,470,0.012729406356811523
4652,99,470,0.01277780532836914
4653,1,480,0.03908419609069824
4654,2,480,0.031058788299560547
4655,3,480,0.029559850692749023
4656,4,480,0.03180503845214844
4657,5,480,0.027839183807373047
4658,6,480,0.02668929100036621
4659,7,480,0.027858734130859375
4660,8,480,0.02546405792236328
4661,9,480,0.02602410316467285
4662,10,480,0.027068376541137695
4663,11,480,0.02585458755493164
4664,12,480,0.025502443313598633
4665,13,480,0.02580738067626953
4666,14,480,0.024145126342773438
4667,15,480,0.024089574813842773
4668,16,480,0.026116371154785156
4669,17,480,0.023819923400878906
4670,18,480,0.027500391006469727
4671,19,480,0.024115800857543945
4672,20,480,0.02373671531677246
4673,21,480,0.02610325813293457
4674,22,480,0.02769780158996582
4675,23,480,0.023357868194580078
4676,24,480,0.023121118545532227
4677,25,480,0.024297237396240234
4678,26,480,0.022559404373168945
4679,27,480,0.026627063751220703
4680,28,480,0.021906375885009766
4681,29,480,0.022127389907836914
4682,30,480,0.02302098274230957
4683,31,480,0.021927356719970703
4684,32,480,0.021082162857055664
4685,33,480,0.02167487144470215
4686,34,480,0.02280402183532715
4687,35,480,0.02186131477355957
4688,36,480,0.0221712589263916
4689,37,480,0.0215303897857666
4690,38,480,0.02321910858154297
4691,39,480,0.021373271942138672
4692,40,480,0.020935773849487305
4693,41,480,0.020579814910888672
4694,42,480,0.02680349349975586
4695,43,480,0.022208213806152344
4696,44,480,0.020677804946899414
4697,45,480,0.0201568603515625
4698,46,480,0.01997828483581543
4699,47,480,0.019658565521240234
4700,48,480,0.019672393798828125
4701,49,480,0.020819902420043945
4702,50,480,0.01924610137939453
4703,51,480,0.019044876098632812
4704,52,480,0.019241809844970703
4705,53,480,0.023905277252197266
4706,54,480,0.01884770393371582
4707,55,480,0.019966840744018555
4708,56,480,0.01850748062133789
4709,57,480,0.018349647521972656
4710,58,480,0.018513202667236328
4711,59,480,0.018312454223632812
4712,60,480,0.018069982528686523
4713,61,480,0.018393278121948242
4714,62,480,0.018150806427001953
4715,63,480,0.017596721649169922
4716,64,480,0.01730203628540039
4717,65,480,0.017336368560791016
4718,66,480,0.017208337783813477
4719,67,480,0.01702094078063965
4720,68,480,0.017493009567260742
4721,69,480,0.016666173934936523
4722,70,480,0.016481637954711914
4723,71,480,0.01651787757873535
4724,72,480,0.010073423385620117
4725,73,480,0.01001882553100586
4726,74,480,0.016095399856567383
4727,75,480,0.015841007232666016
4728,76,480,0.015488624572753906
4729,77,480,0.015557527542114258
4730,78,480,0.016419410705566406
4731,79,480,0.015582084655761719
4732,80,480,0.015674114227294922
4733,81,480,0.013380050659179688
4734,82,480,0.014915227890014648
4735,83,480,0.015332698822021484
4736,84,480,0.014566659927368164
4737,85,480,0.014569520950317383
4738,86,480,0.013940811157226562
4739,87,480,0.014785528182983398
4740,88,480,0.014363288879394531
4741,89,480,0.017619609832763672
4742,90,480,0.014449357986450195
4743,91,480,0.01445913314819336
4744,92,480,0.01767110824584961
4745,93,480,0.014127016067504883
4746,94,480,0.013671398162841797
4747,95,480,0.013794422149658203
4748,96,480,0.013856172561645508
4749,97,480,0.013765335083007812
4750,98,480,0.013742685317993164
4751,99,480,0.013494014739990234
4752,1,490,0.04098916053771973
4753,2,490,0.03285717964172363
4754,3,490,0.030716419219970703
4755,4,490,0.02654290199279785
4756,5,490,0.029235363006591797
4757,6,490,0.029889583587646484
4758,7,490,0.026409387588500977
4759,8,490,0.027848482131958008
4760,9,490,0.030201196670532227
4761,10,490,0.0284726619720459
4762,11,490,0.030077695846557617
4763,12,490,0.025890827178955078
4764,13,490,0.03089761734008789
4765,14,490,0.027731657028198242
4766,15,490,0.02529621124267578
4767,16,490,0.02882981300354004
4768,17,490,0.02465081214904785
4769,18,490,0.02493429183959961
4770,19,490,0.02489185333251953
4771,20,490,0.024777650833129883
4772,21,490,0.028728485107421875
4773,22,490,0.024338960647583008
4774,23,490,0.024574995040893555
4775,24,490,0.030310630798339844
4776,25,490,0.023604393005371094
4777,26,490,0.023461580276489258
4778,27,490,0.02330756187438965
4779,28,490,0.02316594123840332
4780,29,490,0.023066043853759766
4781,30,490,0.02321004867553711
4782,31,490,0.026253223419189453
4783,32,490,0.022755861282348633
4784,33,490,0.02345895767211914
4785,34,490,0.022678136825561523
4786,35,490,0.022601842880249023
4787,36,490,0.0247650146484375
4788,37,490,0.022002696990966797
4789,38,490,0.022652149200439453
4790,39,490,0.02405238151550293
4791,40,490,0.021384000778198242
4792,41,490,0.021383047103881836
4793,42,490,0.021587848663330078
4794,43,490,0.024261474609375
4795,44,490,0.020378828048706055
4796,45,490,0.020437002182006836
4797,46,490,0.020101070404052734
4798,47,490,0.013066291809082031
4799,48,490,0.017970800399780273
4800,49,490,0.02031707763671875
4801,50,490,0.01987600326538086
4802,51,490,0.01966547966003418
4803,52,490,0.019499778747558594
4804,53,490,0.018559694290161133
4805,54,490,0.024610519409179688
4806,55,490,0.019010543823242188
4807,56,490,0.019020795822143555
4808,57,490,0.018704652786254883
4809,58,490,0.02327275276184082
4810,59,490,0.01951909065246582
4811,60,490,0.018637657165527344
4812,61,490,0.01859140396118164
4813,62,490,0.01792144775390625
4814,63,490,0.01795029640197754
4815,64,490,0.016788482666015625
4816,65,490,0.018511056900024414
4817,66,490,0.01783919334411621
4818,67,490,0.017763614654541016
4819,68,490,0.018192529678344727
4820,69,490,0.01762676239013672
4821,70,490,0.017245769500732422
4822,71,490,0.01711559295654297
4823,72,490,0.017096281051635742
4824,73,490,0.016627788543701172
4825,74,490,0.018469810485839844
4826,75,490,0.01693248748779297
4827,76,490,0.016742944717407227
4828,77,490,0.020476579666137695
4829,78,490,0.016246318817138672
4830,79,490,0.01604461669921875
4831,80,490,0.01619744300842285
4832,81,490,0.015915870666503906
4833,82,490,0.015797138214111328
4834,83,490,0.014003753662109375
4835,84,490,0.015660762786865234
4836,85,490,0.015350580215454102
4837,86,490,0.015033960342407227
4838,87,490,0.014295578002929688
4839,88,490,0.014508962631225586
4840,89,490,0.014564037322998047
4841,90,490,0.014564990997314453
4842,91,490,0.014615774154663086
4843,92,490,0.014491796493530273
4844,93,490,0.014473438262939453
4845,94,490,0.014682292938232422
4846,95,490,0.014345169067382812
4847,96,490,0.013522624969482422
4848,97,490,0.014249563217163086
4849,98,490,0.014408349990844727
4850,99,490,0.014326810836791992
