,l_xy,n_pts,time
0,1,10,0.8424098491668701
1,2,10,7.82012939453125e-05
2,3,10,6.127357482910156e-05
3,4,10,0.0049591064453125
4,5,10,6.4849853515625e-05
5,6,10,6.008148193359375e-05
6,7,10,4.887580871582031e-05
7,8,10,4.1961669921875e-05
8,9,10,3.719329833984375e-05
9,10,10,3.409385681152344e-05
10,11,10,3.1948089599609375e-05
11,12,10,6.29425048828125e-05
12,13,10,6.818771362304688e-05
13,14,10,4.315376281738281e-05
14,15,10,6.389617919921875e-05
15,16,10,3.695487976074219e-05
16,17,10,3.3855438232421875e-05
17,18,10,3.314018249511719e-05
18,19,10,3.314018249511719e-05
19,20,10,6.175041198730469e-05
20,21,10,3.1948089599609375e-05
21,22,10,2.7894973754882812e-05
22,23,10,5.1975250244140625e-05
23,24,10,2.7179718017578125e-05
24,25,10,2.6941299438476562e-05
25,26,10,2.7179718017578125e-05
26,27,10,2.3126602172851562e-05
27,28,10,3.3855438232421875e-05
28,29,10,1.9073486328125e-05
29,30,10,2.5033950805664062e-05
30,31,10,2.4080276489257812e-05
31,32,10,2.193450927734375e-05
32,33,10,2.8133392333984375e-05
33,34,10,2.2172927856445312e-05
34,35,10,2.002716064453125e-05
35,36,10,2.8848648071289062e-05
36,37,10,1.9788742065429688e-05
37,38,10,2.09808349609375e-05
38,39,10,2.7894973754882812e-05
39,40,10,2.193450927734375e-05
40,41,10,2.6702880859375e-05
41,42,10,3.0040740966796875e-05
42,43,10,2.7894973754882812e-05
43,44,10,2.5987625122070312e-05
44,45,10,4.1961669921875e-05
45,46,10,5.3882598876953125e-05
46,47,10,2.193450927734375e-05
47,48,10,2.384185791015625e-05
48,49,10,2.3126602172851562e-05
49,50,10,2.4080276489257812e-05
50,51,10,4.315376281738281e-05
51,52,10,2.5033950805664062e-05
52,53,10,1.9073486328125e-05
53,54,10,2.002716064453125e-05
54,55,10,2.9087066650390625e-05
55,56,10,1.9788742065429688e-05
56,57,10,2.4080276489257812e-05
57,58,10,2.384185791015625e-05
58,59,10,1.9073486328125e-05
59,60,10,1.7881393432617188e-05
60,61,10,2.4080276489257812e-05
61,62,10,2.5033950805664062e-05
62,63,10,2.002716064453125e-05
63,64,10,2.2172927856445312e-05
64,65,10,2.09808349609375e-05
65,66,10,2.002716064453125e-05
66,67,10,2.4080276489257812e-05
67,68,10,2.2172927856445312e-05
68,69,10,2.09808349609375e-05
69,70,10,5.3882598876953125e-05
70,71,10,2.002716064453125e-05
71,72,10,3.2901763916015625e-05
72,73,10,1.8835067749023438e-05
73,74,10,1.71661376953125e-05
74,75,10,1.9073486328125e-05
75,76,10,1.6927719116210938e-05
76,77,10,1.71661376953125e-05
77,78,10,1.811981201171875e-05
78,79,10,1.8835067749023438e-05
79,80,10,1.811981201171875e-05
80,81,10,1.9788742065429688e-05
81,82,10,1.71661376953125e-05
82,83,10,2.002716064453125e-05
83,84,10,2.8848648071289062e-05
84,85,10,1.811981201171875e-05
85,86,10,1.6927719116210938e-05
86,87,10,1.811981201171875e-05
87,88,10,5.602836608886719e-05
88,89,10,2.2172927856445312e-05
89,90,10,2.2172927856445312e-05
90,91,10,2.193450927734375e-05
91,92,10,2.09808349609375e-05
92,93,10,1.9073486328125e-05
93,94,10,1.8835067749023438e-05
94,95,10,1.621246337890625e-05
95,96,10,3.2901763916015625e-05
96,97,10,2.09808349609375e-05
97,98,10,1.9788742065429688e-05
98,99,10,1.7881393432617188e-05
99,1,20,0.0002219676971435547
100,2,20,0.00015592575073242188
101,3,20,0.00014519691467285156
102,4,20,0.00013589859008789062
103,5,20,0.00015878677368164062
104,6,20,0.00014519691467285156
105,7,20,0.00011014938354492188
106,8,20,8.916854858398438e-05
107,9,20,9.894371032714844e-05
108,10,20,9.512901306152344e-05
109,11,20,9.298324584960938e-05
110,12,20,8.988380432128906e-05
111,13,20,8.296966552734375e-05
112,14,20,8.392333984375e-05
113,15,20,6.198883056640625e-05
114,16,20,5.626678466796875e-05
115,17,20,7.605552673339844e-05
116,18,20,7.82012939453125e-05
117,19,20,4.57763671875e-05
118,20,20,8.893013000488281e-05
119,21,20,0.00011301040649414062
120,22,20,4.982948303222656e-05
121,23,20,7.796287536621094e-05
122,24,20,6.699562072753906e-05
123,25,20,8.606910705566406e-05
124,26,20,8.797645568847656e-05
125,27,20,6.127357482910156e-05
126,28,20,4.1961669921875e-05
127,29,20,6.914138793945312e-05
128,30,20,6.198883056640625e-05
129,31,20,7.700920104980469e-05
130,32,20,6.389617919921875e-05
131,33,20,6.008148193359375e-05
132,34,20,4.76837158203125e-05
133,35,20,4.410743713378906e-05
134,36,20,3.4809112548828125e-05
135,37,20,6.794929504394531e-05
136,38,20,3.814697265625e-05
137,39,20,5.412101745605469e-05
138,40,20,5.1975250244140625e-05
139,41,20,4.076957702636719e-05
140,42,20,6.198883056640625e-05
141,43,20,8.606910705566406e-05
142,44,20,7.390975952148438e-05
143,45,20,5.7220458984375e-05
144,46,20,6.580352783203125e-05
145,47,20,9.226799011230469e-05
146,48,20,3.3855438232421875e-05
147,49,20,7.915496826171875e-05
148,50,20,2.8848648071289062e-05
149,51,20,3.719329833984375e-05
150,52,20,4.00543212890625e-05
151,53,20,5.602836608886719e-05
152,54,20,3.314018249511719e-05
153,55,20,5.698204040527344e-05
154,56,20,5.793571472167969e-05
155,57,20,4.410743713378906e-05
156,58,20,5.5789947509765625e-05
157,59,20,0.00013208389282226562
158,60,20,7.295608520507812e-05
159,61,20,5.0067901611328125e-05
160,62,20,5.5789947509765625e-05
161,63,20,4.1961669921875e-05
162,64,20,5.1021575927734375e-05
163,65,20,4.291534423828125e-05
164,66,20,4.076957702636719e-05
165,67,20,5.602836608886719e-05
166,68,20,4.38690185546875e-05
167,69,20,3.075599670410156e-05
168,70,20,7.009506225585938e-05
169,71,20,4.696846008300781e-05
170,72,20,4.887580871582031e-05
171,73,20,7.390975952148438e-05
172,74,20,4.673004150390625e-05
173,75,20,4.506111145019531e-05
174,76,20,4.982948303222656e-05
175,77,20,5.078315734863281e-05
176,78,20,7.414817810058594e-05
177,79,20,6.175041198730469e-05
178,80,20,4.1961669921875e-05
179,81,20,2.5987625122070312e-05
180,82,20,3.504753112792969e-05
181,83,20,4.410743713378906e-05
182,84,20,4.1961669921875e-05
183,85,20,5.221366882324219e-05
184,86,20,3.910064697265625e-05
185,87,20,4.00543212890625e-05
186,88,20,4.100799560546875e-05
187,89,20,5.793571472167969e-05
188,90,20,4.7206878662109375e-05
189,91,20,7.82012939453125e-05
190,92,20,4.100799560546875e-05
191,93,20,5.7697296142578125e-05
192,94,20,3.886222839355469e-05
193,95,20,5.507469177246094e-05
194,96,20,4.100799560546875e-05
195,97,20,3.886222839355469e-05
196,98,20,4.673004150390625e-05
197,99,20,8.130073547363281e-05
198,1,30,0.0003209114074707031
199,2,30,0.0002827644348144531
200,3,30,0.0002608299255371094
201,4,30,0.0002129077911376953
202,5,30,0.00025916099548339844
203,6,30,0.00026702880859375
204,7,30,0.00015687942504882812
205,8,30,0.0001537799835205078
206,9,30,0.0001468658447265625
207,10,30,0.00015473365783691406
208,11,30,0.0001590251922607422
209,12,30,0.00013494491577148438
210,13,30,0.00012493133544921875
211,14,30,0.00012803077697753906
212,15,30,0.0001227855682373047
213,16,30,0.00011897087097167969
214,17,30,0.00010275840759277344
215,18,30,9.799003601074219e-05
216,19,30,0.00010085105895996094
217,20,30,0.0001728534698486328
218,21,30,0.00010895729064941406
219,22,30,0.00011491775512695312
220,23,30,8.869171142578125e-05
221,24,30,0.00010204315185546875
222,25,30,9.703636169433594e-05
223,26,30,8.7738037109375e-05
224,27,30,8.177757263183594e-05
225,28,30,0.00010371208190917969
226,29,30,8.392333984375e-05
227,30,30,7.510185241699219e-05
228,31,30,8.106231689453125e-05
229,32,30,8.797645568847656e-05
230,33,30,0.00012683868408203125
231,34,30,9.131431579589844e-05
232,35,30,8.487701416015625e-05
233,36,30,7.319450378417969e-05
234,37,30,7.128715515136719e-05
235,38,30,7.104873657226562e-05
236,39,30,7.700920104980469e-05
237,40,30,0.00011229515075683594
238,41,30,9.799003601074219e-05
239,42,30,8.20159912109375e-05
240,43,30,0.00012421607971191406
241,44,30,8.511543273925781e-05
242,45,30,7.700920104980469e-05
243,46,30,9.489059448242188e-05
244,47,30,7.867813110351562e-05
245,48,30,7.772445678710938e-05
246,49,30,8.392333984375e-05
247,50,30,7.224082946777344e-05
248,51,30,9.107589721679688e-05
249,52,30,7.891654968261719e-05
250,53,30,9.703636169433594e-05
251,54,30,7.176399230957031e-05
252,55,30,8.0108642578125e-05
253,56,30,8.177757263183594e-05
254,57,30,9.226799011230469e-05
255,58,30,0.00010824203491210938
256,59,30,7.867813110351562e-05
257,60,30,6.914138793945312e-05
258,61,30,8.273124694824219e-05
259,62,30,8.130073547363281e-05
260,63,30,6.699562072753906e-05
261,64,30,0.00010085105895996094
262,65,30,8.606910705566406e-05
263,66,30,8.392333984375e-05
264,67,30,0.000102996826171875
265,68,30,6.103515625e-05
266,69,30,7.081031799316406e-05
267,70,30,6.198883056640625e-05
268,71,30,8.797645568847656e-05
269,72,30,7.176399230957031e-05
270,73,30,8.416175842285156e-05
271,74,30,8.487701416015625e-05
272,75,30,8.797645568847656e-05
273,76,30,9.202957153320312e-05
274,77,30,7.581710815429688e-05
275,78,30,6.4849853515625e-05
276,79,30,0.000102996826171875
277,80,30,9.775161743164062e-05
278,81,30,6.318092346191406e-05
279,82,30,8.20159912109375e-05
280,83,30,7.796287536621094e-05
281,84,30,7.128715515136719e-05
282,85,30,6.318092346191406e-05
283,86,30,5.2928924560546875e-05
284,87,30,5.91278076171875e-05
285,88,30,5.078315734863281e-05
286,89,30,6.031990051269531e-05
287,90,30,5.6743621826171875e-05
288,91,30,7.390975952148438e-05
289,92,30,7.414817810058594e-05
290,93,30,6.103515625e-05
291,94,30,5.91278076171875e-05
292,95,30,7.295608520507812e-05
293,96,30,8.0108642578125e-05
294,97,30,8.177757263183594e-05
295,98,30,6.985664367675781e-05
296,99,30,5.412101745605469e-05
297,1,40,0.0004353523254394531
298,2,40,0.0003762245178222656
299,3,40,0.0004239082336425781
300,4,40,0.0003371238708496094
301,5,40,0.0003771781921386719
302,6,40,0.00026702880859375
303,7,40,0.0002269744873046875
304,8,40,0.0002460479736328125
305,9,40,0.00022912025451660156
306,10,40,0.00026106834411621094
307,11,40,0.00023126602172851562
308,12,40,0.0001990795135498047
309,13,40,0.00021409988403320312
310,14,40,0.0002002716064453125
311,15,40,0.0001971721649169922
312,16,40,0.00016927719116210938
313,17,40,0.00021600723266601562
314,18,40,0.00019502639770507812
315,19,40,0.00017595291137695312
316,20,40,0.00015592575073242188
317,21,40,0.00015687942504882812
318,22,40,0.00015807151794433594
319,23,40,0.00015306472778320312
320,24,40,0.0001583099365234375
321,25,40,0.00015091896057128906
322,26,40,0.0001437664031982422
323,27,40,0.00013208389282226562
324,28,40,0.0001533031463623047
325,29,40,0.00015592575073242188
326,30,40,0.00013208389282226562
327,31,40,0.00013589859008789062
328,32,40,0.00012993812561035156
329,33,40,0.0001342296600341797
330,34,40,0.00015282630920410156
331,35,40,0.0001316070556640625
332,36,40,0.00011897087097167969
333,37,40,0.00015878677368164062
334,38,40,0.00013899803161621094
335,39,40,0.0001251697540283203
336,40,40,0.00011420249938964844
337,41,40,0.00012493133544921875
338,42,40,0.00011706352233886719
339,43,40,0.0001201629638671875
340,44,40,0.00011372566223144531
341,45,40,0.0001380443572998047
342,46,40,0.00015473365783691406
343,47,40,0.0001373291015625
344,48,40,0.00014162063598632812
345,49,40,0.00014901161193847656
346,50,40,0.0001201629638671875
347,51,40,0.0001270771026611328
348,52,40,0.00010323524475097656
349,53,40,0.00011324882507324219
350,54,40,0.00011086463928222656
351,55,40,0.00011086463928222656
352,56,40,0.00012874603271484375
353,57,40,0.00011110305786132812
354,58,40,0.00011229515075683594
355,59,40,0.0001068115234375
356,60,40,0.00011110305786132812
357,61,40,0.00011992454528808594
358,62,40,0.00011587142944335938
359,63,40,0.00011324882507324219
360,64,40,0.00011277198791503906
361,65,40,0.00010395050048828125
362,66,40,0.0001289844512939453
363,67,40,0.00014209747314453125
364,68,40,0.0001289844512939453
365,69,40,0.00013589859008789062
366,70,40,0.0001251697540283203
367,71,40,0.00015211105346679688
368,72,40,9.512901306152344e-05
369,73,40,0.00011086463928222656
370,74,40,0.0001232624053955078
371,75,40,0.00010991096496582031
372,76,40,0.00013303756713867188
373,77,40,0.0001251697540283203
374,78,40,9.393692016601562e-05
375,79,40,8.916854858398438e-05
376,80,40,0.00010919570922851562
377,81,40,0.0001270771026611328
378,82,40,0.00013399124145507812
379,83,40,0.00010895729064941406
380,84,40,0.0001049041748046875
381,85,40,8.869171142578125e-05
382,86,40,0.00011110305786132812
383,87,40,8.96453857421875e-05
384,88,40,8.606910705566406e-05
385,89,40,9.083747863769531e-05
386,90,40,0.00010585784912109375
387,91,40,8.702278137207031e-05
388,92,40,9.012222290039062e-05
389,93,40,0.00010180473327636719
390,94,40,0.00011587142944335938
391,95,40,8.392333984375e-05
392,96,40,9.703636169433594e-05
393,97,40,7.772445678710938e-05
394,98,40,8.296966552734375e-05
395,99,40,8.606910705566406e-05
396,1,50,0.0007181167602539062
397,2,50,0.0005056858062744141
398,3,50,0.00048613548278808594
399,4,50,0.0004119873046875
400,5,50,0.0004208087921142578
401,6,50,0.0003628730773925781
402,7,50,0.00035309791564941406
403,8,50,0.0003421306610107422
404,9,50,0.000347137451171875
405,10,50,0.00034880638122558594
406,11,50,0.0003173351287841797
407,12,50,0.00030803680419921875
408,13,50,0.0002923011779785156
409,14,50,0.00029587745666503906
410,15,50,0.0003120899200439453
411,16,50,0.00024509429931640625
412,17,50,0.0002510547637939453
413,18,50,0.00023508071899414062
414,19,50,0.0002491474151611328
415,20,50,0.00028061866760253906
416,21,50,0.00023889541625976562
417,22,50,0.00024080276489257812
418,23,50,0.0002338886260986328
419,24,50,0.0002067089080810547
420,25,50,0.00020003318786621094
421,26,50,0.00022792816162109375
422,27,50,0.00021696090698242188
423,28,50,0.0002079010009765625
424,29,50,0.00019407272338867188
425,30,50,0.00018215179443359375
426,31,50,0.0002200603485107422
427,32,50,0.00019788742065429688
428,33,50,0.00021505355834960938
429,34,50,0.00018525123596191406
430,35,50,0.00018405914306640625
431,36,50,0.00017833709716796875
432,37,50,0.0001621246337890625
433,38,50,0.00017309188842773438
434,39,50,0.00021600723266601562
435,40,50,0.00016999244689941406
436,41,50,0.0001430511474609375
437,42,50,0.0001747608184814453
438,43,50,0.00020503997802734375
439,44,50,0.0002300739288330078
440,45,50,0.0001399517059326172
441,46,50,0.0001850128173828125
442,47,50,0.00015807151794433594
443,48,50,0.0001678466796875
444,49,50,0.00016498565673828125
445,50,50,0.00018095970153808594
446,51,50,0.00013971328735351562
447,52,50,0.00016117095947265625
448,53,50,0.00015401840209960938
449,54,50,0.00013113021850585938
450,55,50,0.00017213821411132812
451,56,50,0.000164031982421875
452,57,50,0.0001277923583984375
453,58,50,0.00012493133544921875
454,59,50,0.00013589859008789062
455,60,50,0.00013494491577148438
456,61,50,0.0101318359375
457,62,50,0.0001518726348876953
458,63,50,0.00015687942504882812
459,64,50,0.0002269744873046875
460,65,50,0.0001900196075439453
461,66,50,0.00013208389282226562
462,67,50,0.00014400482177734375
463,68,50,0.0001850128173828125
464,69,50,0.00014495849609375
465,70,50,0.00013208389282226562
466,71,50,0.00013017654418945312
467,72,50,0.00013709068298339844
468,73,50,0.00015616416931152344
469,74,50,0.000148773193359375
470,75,50,0.0001227855682373047
471,76,50,0.00017690658569335938
472,77,50,0.00014519691467285156
473,78,50,0.0001800060272216797
474,79,50,0.00017881393432617188
475,80,50,0.00013828277587890625
476,81,50,0.00013017654418945312
477,82,50,0.0001938343048095703
478,83,50,0.00011801719665527344
479,84,50,0.0001392364501953125
480,85,50,0.0001399517059326172
481,86,50,0.00013709068298339844
482,87,50,0.002919912338256836
483,88,50,0.00015997886657714844
484,89,50,0.00011396408081054688
485,90,50,0.00013113021850585938
486,91,50,0.00015997886657714844
487,92,50,9.584426879882812e-05
488,93,50,0.00010013580322265625
489,94,50,0.00010514259338378906
490,95,50,9.584426879882812e-05
491,96,50,9.393692016601562e-05
492,97,50,8.320808410644531e-05
493,98,50,9.918212890625e-05
494,99,50,0.00011706352233886719
495,1,60,0.010644912719726562
496,2,60,0.0008070468902587891
497,3,60,0.0006840229034423828
498,4,60,0.0007698535919189453
499,5,60,0.0005970001220703125
500,6,60,0.0005676746368408203
501,7,60,0.0005061626434326172
502,8,60,0.00045490264892578125
503,9,60,0.00047397613525390625
504,10,60,0.00044798851013183594
505,11,60,0.00045680999755859375
506,12,60,0.00035881996154785156
507,13,60,0.0003802776336669922
508,14,60,0.0003619194030761719
509,15,60,0.00034999847412109375
510,16,60,0.0003559589385986328
511,17,60,0.0003681182861328125
512,18,60,0.00035309791564941406
513,19,60,0.00030112266540527344
514,20,60,0.0002880096435546875
515,21,60,0.00030517578125
516,22,60,0.0002961158752441406
517,23,60,0.0002739429473876953
518,24,60,0.0002579689025878906
519,25,60,0.00026798248291015625
520,26,60,0.0002560615539550781
521,27,60,0.00029921531677246094
522,28,60,0.0002608299255371094
523,29,60,0.00025391578674316406
524,30,60,0.0002522468566894531
525,31,60,0.0002899169921875
526,32,60,0.00024318695068359375
527,33,60,0.00025200843811035156
528,34,60,0.00023603439331054688
529,35,60,0.00023603439331054688
530,36,60,0.0002460479736328125
531,37,60,0.0002009868621826172
532,38,60,0.00022172927856445312
533,39,60,0.00018978118896484375
534,40,60,0.00022912025451660156
535,41,60,0.000225067138671875
536,42,60,0.0002319812774658203
537,43,60,0.00023984909057617188
538,44,60,0.0002009868621826172
539,45,60,0.00019979476928710938
540,46,60,0.0002167224884033203
541,47,60,0.00023794174194335938
542,48,60,0.00019884109497070312
543,49,60,0.00021719932556152344
544,50,60,0.00019502639770507812
545,51,60,0.0001983642578125
546,52,60,0.000209808349609375
547,53,60,0.00024080276489257812
548,54,60,0.00021910667419433594
549,55,60,0.0001659393310546875
550,56,60,0.00019097328186035156
551,57,60,0.0001590251922607422
552,58,60,0.00017309188842773438
553,59,60,0.00019216537475585938
554,60,60,0.0001938343048095703
555,61,60,0.0001811981201171875
556,62,60,0.0001800060272216797
557,63,60,0.00016999244689941406
558,64,60,0.00016617774963378906
559,65,60,0.00017499923706054688
560,66,60,0.00016999244689941406
561,67,60,0.0001819133758544922
562,68,60,0.00018596649169921875
563,69,60,0.00018310546875
564,70,60,0.0002009868621826172
565,71,60,0.0001709461212158203
566,72,60,0.00016832351684570312
567,73,60,0.0001671314239501953
568,74,60,0.00020503997802734375
569,75,60,0.00016999244689941406
570,76,60,0.000202178955078125
571,77,60,0.00015687942504882812
572,78,60,0.00016117095947265625
573,79,60,0.00017309188842773438
574,80,60,0.00016379356384277344
575,81,60,0.00017833709716796875
576,82,60,0.0001971721649169922
577,83,60,0.00016260147094726562
578,84,60,0.00019884109497070312
579,85,60,0.00014591217041015625
580,86,60,0.00015997886657714844
581,87,60,0.000164031982421875
582,88,60,0.00017404556274414062
583,89,60,0.00015401840209960938
584,90,60,0.00015807151794433594
585,91,60,0.00015878677368164062
586,92,60,0.00016689300537109375
587,93,60,0.00018310546875
588,94,60,0.00015997886657714844
589,95,60,0.0001442432403564453
590,96,60,0.0001499652862548828
591,97,60,0.00015163421630859375
592,98,60,0.0001888275146484375
593,99,60,0.00015020370483398438
594,1,70,0.0010559558868408203
595,2,70,0.0010249614715576172
596,3,70,0.0007429122924804688
597,4,70,0.0007359981536865234
598,5,70,0.0008001327514648438
599,6,70,0.008600234985351562
600,7,70,0.0006680488586425781
601,8,70,0.0006289482116699219
602,9,70,0.0005681514739990234
603,10,70,0.0005791187286376953
604,11,70,0.0005519390106201172
605,12,70,0.0005288124084472656
606,13,70,0.0005049705505371094
607,14,70,0.0004978179931640625
608,15,70,0.0004839897155761719
609,16,70,0.010125160217285156
610,17,70,0.0004780292510986328
611,18,70,0.0004029273986816406
612,19,70,0.000396728515625
613,20,70,0.00036907196044921875
614,21,70,0.00039386749267578125
615,22,70,0.0003719329833984375
616,23,70,0.00035691261291503906
617,24,70,0.0003457069396972656
618,25,70,0.0003178119659423828
619,26,70,0.0003159046173095703
620,27,70,0.0002789497375488281
621,28,70,0.00030517578125
622,29,70,0.0003008842468261719
623,30,70,0.00030422210693359375
624,31,70,0.00030684471130371094
625,32,70,0.00029587745666503906
626,33,70,0.0003139972686767578
627,34,70,0.0003261566162109375
628,35,70,0.0002789497375488281
629,36,70,0.0003190040588378906
630,37,70,0.0002589225769042969
631,38,70,0.0003228187561035156
632,39,70,0.0002608299255371094
633,40,70,0.0002980232238769531
634,41,70,0.00026607513427734375
635,42,70,0.00024390220642089844
636,43,70,0.0002830028533935547
637,44,70,0.0002338886260986328
638,45,70,0.00024008750915527344
639,46,70,0.00027489662170410156
640,47,70,0.00026488304138183594
641,48,70,0.0002491474151611328
642,49,70,0.00024008750915527344
643,50,70,0.00024008750915527344
644,51,70,0.0002608299255371094
645,52,70,0.00023889541625976562
646,53,70,0.00027298927307128906
647,54,70,0.00023603439331054688
648,55,70,0.00026106834411621094
649,56,70,0.000202178955078125
650,57,70,0.00024390220642089844
651,58,70,0.000247955322265625
652,59,70,0.0002219676971435547
653,60,70,0.00025010108947753906
654,61,70,0.00021004676818847656
655,62,70,0.00024199485778808594
656,63,70,0.0002002716064453125
657,64,70,0.0001957416534423828
658,65,70,0.0002498626708984375
659,66,70,0.00018906593322753906
660,67,70,0.0002238750457763672
661,68,70,0.0002460479736328125
662,69,70,0.00019025802612304688
663,70,70,0.0002307891845703125
664,71,70,0.0001971721649169922
665,72,70,0.00018024444580078125
666,73,70,0.00023603439331054688
667,74,70,0.0001800060272216797
668,75,70,0.00021791458129882812
669,76,70,0.00017905235290527344
670,77,70,0.00021910667419433594
671,78,70,0.00019884109497070312
672,79,70,0.00020503997802734375
673,80,70,0.0002219676971435547
674,81,70,0.0002071857452392578
675,82,70,0.00021982192993164062
676,83,70,0.0001728534698486328
677,84,70,0.00017786026000976562
678,85,70,0.00020503997802734375
679,86,70,0.000186920166015625
680,87,70,0.00019478797912597656
681,88,70,0.00020694732666015625
682,89,70,0.0002129077911376953
683,90,70,0.00021409988403320312
684,91,70,0.00020813941955566406
685,92,70,0.00016927719116210938
686,93,70,0.00019693374633789062
687,94,70,0.00018787384033203125
688,95,70,0.00020813941955566406
689,96,70,0.0001857280731201172
690,97,70,0.0001747608184814453
691,98,70,0.00018095970153808594
692,99,70,0.00016689300537109375
693,1,80,0.0012500286102294922
694,2,80,0.0013518333435058594
695,3,80,0.0010061264038085938
696,4,80,0.0011467933654785156
697,5,80,0.0010311603546142578
698,6,80,0.006240129470825195
699,7,80,0.0008981227874755859
700,8,80,0.0007722377777099609
701,9,80,0.0007088184356689453
702,10,80,0.0006978511810302734
703,11,80,0.0007240772247314453
704,12,80,0.0006399154663085938
705,13,80,0.0006747245788574219
706,14,80,0.0005800724029541016
707,15,80,0.0005571842193603516
708,16,80,0.0006039142608642578
709,17,80,0.0005469322204589844
710,18,80,0.0005259513854980469
711,19,80,0.0005450248718261719
712,20,80,0.0004742145538330078
713,21,80,0.0005218982696533203
714,22,80,0.0004470348358154297
715,23,80,0.00043582916259765625
716,24,80,0.00045108795166015625
717,25,80,0.00042176246643066406
718,26,80,0.00044417381286621094
719,27,80,0.00045108795166015625
720,28,80,0.00042438507080078125
721,29,80,0.0003800392150878906
722,30,80,0.0003571510314941406
723,31,80,0.0003552436828613281
724,32,80,0.00038814544677734375
725,33,80,0.010130167007446289
726,34,80,0.0003638267517089844
727,35,80,0.0003409385681152344
728,36,80,0.00031280517578125
729,37,80,0.0003628730773925781
730,38,80,0.0003151893615722656
731,39,80,0.0003838539123535156
732,40,80,0.0003528594970703125
733,41,80,0.00033974647521972656
734,42,80,0.0003490447998046875
735,43,80,0.0003237724304199219
736,44,80,0.0002930164337158203
737,45,80,0.0003521442413330078
738,46,80,0.0003368854522705078
739,47,80,0.00028514862060546875
740,48,80,0.00027632713317871094
741,49,80,0.0003399848937988281
742,50,80,0.00027298927307128906
743,51,80,0.0003037452697753906
744,52,80,0.000247955322265625
745,53,80,0.00028777122497558594
746,54,80,0.0002722740173339844
747,55,80,0.0002739429473876953
748,56,80,0.00028395652770996094
749,57,80,0.0002770423889160156
750,58,80,0.00033593177795410156
751,59,80,0.0003190040588378906
752,60,80,0.0002598762512207031
753,61,80,0.0002963542938232422
754,62,80,0.00025010108947753906
755,63,80,0.0003399848937988281
756,64,80,0.0003037452697753906
757,65,80,0.0002989768981933594
758,66,80,0.00026702880859375
759,67,80,0.0002989768981933594
760,68,80,0.0002911090850830078
761,69,80,0.00030303001403808594
762,70,80,0.0002732276916503906
763,71,80,0.00029397010803222656
764,72,80,0.00023603439331054688
765,73,80,0.00026106834411621094
766,74,80,0.0002288818359375
767,75,80,0.0002570152282714844
768,76,80,0.0002281665802001953
769,77,80,0.0002219676971435547
770,78,80,0.00021886825561523438
771,79,80,0.0002167224884033203
772,80,80,0.00026798248291015625
773,81,80,0.00028395652770996094
774,82,80,0.00021600723266601562
775,83,80,0.0002541542053222656
776,84,80,0.00020194053649902344
777,85,80,0.0002079010009765625
778,86,80,0.0002181529998779297
779,87,80,0.0002200603485107422
780,88,80,0.0002090930938720703
781,89,80,0.00020194053649902344
782,90,80,0.00022792816162109375
783,91,80,0.000225067138671875
784,92,80,0.00020575523376464844
785,93,80,0.00022983551025390625
786,94,80,0.00020384788513183594
787,95,80,0.00022101402282714844
788,96,80,0.0002429485321044922
789,97,80,0.00024700164794921875
790,98,80,0.0002319812774658203
791,99,80,0.00021195411682128906
792,1,90,0.0022270679473876953
793,2,90,0.001641988754272461
794,3,90,0.0014519691467285156
795,4,90,0.0013539791107177734
796,5,90,0.0011341571807861328
797,6,90,0.0010199546813964844
798,7,90,0.0009601116180419922
799,8,90,0.0010256767272949219
800,9,90,0.0010259151458740234
801,10,90,0.0009620189666748047
802,11,90,0.0008356571197509766
803,12,90,0.0008471012115478516
804,13,90,0.0007560253143310547
805,14,90,0.0007011890411376953
806,15,90,0.0006802082061767578
807,16,90,0.0006501674652099609
808,17,90,0.0006601810455322266
809,18,90,0.0006170272827148438
810,19,90,0.0006220340728759766
811,20,90,0.0006747245788574219
812,21,90,0.0006029605865478516
813,22,90,0.0006320476531982422
814,23,90,0.0005691051483154297
815,24,90,0.0005040168762207031
816,25,90,0.00048089027404785156
817,26,90,0.0005092620849609375
818,27,90,0.0005471706390380859
819,28,90,0.0005059242248535156
820,29,90,0.00043702125549316406
821,30,90,0.0005359649658203125
822,31,90,0.0005199909210205078
823,32,90,0.0004572868347167969
824,33,90,0.0004291534423828125
825,34,90,0.0003879070281982422
826,35,90,0.00043702125549316406
827,36,90,0.00045800209045410156
828,37,90,0.00045800209045410156
829,38,90,0.00039005279541015625
830,39,90,0.0003981590270996094
831,40,90,0.0004031658172607422
832,41,90,0.0003819465637207031
833,42,90,0.0004222393035888672
834,43,90,0.00038504600524902344
835,44,90,0.0004169940948486328
836,45,90,0.00034809112548828125
837,46,90,0.0004119873046875
838,47,90,0.0003559589385986328
839,48,90,0.0004017353057861328
840,49,90,0.0004019737243652344
841,50,90,0.00032901763916015625
842,51,90,0.00035262107849121094
843,52,90,0.00033211708068847656
844,53,90,0.0004010200500488281
845,54,90,0.0004200935363769531
846,55,90,0.004310131072998047
847,56,90,0.00034689903259277344
848,57,90,0.0003139972686767578
849,58,90,0.0003800392150878906
850,59,90,0.0003228187561035156
851,60,90,0.0003409385681152344
852,61,90,0.00031304359436035156
853,62,90,0.00030684471130371094
854,63,90,0.00033402442932128906
855,64,90,0.0003070831298828125
856,65,90,0.0002980232238769531
857,66,90,0.00031113624572753906
858,67,90,0.0002989768981933594
859,68,90,0.0003490447998046875
860,69,90,0.0003750324249267578
861,70,90,0.0003299713134765625
862,71,90,0.00030112266540527344
863,72,90,0.000270843505859375
864,73,90,0.0003390312194824219
865,74,90,0.00030612945556640625
866,75,90,0.0002789497375488281
867,76,90,0.000270843505859375
868,77,90,0.00027298927307128906
869,78,90,0.0002779960632324219
870,79,90,0.0002779960632324219
871,80,90,0.0002651214599609375
872,81,90,0.0002579689025878906
873,82,90,0.0003159046173095703
874,83,90,0.0002529621124267578
875,84,90,0.0002429485321044922
876,85,90,0.0002288818359375
877,86,90,0.0002658367156982422
878,87,90,0.0002372264862060547
879,88,90,0.0002448558807373047
880,89,90,0.00023484230041503906
881,90,90,0.0002760887145996094
882,91,90,0.0003209114074707031
883,92,90,0.0002799034118652344
884,93,90,0.0002377033233642578
885,94,90,0.0002307891845703125
886,95,90,0.00028204917907714844
887,96,90,0.00029277801513671875
888,97,90,0.0002529621124267578
889,98,90,0.00026702880859375
890,99,90,0.0002582073211669922
891,1,100,0.010867834091186523
892,2,100,0.0022840499877929688
893,3,100,0.0016388893127441406
894,4,100,0.0015621185302734375
895,5,100,0.0012919902801513672
896,6,100,0.0012769699096679688
897,7,100,0.004716157913208008
898,8,100,0.0011188983917236328
899,9,100,0.001161813735961914
900,10,100,0.0010371208190917969
901,11,100,0.0010433197021484375
902,12,100,0.0010149478912353516
903,13,100,0.0009071826934814453
904,14,100,0.0009298324584960938
905,15,100,0.0014247894287109375
906,16,100,0.0008749961853027344
907,17,100,0.000823974609375
908,18,100,0.0008378028869628906
909,19,100,0.0008666515350341797
910,20,100,0.0006909370422363281
911,21,100,0.0012211799621582031
912,22,100,0.00075531005859375
913,23,100,0.0007631778717041016
914,24,100,0.0006799697875976562
915,25,100,0.0006959438323974609
916,26,100,0.0005712509155273438
917,27,100,0.0005850791931152344
918,28,100,0.0005588531494140625
919,29,100,0.0006389617919921875
920,30,100,0.0005869865417480469
921,31,100,0.0005238056182861328
922,32,100,0.0005471706390380859
923,33,100,0.0004899501800537109
924,34,100,0.0005638599395751953
925,35,100,0.000453948974609375
926,36,100,0.0004799365997314453
927,37,100,0.0004620552062988281
928,38,100,0.00041294097900390625
929,39,100,0.0004222393035888672
930,40,100,0.0004279613494873047
931,41,100,0.0004551410675048828
932,42,100,0.0004589557647705078
933,43,100,0.0005152225494384766
934,44,100,0.00040721893310546875
935,45,100,0.0004112720489501953
936,46,100,0.0004901885986328125
937,47,100,0.0004169940948486328
938,48,100,0.000408172607421875
939,49,100,0.0004837512969970703
940,50,100,0.0004711151123046875
941,51,100,0.00045490264892578125
942,52,100,0.0004138946533203125
943,53,100,0.0003762245178222656
944,54,100,0.00040793418884277344
945,55,100,0.00045108795166015625
946,56,100,0.0003871917724609375
947,57,100,0.0004489421844482422
948,58,100,0.0004379749298095703
949,59,100,0.00035881996154785156
950,60,100,0.0004391670227050781
951,61,100,0.0004439353942871094
952,62,100,0.00032210350036621094
953,63,100,0.0004191398620605469
954,64,100,0.0004279613494873047
955,65,100,0.00033020973205566406
956,66,100,0.0003440380096435547
957,67,100,0.0003292560577392578
958,68,100,0.00034499168395996094
959,69,100,0.0003650188446044922
960,70,100,0.00041103363037109375
961,71,100,0.0003681182861328125
962,72,100,0.0003380775451660156
963,73,100,0.0004220008850097656
964,74,100,0.00036907196044921875
965,75,100,0.0004169940948486328
966,76,100,0.0003600120544433594
967,77,100,0.0003299713134765625
968,78,100,0.00030612945556640625
969,79,100,0.0004191398620605469
970,80,100,0.00034117698669433594
971,81,100,0.00030493736267089844
972,82,100,0.00033092498779296875
973,83,100,0.0003218650817871094
974,84,100,0.0003762245178222656
975,85,100,0.00037598609924316406
976,86,100,0.0003390312194824219
977,87,100,0.0003120899200439453
978,88,100,0.00030422210693359375
979,89,100,0.00029206275939941406
980,90,100,0.0002758502960205078
981,91,100,0.00029015541076660156
982,92,100,0.00037598609924316406
983,93,100,0.00035309791564941406
984,94,100,0.0003006458282470703
985,95,100,0.0002739429473876953
986,96,100,0.0002951622009277344
987,97,100,0.0002868175506591797
988,98,100,0.00028204917907714844
989,99,100,0.00030112266540527344
990,1,110,0.0027990341186523438
991,2,110,0.002259969711303711
992,3,110,0.0019872188568115234
993,4,110,0.0017461776733398438
994,5,110,0.0017840862274169922
995,6,110,0.002476930618286133
996,7,110,0.0015039443969726562
997,8,110,0.0013587474822998047
998,9,110,0.0012400150299072266
999,10,110,0.0012061595916748047
1000,11,110,0.001338958740234375
1001,12,110,0.0012171268463134766
1002,13,110,0.00251007080078125
1003,14,110,0.001065969467163086
1004,15,110,0.0010271072387695312
1005,16,110,0.0009851455688476562
1006,17,110,0.0009129047393798828
1007,18,110,0.0008928775787353516
1008,19,110,0.0009169578552246094
1009,20,110,0.0007967948913574219
1010,21,110,0.0008318424224853516
1011,22,110,0.0008778572082519531
1012,23,110,0.002845287322998047
1013,24,110,0.004200935363769531
1014,25,110,0.0007381439208984375
1015,26,110,0.0012769699096679688
1016,27,110,0.0007851123809814453
1017,28,110,0.0007789134979248047
1018,29,110,0.010325908660888672
1019,30,110,0.0007159709930419922
1020,31,110,0.0005979537963867188
1021,32,110,0.0006899833679199219
1022,33,110,0.0006608963012695312
1023,34,110,0.0005841255187988281
1024,35,110,0.0005409717559814453
1025,36,110,0.0006718635559082031
1026,37,110,0.0005331039428710938
1027,38,110,0.00063323974609375
1028,39,110,0.0005099773406982422
1029,40,110,0.0004978179931640625
1030,41,110,0.0004899501800537109
1031,42,110,0.0005691051483154297
1032,43,110,0.0005578994750976562
1033,44,110,0.0005702972412109375
1034,45,110,0.0005750656127929688
1035,46,110,0.0005609989166259766
1036,47,110,0.0005288124084472656
1037,48,110,0.0005319118499755859
1038,49,110,0.0004742145538330078
1039,50,110,0.0005488395690917969
1040,51,110,0.0004868507385253906
1041,52,110,0.0005512237548828125
1042,53,110,0.0005040168762207031
1043,54,110,0.0004551410675048828
1044,55,110,0.0005319118499755859
1045,56,110,0.0005550384521484375
1046,57,110,0.0005738735198974609
1047,58,110,0.0004429817199707031
1048,59,110,0.0004048347473144531
1049,60,110,0.0005102157592773438
1050,61,110,0.0004680156707763672
1051,62,110,0.0004291534423828125
1052,63,110,0.00040411949157714844
1053,64,110,0.0004200935363769531
1054,65,110,0.0004169940948486328
1055,66,110,0.00830388069152832
1056,67,110,0.00047516822814941406
1057,68,110,0.00039076805114746094
1058,69,110,0.0004630088806152344
1059,70,110,0.00045680999755859375
1060,71,110,0.0004069805145263672
1061,72,110,0.0004360675811767578
1062,73,110,0.0003829002380371094
1063,74,110,0.0003859996795654297
1064,75,110,0.0004968643188476562
1065,76,110,0.0003762245178222656
1066,77,110,0.0003848075866699219
1067,78,110,0.00047898292541503906
1068,79,110,0.00047707557678222656
1069,80,110,0.0004899501800537109
1070,81,110,0.00037479400634765625
1071,82,110,0.0004038810729980469
1072,83,110,0.00034499168395996094
1073,84,110,0.0003859996795654297
1074,85,110,0.0004363059997558594
1075,86,110,0.00033593177795410156
1076,87,110,0.0003681182861328125
1077,88,110,0.00044989585876464844
1078,89,110,0.00036907196044921875
1079,90,110,0.00033926963806152344
1080,91,110,0.0015420913696289062
1081,92,110,0.00037407875061035156
1082,93,110,0.0003437995910644531
1083,94,110,0.0003352165222167969
1084,95,110,0.0003211498260498047
1085,96,110,0.0003399848937988281
1086,97,110,0.0003218650817871094
1087,98,110,0.0003299713134765625
1088,99,110,0.0003211498260498047
1089,1,120,0.003523111343383789
1090,2,120,0.0030231475830078125
1091,3,120,0.0028061866760253906
1092,4,120,0.001971006393432617
1093,5,120,0.0018110275268554688
1094,6,120,0.0017838478088378906
1095,7,120,0.0016939640045166016
1096,8,120,0.0016028881072998047
1097,9,120,0.0016412734985351562
1098,10,120,0.0015330314636230469
1099,11,120,0.0014531612396240234
1100,12,120,0.0015540122985839844
1101,13,120,0.0013151168823242188
1102,14,120,0.0012209415435791016
1103,15,120,0.0012640953063964844
1104,16,120,0.010334014892578125
1105,17,120,0.001264333724975586
1106,18,120,0.0010712146759033203
1107,19,120,0.0010190010070800781
1108,20,120,0.0009920597076416016
1109,21,120,0.0009877681732177734
1110,22,120,0.0010118484497070312
1111,23,120,0.0010030269622802734
1112,24,120,0.0008969306945800781
1113,25,120,0.0008327960968017578
1114,26,120,0.0008080005645751953
1115,27,120,0.010180950164794922
1116,28,120,0.0008599758148193359
1117,29,120,0.0007650852203369141
1118,30,120,0.0007269382476806641
1119,31,120,0.0007028579711914062
1120,32,120,0.0007963180541992188
1121,33,120,0.0006778240203857422
1122,34,120,0.0006260871887207031
1123,35,120,0.0007827281951904297
1124,36,120,0.0006570816040039062
1125,37,120,0.0007081031799316406
1126,38,120,0.0006399154663085938
1127,39,120,0.0005900859832763672
1128,40,120,0.0007119178771972656
1129,41,120,0.0006580352783203125
1130,42,120,0.0007021427154541016
1131,43,120,0.00061798095703125
1132,44,120,0.0006580352783203125
1133,45,120,0.0006587505340576172
1134,46,120,0.0005519390106201172
1135,47,120,0.0005309581756591797
1136,48,120,0.0006628036499023438
1137,49,120,0.0006618499755859375
1138,50,120,0.0005457401275634766
1139,51,120,0.0005137920379638672
1140,52,120,0.0006520748138427734
1141,53,120,0.0006437301635742188
1142,54,120,0.0005061626434326172
1143,55,120,0.010201692581176758
1144,56,120,0.01016688346862793
1145,57,120,0.0006668567657470703
1146,58,120,0.0006427764892578125
1147,59,120,0.0005192756652832031
1148,60,120,0.0005080699920654297
1149,61,120,0.0006241798400878906
1150,62,120,0.0004711151123046875
1151,63,120,0.00044798851013183594
1152,64,120,0.0005409717559814453
1153,65,120,0.00045490264892578125
1154,66,120,0.0004482269287109375
1155,67,120,0.00043511390686035156
1156,68,120,0.0005562305450439453
1157,69,120,0.0005180835723876953
1158,70,120,0.00040030479431152344
1159,71,120,0.0005080699920654297
1160,72,120,0.0006060600280761719
1161,73,120,0.0005202293395996094
1162,74,120,0.00041294097900390625
1163,75,120,0.0004780292510986328
1164,76,120,0.0004317760467529297
1165,77,120,0.0005278587341308594
1166,78,120,0.0005221366882324219
1167,79,120,0.00042700767517089844
1168,80,120,0.0005061626434326172
1169,81,120,0.00041604042053222656
1170,82,120,0.0004353523254394531
1171,83,120,0.0005040168762207031
1172,84,120,0.0005290508270263672
1173,85,120,0.00041675567626953125
1174,86,120,0.0005190372467041016
1175,87,120,0.0004570484161376953
1176,88,120,0.000453948974609375
1177,89,120,0.010129213333129883
1178,90,120,0.00048279762268066406
1179,91,120,0.000370025634765625
1180,92,120,0.010172128677368164
1181,93,120,0.00048613548278808594
1182,94,120,0.0004611015319824219
1183,95,120,0.00047588348388671875
1184,96,120,0.00047326087951660156
1185,97,120,0.00036787986755371094
1186,98,120,0.0004532337188720703
1187,99,120,0.00038504600524902344
1188,1,130,0.003932952880859375
1189,2,130,0.0028030872344970703
1190,3,130,0.0022890567779541016
1191,4,130,0.002367258071899414
1192,5,130,0.0021610260009765625
1193,6,130,0.0021877288818359375
1194,7,130,0.010369062423706055
1195,8,130,0.0019490718841552734
1196,9,130,0.0018329620361328125
1197,10,130,0.0017230510711669922
1198,11,130,0.0017180442810058594
1199,12,130,0.0016582012176513672
1200,13,130,0.0015740394592285156
1201,14,130,0.0014739036560058594
1202,15,130,0.0013680458068847656
1203,16,130,0.0012619495391845703
1204,17,130,0.001252889633178711
1205,18,130,0.0030188560485839844
1206,19,130,0.001154184341430664
1207,20,130,0.0011169910430908203
1208,21,130,0.0012531280517578125
1209,22,130,0.0010361671447753906
1210,23,130,0.0011868476867675781
1211,24,130,0.0010139942169189453
1212,25,130,0.0010800361633300781
1213,26,130,0.0009632110595703125
1214,27,130,0.0008907318115234375
1215,28,130,0.0010180473327636719
1216,29,130,0.0009579658508300781
1217,30,130,0.0010142326354980469
1218,31,130,0.0009450912475585938
1219,32,130,0.0008330345153808594
1220,33,130,0.0008800029754638672
1221,34,130,0.0008709430694580078
1222,35,130,0.0009050369262695312
1223,36,130,0.0007688999176025391
1224,37,130,0.0007908344268798828
1225,38,130,0.0007970333099365234
1226,39,130,0.0007951259613037109
1227,40,130,0.0007328987121582031
1228,41,130,0.0008230209350585938
1229,42,130,0.0006740093231201172
1230,43,130,0.0006709098815917969
1231,44,130,0.0008111000061035156
1232,45,130,0.0007989406585693359
1233,46,130,0.0006430149078369141
1234,47,130,0.0006546974182128906
1235,48,130,0.0006129741668701172
1236,49,130,0.0007271766662597656
1237,50,130,0.0007069110870361328
1238,51,130,0.0007050037384033203
1239,52,130,0.0005581378936767578
1240,53,130,0.0007150173187255859
1241,54,130,0.0006649494171142578
1242,55,130,0.000675201416015625
1243,56,130,0.0007107257843017578
1244,57,130,0.0007238388061523438
1245,58,130,0.0006780624389648438
1246,59,130,0.0005698204040527344
1247,60,130,0.0007090568542480469
1248,61,130,0.0006880760192871094
1249,62,130,0.0005538463592529297
1250,63,130,0.0006690025329589844
1251,64,130,0.0006616115570068359
1252,65,130,0.0006859302520751953
1253,66,130,0.0005669593811035156
1254,67,130,0.0012729167938232422
1255,68,130,0.006927967071533203
1256,69,130,0.0005090236663818359
1257,70,130,0.0004982948303222656
1258,71,130,0.0005137920379638672
1259,72,130,0.000514984130859375
1260,73,130,0.0004978179931640625
1261,74,130,0.0004711151123046875
1262,75,130,0.00047397613525390625
1263,76,130,0.0006051063537597656
1264,77,130,0.00047397613525390625
1265,78,130,0.00048613548278808594
1266,79,130,0.0006210803985595703
1267,80,130,0.0005419254302978516
1268,81,130,0.0005660057067871094
1269,82,130,0.0004448890686035156
1270,83,130,0.00043892860412597656
1271,84,130,0.0005769729614257812
1272,85,130,0.0006039142608642578
1273,86,130,0.0005159378051757812
1274,87,130,0.0005240440368652344
1275,88,130,0.0004661083221435547
1276,89,130,0.0005168914794921875
1277,90,130,0.0004589557647705078
1278,91,130,0.0005061626434326172
1279,92,130,0.0006248950958251953
1280,93,130,0.0005049705505371094
1281,94,130,0.0004830360412597656
1282,95,130,0.0005269050598144531
1283,96,130,0.0004558563232421875
1284,97,130,0.0005638599395751953
1285,98,130,0.000476837158203125
1286,99,130,0.00042700767517089844
1287,1,140,0.004354000091552734
1288,2,140,0.00403594970703125
1289,3,140,0.012094974517822266
1290,4,140,0.0027458667755126953
1291,5,140,0.011940956115722656
1292,6,140,0.0025708675384521484
1293,7,140,0.0023040771484375
1294,8,140,0.0021491050720214844
1295,9,140,0.002228975296020508
1296,10,140,0.002261638641357422
1297,11,140,0.0018711090087890625
1298,12,140,0.0017910003662109375
1299,13,140,0.0018579959869384766
1300,14,140,0.0016589164733886719
1301,15,140,0.0017330646514892578
1302,16,140,0.0014967918395996094
1303,17,140,0.0014448165893554688
1304,18,140,0.0015680789947509766
1305,19,140,0.00131988525390625
1306,20,140,0.0013689994812011719
1307,21,140,0.001434326171875
1308,22,140,0.0011987686157226562
1309,23,140,0.0011909008026123047
1310,24,140,0.0011029243469238281
1311,25,140,0.001238107681274414
1312,26,140,0.0012538433074951172
1313,27,140,0.0011870861053466797
1314,28,140,0.0011849403381347656
1315,29,140,0.0009911060333251953
1316,30,140,0.0011639595031738281
1317,31,140,0.0009751319885253906
1318,32,140,0.0011639595031738281
1319,33,140,0.0009012222290039062
1320,34,140,0.0011229515075683594
1321,35,140,0.0010542869567871094
1322,36,140,0.0010716915130615234
1323,37,140,0.0008609294891357422
1324,38,140,0.0009579658508300781
1325,39,140,0.003706216812133789
1326,40,140,0.0027468204498291016
1327,41,140,0.000904083251953125
1328,42,140,0.01045989990234375
1329,43,140,0.0007889270782470703
1330,44,140,0.0007581710815429688
1331,45,140,0.0007221698760986328
1332,46,140,0.0007281303405761719
1333,47,140,0.0007359981536865234
1334,48,140,0.0006630420684814453
1335,49,140,0.0007112026214599609
1336,50,140,0.0008749961853027344
1337,51,140,0.0008831024169921875
1338,52,140,0.0007839202880859375
1339,53,140,0.0008037090301513672
1340,54,140,0.000820159912109375
1341,55,140,0.0008111000061035156
1342,56,140,0.0008080005645751953
1343,57,140,0.0005881786346435547
1344,58,140,0.0007791519165039062
1345,59,140,0.0007719993591308594
1346,60,140,0.000843048095703125
1347,61,140,0.0007731914520263672
1348,62,140,0.0007572174072265625
1349,63,140,0.0007948875427246094
1350,64,140,0.0006132125854492188
1351,65,140,0.0007836818695068359
1352,66,140,0.0007350444793701172
1353,67,140,0.000701904296875
1354,68,140,0.0007607936859130859
1355,69,140,0.0007498264312744141
1356,70,140,0.0007040500640869141
1357,71,140,0.0005807876586914062
1358,72,140,0.0006968975067138672
1359,73,140,0.0007481575012207031
1360,74,140,0.0005519390106201172
1361,75,140,0.000736236572265625
1362,76,140,0.0005979537963867188
1363,77,140,0.0007250308990478516
1364,78,140,0.0005600452423095703
1365,79,140,0.0007081031799316406
1366,80,140,0.0006022453308105469
1367,81,140,0.0006108283996582031
1368,82,140,0.0004968643188476562
1369,83,140,0.0005290508270263672
1370,84,140,0.0007150173187255859
1371,85,140,0.000705718994140625
1372,86,140,0.0006442070007324219
1373,87,140,0.0006401538848876953
1374,88,140,0.0006411075592041016
1375,89,140,0.0006220340728759766
1376,90,140,0.0006451606750488281
1377,91,140,0.0005271434783935547
1378,92,140,0.0005261898040771484
1379,93,140,0.0006263256072998047
1380,94,140,0.0006241798400878906
1381,95,140,0.0005130767822265625
1382,96,140,0.0006239414215087891
1383,97,140,0.0005221366882324219
1384,98,140,0.0006539821624755859
1385,99,140,0.000514984130859375
1386,1,150,0.0053730010986328125
1387,2,150,0.004106998443603516
1388,3,150,0.0041351318359375
1389,4,150,0.0036940574645996094
1390,5,150,0.0036458969116210938
1391,6,150,0.002624034881591797
1392,7,150,0.0025949478149414062
1393,8,150,0.002532958984375
1394,9,150,0.0023572444915771484
1395,10,150,0.002441883087158203
1396,11,150,0.002393960952758789
1397,12,150,0.0022852420806884766
1398,13,150,0.0019352436065673828
1399,14,150,0.0018949508666992188
1400,15,150,0.0019540786743164062
1401,16,150,0.0016858577728271484
1402,17,150,0.001661062240600586
1403,18,150,0.0017018318176269531
1404,19,150,0.0015349388122558594
1405,20,150,0.0015959739685058594
1406,21,150,0.001580953598022461
1407,22,150,0.0014069080352783203
1408,23,150,0.0013740062713623047
1409,24,150,0.010254859924316406
1410,25,150,0.0014307498931884766
1411,26,150,0.0013298988342285156
1412,27,150,0.0011670589447021484
1413,28,150,0.0011470317840576172
1414,29,150,0.0011150836944580078
1415,30,150,0.0011341571807861328
1416,31,150,0.0012729167938232422
1417,32,150,0.0012149810791015625
1418,33,150,0.0012199878692626953
1419,34,150,0.0012519359588623047
1420,35,150,0.0010979175567626953
1421,36,150,0.010273933410644531
1422,37,150,0.0010640621185302734
1423,38,150,0.0009827613830566406
1424,39,150,0.0010859966278076172
1425,40,150,0.010275125503540039
1426,41,150,0.0010838508605957031
1427,42,150,0.0008549690246582031
1428,43,150,0.0008680820465087891
1429,44,150,0.0008721351623535156
1430,45,150,0.0008361339569091797
1431,46,150,0.0009639263153076172
1432,47,150,0.0008831024169921875
1433,48,150,0.01026296615600586
1434,49,150,0.0009500980377197266
1435,50,150,0.0009646415710449219
1436,51,150,0.0008859634399414062
1437,52,150,0.0007617473602294922
1438,53,150,0.0007879734039306641
1439,54,150,0.0009181499481201172
1440,55,150,0.0008549690246582031
1441,56,150,0.0007469654083251953
1442,57,150,0.0008580684661865234
1443,58,150,0.0006868839263916016
1444,59,150,0.0006887912750244141
1445,60,150,0.0007140636444091797
1446,61,150,0.0008771419525146484
1447,62,150,0.0006811618804931641
1448,63,150,0.0006818771362304688
1449,64,150,0.0008831024169921875
1450,65,150,0.0008878707885742188
1451,66,150,0.0007879734039306641
1452,67,150,0.0008039474487304688
1453,68,150,0.000782012939453125
1454,69,150,0.0008089542388916016
1455,70,150,0.0008392333984375
1456,71,150,0.0008509159088134766
1457,72,150,0.0007910728454589844
1458,73,150,0.0006709098815917969
1459,74,150,0.000782012939453125
1460,75,150,0.0006330013275146484
1461,76,150,0.0006220340728759766
1462,77,150,0.0006022453308105469
1463,78,150,0.0008990764617919922
1464,79,150,0.0006022453308105469
1465,80,150,0.0008161067962646484
1466,81,150,0.0007658004760742188
1467,82,150,0.0007040500640869141
1468,83,150,0.0006990432739257812
1469,84,150,0.0007171630859375
1470,85,150,0.0022919178009033203
1471,86,150,0.0009849071502685547
1472,87,150,0.0006802082061767578
1473,88,150,0.00067901611328125
1474,89,150,0.0005669593811035156
1475,90,150,0.0006339550018310547
1476,91,150,0.0005779266357421875
1477,92,150,0.0007231235504150391
1478,93,150,0.0007009506225585938
1479,94,150,0.0006971359252929688
1480,95,150,0.0006759166717529297
1481,96,150,0.0005369186401367188
1482,97,150,0.000537872314453125
1483,98,150,0.0007059574127197266
1484,99,150,0.0005621910095214844
1485,1,160,0.006231784820556641
1486,2,160,0.004992008209228516
1487,3,160,0.004602909088134766
1488,4,160,0.004297971725463867
1489,5,160,0.003883838653564453
1490,6,160,0.003512144088745117
1491,7,160,0.003387928009033203
1492,8,160,0.0029478073120117188
1493,9,160,0.002850055694580078
1494,10,160,0.0028798580169677734
1495,11,160,0.002686023712158203
1496,12,160,0.0023889541625976562
1497,13,160,0.002488851547241211
1498,14,160,0.002171039581298828
1499,15,160,0.0020003318786621094
1500,16,160,0.0021800994873046875
1501,17,160,0.001992940902709961
1502,18,160,0.0018413066864013672
1503,19,160,0.001981973648071289
1504,20,160,0.0016350746154785156
1505,21,160,0.0016570091247558594
1506,22,160,0.0015721321105957031
1507,23,160,0.0017240047454833984
1508,24,160,0.0020542144775390625
1509,25,160,0.00138092041015625
1510,26,160,0.001432180404663086
1511,27,160,0.0015101432800292969
1512,28,160,0.0012731552124023438
1513,29,160,0.0014369487762451172
1514,30,160,0.0012218952178955078
1515,31,160,0.0013489723205566406
1516,32,160,0.0013341903686523438
1517,33,160,0.0013833045959472656
1518,34,160,0.0011260509490966797
1519,35,160,0.0011477470397949219
1520,36,160,0.0013592243194580078
1521,37,160,0.0011050701141357422
1522,38,160,0.0012979507446289062
1523,39,160,0.0010738372802734375
1524,40,160,0.0010371208190917969
1525,41,160,0.0009877681732177734
1526,42,160,0.0011749267578125
1527,43,160,0.001010894775390625
1528,44,160,0.0011527538299560547
1529,45,160,0.0011091232299804688
1530,46,160,0.0008881092071533203
1531,47,160,0.0009341239929199219
1532,48,160,0.0009331703186035156
1533,49,160,0.0010619163513183594
1534,50,160,0.0010848045349121094
1535,51,160,0.0008587837219238281
1536,52,160,0.0010280609130859375
1537,53,160,0.005548000335693359
1538,54,160,0.0010561943054199219
1539,55,160,0.0008387565612792969
1540,56,160,0.0009281635284423828
1541,57,160,0.0008251667022705078
1542,58,160,0.0007929801940917969
1543,59,160,0.0009529590606689453
1544,60,160,0.0007491111755371094
1545,61,160,0.0007510185241699219
1546,62,160,0.0009529590606689453
1547,63,160,0.0010571479797363281
1548,64,160,0.0007722377777099609
1549,65,160,0.0009400844573974609
1550,66,160,0.0007281303405761719
1551,67,160,0.0009458065032958984
1552,68,160,0.0007359981536865234
1553,69,160,0.0009229183197021484
1554,70,160,0.0007610321044921875
1555,71,160,0.0007240772247314453
1556,72,160,0.0009338855743408203
1557,73,160,0.0008833408355712891
1558,74,160,0.0009520053863525391
1559,75,160,0.0031058788299560547
1560,76,160,0.0008819103240966797
1561,77,160,0.0009012222290039062
1562,78,160,0.0008521080017089844
1563,79,160,0.0007252693176269531
1564,80,160,0.0006558895111083984
1565,81,160,0.0008320808410644531
1566,82,160,0.0008089542388916016
1567,83,160,0.0006687641143798828
1568,84,160,0.0007729530334472656
1569,85,160,0.0007500648498535156
1570,86,160,0.0007650852203369141
1571,87,160,0.0006527900695800781
1572,88,160,0.0006611347198486328
1573,89,160,0.0006608963012695312
1574,90,160,0.0007760524749755859
1575,91,160,0.0006318092346191406
1576,92,160,0.0006849765777587891
1577,93,160,0.0005970001220703125
1578,94,160,0.0005922317504882812
1579,95,160,0.0006260871887207031
1580,96,160,0.0006859302520751953
1581,97,160,0.0006232261657714844
1582,98,160,0.0006079673767089844
1583,99,160,0.0006458759307861328
1584,1,170,0.007164716720581055
1585,2,170,0.005560874938964844
1586,3,170,0.0047359466552734375
1587,4,170,0.004617929458618164
1588,5,170,0.00427699089050293
1589,6,170,0.003323793411254883
1590,7,170,0.0034019947052001953
1591,8,170,0.0031900405883789062
1592,9,170,0.0031588077545166016
1593,10,170,0.003062009811401367
1594,11,170,0.002833843231201172
1595,12,170,0.002708911895751953
1596,13,170,0.0024509429931640625
1597,14,170,0.0024073123931884766
1598,15,170,0.0022780895233154297
1599,16,170,0.002150297164916992
1600,17,170,0.0021932125091552734
1601,18,170,0.0019919872283935547
1602,19,170,0.002007007598876953
1603,20,170,0.0019168853759765625
1604,21,170,0.0018181800842285156
1605,22,170,0.0019578933715820312
1606,23,170,0.0016739368438720703
1607,24,170,0.0019137859344482422
1608,25,170,0.005812168121337891
1609,26,170,0.0015861988067626953
1610,27,170,0.0015330314636230469
1611,28,170,0.0014841556549072266
1612,29,170,0.008086204528808594
1613,30,170,0.0014050006866455078
1614,31,170,0.0013399124145507812
1615,32,170,0.0015730857849121094
1616,33,170,0.0012989044189453125
1617,34,170,0.0013120174407958984
1618,35,170,0.0012271404266357422
1619,36,170,0.0014100074768066406
1620,37,170,0.001374959945678711
1621,38,170,0.0014450550079345703
1622,39,170,0.0013530254364013672
1623,40,170,0.0011718273162841797
1624,41,170,0.0011053085327148438
1625,42,170,0.0011281967163085938
1626,43,170,0.0010962486267089844
1627,44,170,0.0010318756103515625
1628,45,170,0.0010669231414794922
1629,46,170,0.0011641979217529297
1630,47,170,0.0010716915130615234
1631,48,170,0.0010180473327636719
1632,49,170,0.0010151863098144531
1633,50,170,0.0009839534759521484
1634,51,170,0.0011739730834960938
1635,52,170,0.001155853271484375
1636,53,170,0.007443904876708984
1637,54,170,0.0015099048614501953
1638,55,170,0.0009438991546630859
1639,56,170,0.0009250640869140625
1640,57,170,0.001050710678100586
1641,58,170,0.0008709430694580078
1642,59,170,0.0008981227874755859
1643,60,170,0.0010690689086914062
1644,61,170,0.0010848045349121094
1645,62,170,0.0010890960693359375
1646,63,170,0.0008299350738525391
1647,64,170,0.0008211135864257812
1648,65,170,0.0008149147033691406
1649,66,170,0.0009539127349853516
1650,67,170,0.0007741451263427734
1651,68,170,0.0008001327514648438
1652,69,170,0.0009620189666748047
1653,70,170,0.000965118408203125
1654,71,170,0.000782012939453125
1655,72,170,0.0007610321044921875
1656,73,170,0.0007979869842529297
1657,74,170,0.0007989406585693359
1658,75,170,0.0009129047393798828
1659,76,170,0.0007600784301757812
1660,77,170,0.010387897491455078
1661,78,170,0.002824068069458008
1662,79,170,0.0007741451263427734
1663,80,170,0.0009510517120361328
1664,81,170,0.0007386207580566406
1665,82,170,0.000911712646484375
1666,83,170,0.0007200241088867188
1667,84,170,0.0007369518280029297
1668,85,170,0.0008687973022460938
1669,86,170,0.0007140636444091797
1670,87,170,0.0008380413055419922
1671,88,170,0.0008409023284912109
1672,89,170,0.0007028579711914062
1673,90,170,0.0007119178771972656
1674,91,170,0.0007889270782470703
1675,92,170,0.0007870197296142578
1676,93,170,0.0007860660552978516
1677,94,170,0.0008320808410644531
1678,95,170,0.0006849765777587891
1679,96,170,0.0007033348083496094
1680,97,170,0.0006861686706542969
1681,98,170,0.0006480216979980469
1682,99,170,0.0006809234619140625
1683,1,180,0.0070171356201171875
1684,2,180,0.006531953811645508
1685,3,180,0.0053958892822265625
1686,4,180,0.0054891109466552734
1687,5,180,0.004042863845825195
1688,6,180,0.003796100616455078
1689,7,180,0.0037910938262939453
1690,8,180,0.005787849426269531
1691,9,180,0.010365962982177734
1692,10,180,0.007711887359619141
1693,11,180,0.0032150745391845703
1694,12,180,0.0029430389404296875
1695,13,180,0.0030210018157958984
1696,14,180,0.002711057662963867
1697,15,180,0.0025260448455810547
1698,16,180,0.0023949146270751953
1699,17,180,0.004118204116821289
1700,18,180,0.002546072006225586
1701,19,180,0.002456188201904297
1702,20,180,0.002376079559326172
1703,21,180,0.0021126270294189453
1704,22,180,0.002235889434814453
1705,23,180,0.0022499561309814453
1706,24,180,0.002103090286254883
1707,25,180,0.002134084701538086
1708,26,180,0.002045869827270508
1709,27,180,0.001692056655883789
1710,28,180,0.0018699169158935547
1711,29,180,0.004976987838745117
1712,30,180,0.0027799606323242188
1713,31,180,0.0016319751739501953
1714,32,180,0.0014591217041015625
1715,33,180,0.001477956771850586
1716,34,180,0.0014119148254394531
1717,35,180,0.0013692378997802734
1718,36,180,0.0013539791107177734
1719,37,180,0.0014851093292236328
1720,38,180,0.0016360282897949219
1721,39,180,0.0015480518341064453
1722,40,180,0.0014870166778564453
1723,41,180,0.0014598369598388672
1724,42,180,0.0015518665313720703
1725,43,180,0.0014638900756835938
1726,44,180,0.007175922393798828
1727,45,180,0.0014579296112060547
1728,46,180,0.0014238357543945312
1729,47,180,0.001132965087890625
1730,48,180,0.0011219978332519531
1731,49,180,0.0011031627655029297
1732,50,180,0.0010898113250732422
1733,51,180,0.001239776611328125
1734,52,180,0.010396003723144531
1735,53,180,0.0013418197631835938
1736,54,180,0.0013148784637451172
1737,55,180,0.0010118484497070312
1738,56,180,0.0010151863098144531
1739,57,180,0.0009911060333251953
1740,58,180,0.0012249946594238281
1741,59,180,0.0012428760528564453
1742,60,180,0.0012538433074951172
1743,61,180,0.001255035400390625
1744,62,180,0.0012028217315673828
1745,63,180,0.0009300708770751953
1746,64,180,0.0011899471282958984
1747,65,180,0.0011568069458007812
1748,66,180,0.0009169578552246094
1749,67,180,0.0008940696716308594
1750,68,180,0.0008718967437744141
1751,69,180,0.0008618831634521484
1752,70,180,0.0008118152618408203
1753,71,180,0.0008356571197509766
1754,72,180,0.0010712146759033203
1755,73,180,0.0010900497436523438
1756,74,180,0.00084686279296875
1757,75,180,0.0008409023284912109
1758,76,180,0.0011551380157470703
1759,77,180,0.001062154769897461
1760,78,180,0.0011069774627685547
1761,79,180,0.0008368492126464844
1762,80,180,0.0008502006530761719
1763,81,180,0.0008120536804199219
1764,82,180,0.0008020401000976562
1765,83,180,0.002273082733154297
1766,84,180,0.0010182857513427734
1767,85,180,0.0007839202880859375
1768,86,180,0.0010650157928466797
1769,87,180,0.0008089542388916016
1770,88,180,0.006059885025024414
1771,89,180,0.0008561611175537109
1772,90,180,0.0013778209686279297
1773,91,180,0.0009548664093017578
1774,92,180,0.0007750988006591797
1775,93,180,0.0007810592651367188
1776,94,180,0.0009891986846923828
1777,95,180,0.0009300708770751953
1778,96,180,0.0008280277252197266
1779,97,180,0.0009169578552246094
1780,98,180,0.0009100437164306641
1781,99,180,0.0009350776672363281
1782,1,190,0.007411956787109375
1783,2,190,0.005632162094116211
1784,3,190,0.006457090377807617
1785,4,190,0.005660057067871094
1786,5,190,0.004704952239990234
1787,6,190,0.004206657409667969
1788,7,190,0.010797739028930664
1789,8,190,0.0039789676666259766
1790,9,190,0.0036771297454833984
1791,10,190,0.003549814224243164
1792,11,190,0.0034322738647460938
1793,12,190,0.003451824188232422
1794,13,190,0.0031023025512695312
1795,14,190,0.0030150413513183594
1796,15,190,0.010361909866333008
1797,16,190,0.0029027462005615234
1798,17,190,0.0028672218322753906
1799,18,190,0.010438919067382812
1800,19,190,0.002788066864013672
1801,20,190,0.002368927001953125
1802,21,190,0.0027811527252197266
1803,22,190,0.0025300979614257812
1804,23,190,0.0023779869079589844
1805,24,190,0.0021882057189941406
1806,25,190,0.0023033618927001953
1807,26,190,0.0019309520721435547
1808,27,190,0.0018811225891113281
1809,28,190,0.0018298625946044922
1810,29,190,0.0017879009246826172
1811,30,190,0.002054929733276367
1812,31,190,0.0016798973083496094
1813,32,190,0.0018780231475830078
1814,33,190,0.001596212387084961
1815,34,190,0.0019032955169677734
1816,35,190,0.0018649101257324219
1817,36,190,0.0017910003662109375
1818,37,190,0.0018000602722167969
1819,38,190,0.0018339157104492188
1820,39,190,0.001474142074584961
1821,40,190,0.001650094985961914
1822,41,190,0.0016896724700927734
1823,42,190,0.001361846923828125
1824,43,190,0.0013470649719238281
1825,44,190,0.010433197021484375
1826,45,190,0.001641988754272461
1827,46,190,0.0015308856964111328
1828,47,190,0.0015828609466552734
1829,48,190,0.0012819766998291016
1830,49,190,0.00127410888671875
1831,50,190,0.0012540817260742188
1832,51,190,0.0014801025390625
1833,52,190,0.0012078285217285156
1834,53,190,0.0011398792266845703
1835,54,190,0.001135110855102539
1836,55,190,0.0014090538024902344
1837,56,190,0.0051116943359375
1838,57,190,0.0014157295227050781
1839,58,190,0.0011281967163085938
1840,59,190,0.0014190673828125
1841,60,190,0.0010921955108642578
1842,61,190,0.001377105712890625
1843,62,190,0.0013587474822998047
1844,63,190,0.0013740062713623047
1845,64,190,0.0010433197021484375
1846,65,190,0.001110076904296875
1847,66,190,0.0012810230255126953
1848,67,190,0.0009808540344238281
1849,68,190,0.0013186931610107422
1850,69,190,0.0009891986846923828
1851,70,190,0.0009567737579345703
1852,71,190,0.0009670257568359375
1853,72,190,0.0011928081512451172
1854,73,190,0.0009438991546630859
1855,74,190,0.010741949081420898
1856,75,190,0.005012989044189453
1857,76,190,0.0017406940460205078
1858,77,190,0.001977205276489258
1859,78,190,0.009536981582641602
1860,79,190,0.0020432472229003906
1861,80,190,0.008341073989868164
1862,81,190,0.0018990039825439453
1863,82,190,0.0015017986297607422
1864,83,190,0.01187896728515625
1865,84,190,0.0022270679473876953
1866,85,190,0.0017771720886230469
1867,86,190,0.004019975662231445
1868,87,190,0.0025510787963867188
1869,88,190,0.00656890869140625
1870,89,190,0.0012369155883789062
1871,90,190,0.0009617805480957031
1872,91,190,0.0027132034301757812
1873,92,190,0.010896921157836914
1874,93,190,0.009390115737915039
1875,94,190,0.000904083251953125
1876,95,190,0.0008800029754638672
1877,96,190,0.0008471012115478516
1878,97,190,0.0008270740509033203
1879,98,190,0.0007941722869873047
1880,99,190,0.0012240409851074219
1881,1,200,0.009949922561645508
1882,2,200,0.006623983383178711
1883,3,200,0.0063381195068359375
1884,4,200,0.005727052688598633
1885,5,200,0.004952192306518555
1886,6,200,0.004586935043334961
1887,7,200,0.010422945022583008
1888,8,200,0.004332065582275391
1889,9,200,0.00790095329284668
1890,10,200,0.0040130615234375
1891,11,200,0.003782987594604492
1892,12,200,0.003592252731323242
1893,13,200,0.009616851806640625
1894,14,200,0.0034580230712890625
1895,15,200,0.003484010696411133
1896,16,200,0.0029768943786621094
1897,17,200,0.002918243408203125
1898,18,200,0.002780914306640625
1899,19,200,0.0026900768280029297
1900,20,200,0.0027480125427246094
1901,21,200,0.002844095230102539
1902,22,200,0.0025730133056640625
1903,23,200,0.0027208328247070312
1904,24,200,0.002750873565673828
1905,25,200,0.0024051666259765625
1906,26,200,0.0023119449615478516
1907,27,200,0.0020537376403808594
1908,28,200,0.0020148754119873047
1909,29,200,0.00232696533203125
1910,30,200,0.0022079944610595703
1911,31,200,0.0019078254699707031
1912,32,200,0.0021789073944091797
1913,33,200,0.002162933349609375
1914,34,200,0.0020830631256103516
1915,35,200,0.002020120620727539
1916,36,200,0.0017731189727783203
1917,37,200,0.0019540786743164062
1918,38,200,0.002068042755126953
1919,39,200,0.00201416015625
1920,40,200,0.0018203258514404297
1921,41,200,0.001847982406616211
1922,42,200,0.0015349388122558594
1923,43,200,0.0015578269958496094
1924,44,200,0.0018477439880371094
1925,45,200,0.001828908920288086
1926,46,200,0.0014491081237792969
1927,47,200,0.0016551017761230469
1928,48,200,0.0016391277313232422
1929,49,200,0.0017600059509277344
1930,50,200,0.0016732215881347656
1931,51,200,0.0016183853149414062
1932,52,200,0.0015728473663330078
1933,53,200,0.0013668537139892578
1934,54,200,0.0015406608581542969
1935,55,200,0.00164794921875
1936,56,200,0.0015861988067626953
1937,57,200,0.0012307167053222656
1938,58,200,0.0012280941009521484
1939,59,200,0.00125885009765625
1940,60,200,0.0014660358428955078
1941,61,200,0.0011839866638183594
1942,62,200,0.0015149116516113281
1943,63,200,0.0011341571807861328
1944,64,200,0.0011298656463623047
1945,65,200,0.0014526844024658203
1946,66,200,0.0011150836944580078
1947,67,200,0.0011141300201416016
1948,68,200,0.0014240741729736328
1949,69,200,0.0010819435119628906
1950,70,200,0.0010530948638916016
1951,71,200,0.0011022090911865234
1952,72,200,0.0010318756103515625
1953,73,200,0.0010631084442138672
1954,74,200,0.0010459423065185547
1955,75,200,0.0013418197631835938
1956,76,200,0.001291036605834961
1957,77,200,0.0009741783142089844
1958,78,200,0.0009491443634033203
1959,79,200,0.0013267993927001953
1960,80,200,0.000982046127319336
1961,81,200,0.0012009143829345703
1962,82,200,0.0009851455688476562
1963,83,200,0.0011851787567138672
1964,84,200,0.0009591579437255859
1965,85,200,0.0011529922485351562
1966,86,200,0.0009400844573974609
1967,87,200,0.0009760856628417969
1968,88,200,0.0043430328369140625
1969,89,200,0.0011548995971679688
1970,90,200,0.0037908554077148438
1971,91,200,0.000946044921875
1972,92,200,0.005396842956542969
1973,93,200,0.001009225845336914
1974,94,200,0.0010991096496582031
1975,95,200,0.0054929256439208984
1976,96,200,0.0011479854583740234
1977,97,200,0.0010828971862792969
1978,98,200,0.0009191036224365234
1979,99,200,0.0009300708770751953
1980,1,210,0.00954890251159668
1981,2,210,0.007222175598144531
1982,3,210,0.005825996398925781
1983,4,210,0.0065572261810302734
1984,5,210,0.005638837814331055
1985,6,210,0.005213022232055664
1986,7,210,0.005090236663818359
1987,8,210,0.005021810531616211
1988,9,210,0.004769802093505859
1989,10,210,0.004809141159057617
1990,11,210,0.004083871841430664
1991,12,210,0.004040241241455078
1992,13,210,0.003665924072265625
1993,14,210,0.003654956817626953
1994,15,210,0.003858327865600586
1995,16,210,0.0032072067260742188
1996,17,210,0.0034170150756835938
1997,18,210,0.003014087677001953
1998,19,210,0.0029611587524414062
1999,20,210,0.002871990203857422
2000,21,210,0.002722024917602539
2001,22,210,0.0030460357666015625
2002,23,210,0.002880096435546875
2003,24,210,0.0028829574584960938
2004,25,210,0.002746105194091797
2005,26,210,0.002535104751586914
2006,27,210,0.002229928970336914
2007,28,210,0.0021791458129882812
2008,29,210,0.002480745315551758
2009,30,210,0.0025649070739746094
2010,31,210,0.002376079559326172
2011,32,210,0.002424955368041992
2012,33,210,0.0019550323486328125
2013,34,210,0.002270936965942383
2014,35,210,0.0018491744995117188
2015,36,210,0.0017850399017333984
2016,37,210,0.0020830631256103516
2017,38,210,0.0017268657684326172
2018,39,210,0.0016629695892333984
2019,40,210,0.001683950424194336
2020,41,210,0.010549068450927734
2021,42,210,0.002010822296142578
2022,43,210,0.002032041549682617
2023,44,210,0.0016138553619384766
2024,45,210,0.0015900135040283203
2025,46,210,0.0017590522766113281
2026,47,210,0.0015609264373779297
2027,48,210,0.0015480518341064453
2028,49,210,0.003280162811279297
2029,50,210,0.0019028186798095703
2030,51,210,0.0018978118896484375
2031,52,210,0.001444101333618164
2032,53,210,0.0014467239379882812
2033,54,210,0.0017728805541992188
2034,55,210,0.0016901493072509766
2035,56,210,0.0013539791107177734
2036,57,210,0.0013418197631835938
2037,58,210,0.0013370513916015625
2038,59,210,0.0012810230255126953
2039,60,210,0.0016629695892333984
2040,61,210,0.0013759136199951172
2041,62,210,0.0016980171203613281
2042,63,210,0.0016121864318847656
2043,64,210,0.001573801040649414
2044,65,210,0.0015900135040283203
2045,66,210,0.0015680789947509766
2046,67,210,0.010492801666259766
2047,68,210,0.001650094985961914
2048,69,210,0.0016078948974609375
2049,70,210,0.0014510154724121094
2050,71,210,0.0016429424285888672
2051,72,210,0.001522064208984375
2052,73,210,0.0011699199676513672
2053,74,210,0.0011599063873291016
2054,75,210,0.0011467933654785156
2055,76,210,0.0011358261108398438
2056,77,210,0.0060460567474365234
2057,78,210,0.0011401176452636719
2058,79,210,0.0011010169982910156
2059,80,210,0.010413646697998047
2060,81,210,0.00850367546081543
2061,82,210,0.0038597583770751953
2062,83,210,0.0014050006866455078
2063,84,210,0.00609588623046875
2064,85,210,0.0011649131774902344
2065,86,210,0.0013720989227294922
2066,87,210,0.0010869503021240234
2067,88,210,0.004173994064331055
2068,89,210,0.0013592243194580078
2069,90,210,0.0013339519500732422
2070,91,210,0.0012981891632080078
2071,92,210,0.0010139942169189453
2072,93,210,0.001001119613647461
2073,94,210,0.0013318061828613281
2074,95,210,0.0009891986846923828
2075,96,210,0.0009899139404296875
2076,97,210,0.0009992122650146484
2077,98,210,0.000965118408203125
2078,99,210,0.0011620521545410156
2079,1,220,0.012084007263183594
2080,2,220,0.009676933288574219
2081,3,220,0.0075647830963134766
2082,4,220,0.008680105209350586
2083,5,220,0.0071620941162109375
2084,6,220,0.005569934844970703
2085,7,220,0.0055119991302490234
2086,8,220,0.00525212287902832
2087,9,220,0.0048940181732177734
2088,10,220,0.00479578971862793
2089,11,220,0.004912137985229492
2090,12,220,0.01050114631652832
2091,13,220,0.010558128356933594
2092,14,220,0.004176139831542969
2093,15,220,0.0037980079650878906
2094,16,220,0.003985881805419922
2095,17,220,0.003470182418823242
2096,18,220,0.003335237503051758
2097,19,220,0.0031778812408447266
2098,20,220,0.0030281543731689453
2099,21,220,0.0030689239501953125
2100,22,220,0.010500192642211914
2101,23,220,0.002869129180908203
2102,24,220,0.002996206283569336
2103,25,220,0.0026578903198242188
2104,26,220,0.002808809280395508
2105,27,220,0.002769947052001953
2106,28,220,0.002835988998413086
2107,29,220,0.002750873565673828
2108,30,220,0.002669811248779297
2109,31,220,0.0022039413452148438
2110,32,220,0.002477884292602539
2111,33,220,0.002157926559448242
2112,34,220,0.002511739730834961
2113,35,220,0.002441883087158203
2114,36,220,0.0019860267639160156
2115,37,220,0.001965045928955078
2116,38,220,0.0018780231475830078
2117,39,220,0.0021240711212158203
2118,40,220,0.002101898193359375
2119,41,220,0.002180814743041992
2120,42,220,0.0018029212951660156
2121,43,220,0.0017242431640625
2122,44,220,0.0017306804656982422
2123,45,220,0.0016908645629882812
2124,46,220,0.0016927719116210938
2125,47,220,0.0017180442810058594
2126,48,220,0.0016388893127441406
2127,49,220,0.0019850730895996094
2128,50,220,0.0016198158264160156
2129,51,220,0.001605987548828125
2130,52,220,0.0015630722045898438
2131,53,220,0.0015408992767333984
2132,54,220,0.0015401840209960938
2133,55,220,0.0015540122985839844
2134,56,220,0.0015170574188232422
2135,57,220,0.0021767616271972656
2136,58,220,0.001773834228515625
2137,59,220,0.0019490718841552734
2138,60,220,0.0018038749694824219
2139,61,220,0.0014300346374511719
2140,62,220,0.011007070541381836
2141,63,220,0.0017538070678710938
2142,64,220,0.0018029212951660156
2143,65,220,0.0016469955444335938
2144,66,220,0.0014641284942626953
2145,67,220,0.0013501644134521484
2146,68,220,0.0013718605041503906
2147,69,220,0.0013010501861572266
2148,70,220,0.0013022422790527344
2149,71,220,0.0016748905181884766
2150,72,220,0.0012891292572021484
2151,73,220,0.0016319751739501953
2152,74,220,0.0015342235565185547
2153,75,220,0.001219034194946289
2154,76,220,0.0012328624725341797
2155,77,220,0.0012021064758300781
2156,78,220,0.001252889633178711
2157,79,220,0.001196146011352539
2158,80,220,0.0014491081237792969
2159,81,220,0.010429859161376953
2160,82,220,0.0014758110046386719
2161,83,220,0.0011219978332519531
2162,84,220,0.007055044174194336
2163,85,220,0.0019299983978271484
2164,86,220,0.0013608932495117188
2165,87,220,0.0013070106506347656
2166,88,220,0.0015430450439453125
2167,89,220,0.001474142074584961
2168,90,220,0.0010929107666015625
2169,91,220,0.01044011116027832
2170,92,220,0.0013628005981445312
2171,93,220,0.0011010169982910156
2172,94,220,0.004630088806152344
2173,95,220,0.0011248588562011719
2174,96,220,0.0012516975402832031
2175,97,220,0.0010809898376464844
2176,98,220,0.0011229515075683594
2177,99,220,0.0013492107391357422
2178,1,230,0.012464761734008789
2179,2,230,0.009749889373779297
2180,3,230,0.009650945663452148
2181,4,230,0.008601903915405273
2182,5,230,0.007112979888916016
2183,6,230,0.007016181945800781
2184,7,230,0.006231069564819336
2185,8,230,0.0123138427734375
2186,9,230,0.005351066589355469
2187,10,230,0.0050678253173828125
2188,11,230,0.0051310062408447266
2189,12,230,0.005071163177490234
2190,13,230,0.004795074462890625
2191,14,230,0.004457950592041016
2192,15,230,0.004137754440307617
2193,16,230,0.0044062137603759766
2194,17,230,0.0037598609924316406
2195,18,230,0.010572195053100586
2196,19,230,0.0039441585540771484
2197,20,230,0.0037529468536376953
2198,21,230,0.003342866897583008
2199,22,230,0.0031731128692626953
2200,23,230,0.0030770301818847656
2201,24,230,0.002990245819091797
2202,25,230,0.0031049251556396484
2203,26,230,0.003256082534790039
2204,27,230,0.0030689239501953125
2205,28,230,0.002671957015991211
2206,29,230,0.0028710365295410156
2207,30,230,0.0024118423461914062
2208,31,230,0.0027980804443359375
2209,32,230,0.00275421142578125
2210,33,230,0.0027980804443359375
2211,34,230,0.002605915069580078
2212,35,230,0.0022430419921875
2213,36,230,0.0022499561309814453
2214,37,230,0.0025398731231689453
2215,38,230,0.0021309852600097656
2216,39,230,0.0020780563354492188
2217,40,230,0.0024750232696533203
2218,41,230,0.001961946487426758
2219,42,230,0.0023069381713867188
2220,43,230,0.010627985000610352
2221,44,230,0.0019330978393554688
2222,45,230,0.0022339820861816406
2223,46,230,0.0018351078033447266
2224,47,230,0.002174854278564453
2225,48,230,0.0018768310546875
2226,49,230,0.0017740726470947266
2227,50,230,0.002051830291748047
2228,51,230,0.002180814743041992
2229,52,230,0.001699209213256836
2230,53,230,0.0017230510711669922
2231,54,230,0.008442163467407227
2232,55,230,0.0021271705627441406
2233,56,230,0.0016219615936279297
2234,57,230,0.0016469955444335938
2235,58,230,0.0015780925750732422
2236,59,230,0.001870870590209961
2237,60,230,0.0015239715576171875
2238,61,230,0.0015442371368408203
2239,62,230,0.0018491744995117188
2240,63,230,0.0014941692352294922
2241,64,230,0.0014657974243164062
2242,65,230,0.0018808841705322266
2243,66,230,0.0014259815216064453
2244,67,230,0.0018398761749267578
2245,68,230,0.0014841556549072266
2246,69,230,0.001750946044921875
2247,70,230,0.001950979232788086
2248,71,230,0.0013942718505859375
2249,72,230,0.0014469623565673828
2250,73,230,0.0013556480407714844
2251,74,230,0.0013089179992675781
2252,75,230,0.001687765121459961
2253,76,230,0.0013556480407714844
2254,77,230,0.0016939640045166016
2255,78,230,0.0016241073608398438
2256,79,230,0.0017399787902832031
2257,80,230,0.0016629695892333984
2258,81,230,0.0012810230255126953
2259,82,230,0.0016257762908935547
2260,83,230,0.0015859603881835938
2261,84,230,0.0012621879577636719
2262,85,230,0.0015101432800292969
2263,86,230,0.0012359619140625
2264,87,230,0.0016062259674072266
2265,88,230,0.0013687610626220703
2266,89,230,0.001177072525024414
2267,90,230,0.0011332035064697266
2268,91,230,0.0011870861053466797
2269,92,230,0.0015039443969726562
2270,93,230,0.001458883285522461
2271,94,230,0.0013737678527832031
2272,95,230,0.001346588134765625
2273,96,230,0.0014216899871826172
2274,97,230,0.0013501644134521484
2275,98,230,0.0014121532440185547
2276,99,230,0.0011680126190185547
2277,1,240,0.013180971145629883
2278,2,240,0.009148836135864258
2279,3,240,0.007620811462402344
2280,4,240,0.007855653762817383
2281,5,240,0.008608102798461914
2282,6,240,0.007908105850219727
2283,7,240,0.007036924362182617
2284,8,240,0.006203889846801758
2285,9,240,0.005842924118041992
2286,10,240,0.005651950836181641
2287,11,240,0.0059430599212646484
2288,12,240,0.005485057830810547
2289,13,240,0.004945039749145508
2290,14,240,0.004718780517578125
2291,15,240,0.0049190521240234375
2292,16,240,0.004303693771362305
2293,17,240,0.004426002502441406
2294,18,240,0.004130125045776367
2295,19,240,0.0037980079650878906
2296,20,240,0.003957986831665039
2297,21,240,0.0040171146392822266
2298,22,240,0.0034592151641845703
2299,23,240,0.00392603874206543
2300,24,240,0.0033206939697265625
2301,25,240,0.003443002700805664
2302,26,240,0.002948760986328125
2303,27,240,0.0029609203338623047
2304,28,240,0.0028352737426757812
2305,29,240,0.003170013427734375
2306,30,240,0.003081083297729492
2307,31,240,0.0030469894409179688
2308,32,240,0.002610921859741211
2309,33,240,0.00290679931640625
2310,34,240,0.0027811527252197266
2311,35,240,0.0024101734161376953
2312,36,240,0.0028548240661621094
2313,37,240,0.002705097198486328
2314,38,240,0.002686023712158203
2315,39,240,0.002248048782348633
2316,40,240,0.002576112747192383
2317,41,240,0.002569913864135742
2318,42,240,0.002034902572631836
2319,43,240,0.002029895782470703
2320,44,240,0.0023651123046875
2321,45,240,0.002404928207397461
2322,46,240,0.0020492076873779297
2323,47,240,0.001909017562866211
2324,48,240,0.0024139881134033203
2325,49,240,0.002254009246826172
2326,50,240,0.0018453598022460938
2327,51,240,0.0018780231475830078
2328,52,240,0.002184152603149414
2329,53,240,0.0022830963134765625
2330,54,240,0.0017962455749511719
2331,55,240,0.001821279525756836
2332,56,240,0.0017688274383544922
2333,57,240,0.0017468929290771484
2334,58,240,0.0017650127410888672
2335,59,240,0.0017521381378173828
2336,60,240,0.0019850730895996094
2337,61,240,0.0016617774963378906
2338,62,240,0.001683950424194336
2339,63,240,0.001650094985961914
2340,64,240,0.0016140937805175781
2341,65,240,0.0016150474548339844
2342,66,240,0.0020818710327148438
2343,67,240,0.0018849372863769531
2344,68,240,0.002019166946411133
2345,69,240,0.0019099712371826172
2346,70,240,0.0019237995147705078
2347,71,240,0.001964092254638672
2348,72,240,0.001542806625366211
2349,73,240,0.0018491744995117188
2350,74,240,0.0014767646789550781
2351,75,240,0.0014841556549072266
2352,76,240,0.0014538764953613281
2353,77,240,0.0014371871948242188
2354,78,240,0.001850128173828125
2355,79,240,0.001435995101928711
2356,80,240,0.0014028549194335938
2357,81,240,0.0014121532440185547
2358,82,240,0.0017621517181396484
2359,83,240,0.001383066177368164
2360,84,240,0.001338958740234375
2361,85,240,0.0013890266418457031
2362,86,240,0.0013349056243896484
2363,87,240,0.0013608932495117188
2364,88,240,0.0013270378112792969
2365,89,240,0.0012748241424560547
2366,90,240,0.0016140937805175781
2367,91,240,0.0012359619140625
2368,92,240,0.0012581348419189453
2369,93,240,0.001542806625366211
2370,94,240,0.0014171600341796875
2371,95,240,0.001589059829711914
2372,96,240,0.0014488697052001953
2373,97,240,0.0012240409851074219
2374,98,240,0.0012068748474121094
2375,99,240,0.001238107681274414
2376,1,250,0.013257265090942383
2377,2,250,0.010096311569213867
2378,3,250,0.008445978164672852
2379,4,250,0.009316205978393555
2380,5,250,0.0077359676361083984
2381,6,250,0.008116006851196289
2382,7,250,0.007141828536987305
2383,8,250,0.006767749786376953
2384,9,250,0.006772041320800781
2385,10,250,0.006014108657836914
2386,11,250,0.006430149078369141
2387,12,250,0.005524158477783203
2388,13,250,0.0053119659423828125
2389,14,250,0.0050809383392333984
2390,15,250,0.005321025848388672
2391,16,250,0.004605770111083984
2392,17,250,0.005032062530517578
2393,18,250,0.004258632659912109
2394,19,250,0.004370927810668945
2395,20,250,0.003981113433837891
2396,21,250,0.0038919448852539062
2397,22,250,0.0042231082916259766
2398,23,250,0.0040740966796875
2399,24,250,0.0038721561431884766
2400,25,250,0.0033321380615234375
2401,26,250,0.003620147705078125
2402,27,250,0.0035712718963623047
2403,28,250,0.0030579566955566406
2404,29,250,0.003515958786010742
2405,30,250,0.003329038619995117
2406,31,250,0.0028281211853027344
2407,32,250,0.0032787322998046875
2408,33,250,0.003206014633178711
2409,34,250,0.003092050552368164
2410,35,250,0.0030608177185058594
2411,36,250,0.0026023387908935547
2412,37,250,0.002892017364501953
2413,38,250,0.0029571056365966797
2414,39,250,0.0028350353240966797
2415,40,250,0.002753019332885742
2416,41,250,0.0023038387298583984
2417,42,250,0.0023221969604492188
2418,43,250,0.002579927444458008
2419,44,250,0.0021581649780273438
2420,45,250,0.0026748180389404297
2421,46,250,0.0020682811737060547
2422,47,250,0.002145051956176758
2423,48,250,0.0025310516357421875
2424,49,250,0.0020720958709716797
2425,50,250,0.0020160675048828125
2426,51,250,0.002151966094970703
2427,52,250,0.0025491714477539062
2428,53,250,0.0019791126251220703
2429,54,250,0.002301931381225586
2430,55,250,0.0023431777954101562
2431,56,250,0.0025730133056640625
2432,57,250,0.00191497802734375
2433,58,250,0.0023500919342041016
2434,59,250,0.0023119449615478516
2435,60,250,0.001870870590209961
2436,61,250,0.0023849010467529297
2437,62,250,0.0022962093353271484
2438,63,250,0.0017480850219726562
2439,64,250,0.0019099712371826172
2440,65,250,0.0017218589782714844
2441,66,250,0.0017287731170654297
2442,67,250,0.0017199516296386719
2443,68,250,0.0016238689422607422
2444,69,250,0.004434108734130859
2445,70,250,0.0016930103302001953
2446,71,250,0.007567167282104492
2447,72,250,0.001912832260131836
2448,73,250,0.0016467571258544922
2449,74,250,0.0016241073608398438
2450,75,250,0.0020220279693603516
2451,76,250,0.0021822452545166016
2452,77,250,0.002065896987915039
2453,78,250,0.00199127197265625
2454,79,250,0.0020580291748046875
2455,80,250,0.001483917236328125
2456,81,250,0.0019142627716064453
2457,82,250,0.0018458366394042969
2458,83,250,0.005379915237426758
2459,84,250,0.0020051002502441406
2460,85,250,0.0015139579772949219
2461,86,250,0.0014920234680175781
2462,87,250,0.0021080970764160156
2463,88,250,0.0018429756164550781
2464,89,250,0.0017971992492675781
2465,90,250,0.0014851093292236328
2466,91,250,0.0014331340789794922
2467,92,250,0.0021331310272216797
2468,93,250,0.001641988754272461
2469,94,250,0.0013887882232666016
2470,95,250,0.0013620853424072266
2471,96,250,0.0014870166778564453
2472,97,250,0.0013210773468017578
2473,98,250,0.0027561187744140625
2474,99,250,0.0015559196472167969
2475,1,260,0.018444061279296875
2476,2,260,0.012559890747070312
2477,3,260,0.010714054107666016
2478,4,260,0.009998083114624023
2479,5,260,0.01023411750793457
2480,6,260,0.00878286361694336
2481,7,260,0.007703065872192383
2482,8,260,0.007425069808959961
2483,9,260,0.007280826568603516
2484,10,260,0.007044076919555664
2485,11,260,0.00656890869140625
2486,12,260,0.006668806076049805
2487,13,260,0.00594782829284668
2488,14,260,0.005800962448120117
2489,15,260,0.00547480583190918
2490,16,260,0.005587339401245117
2491,17,260,0.00557398796081543
2492,18,260,0.005054950714111328
2493,19,260,0.005044221878051758
2494,20,260,0.004345893859863281
2495,21,260,0.004670858383178711
2496,22,260,0.00403285026550293
2497,23,260,0.003923892974853516
2498,24,260,0.004347085952758789
2499,25,260,0.004115104675292969
2500,26,260,0.003718852996826172
2501,27,260,0.0034918785095214844
2502,28,260,0.003690958023071289
2503,29,260,0.003325939178466797
2504,30,260,0.0031480789184570312
2505,31,260,0.003087759017944336
2506,32,260,0.007571220397949219
2507,33,260,0.0034210681915283203
2508,34,260,0.003400087356567383
2509,35,260,0.003390789031982422
2510,36,260,0.002832174301147461
2511,37,260,0.0032482147216796875
2512,38,260,0.0032401084899902344
2513,39,260,0.0025777816772460938
2514,40,260,0.002541065216064453
2515,41,260,0.0030798912048339844
2516,42,260,0.0028638839721679688
2517,43,260,0.002803802490234375
2518,44,260,0.002928018569946289
2519,45,260,0.0026788711547851562
2520,46,260,0.004030942916870117
2521,47,260,0.0026569366455078125
2522,48,260,0.0026781558990478516
2523,49,260,0.0022640228271484375
2524,50,260,0.0022430419921875
2525,51,260,0.0025119781494140625
2526,52,260,0.002596139907836914
2527,53,260,0.0025217533111572266
2528,54,260,0.002630949020385742
2529,55,260,0.0024499893188476562
2530,56,260,0.002355337142944336
2531,57,260,0.0019991397857666016
2532,58,260,0.002660036087036133
2533,59,260,0.00199127197265625
2534,60,260,0.0023581981658935547
2535,61,260,0.00251007080078125
2536,62,260,0.002499818801879883
2537,63,260,0.0024950504302978516
2538,64,260,0.002343893051147461
2539,65,260,0.0018579959869384766
2540,66,260,0.0018489360809326172
2541,67,260,0.002269744873046875
2542,68,260,0.0018157958984375
2543,69,260,0.0023000240325927734
2544,70,260,0.0019919872283935547
2545,71,260,0.0018029212951660156
2546,72,260,0.001991748809814453
2547,73,260,0.0022690296173095703
2548,74,260,0.0019872188568115234
2549,75,260,0.0022249221801757812
2550,76,260,0.0021440982818603516
2551,77,260,0.0022840499877929688
2552,78,260,0.002349853515625
2553,79,260,0.002135038375854492
2554,80,260,0.0021789073944091797
2555,81,260,0.002104043960571289
2556,82,260,0.0020728111267089844
2557,83,260,0.0016362667083740234
2558,84,260,0.0021119117736816406
2559,85,260,0.0019378662109375
2560,86,260,0.0021550655364990234
2561,87,260,0.0020148754119873047
2562,88,260,0.002009153366088867
2563,89,260,0.001538991928100586
2564,90,260,0.0018448829650878906
2565,91,260,0.0018048286437988281
2566,92,260,0.0015048980712890625
2567,93,260,0.0015082359313964844
2568,94,260,0.0015301704406738281
2569,95,260,0.001870870590209961
2570,96,260,0.001821756362915039
2571,97,260,0.0014638900756835938
2572,98,260,0.0019729137420654297
2573,99,260,0.0014188289642333984
2574,1,270,0.01690530776977539
2575,2,270,0.012410879135131836
2576,3,270,0.012176036834716797
2577,4,270,0.01032710075378418
2578,5,270,0.009184122085571289
2579,6,270,0.008313655853271484
2580,7,270,0.008291959762573242
2581,8,270,0.007985830307006836
2582,9,270,0.008016109466552734
2583,10,270,0.007853031158447266
2584,11,270,0.007463932037353516
2585,12,270,0.006379127502441406
2586,13,270,0.006061077117919922
2587,14,270,0.005934238433837891
2588,15,270,0.006123065948486328
2589,16,270,0.0059587955474853516
2590,17,270,0.0057408809661865234
2591,18,270,0.005243062973022461
2592,19,270,0.00533294677734375
2593,20,270,0.005040168762207031
2594,21,270,0.004584789276123047
2595,22,270,0.0048601627349853516
2596,23,270,0.00421595573425293
2597,24,270,0.004567146301269531
2598,25,270,0.004396915435791016
2599,26,270,0.0038940906524658203
2600,27,270,0.0036749839782714844
2601,28,270,0.0035538673400878906
2602,29,270,0.003459930419921875
2603,30,270,0.0036232471466064453
2604,31,270,0.003328084945678711
2605,32,270,0.003742218017578125
2606,33,270,0.0031633377075195312
2607,34,270,0.0031490325927734375
2608,35,270,0.002969980239868164
2609,36,270,0.003565073013305664
2610,37,270,0.003458261489868164
2611,38,270,0.002902984619140625
2612,39,270,0.0033469200134277344
2613,40,270,0.003041982650756836
2614,41,270,0.0032138824462890625
2615,42,270,0.0027458667755126953
2616,43,270,0.0030982494354248047
2617,44,270,0.002565145492553711
2618,45,270,0.0025243759155273438
2619,46,270,0.0031011104583740234
2620,47,270,0.003130197525024414
2621,48,270,0.002639293670654297
2622,49,270,0.0023407936096191406
2623,50,270,0.0028989315032958984
2624,51,270,0.0028409957885742188
2625,52,270,0.002904176712036133
2626,53,270,0.0022568702697753906
2627,54,270,0.002624034881591797
2628,55,270,0.002724885940551758
2629,56,270,0.0021581649780273438
2630,57,270,0.0021920204162597656
2631,58,270,0.0025548934936523438
2632,59,270,0.0026738643646240234
2633,60,270,0.00263214111328125
2634,61,270,0.002557992935180664
2635,62,270,0.0020799636840820312
2636,63,270,0.002065896987915039
2637,64,270,0.002034902572631836
2638,65,270,0.002017974853515625
2639,66,270,0.0026159286499023438
2640,67,270,0.0023851394653320312
2641,68,270,0.0026450157165527344
2642,69,270,0.0025129318237304688
2643,70,270,0.0023660659790039062
2644,71,270,0.0018951892852783203
2645,72,270,0.001913309097290039
2646,73,270,0.0018961429595947266
2647,74,270,0.0023851394653320312
2648,75,270,0.002429962158203125
2649,76,270,0.002438068389892578
2650,77,270,0.0017910003662109375
2651,78,270,0.0018000602722167969
2652,79,270,0.0023040771484375
2653,80,270,0.0018041133880615234
2654,81,270,0.0017879009246826172
2655,82,270,0.002131223678588867
2656,83,270,0.001722097396850586
2657,84,270,0.0017209053039550781
2658,85,270,0.0016779899597167969
2659,86,270,0.0016529560089111328
2660,87,270,0.0016210079193115234
2661,88,270,0.0016551017761230469
2662,89,270,0.0016939640045166016
2663,90,270,0.0016469955444335938
2664,91,270,0.0016472339630126953
2665,92,270,0.001646280288696289
2666,93,270,0.0016548633575439453
2667,94,270,0.0019681453704833984
2668,95,270,0.0017998218536376953
2669,96,270,0.0018570423126220703
2670,97,270,0.0016160011291503906
2671,98,270,0.0015802383422851562
2672,99,270,0.0015630722045898438
2673,1,280,0.01448822021484375
2674,2,280,0.01328897476196289
2675,3,280,0.013830900192260742
2676,4,280,0.01137685775756836
2677,5,280,0.010914087295532227
2678,6,280,0.009081125259399414
2679,7,280,0.00892186164855957
2680,8,280,0.008454084396362305
2681,9,280,0.007916927337646484
2682,10,280,0.008517980575561523
2683,11,280,0.007533073425292969
2684,12,280,0.007235288619995117
2685,13,280,0.006741762161254883
2686,14,280,0.006827116012573242
2687,15,280,0.006133079528808594
2688,16,280,0.0059888362884521484
2689,17,280,0.0065021514892578125
2690,18,280,0.005608320236206055
2691,19,280,0.005450010299682617
2692,20,280,0.00539398193359375
2693,21,280,0.005577802658081055
2694,22,280,0.004823207855224609
2695,23,280,0.005210161209106445
2696,24,280,0.005000114440917969
2697,25,280,0.004591703414916992
2698,26,280,0.0041391849517822266
2699,27,280,0.004045963287353516
2700,28,280,0.0038802623748779297
2701,29,280,0.004423856735229492
2702,30,280,0.0037190914154052734
2703,31,280,0.004733085632324219
2704,32,280,0.0038940906524658203
2705,33,280,0.003921985626220703
2706,34,280,0.004534006118774414
2707,35,280,0.003801107406616211
2708,36,280,0.0033109188079833984
2709,37,280,0.003857851028442383
2710,38,280,0.0036127567291259766
2711,39,280,0.003052949905395508
2712,40,280,0.003608226776123047
2713,41,280,0.0034182071685791016
2714,42,280,0.0028569698333740234
2715,43,280,0.003496885299682617
2716,44,280,0.0034270286560058594
2717,45,280,0.0029959678649902344
2718,46,280,0.0031630992889404297
2719,47,280,0.0033631324768066406
2720,48,280,0.002986907958984375
2721,49,280,0.0025238990783691406
2722,50,280,0.002993345260620117
2723,51,280,0.0024530887603759766
2724,52,280,0.0025031566619873047
2725,53,280,0.0028471946716308594
2726,54,280,0.0023877620697021484
2727,55,280,0.0029382705688476562
2728,56,280,0.0023429393768310547
2729,57,280,0.002935171127319336
2730,58,280,0.0022940635681152344
2731,59,280,0.002300739288330078
2732,60,280,0.002254962921142578
2733,61,280,0.002650022506713867
2734,62,280,0.0022420883178710938
2735,63,280,0.0022149085998535156
2736,64,280,0.002219676971435547
2737,65,280,0.0026607513427734375
2738,66,280,0.0027158260345458984
2739,67,280,0.002158641815185547
2740,68,280,0.0021409988403320312
2741,69,280,0.0027780532836914062
2742,70,280,0.007570981979370117
2743,71,280,0.0027539730072021484
2744,72,280,0.0025060176849365234
2745,73,280,0.0028090476989746094
2746,74,280,0.0029048919677734375
2747,75,280,0.0026769638061523438
2748,76,280,0.002471923828125
2749,77,280,0.0026187896728515625
2750,78,280,0.0026237964630126953
2751,79,280,0.0025420188903808594
2752,80,280,0.0026488304138183594
2753,81,280,0.002328157424926758
2754,82,280,0.0025331974029541016
2755,83,280,0.0024881362915039062
2756,84,280,0.0019567012786865234
2757,85,280,0.001924753189086914
2758,86,280,0.0019960403442382812
2759,87,280,0.001856088638305664
2760,88,280,0.0018131732940673828
2761,89,280,0.0023229122161865234
2762,90,280,0.002096891403198242
2763,91,280,0.002106189727783203
2764,92,280,0.002354145050048828
2765,93,280,0.0021948814392089844
2766,94,280,0.0021240711212158203
2767,95,280,0.0017812252044677734
2768,96,280,0.0046482086181640625
2769,97,280,0.0017230510711669922
2770,98,280,0.002680063247680664
2771,99,280,0.0023238658905029297
2772,1,290,0.01824188232421875
2773,2,290,0.014362096786499023
2774,3,290,0.012333154678344727
2775,4,290,0.013176918029785156
2776,5,290,0.012685060501098633
2777,6,290,0.01098775863647461
2778,7,290,0.010307073593139648
2779,8,290,0.009409904479980469
2780,9,290,0.00854802131652832
2781,10,290,0.009060144424438477
2782,11,290,0.008324146270751953
2783,12,290,0.0074329376220703125
2784,13,290,0.0070459842681884766
2785,14,290,0.006982326507568359
2786,15,290,0.0069539546966552734
2787,16,290,0.006925106048583984
2788,17,290,0.00682520866394043
2789,18,290,0.0066030025482177734
2790,19,290,0.006092071533203125
2791,20,290,0.006022214889526367
2792,21,290,0.006064891815185547
2793,22,290,0.005914926528930664
2794,23,290,0.005617380142211914
2795,24,290,0.004915952682495117
2796,25,290,0.0046041011810302734
2797,26,290,0.004290103912353516
2798,27,290,0.004657268524169922
2799,28,290,0.00489497184753418
2800,29,290,0.004720926284790039
2801,30,290,0.00445103645324707
2802,31,290,0.0038709640502929688
2803,32,290,0.0044400691986083984
2804,33,290,0.0037338733673095703
2805,34,290,0.0036020278930664062
2806,35,290,0.0035829544067382812
2807,36,290,0.0033910274505615234
2808,37,290,0.003242015838623047
2809,38,290,0.003760814666748047
2810,39,290,0.0036783218383789062
2811,40,290,0.003223896026611328
2812,41,290,0.0036737918853759766
2813,42,290,0.0037841796875
2814,43,290,0.0030803680419921875
2815,44,290,0.003674745559692383
2816,45,290,0.002897977828979492
2817,46,290,0.003679990768432617
2818,47,290,0.002850055694580078
2819,48,290,0.003534078598022461
2820,49,290,0.0027048587799072266
2821,50,290,0.003278970718383789
2822,51,290,0.0032498836517333984
2823,52,290,0.002579927444458008
2824,53,290,0.0032579898834228516
2825,54,290,0.0029740333557128906
2826,55,290,0.0030210018157958984
2827,56,290,0.0025572776794433594
2828,57,290,0.009248018264770508
2829,58,290,0.002470254898071289
2830,59,290,0.002424001693725586
2831,60,290,0.0030052661895751953
2832,61,290,0.002435922622680664
2833,62,290,0.003103971481323242
2834,63,290,0.0023441314697265625
2835,64,290,0.0022869110107421875
2836,65,290,0.002357959747314453
2837,66,290,0.0023331642150878906
2838,67,290,0.002234935760498047
2839,68,290,0.0022590160369873047
2840,69,290,0.0022368431091308594
2841,70,290,0.0026941299438476562
2842,71,290,0.0030100345611572266
2843,72,290,0.002229928970336914
2844,73,290,0.0021741390228271484
2845,74,290,0.002118825912475586
2846,75,290,0.002763032913208008
2847,76,290,0.003652811050415039
2848,77,290,0.0026710033416748047
2849,78,290,0.0025069713592529297
2850,79,290,0.002032756805419922
2851,80,290,0.0020399093627929688
2852,81,290,0.0019969940185546875
2853,82,290,0.002862691879272461
2854,83,290,0.0019578933715820312
2855,84,290,0.0020449161529541016
2856,85,290,0.003710031509399414
2857,86,290,0.0019800662994384766
2858,87,290,0.002007007598876953
2859,88,290,0.0019140243530273438
2860,89,290,0.0019130706787109375
2861,90,290,0.0019719600677490234
2862,91,290,0.002172231674194336
2863,92,290,0.0018901824951171875
2864,93,290,0.0018482208251953125
2865,94,290,0.0018329620361328125
2866,95,290,0.0018169879913330078
2867,96,290,0.0018551349639892578
2868,97,290,0.0022749900817871094
2869,98,290,0.0021800994873046875
2870,99,290,0.0018291473388671875
2871,1,300,0.020640134811401367
2872,2,300,0.015446186065673828
2873,3,300,0.0135040283203125
2874,4,300,0.014858007431030273
2875,5,300,0.0114288330078125
2876,6,300,0.011282920837402344
2877,7,300,0.010499000549316406
2878,8,300,0.01024007797241211
2879,9,300,0.00914311408996582
2880,10,300,0.009721040725708008
2881,11,300,0.009360074996948242
2882,12,300,0.008013010025024414
2883,13,300,0.008291959762573242
2884,14,300,0.007398843765258789
2885,15,300,0.007391929626464844
2886,16,300,0.00701904296875
2887,17,300,0.00783085823059082
2888,18,300,0.006428956985473633
2889,19,300,0.0068819522857666016
2890,20,300,0.00585174560546875
2891,21,300,0.006066322326660156
2892,22,300,0.008833646774291992
2893,23,300,0.0058329105377197266
2894,24,300,0.005242109298706055
2895,25,300,0.004801750183105469
2896,26,300,0.0051152706146240234
2897,27,300,0.005223989486694336
2898,28,300,0.004587888717651367
2899,29,300,0.004386186599731445
2900,30,300,0.004277944564819336
2901,31,300,0.0047969818115234375
2902,32,300,0.0045320987701416016
2903,33,300,0.0047528743743896484
2904,34,300,0.004629611968994141
2905,35,300,0.0037817955017089844
2906,36,300,0.0037767887115478516
2907,37,300,0.004332065582275391
2908,38,300,0.0034170150756835938
2909,39,300,0.0034551620483398438
2910,40,300,0.003384828567504883
2911,41,300,0.003344297409057617
2912,42,300,0.004130125045776367
2913,43,300,0.0032732486724853516
2914,44,300,0.003770112991333008
2915,45,300,0.0039327144622802734
2916,46,300,0.003834247589111328
2917,47,300,0.0030059814453125
2918,48,300,0.0038399696350097656
2919,49,300,0.0030198097229003906
2920,50,300,0.0037622451782226562
2921,51,300,0.0034651756286621094
2922,52,300,0.003216981887817383
2923,53,300,0.003364086151123047
2924,54,300,0.01069188117980957
2925,55,300,0.0032529830932617188
2926,56,300,0.0059621334075927734
2927,57,300,0.00269317626953125
2928,58,300,0.002640247344970703
2929,59,300,0.0033299922943115234
2930,60,300,0.002557039260864258
2931,61,300,0.002578258514404297
2932,62,300,0.0031518936157226562
2933,63,300,0.0025358200073242188
2934,64,300,0.0032770633697509766
2935,65,300,0.002516031265258789
2936,66,300,0.0029540061950683594
2937,67,300,0.008648872375488281
2938,68,300,0.002457141876220703
2939,69,300,0.0023670196533203125
2940,70,300,0.0023620128631591797
2941,71,300,0.0026569366455078125
2942,72,300,0.003170013427734375
2943,73,300,0.0023581981658935547
2944,74,300,0.0027761459350585938
2945,75,300,0.0034041404724121094
2946,76,300,0.002329111099243164
2947,77,300,0.003000974655151367
2948,78,300,0.0028798580169677734
2949,79,300,0.002878904342651367
2950,80,300,0.0028297901153564453
2951,81,300,0.002877950668334961
2952,82,300,0.0021982192993164062
2953,83,300,0.002725839614868164
2954,84,300,0.010751962661743164
2955,85,300,0.003130197525024414
2956,86,300,0.0025310516357421875
2957,87,300,0.0024030208587646484
2958,88,300,0.0026178359985351562
2959,89,300,0.0022330284118652344
2960,90,300,0.0029408931732177734
2961,91,300,0.0021529197692871094
2962,92,300,0.0023679733276367188
2963,93,300,0.0025038719177246094
2964,94,300,0.0021800994873046875
2965,95,300,0.003813028335571289
2966,96,300,0.0026502609252929688
2967,97,300,0.0023496150970458984
2968,98,300,0.0023932456970214844
2969,99,300,0.002007007598876953
2970,1,310,0.020792007446289062
2971,2,310,0.017796039581298828
2972,3,310,0.013414859771728516
2973,4,310,0.01613306999206543
2974,5,310,0.011911869049072266
2975,6,310,0.012160062789916992
2976,7,310,0.011466026306152344
2977,8,310,0.010596036911010742
2978,9,310,0.009959936141967773
2979,10,310,0.010233879089355469
2980,11,310,0.010220050811767578
2981,12,310,0.008616209030151367
2982,13,310,0.008498191833496094
2983,14,310,0.00803685188293457
2984,15,310,0.007512807846069336
2985,16,310,0.007718086242675781
2986,17,310,0.007705211639404297
2987,18,310,0.006530046463012695
2988,19,310,0.00715184211730957
2989,20,310,0.006999015808105469
2990,21,310,0.006700992584228516
2991,22,310,0.005938053131103516
2992,23,310,0.005732059478759766
2993,24,310,0.005372047424316406
2994,25,310,0.0058689117431640625
2995,26,310,0.0049250125885009766
2996,27,310,0.0050258636474609375
2997,28,310,0.005572080612182617
2998,29,310,0.004494190216064453
2999,30,310,0.005324840545654297
3000,31,310,0.004342079162597656
3001,32,310,0.004925966262817383
3002,33,310,0.004158973693847656
3003,34,310,0.00417780876159668
3004,35,310,0.0049631595611572266
3005,36,310,0.0043680667877197266
3006,37,310,0.0038709640502929688
3007,38,310,0.0036916732788085938
3008,39,310,0.004132986068725586
3009,40,310,0.00362396240234375
3010,41,310,0.004137992858886719
3011,42,310,0.0035400390625
3012,43,310,0.003955841064453125
3013,44,310,0.0036437511444091797
3014,45,310,0.0033788681030273438
3015,46,310,0.004019021987915039
3016,47,310,0.003410816192626953
3017,48,310,0.0032110214233398438
3018,49,310,0.003269195556640625
3019,50,310,0.0036857128143310547
3020,51,310,0.0036771297454833984
3021,52,310,0.003407001495361328
3022,53,310,0.0033349990844726562
3023,54,310,0.0030002593994140625
3024,55,310,0.003850698471069336
3025,56,310,0.0028951168060302734
3026,57,310,0.0036363601684570312
3027,58,310,0.003428936004638672
3028,59,310,0.0033791065216064453
3029,60,310,0.002772808074951172
3030,61,310,0.003423929214477539
3031,62,310,0.0034220218658447266
3032,63,310,0.0026769638061523438
3033,64,310,0.002649068832397461
3034,65,310,0.002730846405029297
3035,66,310,0.003509044647216797
3036,67,310,0.003158092498779297
3037,68,310,0.0033159255981445312
3038,69,310,0.0025300979614257812
3039,70,310,0.0050580501556396484
3040,71,310,0.002599954605102539
3041,72,310,0.0026187896728515625
3042,73,310,0.003192901611328125
3043,74,310,0.0025186538696289062
3044,75,310,0.0032279491424560547
3045,76,310,0.0024199485778808594
3046,77,310,0.0030531883239746094
3047,78,310,0.006697177886962891
3048,79,310,0.002367258071899414
3049,80,310,0.002336263656616211
3050,81,310,0.0022270679473876953
3051,82,310,0.002259969711303711
3052,83,310,0.0026826858520507812
3053,84,310,0.0023000240325927734
3054,85,310,0.0026559829711914062
3055,86,310,0.00234222412109375
3056,87,310,0.0028057098388671875
3057,88,310,0.0025911331176757812
3058,89,310,0.0028259754180908203
3059,90,310,0.0021691322326660156
3060,91,310,0.0026051998138427734
3061,92,310,0.002418041229248047
3062,93,310,0.0025479793548583984
3063,94,310,0.00215911865234375
3064,95,310,0.002110004425048828
3065,96,310,0.0024309158325195312
3066,97,310,0.0028841495513916016
3067,98,310,0.0021088123321533203
3068,99,310,0.002001047134399414
3069,1,320,0.021178007125854492
3070,2,320,0.017394065856933594
3071,3,320,0.014629125595092773
3072,4,320,0.015199899673461914
3073,5,320,0.012828826904296875
3074,6,320,0.0117340087890625
3075,7,320,0.011749982833862305
3076,8,320,0.011277198791503906
3077,9,320,0.011090993881225586
3078,10,320,0.012093067169189453
3079,11,320,0.010663986206054688
3080,12,320,0.009077072143554688
3081,13,320,0.008962154388427734
3082,14,320,0.009267330169677734
3083,15,320,0.009304046630859375
3084,16,320,0.008143901824951172
3085,17,320,0.008279800415039062
3086,18,320,0.0077359676361083984
3087,19,320,0.0075647830963134766
3088,20,320,0.006706953048706055
3089,21,320,0.006455898284912109
3090,22,320,0.006532192230224609
3091,23,320,0.006682157516479492
3092,24,320,0.006114006042480469
3093,25,320,0.006084918975830078
3094,26,320,0.00621795654296875
3095,27,320,0.005712985992431641
3096,28,320,0.005027055740356445
3097,29,320,0.005655050277709961
3098,30,320,0.004729032516479492
3099,31,320,0.004935264587402344
3100,32,320,0.011008977890014648
3101,33,320,0.004589080810546875
3102,34,320,0.004295825958251953
3103,35,320,0.004747867584228516
3104,36,320,0.011067867279052734
3105,37,320,0.003985881805419922
3106,38,320,0.004526853561401367
3107,39,320,0.0040090084075927734
3108,40,320,0.004763126373291016
3109,41,320,0.0046918392181396484
3110,42,320,0.0038118362426757812
3111,43,320,0.004455089569091797
3112,44,320,0.0037539005279541016
3113,45,320,0.0036699771881103516
3114,46,320,0.004366159439086914
3115,47,320,0.004231929779052734
3116,48,320,0.0034322738647460938
3117,49,320,0.004354000091552734
3118,50,320,0.004133939743041992
3119,51,320,0.003245830535888672
3120,52,320,0.003253936767578125
3121,53,320,0.0032160282135009766
3122,54,320,0.0032258033752441406
3123,55,320,0.003083944320678711
3124,56,320,0.003943920135498047
3125,57,320,0.0030069351196289062
3126,58,320,0.0034780502319335938
3127,59,320,0.011152982711791992
3128,60,320,0.0038318634033203125
3129,61,320,0.0030357837677001953
3130,62,320,0.0038537979125976562
3131,63,320,0.012108087539672852
3132,64,320,0.009803056716918945
3133,65,320,0.006738185882568359
3134,66,320,0.007971048355102539
3135,67,320,0.009302854537963867
3136,68,320,0.004842996597290039
3137,69,320,0.006258964538574219
3138,70,320,0.01518702507019043
3139,71,320,0.0047380924224853516
3140,72,320,0.0033600330352783203
3141,73,320,0.003554821014404297
3142,74,320,0.0036630630493164062
3143,75,320,0.006479740142822266
3144,76,320,0.005460023880004883
3145,77,320,0.006137847900390625
3146,78,320,0.004492998123168945
3147,79,320,0.0051479339599609375
3148,80,320,0.004820108413696289
3149,81,320,0.0029430389404296875
3150,82,320,0.009674549102783203
3151,83,320,0.002613067626953125
3152,84,320,0.002438068389892578
3153,85,320,0.003665924072265625
3154,86,320,0.0024869441986083984
3155,87,320,0.0030269622802734375
3156,88,320,0.0029959678649902344
3157,89,320,0.0028438568115234375
3158,90,320,0.003323078155517578
3159,91,320,0.002525806427001953
3160,92,320,0.002810239791870117
3161,93,320,0.002454042434692383
3162,94,320,0.0027129650115966797
3163,95,320,0.0025489330291748047
3164,96,320,0.002750396728515625
3165,97,320,0.0024268627166748047
3166,98,320,0.0026578903198242188
3167,99,320,0.0024940967559814453
3168,1,330,0.03141307830810547
3169,2,330,0.02660393714904785
3170,3,330,0.02169489860534668
3171,4,330,0.01913309097290039
3172,5,330,0.014733076095581055
3173,6,330,0.015448808670043945
3174,7,330,0.013780832290649414
3175,8,330,0.012691974639892578
3176,9,330,0.011657953262329102
3177,10,330,0.011466026306152344
3178,11,330,0.010833740234375
3179,12,330,0.010854005813598633
3180,13,330,0.010369062423706055
3181,14,330,0.010571002960205078
3182,15,330,0.009810924530029297
3183,16,330,0.009748220443725586
3184,17,330,0.008830070495605469
3185,18,330,0.008561849594116211
3186,19,330,0.008795976638793945
3187,20,330,0.007584095001220703
3188,21,330,0.008062124252319336
3189,22,330,0.00883793830871582
3190,23,330,0.006713151931762695
3191,24,330,0.007539033889770508
3192,25,330,0.0071620941162109375
3193,26,330,0.006716251373291016
3194,27,330,0.006036996841430664
3195,28,330,0.005898952484130859
3196,29,330,0.006215095520019531
3197,30,330,0.0069921016693115234
3198,31,330,0.007005214691162109
3199,32,330,0.007174015045166016
3200,33,330,0.0052721500396728516
3201,34,330,0.005383968353271484
3202,35,330,0.0056438446044921875
3203,36,330,0.006821155548095703
3204,37,330,0.007064104080200195
3205,38,330,0.005284786224365234
3206,39,330,0.005193948745727539
3207,40,330,0.005381107330322266
3208,41,330,0.005185604095458984
3209,42,330,0.004606008529663086
3210,43,330,0.00476384162902832
3211,44,330,0.005888938903808594
3212,45,330,0.008043766021728516
3213,46,330,0.009744882583618164
3214,47,330,0.011132955551147461
3215,48,330,0.008321046829223633
3216,49,330,0.0077741146087646484
3217,50,330,0.008105278015136719
3218,51,330,0.00595402717590332
3219,52,330,0.0057299137115478516
3220,53,330,0.0057239532470703125
3221,54,330,0.005715847015380859
3222,55,330,0.00656580924987793
3223,56,330,0.004297971725463867
3224,57,330,0.0042171478271484375
3225,58,330,0.004414081573486328
3226,59,330,0.0037529468536376953
3227,60,330,0.0046389102935791016
3228,61,330,0.003696918487548828
3229,62,330,0.006101131439208984
3230,63,330,0.006001710891723633
3231,64,330,0.008543968200683594
3232,65,330,0.009664058685302734
3233,66,330,0.0057239532470703125
3234,67,330,0.006411075592041016
3235,68,330,0.006005048751831055
3236,69,330,0.006062984466552734
3237,70,330,0.0058329105377197266
3238,71,330,0.005914926528930664
3239,72,330,0.0058498382568359375
3240,73,330,0.004344940185546875
3241,74,330,0.004521846771240234
3242,75,330,0.004065752029418945
3243,76,330,0.0036962032318115234
3244,77,330,0.0036420822143554688
3245,78,330,0.003053903579711914
3246,79,330,0.003935813903808594
3247,80,330,0.004281044006347656
3248,81,330,0.004538774490356445
3249,82,330,0.0028791427612304688
3250,83,330,0.003301858901977539
3251,84,330,0.003437042236328125
3252,85,330,0.0034160614013671875
3253,86,330,0.0034589767456054688
3254,87,330,0.004939079284667969
3255,88,330,0.003743886947631836
3256,89,330,0.005057096481323242
3257,90,330,0.007790803909301758
3258,91,330,0.01175689697265625
3259,92,330,0.03520989418029785
3260,93,330,0.03037428855895996
3261,94,330,0.024012088775634766
3262,95,330,0.011931896209716797
3263,96,330,0.005527019500732422
3264,97,330,0.004742860794067383
3265,98,330,0.0031371116638183594
3266,99,330,0.003468036651611328
3267,1,340,0.05057168006896973
3268,2,340,0.025399208068847656
3269,3,340,0.022977828979492188
3270,4,340,0.02344799041748047
3271,5,340,0.021587133407592773
3272,6,340,0.016199111938476562
3273,7,340,0.013789176940917969
3274,8,340,0.01411294937133789
3275,9,340,0.013282060623168945
3276,10,340,0.012908220291137695
3277,11,340,0.015263080596923828
3278,12,340,0.01939082145690918
3279,13,340,0.01473689079284668
3280,14,340,0.027215003967285156
3281,15,340,0.019490957260131836
3282,16,340,0.020779132843017578
3283,17,340,0.02996993064880371
3284,18,340,0.017679214477539062
3285,19,340,0.019295930862426758
3286,20,340,0.015491962432861328
3287,21,340,0.01218104362487793
3288,22,340,0.012915849685668945
3289,23,340,0.008862972259521484
3290,24,340,0.008248090744018555
3291,25,340,0.011578083038330078
3292,26,340,0.007658958435058594
3293,27,340,0.00758814811706543
3294,28,340,0.008431196212768555
3295,29,340,0.008220911026000977
3296,30,340,0.007704019546508789
3297,31,340,0.007828950881958008
3298,32,340,0.00854802131652832
3299,33,340,0.005552768707275391
3300,34,340,0.006894826889038086
3301,35,340,0.0060651302337646484
3302,36,340,0.006451845169067383
3303,37,340,0.006395816802978516
3304,38,340,0.00611114501953125
3305,39,340,0.005552053451538086
3306,40,340,0.0049877166748046875
3307,41,340,0.008340120315551758
3308,42,340,0.00687408447265625
3309,43,340,0.005753040313720703
3310,44,340,0.0049591064453125
3311,45,340,0.004030942916870117
3312,46,340,0.004908084869384766
3313,47,340,0.004506111145019531
3314,48,340,0.0048940181732177734
3315,49,340,0.004950761795043945
3316,50,340,0.004812955856323242
3317,51,340,0.0037958621978759766
3318,52,340,0.00484013557434082
3319,53,340,0.005169868469238281
3320,54,340,0.005045890808105469
3321,55,340,0.006665229797363281
3322,56,340,0.00460505485534668
3323,57,340,0.004519939422607422
3324,58,340,0.0045621395111083984
3325,59,340,0.0044689178466796875
3326,60,340,0.004467964172363281
3327,61,340,0.00513911247253418
3328,62,340,0.004053354263305664
3329,63,340,0.003257274627685547
3330,64,340,0.0036058425903320312
3331,65,340,0.003309011459350586
3332,66,340,0.004415988922119141
3333,67,340,0.005594730377197266
3334,68,340,0.004958391189575195
3335,69,340,0.004015207290649414
3336,70,340,0.004022836685180664
3337,71,340,0.0037631988525390625
3338,72,340,0.003994941711425781
3339,73,340,0.004127979278564453
3340,74,340,0.003932952880859375
3341,75,340,0.0040378570556640625
3342,76,340,0.0036330223083496094
3343,77,340,0.00398707389831543
3344,78,340,0.0030357837677001953
3345,79,340,0.006233930587768555
3346,80,340,0.004080295562744141
3347,81,340,0.003875732421875
3348,82,340,0.006398916244506836
3349,83,340,0.003973960876464844
3350,84,340,0.0038890838623046875
3351,85,340,0.0050449371337890625
3352,86,340,0.0039141178131103516
3353,87,340,0.004258871078491211
3354,88,340,0.0037488937377929688
3355,89,340,0.0036847591400146484
3356,90,340,0.004002094268798828
3357,91,340,0.003638029098510742
3358,92,340,0.0030782222747802734
3359,93,340,0.0028028488159179688
3360,94,340,0.0033330917358398438
3361,95,340,0.0030961036682128906
3362,96,340,0.003952980041503906
3363,97,340,0.0042569637298583984
3364,98,340,0.002961874008178711
3365,99,340,0.0029480457305908203
3366,1,350,0.03357195854187012
3367,2,350,0.032408952713012695
3368,3,350,0.029334068298339844
3369,4,350,0.03204202651977539
3370,5,350,0.02511906623840332
3371,6,350,0.0231170654296875
3372,7,350,0.022261619567871094
3373,8,350,0.018780946731567383
3374,9,350,0.024910926818847656
3375,10,350,0.017145156860351562
3376,11,350,0.012309074401855469
3377,12,350,0.01258707046508789
3378,13,350,0.012810945510864258
3379,14,350,0.010847091674804688
3380,15,350,0.010642051696777344
3381,16,350,0.010434150695800781
3382,17,350,0.010287046432495117
3383,18,350,0.008552789688110352
3384,19,350,0.008224010467529297
3385,20,350,0.008137941360473633
3386,21,350,0.0076367855072021484
3387,22,350,0.01093602180480957
3388,23,350,0.007462978363037109
3389,24,350,0.008095264434814453
3390,25,350,0.008317947387695312
3391,26,350,0.0070307254791259766
3392,27,350,0.006928920745849609
3393,28,350,0.006340980529785156
3394,29,350,0.006515026092529297
3395,30,350,0.0068132877349853516
3396,31,350,0.008440971374511719
3397,32,350,0.0064198970794677734
3398,33,350,0.0063838958740234375
3399,34,350,0.006447792053222656
3400,35,350,0.011805295944213867
3401,36,350,0.006287813186645508
3402,37,350,0.00601506233215332
3403,38,350,0.005912065505981445
3404,39,350,0.005930900573730469
3405,40,350,0.009393930435180664
3406,41,350,0.0056722164154052734
3407,42,350,0.00680088996887207
3408,43,350,0.009765148162841797
3409,44,350,0.0060291290283203125
3410,45,350,0.008026123046875
3411,46,350,0.006734132766723633
3412,47,350,0.00648188591003418
3413,48,350,0.009894847869873047
3414,49,350,0.00951385498046875
3415,50,350,0.00947713851928711
3416,51,350,0.005635738372802734
3417,52,350,0.00767207145690918
3418,53,350,0.00613713264465332
3419,54,350,0.006922006607055664
3420,55,350,0.008522987365722656
3421,56,350,0.012452840805053711
3422,57,350,0.005479097366333008
3423,58,350,0.0041086673736572266
3424,59,350,0.0049207210540771484
3425,60,350,0.00432896614074707
3426,61,350,0.00426793098449707
3427,62,350,0.004147052764892578
3428,63,350,0.004185914993286133
3429,64,350,0.004360198974609375
3430,65,350,0.003587007522583008
3431,66,350,0.0036432743072509766
3432,67,350,0.00457000732421875
3433,68,350,0.004489898681640625
3434,69,350,0.004861116409301758
3435,70,350,0.007309913635253906
3436,71,350,0.006670951843261719
3437,72,350,0.007318019866943359
3438,73,350,0.009180784225463867
3439,74,350,0.007200002670288086
3440,75,350,0.009191274642944336
3441,76,350,0.007966995239257812
3442,77,350,0.008408784866333008
3443,78,350,0.00765681266784668
3444,79,350,0.004279136657714844
3445,80,350,0.005383014678955078
3446,81,350,0.004800081253051758
3447,82,350,0.003634214401245117
3448,83,350,0.004289150238037109
3449,84,350,0.004307985305786133
3450,85,350,0.004286050796508789
3451,86,350,0.00426173210144043
3452,87,350,0.003632783889770508
3453,88,350,0.004126071929931641
3454,89,350,0.0056531429290771484
3455,90,350,0.006422758102416992
3456,91,350,0.004405975341796875
3457,92,350,0.004024982452392578
3458,93,350,0.003081083297729492
3459,94,350,0.003983020782470703
3460,95,350,0.003326892852783203
3461,96,350,0.0037212371826171875
3462,97,350,0.003162860870361328
3463,98,350,0.0033490657806396484
3464,99,350,0.003143787384033203
3465,1,360,0.041216135025024414
3466,2,360,0.03470420837402344
3467,3,360,0.04417991638183594
3468,4,360,0.027191877365112305
3469,5,360,0.029214859008789062
3470,6,360,0.023324251174926758
3471,7,360,0.02884197235107422
3472,8,360,0.019814014434814453
3473,9,360,0.02104496955871582
3474,10,360,0.02448582649230957
3475,11,360,0.01811504364013672
3476,12,360,0.013966083526611328
3477,13,360,0.012295246124267578
3478,14,360,0.01403188705444336
3479,15,360,0.012508869171142578
3480,16,360,0.01082921028137207
3481,17,360,0.00989222526550293
3482,18,360,0.01048898696899414
3483,19,360,0.009778022766113281
3484,20,360,0.013157129287719727
3485,21,360,0.008636951446533203
3486,22,360,0.008371114730834961
3487,23,360,0.007587909698486328
3488,24,360,0.008620977401733398
3489,25,360,0.007467985153198242
3490,26,360,0.009054183959960938
3491,27,360,0.008449077606201172
3492,28,360,0.0070438385009765625
3493,29,360,0.00635075569152832
3494,30,360,0.007252216339111328
3495,31,360,0.0063629150390625
3496,32,360,0.0072519779205322266
3497,33,360,0.006983280181884766
3498,34,360,0.00990605354309082
3499,35,360,0.0061588287353515625
3500,36,360,0.006669759750366211
3501,37,360,0.0066890716552734375
3502,38,360,0.0062427520751953125
3503,39,360,0.005545377731323242
3504,40,360,0.005041837692260742
3505,41,360,0.005954742431640625
3506,42,360,0.005938053131103516
3507,43,360,0.0060977935791015625
3508,44,360,0.004908084869384766
3509,45,360,0.008898019790649414
3510,46,360,0.0048940181732177734
3511,47,360,0.005505800247192383
3512,48,360,0.004681110382080078
3513,49,360,0.005098104476928711
3514,50,360,0.005427837371826172
3515,51,360,0.004358768463134766
3516,52,360,0.004103899002075195
3517,53,360,0.005527973175048828
3518,54,360,0.0041010379791259766
3519,55,360,0.005122184753417969
3520,56,360,0.005694866180419922
3521,57,360,0.008265972137451172
3522,58,360,0.004106998443603516
3523,59,360,0.005182027816772461
3524,60,360,0.004929065704345703
3525,61,360,0.004565000534057617
3526,62,360,0.00469207763671875
3527,63,360,0.004681110382080078
3528,64,360,0.0035369396209716797
3529,65,360,0.004688262939453125
3530,66,360,0.003631114959716797
3531,67,360,0.004585981369018555
3532,68,360,0.004572868347167969
3533,69,360,0.003968000411987305
3534,70,360,0.0036051273345947266
3535,71,360,0.005892038345336914
3536,72,360,0.013583183288574219
3537,73,360,0.003511190414428711
3538,74,360,0.003873109817504883
3539,75,360,0.006131887435913086
3540,76,360,0.045678138732910156
3541,77,360,0.009871721267700195
3542,78,360,0.00579833984375
3543,79,360,0.006159782409667969
3544,80,360,0.010626077651977539
3545,81,360,0.0065348148345947266
3546,82,360,0.004848003387451172
3547,83,360,0.004004716873168945
3548,84,360,0.006959199905395508
3549,85,360,0.004829883575439453
3550,86,360,0.01645803451538086
3551,87,360,0.005975008010864258
3552,88,360,0.004250049591064453
3553,89,360,0.0037512779235839844
3554,90,360,0.003177165985107422
3555,91,360,0.005338907241821289
3556,92,360,0.0044498443603515625
3557,93,360,0.012051105499267578
3558,94,360,0.006453037261962891
3559,95,360,0.004236936569213867
3560,96,360,0.006327152252197266
3561,97,360,0.004639863967895508
3562,98,360,0.0030100345611572266
3563,99,360,0.003484964370727539
3564,1,370,0.03778505325317383
3565,2,370,0.0293428897857666
3566,3,370,0.025465011596679688
3567,4,370,0.02376556396484375
3568,5,370,0.025892019271850586
3569,6,370,0.023227930068969727
3570,7,370,0.01770496368408203
3571,8,370,0.018619060516357422
3572,9,370,0.014332771301269531
3573,10,370,0.014732122421264648
3574,11,370,0.01576972007751465
3575,12,370,0.01568293571472168
3576,13,370,0.013514995574951172
3577,14,370,0.011594057083129883
3578,15,370,0.011996984481811523
3579,16,370,0.010320663452148438
3580,17,370,0.013359785079956055
3581,18,370,0.009652137756347656
3582,19,370,0.010403871536254883
3583,20,370,0.009533405303955078
3584,21,370,0.009536981582641602
3585,22,370,0.00876617431640625
3586,23,370,0.009806632995605469
3587,24,370,0.00835108757019043
3588,25,370,0.008537054061889648
3589,26,370,0.008151054382324219
3590,27,370,0.007963895797729492
3591,28,370,0.006730079650878906
3592,29,370,0.007061958312988281
3593,30,370,0.007859945297241211
3594,31,370,0.00882101058959961
3595,32,370,0.006833791732788086
3596,33,370,0.00607609748840332
3597,34,370,0.0065038204193115234
3598,35,370,0.0068950653076171875
3599,36,370,0.005701780319213867
3600,37,370,0.0060291290283203125
3601,38,370,0.005486965179443359
3602,39,370,0.006303310394287109
3603,40,370,0.006674051284790039
3604,41,370,0.006368160247802734
3605,42,370,0.006130218505859375
3606,43,370,0.0052416324615478516
3607,44,370,0.006106138229370117
3608,45,370,0.00560307502746582
3609,46,370,0.004817962646484375
3610,47,370,0.005740165710449219
3611,48,370,0.004435062408447266
3612,49,370,0.005625009536743164
3613,50,370,0.007367849349975586
3614,51,370,0.006308078765869141
3615,52,370,0.0056340694427490234
3616,53,370,0.004914999008178711
3617,54,370,0.005561113357543945
3618,55,370,0.00625300407409668
3619,56,370,0.00498199462890625
3620,57,370,0.004496097564697266
3621,58,370,0.005262136459350586
3622,59,370,0.005403995513916016
3623,60,370,0.005434274673461914
3624,61,370,0.0066869258880615234
3625,62,370,0.006288051605224609
3626,63,370,0.005062103271484375
3627,64,370,0.0050029754638671875
3628,65,370,0.0044362545013427734
3629,66,370,0.004481077194213867
3630,67,370,0.0048828125
3631,68,370,0.005539894104003906
3632,69,370,0.0057926177978515625
3633,70,370,0.0054931640625
3634,71,370,0.005352020263671875
3635,72,370,0.0036628246307373047
3636,73,370,0.004665851593017578
3637,74,370,0.0034580230712890625
3638,75,370,0.005583047866821289
3639,76,370,0.0034079551696777344
3640,77,370,0.0034089088439941406
3641,78,370,0.0041179656982421875
3642,79,370,0.0042269229888916016
3643,80,370,0.004128694534301758
3644,81,370,0.004167795181274414
3645,82,370,0.003328084945678711
3646,83,370,0.0038089752197265625
3647,84,370,0.004450082778930664
3648,85,370,0.0032520294189453125
3649,86,370,0.004116058349609375
3650,87,370,0.004091739654541016
3651,88,370,0.0031960010528564453
3652,89,370,0.0031507015228271484
3653,90,370,0.003995180130004883
3654,91,370,0.0031359195709228516
3655,92,370,0.0030591487884521484
3656,93,370,0.003064870834350586
3657,94,370,0.003612041473388672
3658,95,370,0.0039098262786865234
3659,96,370,0.003339052200317383
3660,97,370,0.0030829906463623047
3661,98,370,0.0035839080810546875
3662,99,370,0.0031130313873291016
3663,1,380,0.034790992736816406
3664,2,380,0.026148080825805664
3665,3,380,0.02056884765625
3666,4,380,0.02244091033935547
3667,5,380,0.019329071044921875
3668,6,380,0.019517898559570312
3669,7,380,0.016636371612548828
3670,8,380,0.017064809799194336
3671,9,380,0.016153812408447266
3672,10,380,0.014343738555908203
3673,11,380,0.01420903205871582
3674,12,380,0.013928890228271484
3675,13,380,0.012514114379882812
3676,14,380,0.012177228927612305
3677,15,380,0.011070966720581055
3678,16,380,0.011770963668823242
3679,17,380,0.011156082153320312
3680,18,380,0.011317253112792969
3681,19,380,0.010203123092651367
3682,20,380,0.009737014770507812
3683,21,380,0.008938074111938477
3684,22,380,0.008456945419311523
3685,23,380,0.008178949356079102
3686,24,380,0.009258747100830078
3687,25,380,0.0077168941497802734
3688,26,380,0.008685827255249023
3689,27,380,0.008240222930908203
3690,28,380,0.007985830307006836
3691,29,380,0.00759124755859375
3692,30,380,0.008047103881835938
3693,31,380,0.007297992706298828
3694,32,380,0.006288051605224609
3695,33,380,0.007194995880126953
3696,34,380,0.006179094314575195
3697,35,380,0.007381916046142578
3698,36,380,0.007174968719482422
3699,37,380,0.00713801383972168
3700,38,380,0.0066089630126953125
3701,39,380,0.005499839782714844
3702,40,380,0.006281137466430664
3703,41,380,0.00526738166809082
3704,42,380,0.006564140319824219
3705,43,380,0.006014823913574219
3706,44,380,0.006043910980224609
3707,45,380,0.004868984222412109
3708,46,380,0.0059812068939208984
3709,47,380,0.004751920700073242
3710,48,380,0.004685640335083008
3711,49,380,0.005318880081176758
3712,50,380,0.0045928955078125
3713,51,380,0.005228996276855469
3714,52,380,0.004502058029174805
3715,53,380,0.0045130252838134766
3716,54,380,0.004437923431396484
3717,55,380,0.005649089813232422
3718,56,380,0.005023002624511719
3719,57,380,0.005220890045166016
3720,58,380,0.0050928592681884766
3721,59,380,0.005320072174072266
3722,60,380,0.005131959915161133
3723,61,380,0.005120992660522461
3724,62,380,0.003999948501586914
3725,63,380,0.003988981246948242
3726,64,380,0.003896951675415039
3727,65,380,0.005004167556762695
3728,66,380,0.0037848949432373047
3729,67,380,0.003717184066772461
3730,68,380,0.0036950111389160156
3731,69,380,0.004701137542724609
3732,70,380,0.004539966583251953
3733,71,380,0.004470109939575195
3734,72,380,0.0036749839782714844
3735,73,380,0.0036041736602783203
3736,74,380,0.003593921661376953
3737,75,380,0.0035593509674072266
3738,76,380,0.003545999526977539
3739,77,380,0.003545045852661133
3740,78,380,0.003560781478881836
3741,79,380,0.0044269561767578125
3742,80,380,0.0034558773040771484
3743,81,380,0.004436969757080078
3744,82,380,0.003396272659301758
3745,83,380,0.003381013870239258
3746,84,380,0.003319978713989258
3747,85,380,0.003484964370727539
3748,86,380,0.0040607452392578125
3749,87,380,0.004263877868652344
3750,88,380,0.004252910614013672
3751,89,380,0.004194021224975586
3752,90,380,0.0032110214233398438
3753,91,380,0.003239154815673828
3754,92,380,0.003226757049560547
3755,93,380,0.003222942352294922
3756,94,380,0.003668069839477539
3757,95,380,0.0038259029388427734
3758,96,380,0.003117084503173828
3759,97,380,0.0037469863891601562
3760,98,380,0.0038039684295654297
3761,99,380,0.0039060115814208984
3762,1,390,0.03428792953491211
3763,2,390,0.03343796730041504
3764,3,390,0.02488541603088379
3765,4,390,0.02470231056213379
3766,5,390,0.01902914047241211
3767,6,390,0.0195310115814209
3768,7,390,0.01764392852783203
3769,8,390,0.016737937927246094
3770,9,390,0.015664100646972656
3771,10,390,0.01622915267944336
3772,11,390,0.015909910202026367
3773,12,390,0.013863086700439453
3774,13,390,0.012817144393920898
3775,14,390,0.012596368789672852
3776,15,390,0.01182413101196289
3777,16,390,0.011250019073486328
3778,17,390,0.012497186660766602
3779,18,390,0.011700868606567383
3780,19,390,0.011379241943359375
3781,20,390,0.01040506362915039
3782,21,390,0.010154008865356445
3783,22,390,0.008910894393920898
3784,23,390,0.008677005767822266
3785,24,390,0.009792089462280273
3786,25,390,0.00919795036315918
3787,26,390,0.009050130844116211
3788,27,390,0.007693052291870117
3789,28,390,0.00747990608215332
3790,29,390,0.008359909057617188
3791,30,390,0.007060050964355469
3792,31,390,0.008114814758300781
3793,32,390,0.00663304328918457
3794,33,390,0.00653076171875
3795,34,390,0.007603883743286133
3796,35,390,0.006219625473022461
3797,36,390,0.007409095764160156
3798,37,390,0.006122112274169922
3799,38,390,0.00639796257019043
3800,39,390,0.007249116897583008
3801,40,390,0.005815982818603516
3802,41,390,0.0064601898193359375
3803,42,390,0.005630016326904297
3804,43,390,0.006698131561279297
3805,44,390,0.005805253982543945
3806,45,390,0.005259037017822266
3807,46,390,0.005223989486694336
3808,47,390,0.00598597526550293
3809,48,390,0.005544185638427734
3810,49,390,0.005931854248046875
3811,50,390,0.004817962646484375
3812,51,390,0.0048601627349853516
3813,52,390,0.006022930145263672
3814,53,390,0.004714012145996094
3815,54,390,0.004818916320800781
3816,55,390,0.005426168441772461
3817,56,390,0.004511356353759766
3818,57,390,0.004467010498046875
3819,58,390,0.005175113677978516
3820,59,390,0.004336833953857422
3821,60,390,0.0049779415130615234
3822,61,390,0.005069732666015625
3823,62,390,0.00428009033203125
3824,63,390,0.005371809005737305
3825,64,390,0.005462169647216797
3826,65,390,0.004249095916748047
3827,66,390,0.005319118499755859
3828,67,390,0.003942251205444336
3829,68,390,0.005295991897583008
3830,69,390,0.004813194274902344
3831,70,390,0.004663944244384766
3832,71,390,0.003834962844848633
3833,72,390,0.003976106643676758
3834,73,390,0.00461888313293457
3835,74,390,0.0038299560546875
3836,75,390,0.004930019378662109
3837,76,390,0.004403829574584961
3838,77,390,0.004705905914306641
3839,78,390,0.004489898681640625
3840,79,390,0.004990816116333008
3841,80,390,0.003634929656982422
3842,81,390,0.004623889923095703
3843,82,390,0.004084110260009766
3844,83,390,0.003593921661376953
3845,84,390,0.004524946212768555
3846,85,390,0.0035009384155273438
3847,86,390,0.004490852355957031
3848,87,390,0.00423121452331543
3849,88,390,0.0035381317138671875
3850,89,390,0.0034618377685546875
3851,90,390,0.0043489933013916016
3852,91,390,0.004283905029296875
3853,92,390,0.0033440589904785156
3854,93,390,0.004335165023803711
3855,94,390,0.0036611557006835938
3856,95,390,0.004080057144165039
3857,96,390,0.0033202171325683594
3858,97,390,0.0033309459686279297
3859,98,390,0.0032501220703125
3860,99,390,0.003242969512939453
3861,1,400,0.0370938777923584
3862,2,400,0.027116060256958008
3863,3,400,0.023179054260253906
3864,4,400,0.02685379981994629
3865,5,400,0.02048516273498535
3866,6,400,0.018305063247680664
3867,7,400,0.018408775329589844
3868,8,400,0.01762700080871582
3869,9,400,0.01755690574645996
3870,10,400,0.015794992446899414
3871,11,400,0.01657724380493164
3872,12,400,0.014400005340576172
3873,13,400,0.015018939971923828
3874,14,400,0.014305830001831055
3875,15,400,0.013232231140136719
3876,16,400,0.011986970901489258
3877,17,400,0.011501073837280273
3878,18,400,0.012526750564575195
3879,19,400,0.011941671371459961
3880,20,400,0.011413097381591797
3881,21,400,0.011063098907470703
3882,22,400,0.00955963134765625
3883,23,400,0.009039163589477539
3884,24,400,0.008948087692260742
3885,25,400,0.008648872375488281
3886,26,400,0.008964061737060547
3887,27,400,0.008129119873046875
3888,28,400,0.008168935775756836
3889,29,400,0.0076901912689208984
3890,30,400,0.008314132690429688
3891,31,400,0.00810384750366211
3892,32,400,0.008234024047851562
3893,33,400,0.008006095886230469
3894,34,400,0.007328033447265625
3895,35,400,0.006548881530761719
3896,36,400,0.007462263107299805
3897,37,400,0.006180763244628906
3898,38,400,0.0062236785888671875
3899,39,400,0.0064411163330078125
3900,40,400,0.006880998611450195
3901,41,400,0.006994962692260742
3902,42,400,0.0057468414306640625
3903,43,400,0.006695270538330078
3904,44,400,0.006097078323364258
3905,45,400,0.005636930465698242
3906,46,400,0.005445718765258789
3907,47,400,0.0065610408782958984
3908,48,400,0.006597995758056641
3909,49,400,0.005126237869262695
3910,50,400,0.005070209503173828
3911,51,400,0.0060939788818359375
3912,52,400,0.0048980712890625
3913,53,400,0.0049097537994384766
3914,54,400,0.004925966262817383
3915,55,400,0.004850149154663086
3916,56,400,0.004724979400634766
3917,57,400,0.004645824432373047
3918,58,400,0.005979061126708984
3919,59,400,0.004523038864135742
3920,60,400,0.004491090774536133
3921,61,400,0.004520893096923828
3922,62,400,0.0055730342864990234
3923,63,400,0.0054569244384765625
3924,64,400,0.004431009292602539
3925,65,400,0.0043599605560302734
3926,66,400,0.004369020462036133
3927,67,400,0.005681276321411133
3928,68,400,0.0042879581451416016
3929,69,400,0.004007101058959961
3930,70,400,0.004279136657714844
3931,71,400,0.003979921340942383
3932,72,400,0.005234956741333008
3933,73,400,0.004914999008178711
3934,74,400,0.00393223762512207
3935,75,400,0.003957986831665039
3936,76,400,0.003877878189086914
3937,77,400,0.005117893218994141
3938,78,400,0.004614830017089844
3939,79,400,0.004912853240966797
3940,80,400,0.003805875778198242
3941,81,400,0.0037779808044433594
3942,82,400,0.004657268524169922
3943,83,400,0.0041980743408203125
3944,84,400,0.004732847213745117
3945,85,400,0.00472712516784668
3946,86,400,0.003670930862426758
3947,87,400,0.004723072052001953
3948,88,400,0.003609180450439453
3949,89,400,0.0036520957946777344
3950,90,400,0.004558086395263672
3951,91,400,0.0036551952362060547
3952,92,400,0.004540205001831055
3953,93,400,0.004843235015869141
3954,94,400,0.0043179988861083984
3955,95,400,0.0047419071197509766
3956,96,400,0.004349946975708008
3957,97,400,0.004292726516723633
3958,98,400,0.004745006561279297
3959,99,400,0.0037479400634765625
3960,1,410,0.0395960807800293
3961,2,410,0.026613950729370117
3962,3,410,0.025065183639526367
3963,4,410,0.02700638771057129
3964,5,410,0.022675037384033203
3965,6,410,0.019689083099365234
3966,7,410,0.01931309700012207
3967,8,410,0.018259048461914062
3968,9,410,0.017907381057739258
3969,10,410,0.016395092010498047
3970,11,410,0.016253948211669922
3971,12,410,0.016329050064086914
3972,13,410,0.0152587890625
3973,14,410,0.014571905136108398
3974,15,410,0.013168096542358398
3975,16,410,0.012868881225585938
3976,17,410,0.06015300750732422
3977,18,410,0.021646976470947266
3978,19,410,0.012047052383422852
3979,20,410,0.012137889862060547
3980,21,410,0.010881900787353516
3981,22,410,0.010343074798583984
3982,23,410,0.011221885681152344
3983,24,410,0.010606050491333008
3984,25,410,0.010755062103271484
3985,26,410,0.00922083854675293
3986,27,410,0.009315967559814453
3987,28,410,0.009849309921264648
3988,29,410,0.00817418098449707
3989,30,410,0.008523941040039062
3990,31,410,0.009147882461547852
3991,32,410,0.008698225021362305
3992,33,410,0.008463859558105469
3993,34,410,0.008246183395385742
3994,35,410,0.00789189338684082
3995,36,410,0.006810188293457031
3996,37,410,0.008131027221679688
3997,38,410,0.007880926132202148
3998,39,410,0.006612062454223633
3999,40,410,0.007835149765014648
4000,41,410,0.007550954818725586
4001,42,410,0.007544040679931641
4002,43,410,0.006356954574584961
4003,44,410,0.01199197769165039
4004,45,410,0.0072209835052490234
4005,46,410,0.005894899368286133
4006,47,410,0.0071659088134765625
4007,48,410,0.0074961185455322266
4008,49,410,0.005872964859008789
4009,50,410,0.009945154190063477
4010,51,410,0.006575822830200195
4011,52,410,0.006499767303466797
4012,53,410,0.006129026412963867
4013,54,410,0.0066568851470947266
4014,55,410,0.005573272705078125
4015,56,410,0.005907773971557617
4016,57,410,0.005701780319213867
4017,58,410,0.006386995315551758
4018,59,410,0.0049288272857666016
4019,60,410,0.005338907241821289
4020,61,410,0.00609898567199707
4021,62,410,0.004904031753540039
4022,63,410,0.004707813262939453
4023,64,410,0.005562782287597656
4024,65,410,0.005983114242553711
4025,66,410,0.004629850387573242
4026,67,410,0.00461888313293457
4027,68,410,0.0051250457763671875
4028,69,410,0.005611896514892578
4029,70,410,0.004374980926513672
4030,71,410,0.005602836608886719
4031,72,410,0.004704952239990234
4032,73,410,0.005388021469116211
4033,74,410,0.005412101745605469
4034,75,410,0.005671024322509766
4035,76,410,0.004177093505859375
4036,77,410,0.004355907440185547
4037,78,410,0.0040798187255859375
4038,79,410,0.005682945251464844
4039,80,410,0.004189014434814453
4040,81,410,0.0041620731353759766
4041,82,410,0.0055370330810546875
4042,83,410,0.005239009857177734
4043,84,410,0.004148960113525391
4044,85,410,0.0046689510345458984
4045,86,410,0.0051288604736328125
4046,87,410,0.004432201385498047
4047,88,410,0.004804849624633789
4048,89,410,0.004672050476074219
4049,90,410,0.00428318977355957
4050,91,410,0.004652976989746094
4051,92,410,0.0045719146728515625
4052,93,410,0.004437923431396484
4053,94,410,0.004498004913330078
4054,95,410,0.003821849822998047
4055,96,410,0.003945827484130859
4056,97,410,0.004232883453369141
4057,98,410,0.004216194152832031
4058,99,410,0.004306793212890625
4059,1,420,0.03989291191101074
4060,2,420,0.029647111892700195
4061,3,420,0.025846004486083984
4062,4,420,0.02844691276550293
4063,5,420,0.023789167404174805
4064,6,420,0.023731231689453125
4065,7,420,0.020765066146850586
4066,8,420,0.01977682113647461
4067,9,420,0.017886877059936523
4068,10,420,0.019238948822021484
4069,11,420,0.01721787452697754
4070,12,420,0.01660633087158203
4071,13,420,0.016002655029296875
4072,14,420,0.01609182357788086
4073,15,420,0.015499114990234375
4074,16,420,0.014069080352783203
4075,17,420,0.01435708999633789
4076,18,420,0.012338876724243164
4077,19,420,0.012562036514282227
4078,20,420,0.011444091796875
4079,21,420,0.011359930038452148
4080,22,420,0.010910987854003906
4081,23,420,0.010148763656616211
4082,24,420,0.009861230850219727
4083,25,420,0.010174036026000977
4084,26,420,0.009950876235961914
4085,27,420,0.009213924407958984
4086,28,420,0.009589910507202148
4087,29,420,0.010008096694946289
4088,30,420,0.009912967681884766
4089,31,420,0.009613990783691406
4090,32,420,0.007837057113647461
4091,33,420,0.008664846420288086
4092,34,420,0.007481098175048828
4093,35,420,0.007173061370849609
4094,36,420,0.008665800094604492
4095,37,420,0.007004976272583008
4096,38,420,0.008098840713500977
4097,39,420,0.007835865020751953
4098,40,420,0.008252143859863281
4099,41,420,0.008139610290527344
4100,42,420,0.007992029190063477
4101,43,420,0.007365703582763672
4102,44,420,0.006192922592163086
4103,45,420,0.0060253143310546875
4104,46,420,0.006023883819580078
4105,47,420,0.00669097900390625
4106,48,420,0.00675511360168457
4107,49,420,0.006749868392944336
4108,50,420,0.006758213043212891
4109,51,420,0.00570988655090332
4110,52,420,0.0061109066009521484
4111,53,420,0.005558967590332031
4112,54,420,0.00638127326965332
4113,55,420,0.006265878677368164
4114,56,420,0.005206108093261719
4115,57,420,0.006651878356933594
4116,58,420,0.0065958499908447266
4117,59,420,0.005710124969482422
4118,60,420,0.006163120269775391
4119,61,420,0.004952192306518555
4120,62,420,0.004882097244262695
4121,63,420,0.005043983459472656
4122,64,420,0.00574493408203125
4123,65,420,0.005146980285644531
4124,66,420,0.006154060363769531
4125,67,420,0.006324052810668945
4126,68,420,0.004667997360229492
4127,69,420,0.0047092437744140625
4128,70,420,0.004591703414916992
4129,71,420,0.004491090774536133
4130,72,420,0.005788326263427734
4131,73,420,0.005926847457885742
4132,74,420,0.005448102951049805
4133,75,420,0.004239082336425781
4134,76,420,0.0042340755462646484
4135,77,420,0.004297971725463867
4136,78,420,0.005357027053833008
4137,79,420,0.005092144012451172
4138,80,420,0.004173755645751953
4139,81,420,0.00416111946105957
4140,82,420,0.005120992660522461
4141,83,420,0.004944801330566406
4142,84,420,0.004064798355102539
4143,85,420,0.004971981048583984
4144,86,420,0.005018949508666992
4145,87,420,0.0040590763092041016
4146,88,420,0.004055023193359375
4147,89,420,0.0040280818939208984
4148,90,420,0.004052877426147461
4149,91,420,0.0038988590240478516
4150,92,420,0.0038781166076660156
4151,93,420,0.00390625
4152,94,420,0.004612922668457031
4153,95,420,0.004775047302246094
4154,96,420,0.0038340091705322266
4155,97,420,0.0038077831268310547
4156,98,420,0.004532814025878906
4157,99,420,0.0037262439727783203
4158,1,430,0.0441286563873291
4159,2,430,0.03028416633605957
4160,3,430,0.032462120056152344
4161,4,430,0.02492690086364746
4162,5,430,0.026331186294555664
4163,6,430,0.02289605140686035
4164,7,430,0.027807950973510742
4165,8,430,0.02128005027770996
4166,9,430,0.019404172897338867
4167,10,430,0.018179893493652344
4168,11,430,0.017626047134399414
4169,12,430,0.01660895347595215
4170,13,430,0.016175270080566406
4171,14,430,0.016157865524291992
4172,15,430,0.014171838760375977
4173,16,430,0.014911890029907227
4174,17,430,0.015307188034057617
4175,18,430,0.013079166412353516
4176,19,430,0.012689828872680664
4177,20,430,0.013398885726928711
4178,21,430,0.013483047485351562
4179,22,430,0.012457132339477539
4180,23,430,0.011394977569580078
4181,24,430,0.010895729064941406
4182,25,430,0.010777950286865234
4183,26,430,0.010046958923339844
4184,27,430,0.009457111358642578
4185,28,430,0.010013103485107422
4186,29,430,0.012664794921875
4187,30,430,0.012296199798583984
4188,31,430,0.009383916854858398
4189,32,430,0.010915040969848633
4190,33,430,0.009062767028808594
4191,34,430,0.00950312614440918
4192,35,430,0.008307933807373047
4193,36,430,0.009094953536987305
4194,37,430,0.009181022644042969
4195,38,430,0.008169889450073242
4196,39,430,0.008072853088378906
4197,40,430,0.008206844329833984
4198,41,430,0.008582830429077148
4199,42,430,0.007996082305908203
4200,43,430,0.008215188980102539
4201,44,430,0.009242057800292969
4202,45,430,0.008440017700195312
4203,46,430,0.0067331790924072266
4204,47,430,0.007969856262207031
4205,48,430,0.0062639713287353516
4206,49,430,0.007347822189331055
4207,50,430,0.0067729949951171875
4208,51,430,0.005892753601074219
4209,52,430,0.006752967834472656
4210,53,430,0.005883932113647461
4211,54,430,0.006312131881713867
4212,55,430,0.005840778350830078
4213,56,430,0.006512880325317383
4214,57,430,0.005953073501586914
4215,58,430,0.006145000457763672
4216,59,430,0.006528139114379883
4217,60,430,0.00655817985534668
4218,61,430,0.00683903694152832
4219,62,430,0.005280017852783203
4220,63,430,0.006796121597290039
4221,64,430,0.005860805511474609
4222,65,430,0.005017757415771484
4223,66,430,0.0061550140380859375
4224,67,430,0.005927085876464844
4225,68,430,0.005743265151977539
4226,69,430,0.004785299301147461
4227,70,430,0.004766225814819336
4228,71,430,0.005859851837158203
4229,72,430,0.006000995635986328
4230,73,430,0.004572868347167969
4231,74,430,0.00454401969909668
4232,75,430,0.004522085189819336
4233,76,430,0.0058519840240478516
4234,77,430,0.004364013671875
4235,78,430,0.004393100738525391
4236,79,430,0.004647970199584961
4237,80,430,0.0056972503662109375
4238,81,430,0.004458904266357422
4239,82,430,0.0046749114990234375
4240,83,430,0.0043561458587646484
4241,84,430,0.005404949188232422
4242,85,430,0.004200935363769531
4243,86,430,0.0055201053619384766
4244,87,430,0.0042340755462646484
4245,88,430,0.005191802978515625
4246,89,430,0.0051500797271728516
4247,90,430,0.004837751388549805
4248,91,430,0.0040798187255859375
4249,92,430,0.004060983657836914
4250,93,430,0.004639863967895508
4251,94,430,0.003949165344238281
4252,95,430,0.003930807113647461
4253,96,430,0.003945827484130859
4254,97,430,0.00398707389831543
4255,98,430,0.003991603851318359
4256,99,430,0.004953145980834961
4257,1,440,0.03760099411010742
4258,2,440,0.033566951751708984
4259,3,440,0.028277873992919922
4260,4,440,0.029891252517700195
4261,5,440,0.026071786880493164
4262,6,440,0.024776935577392578
4263,7,440,0.022928953170776367
4264,8,440,0.021897077560424805
4265,9,440,0.021476030349731445
4266,10,440,0.019561052322387695
4267,11,440,0.0187838077545166
4268,12,440,0.01829695701599121
4269,13,440,0.017618179321289062
4270,14,440,0.016303062438964844
4271,15,440,0.015203237533569336
4272,16,440,0.015961885452270508
4273,17,440,0.014101028442382812
4274,18,440,0.01546335220336914
4275,19,440,0.013627052307128906
4276,20,440,0.01534414291381836
4277,21,440,0.012903213500976562
4278,22,440,0.011790037155151367
4279,23,440,0.012412786483764648
4280,24,440,0.012631893157958984
4281,25,440,0.01119685173034668
4282,26,440,0.010272979736328125
4283,27,440,0.010034799575805664
4284,28,440,0.00984501838684082
4285,29,440,0.010548114776611328
4286,30,440,0.010171890258789062
4287,31,440,0.01019906997680664
4288,32,440,0.010258913040161133
4289,33,440,0.009540796279907227
4290,34,440,0.009988784790039062
4291,35,440,0.009236812591552734
4292,36,440,0.008943319320678711
4293,37,440,0.008756875991821289
4294,38,440,0.008708953857421875
4295,39,440,0.00913095474243164
4296,40,440,0.007188320159912109
4297,41,440,0.008718252182006836
4298,42,440,0.008558034896850586
4299,43,440,0.007200956344604492
4300,44,440,0.007717132568359375
4301,45,440,0.008003950119018555
4302,46,440,0.007815122604370117
4303,47,440,0.006571054458618164
4304,48,440,0.007450103759765625
4305,49,440,0.007458209991455078
4306,50,440,0.007196187973022461
4307,51,440,0.006052970886230469
4308,52,440,0.005984783172607422
4309,53,440,0.0064907073974609375
4310,54,440,0.0059850215911865234
4311,55,440,0.005864858627319336
4312,56,440,0.0064470767974853516
4313,57,440,0.00586390495300293
4314,58,440,0.005753040313720703
4315,59,440,0.005682229995727539
4316,60,440,0.006938934326171875
4317,61,440,0.007207155227661133
4318,62,440,0.007006168365478516
4319,63,440,0.006654024124145508
4320,64,440,0.005255937576293945
4321,65,440,0.005641937255859375
4322,66,440,0.006523847579956055
4323,67,440,0.006776094436645508
4324,68,440,0.005602121353149414
4325,69,440,0.0059239864349365234
4326,70,440,0.006745815277099609
4327,71,440,0.005159139633178711
4328,72,440,0.006888151168823242
4329,73,440,0.005305767059326172
4330,74,440,0.005653858184814453
4331,75,440,0.0059549808502197266
4332,76,440,0.005964040756225586
4333,77,440,0.00662684440612793
4334,78,440,0.00603485107421875
4335,79,440,0.005037069320678711
4336,80,440,0.0057489871978759766
4337,81,440,0.004803180694580078
4338,82,440,0.0059201717376708984
4339,83,440,0.0055828094482421875
4340,84,440,0.005216836929321289
4341,85,440,0.005482196807861328
4342,86,440,0.005208015441894531
4343,87,440,0.004384040832519531
4344,88,440,0.00571894645690918
4345,89,440,0.005614757537841797
4346,90,440,0.004966020584106445
4347,91,440,0.005165815353393555
4348,92,440,0.00457000732421875
4349,93,440,0.004430055618286133
4350,94,440,0.004750967025756836
4351,95,440,0.004949092864990234
4352,96,440,0.005269050598144531
4353,97,440,0.004216194152832031
4354,98,440,0.005553007125854492
4355,99,440,0.0056569576263427734
4356,1,450,0.044653892517089844
4357,2,450,0.030710935592651367
4358,3,450,0.03843092918395996
4359,4,450,0.028609752655029297
4360,5,450,0.028883934020996094
4361,6,450,0.025835752487182617
4362,7,450,0.024559736251831055
4363,8,450,0.023524761199951172
4364,9,450,0.02179694175720215
4365,10,450,0.021677017211914062
4366,11,450,0.021221160888671875
4367,12,450,0.019942283630371094
4368,13,450,0.017310380935668945
4369,14,450,0.01795673370361328
4370,15,450,0.0171358585357666
4371,16,450,0.01768183708190918
4372,17,450,0.01582622528076172
4373,18,450,0.016012191772460938
4374,19,450,0.016464948654174805
4375,20,450,0.014480113983154297
4376,21,450,0.014310121536254883
4377,22,450,0.012172937393188477
4378,23,450,0.01241755485534668
4379,24,450,0.011176824569702148
4380,25,450,0.012610197067260742
4381,26,450,0.012362003326416016
4382,27,450,0.012043237686157227
4383,28,450,0.010483026504516602
4384,29,450,0.011508941650390625
4385,30,450,0.009546995162963867
4386,31,450,0.01092982292175293
4387,32,450,0.009138822555541992
4388,33,450,0.008908748626708984
4389,34,450,0.0089569091796875
4390,35,450,0.010059118270874023
4391,36,450,0.008089065551757812
4392,37,450,0.00797891616821289
4393,38,450,0.007679939270019531
4394,39,450,0.008650064468383789
4395,40,450,0.009263753890991211
4396,41,450,0.007253885269165039
4397,42,450,0.007142782211303711
4398,43,450,0.007090091705322266
4399,44,450,0.007164955139160156
4400,45,450,0.008695840835571289
4401,46,450,0.006852149963378906
4402,47,450,0.0067560672760009766
4403,48,450,0.006518125534057617
4404,49,450,0.007632732391357422
4405,50,450,0.0064928531646728516
4406,51,450,0.007294893264770508
4407,52,450,0.007255077362060547
4408,53,450,0.006680011749267578
4409,54,450,0.006158113479614258
4410,55,450,0.006111860275268555
4411,56,450,0.0073812007904052734
4412,57,450,0.006557941436767578
4413,58,450,0.007394075393676758
4414,59,450,0.005815982818603516
4415,60,450,0.0074748992919921875
4416,61,450,0.0057010650634765625
4417,62,450,0.007376909255981445
4418,63,450,0.007297992706298828
4419,64,450,0.00673675537109375
4420,65,450,0.005548000335693359
4421,66,450,0.005439281463623047
4422,67,450,0.005383968353271484
4423,68,450,0.006356954574584961
4424,69,450,0.006961822509765625
4425,70,450,0.005138874053955078
4426,71,450,0.0051348209381103516
4427,72,450,0.005140066146850586
4428,73,450,0.006349802017211914
4429,74,450,0.006254911422729492
4430,75,450,0.0066721439361572266
4431,76,450,0.005897045135498047
4432,77,450,0.004781246185302734
4433,78,450,0.004750967025756836
4434,79,450,0.004721879959106445
4435,80,450,0.004661083221435547
4436,81,450,0.004709005355834961
4437,82,450,0.004692792892456055
4438,83,450,0.005858898162841797
4439,84,450,0.004602193832397461
4440,85,450,0.004664182662963867
4441,86,450,0.005754947662353516
4442,87,450,0.006016969680786133
4443,88,450,0.005627870559692383
4444,89,450,0.0052149295806884766
4445,90,450,0.004569292068481445
4446,91,450,0.005296945571899414
4447,92,450,0.005115032196044922
4448,93,450,0.005850076675415039
4449,94,450,0.004448890686035156
4450,95,450,0.005781888961791992
4451,96,450,0.00499725341796875
4452,97,450,0.0043451786041259766
4453,98,450,0.005155086517333984
4454,99,450,0.004880189895629883
4455,1,460,0.04112100601196289
4456,2,460,0.03897881507873535
4457,3,460,0.030829668045043945
4458,4,460,0.031659603118896484
4459,5,460,0.02602100372314453
4460,6,460,0.026309967041015625
4461,7,460,0.02421283721923828
4462,8,460,0.023736000061035156
4463,9,460,0.023714780807495117
4464,10,460,0.02188587188720703
4465,11,460,0.022269248962402344
4466,12,460,0.020586013793945312
4467,13,460,0.01941084861755371
4468,14,460,0.017562150955200195
4469,15,460,0.016582965850830078
4470,16,460,0.015824079513549805
4471,17,460,0.015089750289916992
4472,18,460,0.01512598991394043
4473,19,460,0.014194250106811523
4474,20,460,0.015126943588256836
4475,21,460,0.01471090316772461
4476,22,460,0.01413583755493164
4477,23,460,0.013441085815429688
4478,24,460,0.011600017547607422
4479,25,460,0.012084245681762695
4480,26,460,0.011013984680175781
4481,27,460,0.010689973831176758
4482,28,460,0.010605812072753906
4483,29,460,0.009984016418457031
4484,30,460,0.01111912727355957
4485,31,460,0.011255025863647461
4486,32,460,0.010433197021484375
4487,33,460,0.010399103164672852
4488,34,460,0.008803844451904297
4489,35,460,0.008640050888061523
4490,36,460,0.009883880615234375
4491,37,460,0.008276939392089844
4492,38,460,0.00816798210144043
4493,39,460,0.009974002838134766
4494,40,460,0.010565757751464844
4495,41,460,0.007842063903808594
4496,42,460,0.009335994720458984
4497,43,460,0.008748054504394531
4498,44,460,0.010107994079589844
4499,45,460,0.007503986358642578
4500,46,460,0.008300065994262695
4501,47,460,0.00785684585571289
4502,48,460,0.007793903350830078
4503,49,460,0.007068157196044922
4504,50,460,0.008015871047973633
4505,51,460,0.008036136627197266
4506,52,460,0.006827831268310547
4507,53,460,0.007021665573120117
4508,54,460,0.007648944854736328
4509,55,460,0.0077359676361083984
4510,56,460,0.007544994354248047
4511,57,460,0.006762981414794922
4512,58,460,0.006543874740600586
4513,59,460,0.006155967712402344
4514,60,460,0.007093191146850586
4515,61,460,0.006923198699951172
4516,62,460,0.007030010223388672
4517,63,460,0.006922006607055664
4518,64,460,0.006846904754638672
4519,65,460,0.007719755172729492
4520,66,460,0.006120920181274414
4521,67,460,0.0058748722076416016
4522,68,460,0.00632929801940918
4523,69,460,0.006682872772216797
4524,70,460,0.006315946578979492
4525,71,460,0.0066411495208740234
4526,72,460,0.006092071533203125
4527,73,460,0.006768703460693359
4528,74,460,0.0065991878509521484
4529,75,460,0.005602836608886719
4530,76,460,0.00706791877746582
4531,77,460,0.0063419342041015625
4532,78,460,0.006016969680786133
4533,79,460,0.00629878044128418
4534,80,460,0.006724119186401367
4535,81,460,0.005228996276855469
4536,82,460,0.0064852237701416016
4537,83,460,0.006462812423706055
4538,84,460,0.005373954772949219
4539,85,460,0.005738019943237305
4540,86,460,0.00548100471496582
4541,87,460,0.006190061569213867
4542,88,460,0.0064580440521240234
4543,89,460,0.006165027618408203
4544,90,460,0.005373954772949219
4545,91,460,0.005167961120605469
4546,92,460,0.0053937435150146484
4547,93,460,0.005950212478637695
4548,94,460,0.005396842956542969
4549,95,460,0.0049479007720947266
4550,96,460,0.005491971969604492
4551,97,460,0.005520820617675781
4552,98,460,0.0051860809326171875
4553,99,460,0.0046579837799072266
4554,1,470,0.048545122146606445
4555,2,470,0.03693795204162598
4556,3,470,0.0322420597076416
4557,4,470,0.034310102462768555
4558,5,470,0.03305697441101074
4559,6,470,0.02953791618347168
4560,7,470,0.02740478515625
4561,8,470,0.02484893798828125
4562,9,470,0.024456024169921875
4563,10,470,0.024447917938232422
4564,11,470,0.02317070960998535
4565,12,470,0.021342992782592773
4566,13,470,0.021559953689575195
4567,14,470,0.019694805145263672
4568,15,470,0.018596172332763672
4569,16,470,0.018157243728637695
4570,17,470,0.016206026077270508
4571,18,470,0.01843094825744629
4572,19,470,0.015739917755126953
4573,20,470,0.014104127883911133
4574,21,470,0.07991218566894531
4575,22,470,0.027055025100708008
4576,23,470,0.0249478816986084
4577,24,470,0.022022247314453125
4578,25,470,0.013292074203491211
4579,26,470,0.01574563980102539
4580,27,470,0.01276707649230957
4581,28,470,0.01261591911315918
4582,29,470,0.013536930084228516
4583,30,470,0.012807846069335938
4584,31,470,0.010636091232299805
4585,32,470,0.010508060455322266
4586,33,470,0.011766195297241211
4587,34,470,0.009921073913574219
4588,35,470,0.009597063064575195
4589,36,470,0.01027822494506836
4590,37,470,0.009634971618652344
4591,38,470,0.00892496109008789
4592,39,470,0.01057577133178711
4593,40,470,0.009646892547607422
4594,41,470,0.00896906852722168
4595,42,470,0.008471012115478516
4596,43,470,0.009186029434204102
4597,44,470,0.008664846420288086
4598,45,470,0.008828163146972656
4599,46,470,0.008105993270874023
4600,47,470,0.008306026458740234
4601,48,470,0.007921218872070312
4602,49,470,0.008302927017211914
4603,50,470,0.009263753890991211
4604,51,470,0.009008169174194336
4605,52,470,0.008445024490356445
4606,53,470,0.007739067077636719
4607,54,470,0.007985830307006836
4608,55,470,0.00716090202331543
4609,56,470,0.008324146270751953
4610,57,470,0.00837087631225586
4611,58,470,0.00780797004699707
4612,59,470,0.007590055465698242
4613,60,470,0.0071370601654052734
4614,61,470,0.008446931838989258
4615,62,470,0.006846904754638672
4616,63,470,0.007475852966308594
4617,64,470,0.0074841976165771484
4618,65,470,0.007769107818603516
4619,66,470,0.0075452327728271484
4620,67,470,0.007849931716918945
4621,68,470,0.007821798324584961
4622,69,470,0.007779121398925781
4623,70,470,0.007193088531494141
4624,71,470,0.0075037479400634766
4625,72,470,0.009110689163208008
4626,73,470,0.009017229080200195
4627,74,470,0.007042884826660156
4628,75,470,0.007184028625488281
4629,76,470,0.006008148193359375
4630,77,470,0.006660938262939453
4631,78,470,0.005803108215332031
4632,79,470,0.006555080413818359
4633,80,470,0.006475925445556641
4634,81,470,0.006444692611694336
4635,82,470,0.0066220760345458984
4636,83,470,0.006799936294555664
4637,84,470,0.00628209114074707
4638,85,470,0.006276845932006836
4639,86,470,0.006639957427978516
4640,87,470,0.006966829299926758
4641,88,470,0.006875276565551758
4642,89,470,0.007313966751098633
4643,90,470,0.007745981216430664
4644,91,470,0.007619142532348633
4645,92,470,0.007212162017822266
4646,93,470,0.005982875823974609
4647,94,470,0.005208253860473633
4648,95,470,0.005553007125854492
4649,96,470,0.006760835647583008
4650,97,470,0.006930828094482422
4651,98,470,0.005405902862548828
4652,99,470,0.006829023361206055
4653,1,480,0.0653831958770752
4654,2,480,0.0673069953918457
4655,3,480,0.07030129432678223
4656,4,480,0.047991037368774414
4657,5,480,0.03489208221435547
4658,6,480,0.034401893615722656
4659,7,480,0.03115391731262207
4660,8,480,0.030141830444335938
4661,9,480,0.029907941818237305
4662,10,480,0.027331829071044922
4663,11,480,0.025754928588867188
4664,12,480,0.025485992431640625
4665,13,480,0.024086952209472656
4666,14,480,0.022430896759033203
4667,15,480,0.02119588851928711
4668,16,480,0.022921085357666016
4669,17,480,0.022162914276123047
4670,18,480,0.019609928131103516
4671,19,480,0.019854068756103516
4672,20,480,0.018384933471679688
4673,21,480,0.019448041915893555
4674,22,480,0.014931917190551758
4675,23,480,0.018401622772216797
4676,24,480,0.01656341552734375
4677,25,480,0.017014026641845703
4678,26,480,0.016416072845458984
4679,27,480,0.014217138290405273
4680,28,480,0.015582799911499023
4681,29,480,0.013876914978027344
4682,30,480,0.013179779052734375
4683,31,480,0.01384115219116211
4684,32,480,0.013983964920043945
4685,33,480,0.010930299758911133
4686,34,480,0.012109756469726562
4687,35,480,0.012627840042114258
4688,36,480,0.012343168258666992
4689,37,480,0.011665105819702148
4690,38,480,0.012475967407226562
4691,39,480,0.011066913604736328
4692,40,480,0.010982036590576172
4693,41,480,0.011324882507324219
4694,42,480,0.010000944137573242
4695,43,480,0.009489774703979492
4696,44,480,0.010886192321777344
4697,45,480,0.011327981948852539
4698,46,480,0.01057887077331543
4699,47,480,0.01251983642578125
4700,48,480,0.00925588607788086
4701,49,480,0.00995182991027832
4702,50,480,0.010608196258544922
4703,51,480,0.00956416130065918
4704,52,480,0.009668111801147461
4705,53,480,0.0106048583984375
4706,54,480,0.00802922248840332
4707,55,480,0.009666204452514648
4708,56,480,0.009598970413208008
4709,57,480,0.006918907165527344
4710,58,480,0.010272026062011719
4711,59,480,0.0457301139831543
4712,60,480,0.07142090797424316
4713,61,480,0.04541897773742676
4714,62,480,0.013995885848999023
4715,63,480,0.015097856521606445
4716,64,480,0.013392210006713867
4717,65,480,0.011517763137817383
4718,66,480,0.009066104888916016
4719,67,480,0.017870187759399414
4720,68,480,0.009238958358764648
4721,69,480,0.007118940353393555
4722,70,480,0.011857986450195312
4723,71,480,0.011564970016479492
4724,72,480,0.010397195816040039
4725,73,480,0.0072820186614990234
4726,74,480,0.0068209171295166016
4727,75,480,0.006131887435913086
4728,76,480,0.007290840148925781
4729,77,480,0.008887052536010742
4730,78,480,0.008952140808105469
4731,79,480,0.009729862213134766
4732,80,480,0.008009195327758789
4733,81,480,0.006999969482421875
4734,82,480,0.007783174514770508
4735,83,480,0.009147167205810547
4736,84,480,0.006905794143676758
4737,85,480,0.00907588005065918
4738,86,480,0.008980035781860352
4739,87,480,0.008047819137573242
4740,88,480,0.007227182388305664
4741,89,480,0.00783991813659668
4742,90,480,0.008178234100341797
4743,91,480,0.00688481330871582
4744,92,480,0.015065193176269531
4745,93,480,0.00725102424621582
4746,94,480,0.006623029708862305
4747,95,480,0.0067272186279296875
4748,96,480,0.008790969848632812
4749,97,480,0.006762981414794922
4750,98,480,0.006101131439208984
4751,99,480,0.008213043212890625
4752,1,490,0.07530808448791504
4753,2,490,0.07175397872924805
4754,3,490,0.05094313621520996
4755,4,490,0.03698992729187012
4756,5,490,0.0390019416809082
4757,6,490,0.03813505172729492
4758,7,490,0.03558206558227539
4759,8,490,0.03415679931640625
4760,9,490,0.032196044921875
4761,10,490,0.025866031646728516
4762,11,490,0.025756120681762695
4763,12,490,0.027183055877685547
4764,13,490,0.022860050201416016
4765,14,490,0.02442789077758789
4766,15,490,0.021364927291870117
4767,16,490,0.021657943725585938
4768,17,490,0.0219728946685791
4769,18,490,0.01790928840637207
4770,19,490,0.020338058471679688
4771,20,490,0.016786813735961914
4772,21,490,0.01528310775756836
4773,22,490,0.014494895935058594
4774,23,490,0.01571822166442871
4775,24,490,0.013767004013061523
4776,25,490,0.01346588134765625
4777,26,490,0.013948202133178711
4778,27,490,0.012716054916381836
4779,28,490,0.012231826782226562
4780,29,490,0.01408529281616211
4781,30,490,0.012164831161499023
4782,31,490,0.011284112930297852
4783,32,490,0.012618064880371094
4784,33,490,0.011646270751953125
4785,34,490,0.012270927429199219
4786,35,490,0.011164188385009766
4787,36,490,0.012358903884887695
4788,37,490,0.010105133056640625
4789,38,490,0.01165628433227539
4790,39,490,0.010212898254394531
4791,40,490,0.009510040283203125
4792,41,490,0.009917974472045898
4793,42,490,0.009235858917236328
4794,43,490,0.010170936584472656
4795,44,490,0.011446952819824219
4796,45,490,0.011054754257202148
4797,46,490,0.009716033935546875
4798,47,490,0.010195016860961914
4799,48,490,0.010782957077026367
4800,49,490,0.008898019790649414
4801,50,490,0.009997129440307617
4802,51,490,0.0106658935546875
4803,52,490,0.008358240127563477
4804,53,490,0.0076749324798583984
4805,54,490,0.007881879806518555
4806,55,490,0.008701086044311523
4807,56,490,0.008299112319946289
4808,57,490,0.008525609970092773
4809,58,490,0.010128021240234375
4810,59,490,0.009186029434204102
4811,60,490,0.006988048553466797
4812,61,490,0.008049249649047852
4813,62,490,0.008962631225585938
4814,63,490,0.009188175201416016
4815,64,490,0.01087498664855957
4816,65,490,0.008186101913452148
4817,66,490,0.008311748504638672
4818,67,490,0.007931232452392578
4819,68,490,0.011317014694213867
4820,69,490,0.008077859878540039
4821,70,490,0.006623983383178711
4822,71,490,0.006746053695678711
4823,72,490,0.006591081619262695
4824,73,490,0.007108926773071289
4825,74,490,0.006981849670410156
4826,75,490,0.007508039474487305
4827,76,490,0.007256031036376953
4828,77,490,0.007258176803588867
4829,78,490,0.00686192512512207
4830,79,490,0.0066280364990234375
4831,80,490,0.00803685188293457
4832,81,490,0.00572514533996582
4833,82,490,0.008296012878417969
4834,83,490,0.0066258907318115234
4835,84,490,0.005969047546386719
4836,85,490,0.005358219146728516
4837,86,490,0.0068759918212890625
4838,87,490,0.008542060852050781
4839,88,490,0.007324934005737305
4840,89,490,0.0066070556640625
4841,90,490,0.006350040435791016
4842,91,490,0.005364418029785156
4843,92,490,0.005429983139038086
4844,93,490,0.006594181060791016
4845,94,490,0.007387876510620117
4846,95,490,0.007284402847290039
4847,96,490,0.0054340362548828125
4848,97,490,0.006614208221435547
4849,98,490,0.006270885467529297
4850,99,490,0.007241010665893555
