,l_xy,n_pts,time
0,1,10,0.9811670780181885
1,2,10,0.0019350051879882812
2,3,10,0.0002911090850830078
3,4,10,0.0002257823944091797
4,5,10,0.00025010108947753906
5,6,10,0.00023698806762695312
6,7,10,0.0002346038818359375
7,8,10,0.00023651123046875
8,9,10,0.00022292137145996094
9,10,10,0.00022125244140625
10,11,10,0.0002090930938720703
11,12,10,0.0002117156982421875
12,13,10,0.00019669532775878906
13,14,10,0.00022149085998535156
14,15,10,0.00022721290588378906
15,16,10,0.00021076202392578125
16,17,10,0.0001983642578125
17,18,10,0.00022554397583007812
18,19,10,0.00020003318786621094
19,20,10,0.0002262592315673828
20,21,10,0.0002295970916748047
21,22,10,0.00022220611572265625
22,23,10,0.00023293495178222656
23,24,10,0.00022339820861816406
24,25,10,0.00022220611572265625
25,26,10,0.00022292137145996094
26,27,10,0.00021409988403320312
27,28,10,0.00022482872009277344
28,29,10,0.00021886825561523438
29,30,10,0.000217437744140625
30,31,10,0.00023794174194335938
31,32,10,0.00020599365234375
32,33,10,0.0002186298370361328
33,34,10,0.00020194053649902344
34,35,10,0.0002288818359375
35,36,10,0.00020194053649902344
36,37,10,0.0002353191375732422
37,38,10,0.000244140625
38,39,10,0.00019240379333496094
39,40,10,0.0002346038818359375
40,41,10,0.00018858909606933594
41,42,10,0.00013113021850585938
42,43,10,0.0002307891845703125
43,44,10,0.00020360946655273438
44,45,10,0.0002155303955078125
45,46,10,0.0001933574676513672
46,47,10,0.0001919269561767578
47,48,10,0.00018334388732910156
48,49,10,0.00021982192993164062
49,50,10,0.000202178955078125
50,51,10,0.00022077560424804688
51,52,10,0.0001990795135498047
52,53,10,0.00022602081298828125
53,54,10,0.00020360946655273438
54,55,10,0.00019693374633789062
55,56,10,0.00025963783264160156
56,57,10,0.00023937225341796875
57,58,10,0.00020575523376464844
58,59,10,0.0002288818359375
59,60,10,0.00022172927856445312
60,61,10,0.00023245811462402344
61,62,10,0.00020456314086914062
62,63,10,0.00023126602172851562
63,64,10,0.00020003318786621094
64,65,10,0.00021076202392578125
65,66,10,0.00019049644470214844
66,67,10,0.00019311904907226562
67,68,10,0.0001976490020751953
68,69,10,0.0002143383026123047
69,70,10,0.00019621849060058594
70,71,10,0.0002143383026123047
71,72,10,0.00019884109497070312
72,73,10,0.00021982192993164062
73,74,10,0.00020384788513183594
74,75,10,0.00021076202392578125
75,76,10,0.0002086162567138672
76,77,10,0.00019097328186035156
77,78,10,0.00019216537475585938
78,79,10,0.000209808349609375
79,80,10,0.00020313262939453125
80,81,10,0.00019812583923339844
81,82,10,0.0001862049102783203
82,83,10,0.00019478797912597656
83,84,10,0.00020456314086914062
84,85,10,0.0002086162567138672
85,86,10,0.00020074844360351562
86,87,10,0.00021338462829589844
87,88,10,0.0002090930938720703
88,89,10,0.00020813941955566406
89,90,10,0.00020051002502441406
90,91,10,0.00022482872009277344
91,92,10,0.0001838207244873047
92,93,10,0.00013399124145507812
93,94,10,0.00011420249938964844
94,95,10,0.00012612342834472656
95,96,10,0.00012922286987304688
96,97,10,0.00014090538024902344
97,98,10,0.00013518333435058594
98,99,10,0.00019502639770507812
99,1,20,0.0002543926239013672
100,2,20,0.0002562999725341797
101,3,20,0.00025773048400878906
102,4,20,0.00024509429931640625
103,5,20,0.0002434253692626953
104,6,20,0.0002765655517578125
105,7,20,0.0002582073211669922
106,8,20,0.0002675056457519531
107,9,20,0.00022935867309570312
108,10,20,0.00022840499877929688
109,11,20,0.00025200843811035156
110,12,20,0.00022172927856445312
111,13,20,0.0002448558807373047
112,14,20,0.00023603439331054688
113,15,20,0.00023293495178222656
114,16,20,0.00023651123046875
115,17,20,0.0002269744873046875
116,18,20,0.0002391338348388672
117,19,20,0.00022673606872558594
118,20,20,0.0003120899200439453
119,21,20,0.0002353191375732422
120,22,20,0.0002295970916748047
121,23,20,0.00023484230041503906
122,24,20,0.00022649765014648438
123,25,20,0.00022840499877929688
124,26,20,0.00022792816162109375
125,27,20,0.00023603439331054688
126,28,20,0.0002288818359375
127,29,20,0.00023484230041503906
128,30,20,0.00023055076599121094
129,31,20,0.00021314620971679688
130,32,20,0.00024008750915527344
131,33,20,0.0002262592315673828
132,34,20,0.0002346038818359375
133,35,20,0.0002460479736328125
134,36,20,0.0002307891845703125
135,37,20,0.00014972686767578125
136,38,20,0.00016689300537109375
137,39,20,0.00014734268188476562
138,40,20,0.00016617774963378906
139,41,20,0.0001475811004638672
140,42,20,0.00014972686767578125
141,43,20,0.00015616416931152344
142,44,20,0.0001480579376220703
143,45,20,0.00015211105346679688
144,46,20,0.00015497207641601562
145,47,20,0.00015807151794433594
146,48,20,0.00015115737915039062
147,49,20,0.00016427040100097656
148,50,20,0.0001742839813232422
149,51,20,0.000164031982421875
150,52,20,0.00012493133544921875
151,53,20,0.00014925003051757812
152,54,20,0.00013709068298339844
153,55,20,0.00015878677368164062
154,56,20,0.0001404285430908203
155,57,20,0.00014829635620117188
156,58,20,0.0001480579376220703
157,59,20,0.0001423358917236328
158,60,20,0.0001304149627685547
159,61,20,0.00011944770812988281
160,62,20,0.0002219676971435547
161,63,20,0.00021886825561523438
162,64,20,0.00021719932556152344
163,65,20,0.00023412704467773438
164,66,20,0.0002257823944091797
165,67,20,0.0002346038818359375
166,68,20,0.00015616416931152344
167,69,20,9.5367431640625e-05
168,70,20,0.00016236305236816406
169,71,20,0.00014495849609375
170,72,20,0.0001468658447265625
171,73,20,0.0001468658447265625
172,74,20,0.000148773193359375
173,75,20,0.00014734268188476562
174,76,20,0.00014448165893554688
175,77,20,0.0001418590545654297
176,78,20,0.00015163421630859375
177,79,20,0.0001430511474609375
178,80,20,0.0002205371856689453
179,81,20,0.0002295970916748047
180,82,20,0.00021409988403320312
181,83,20,0.0001251697540283203
182,84,20,0.0002276897430419922
183,85,20,0.00021719932556152344
184,86,20,0.00021719932556152344
185,87,20,0.00020694732666015625
186,88,20,0.0001468658447265625
187,89,20,0.00014734268188476562
188,90,20,0.00014781951904296875
189,91,20,0.0001475811004638672
190,92,20,0.00014400482177734375
191,93,20,0.0001423358917236328
192,94,20,0.0002288818359375
193,95,20,0.00014591217041015625
194,96,20,0.0001456737518310547
195,97,20,0.00016307830810546875
196,98,20,0.00016617774963378906
197,99,20,0.00016832351684570312
198,1,30,0.00025200843811035156
199,2,30,0.0003008842468261719
200,3,30,0.00028014183044433594
201,4,30,0.0002932548522949219
202,5,30,0.0002675056457519531
203,6,30,0.00020265579223632812
204,7,30,0.00021839141845703125
205,8,30,0.00019884109497070312
206,9,30,0.0001952648162841797
207,10,30,0.00017833709716796875
208,11,30,0.00021719932556152344
209,12,30,0.00018715858459472656
210,13,30,0.0002162456512451172
211,14,30,0.0002238750457763672
212,15,30,0.00020313262939453125
213,16,30,0.00023603439331054688
214,17,30,0.0001919269561767578
215,18,30,0.00021386146545410156
216,19,30,0.00020122528076171875
217,20,30,0.00020742416381835938
218,21,30,0.000217437744140625
219,22,30,0.000202178955078125
220,23,30,0.00019621849060058594
221,24,30,0.0002620220184326172
222,25,30,0.0002605915069580078
223,26,30,0.0002624988555908203
224,27,30,0.0002574920654296875
225,28,30,0.00027489662170410156
226,29,30,0.0002739429473876953
227,30,30,0.0002608299255371094
228,31,30,0.0002605915069580078
229,32,30,0.00026535987854003906
230,33,30,0.00027060508728027344
231,34,30,0.0002582073211669922
232,35,30,0.00024700164794921875
233,36,30,0.0002467632293701172
234,37,30,0.0002567768096923828
235,38,30,0.00017142295837402344
236,39,30,0.00020265579223632812
237,40,30,0.0001926422119140625
238,41,30,0.00019097328186035156
239,42,30,0.0001919269561767578
240,43,30,0.0002009868621826172
241,44,30,0.00018668174743652344
242,45,30,0.00020003318786621094
243,46,30,0.00021409988403320312
244,47,30,0.00018525123596191406
245,48,30,0.0001938343048095703
246,49,30,0.0001800060272216797
247,50,30,0.00023698806762695312
248,51,30,0.00017070770263671875
249,52,30,0.00016999244689941406
250,53,30,0.00018358230590820312
251,54,30,0.00017142295837402344
252,55,30,0.00017523765563964844
253,56,30,0.0001728534698486328
254,57,30,0.00025010108947753906
255,58,30,0.0002636909484863281
256,59,30,0.0002548694610595703
257,60,30,0.0002536773681640625
258,61,30,0.0003275871276855469
259,62,30,0.00025463104248046875
260,63,30,0.00024366378784179688
261,64,30,0.0002567768096923828
262,65,30,0.00023746490478515625
263,66,30,0.00023365020751953125
264,67,30,0.00023436546325683594
265,68,30,0.0002288818359375
266,69,30,0.000244140625
267,70,30,0.00023365020751953125
268,71,30,0.00023055076599121094
269,72,30,0.00017118453979492188
270,73,30,0.0001666545867919922
271,74,30,0.00017213821411132812
272,75,30,0.00015878677368164062
273,76,30,0.0001723766326904297
274,77,30,0.00018978118896484375
275,78,30,0.00023746490478515625
276,79,30,0.0002529621124267578
277,80,30,0.00016617774963378906
278,81,30,0.00015592575073242188
279,82,30,0.00016260147094726562
280,83,30,0.0001678466796875
281,84,30,0.0001347064971923828
282,85,30,0.0001494884490966797
283,86,30,0.00017523765563964844
284,87,30,0.00015664100646972656
285,88,30,0.0001590251922607422
286,89,30,0.00016880035400390625
287,90,30,0.00015974044799804688
288,91,30,0.0001513957977294922
289,92,30,0.0001327991485595703
290,93,30,0.00010442733764648438
291,94,30,0.00019121170043945312
292,95,30,0.00017690658569335938
293,96,30,0.0001704692840576172
294,97,30,0.00015783309936523438
295,98,30,0.0002238750457763672
296,99,30,0.00023102760314941406
297,1,40,0.0002999305725097656
298,2,40,0.00027370452880859375
299,3,40,0.00025177001953125
300,4,40,0.0002627372741699219
301,5,40,0.00027298927307128906
302,6,40,0.0002532005310058594
303,7,40,0.0002503395080566406
304,8,40,0.0002655982971191406
305,9,40,0.0002541542053222656
306,10,40,0.0002465248107910156
307,11,40,0.0002751350402832031
308,12,40,0.000240325927734375
309,13,40,0.0002357959747314453
310,14,40,0.00023031234741210938
311,15,40,0.00022745132446289062
312,16,40,0.00022935867309570312
313,17,40,0.0002415180206298828
314,18,40,0.0002455711364746094
315,19,40,0.0002346038818359375
316,20,40,0.00023794174194335938
317,21,40,0.0002512931823730469
318,22,40,0.00024700164794921875
319,23,40,0.00023508071899414062
320,24,40,0.00026869773864746094
321,25,40,0.00025343894958496094
322,26,40,0.00026345252990722656
323,27,40,0.0002422332763671875
324,28,40,0.00024127960205078125
325,29,40,0.00024771690368652344
326,30,40,0.0002548694610595703
327,31,40,0.00024318695068359375
328,32,40,0.0002090930938720703
329,33,40,0.00024962425231933594
330,34,40,0.0002560615539550781
331,35,40,0.0002453327178955078
332,36,40,0.00024390220642089844
333,37,40,0.00023031234741210938
334,38,40,0.0002110004425048828
335,39,40,0.0002238750457763672
336,40,40,0.0002200603485107422
337,41,40,0.00022745132446289062
338,42,40,0.000244140625
339,43,40,0.00021004676818847656
340,44,40,0.0002281665802001953
341,45,40,0.00021314620971679688
342,46,40,0.00021982192993164062
343,47,40,0.00023436546325683594
344,48,40,0.00022339820861816406
345,49,40,0.00020194053649902344
346,50,40,0.00021076202392578125
347,51,40,0.0002033710479736328
348,52,40,0.00021219253540039062
349,53,40,0.00020647048950195312
350,54,40,0.00023484230041503906
351,55,40,0.00020956993103027344
352,56,40,0.0002570152282714844
353,57,40,0.00022149085998535156
354,58,40,0.00022125244140625
355,59,40,0.00022077560424804688
356,60,40,0.0002658367156982422
357,61,40,0.0002682209014892578
358,62,40,0.00021147727966308594
359,63,40,0.0002346038818359375
360,64,40,0.00022101402282714844
361,65,40,0.0002002716064453125
362,66,40,0.00023436546325683594
363,67,40,0.00021886825561523438
364,68,40,0.000213623046875
365,69,40,0.0002071857452392578
366,70,40,0.00021147727966308594
367,71,40,0.0002505779266357422
368,72,40,0.0001971721649169922
369,73,40,0.00019121170043945312
370,74,40,0.00021505355834960938
371,75,40,0.000194549560546875
372,76,40,0.0001761913299560547
373,77,40,0.00020456314086914062
374,78,40,0.00019812583923339844
375,79,40,0.00019598007202148438
376,80,40,0.00027942657470703125
377,81,40,0.00021314620971679688
378,82,40,0.0002541542053222656
379,83,40,0.00020742416381835938
380,84,40,0.00023436546325683594
381,85,40,0.00020265579223632812
382,86,40,0.0001971721649169922
383,87,40,0.0002028942108154297
384,88,40,0.00018596649169921875
385,89,40,0.0001850128173828125
386,90,40,0.00018405914306640625
387,91,40,0.00019669532775878906
388,92,40,0.0001678466796875
389,93,40,0.00018906593322753906
390,94,40,0.00017714500427246094
391,95,40,0.00016760826110839844
392,96,40,0.00019621849060058594
393,97,40,0.00020194053649902344
394,98,40,0.0001926422119140625
395,99,40,0.0002789497375488281
396,1,50,0.0005130767822265625
397,2,50,0.0003561973571777344
398,3,50,0.0003695487976074219
399,4,50,0.0003459453582763672
400,5,50,0.000354766845703125
401,6,50,0.00037932395935058594
402,7,50,0.0003204345703125
403,8,50,0.0003979206085205078
404,9,50,0.0002923011779785156
405,10,50,0.0003066062927246094
406,11,50,0.0003421306610107422
407,12,50,0.000308990478515625
408,13,50,0.00033211708068847656
409,14,50,0.0002982616424560547
410,15,50,0.00043201446533203125
411,16,50,0.0003123283386230469
412,17,50,0.00032210350036621094
413,18,50,0.00031948089599609375
414,19,50,0.00030040740966796875
415,20,50,0.00028133392333984375
416,21,50,0.0003204345703125
417,22,50,0.0003113746643066406
418,23,50,0.0003509521484375
419,24,50,0.0003037452697753906
420,25,50,0.0003066062927246094
421,26,50,0.0002911090850830078
422,27,50,0.00030922889709472656
423,28,50,0.00027751922607421875
424,29,50,0.0003209114074707031
425,30,50,0.0003077983856201172
426,31,50,0.0002665519714355469
427,32,50,0.0003197193145751953
428,33,50,0.0004036426544189453
429,34,50,0.00039696693420410156
430,35,50,0.0004177093505859375
431,36,50,0.0003082752227783203
432,37,50,0.0002734661102294922
433,38,50,0.0002970695495605469
434,39,50,0.0002944469451904297
435,40,50,0.0002777576446533203
436,41,50,0.00029659271240234375
437,42,50,0.00030541419982910156
438,43,50,0.00028204917907714844
439,44,50,0.0002608299255371094
440,45,50,0.0002856254577636719
441,46,50,0.0002720355987548828
442,47,50,0.0003063678741455078
443,48,50,0.00027823448181152344
444,49,50,0.0002601146697998047
445,50,50,0.0003108978271484375
446,51,50,0.00028824806213378906
447,52,50,0.00028443336486816406
448,53,50,0.0005755424499511719
449,54,50,0.0006113052368164062
450,55,50,0.0006380081176757812
451,56,50,0.0006062984466552734
452,57,50,0.0006225109100341797
453,58,50,0.0006089210510253906
454,59,50,0.0006289482116699219
455,60,50,0.0006268024444580078
456,61,50,0.0006270408630371094
457,62,50,0.000637054443359375
458,63,50,0.0006716251373291016
459,64,50,0.0006380081176757812
460,65,50,0.0006475448608398438
461,66,50,0.0006117820739746094
462,67,50,0.0006103515625
463,68,50,0.0005965232849121094
464,69,50,0.0005972385406494141
465,70,50,0.0006520748138427734
466,71,50,0.0006313323974609375
467,72,50,0.0005974769592285156
468,73,50,0.0006053447723388672
469,74,50,0.0006158351898193359
470,75,50,0.0006022453308105469
471,76,50,0.0006339550018310547
472,77,50,0.0002224445343017578
473,78,50,0.0011057853698730469
474,79,50,0.00022125244140625
475,80,50,0.00025343894958496094
476,81,50,0.00026535987854003906
477,82,50,0.00027251243591308594
478,83,50,0.00024056434631347656
479,84,50,0.0002548694610595703
480,85,50,0.0002448558807373047
481,86,50,0.00023031234741210938
482,87,50,0.00022602081298828125
483,88,50,0.00023984909057617188
484,89,50,0.00023794174194335938
485,90,50,0.00022363662719726562
486,91,50,0.00026345252990722656
487,92,50,0.00025725364685058594
488,93,50,0.0002472400665283203
489,94,50,0.00024771690368652344
490,95,50,0.00023865699768066406
491,96,50,0.00021648406982421875
492,97,50,0.00023365020751953125
493,98,50,0.00023174285888671875
494,99,50,0.0002562999725341797
495,1,60,0.0005002021789550781
496,2,60,0.00042819976806640625
497,3,60,0.00040531158447265625
498,4,60,0.0004506111145019531
499,5,60,0.0004534721374511719
500,6,60,0.00042748451232910156
501,7,60,0.0004563331604003906
502,8,60,0.0004050731658935547
503,9,60,0.00045680999755859375
504,10,60,0.0004341602325439453
505,11,60,0.0004062652587890625
506,12,60,0.0003802776336669922
507,13,60,0.0004100799560546875
508,14,60,0.0004074573516845703
509,15,60,0.0004343986511230469
510,16,60,0.00040793418884277344
511,17,60,0.0004220008850097656
512,18,60,0.0004303455352783203
513,19,60,0.0003654956817626953
514,20,60,0.00037550926208496094
515,21,60,0.0004062652587890625
516,22,60,0.00036144256591796875
517,23,60,0.0004367828369140625
518,24,60,0.00043201446533203125
519,25,60,0.0003657341003417969
520,26,60,0.0003604888916015625
521,27,60,0.0003495216369628906
522,28,60,0.00041675567626953125
523,29,60,0.0004248619079589844
524,30,60,0.0003631114959716797
525,31,60,0.0003705024719238281
526,32,60,0.0003762245178222656
527,33,60,0.0004019737243652344
528,34,60,0.0003628730773925781
529,35,60,0.00045800209045410156
530,36,60,0.0004487037658691406
531,37,60,0.00034117698669433594
532,38,60,0.00033020973205566406
533,39,60,0.0003566741943359375
534,40,60,0.0003859996795654297
535,41,60,0.00035500526428222656
536,42,60,0.0003764629364013672
537,43,60,0.00036263465881347656
538,44,60,0.00039315223693847656
539,45,60,0.0003459453582763672
540,46,60,0.0003445148468017578
541,47,60,0.0003044605255126953
542,48,60,0.00031280517578125
543,49,60,0.00032210350036621094
544,50,60,0.000316619873046875
545,51,60,0.0003008842468261719
546,52,60,0.0002837181091308594
547,53,60,0.00038051605224609375
548,54,60,0.0002956390380859375
549,55,60,0.0002994537353515625
550,56,60,0.0003371238708496094
551,57,60,0.0003578662872314453
552,58,60,0.00027441978454589844
553,59,60,0.000286102294921875
554,60,60,0.0003020763397216797
555,61,60,0.0002841949462890625
556,62,60,0.0002951622009277344
557,63,60,0.00030684471130371094
558,64,60,0.0002942085266113281
559,65,60,0.0002834796905517578
560,66,60,0.0002923011779785156
561,67,60,0.0003077983856201172
562,68,60,0.00026416778564453125
563,69,60,0.00030875205993652344
564,70,60,0.0002415180206298828
565,71,60,0.00027370452880859375
566,72,60,0.00031375885009765625
567,73,60,0.0002770423889160156
568,74,60,0.0002949237823486328
569,75,60,0.0002808570861816406
570,76,60,0.00031113624572753906
571,77,60,0.00026726722717285156
572,78,60,0.00028324127197265625
573,79,60,0.0002827644348144531
574,80,60,0.00026917457580566406
575,81,60,0.00027871131896972656
576,82,60,0.00032138824462890625
577,83,60,0.0003101825714111328
578,84,60,0.00027370452880859375
579,85,60,0.0002636909484863281
580,86,60,0.0002739429473876953
581,87,60,0.0002803802490234375
582,88,60,0.00028634071350097656
583,89,60,0.0002868175506591797
584,90,60,0.00028252601623535156
585,91,60,0.0002627372741699219
586,92,60,0.0002892017364501953
587,93,60,0.00023102760314941406
588,94,60,0.00027561187744140625
589,95,60,0.00027489662170410156
590,96,60,0.00028252601623535156
591,97,60,0.00025653839111328125
592,98,60,0.00024962425231933594
593,99,60,0.00033855438232421875
594,1,70,0.0006642341613769531
595,2,70,0.0006477832794189453
596,3,70,0.0005846023559570312
597,4,70,0.0006930828094482422
598,5,70,0.0005993843078613281
599,6,70,0.0005681514739990234
600,7,70,0.0006458759307861328
601,8,70,0.0005838871002197266
602,9,70,0.0004885196685791016
603,10,70,0.0005474090576171875
604,11,70,0.0005271434783935547
605,12,70,0.0005590915679931641
606,13,70,0.00047969818115234375
607,14,70,0.0005371570587158203
608,15,70,0.0005097389221191406
609,16,70,0.0004982948303222656
610,17,70,0.0005292892456054688
611,18,70,0.0005185604095458984
612,19,70,0.000522613525390625
613,20,70,0.00044274330139160156
614,21,70,0.0004725456237792969
615,22,70,0.0005617141723632812
616,23,70,0.0004944801330566406
617,24,70,0.0005884170532226562
618,25,70,0.0005235671997070312
619,26,70,0.0004899501800537109
620,27,70,0.0004496574401855469
621,28,70,0.0004992485046386719
622,29,70,0.00045561790466308594
623,30,70,0.0006678104400634766
624,31,70,0.00044655799865722656
625,32,70,0.0004754066467285156
626,33,70,0.00046133995056152344
627,34,70,0.000499725341796875
628,35,70,0.00043487548828125
629,36,70,0.0004410743713378906
630,37,70,0.00043010711669921875
631,38,70,0.0004906654357910156
632,39,70,0.0004582405090332031
633,40,70,0.00043320655822753906
634,41,70,0.0004391670227050781
635,42,70,0.0004639625549316406
636,43,70,0.0004336833953857422
637,44,70,0.0003829002380371094
638,45,70,0.0004191398620605469
639,46,70,0.0004215240478515625
640,47,70,0.0004527568817138672
641,48,70,0.0004563331604003906
642,49,70,0.0004944801330566406
643,50,70,0.0004439353942871094
644,51,70,0.0005040168762207031
645,52,70,0.0004324913024902344
646,53,70,0.0004277229309082031
647,54,70,0.00042700767517089844
648,55,70,0.0004489421844482422
649,56,70,0.0003857612609863281
650,57,70,0.0003726482391357422
651,58,70,0.0003826618194580078
652,59,70,0.0003631114959716797
653,60,70,0.0003681182861328125
654,61,70,0.00039196014404296875
655,62,70,0.0004456043243408203
656,63,70,0.0003578662872314453
657,64,70,0.0003514289855957031
658,65,70,0.0004775524139404297
659,66,70,0.0003612041473388672
660,67,70,0.0003516674041748047
661,68,70,0.0003662109375
662,69,70,0.0003342628479003906
663,70,70,0.0003752708435058594
664,71,70,0.0003628730773925781
665,72,70,0.0003235340118408203
666,73,70,0.0003418922424316406
667,74,70,0.00033736228942871094
668,75,70,0.0003662109375
669,76,70,0.0003428459167480469
670,77,70,0.0003306865692138672
671,78,70,0.0003821849822998047
672,79,70,0.0003497600555419922
673,80,70,0.0003445148468017578
674,81,70,0.00037980079650878906
675,82,70,0.00033855438232421875
676,83,70,0.0003447532653808594
677,84,70,0.0003364086151123047
678,85,70,0.00031447410583496094
679,86,70,0.0003268718719482422
680,87,70,0.0003380775451660156
681,88,70,0.00032782554626464844
682,89,70,0.0003192424774169922
683,90,70,0.00032520294189453125
684,91,70,0.0003254413604736328
685,92,70,0.0003337860107421875
686,93,70,0.0003120899200439453
687,94,70,0.00035572052001953125
688,95,70,0.000370025634765625
689,96,70,0.0003666877746582031
690,97,70,0.0003116130828857422
691,98,70,0.0003306865692138672
692,99,70,0.00032138824462890625
693,1,80,0.0008440017700195312
694,2,80,0.0006935596466064453
695,3,80,0.0006864070892333984
696,4,80,0.0006396770477294922
697,5,80,0.0006456375122070312
698,6,80,0.0006418228149414062
699,7,80,0.0006308555603027344
700,8,80,0.0006198883056640625
701,9,80,0.0006394386291503906
702,10,80,0.0006544589996337891
703,11,80,0.0007815361022949219
704,12,80,0.0007834434509277344
705,13,80,0.0005726814270019531
706,14,80,0.0006508827209472656
707,15,80,0.000637054443359375
708,16,80,0.0007412433624267578
709,17,80,0.0007433891296386719
710,18,80,0.0007061958312988281
711,19,80,0.0006926059722900391
712,20,80,0.0007081031799316406
713,21,80,0.0005767345428466797
714,22,80,0.0007519721984863281
715,23,80,0.0005919933319091797
716,24,80,0.0006196498870849609
717,25,80,0.0005855560302734375
718,26,80,0.0006039142608642578
719,27,80,0.0007801055908203125
720,28,80,0.0006477832794189453
721,29,80,0.0005588531494140625
722,30,80,0.0005609989166259766
723,31,80,0.0005068778991699219
724,32,80,0.0005567073822021484
725,33,80,0.0005428791046142578
726,34,80,0.0005598068237304688
727,35,80,0.0005519390106201172
728,36,80,0.0005230903625488281
729,37,80,0.0005617141723632812
730,38,80,0.00067901611328125
731,39,80,0.0006194114685058594
732,40,80,0.0005390644073486328
733,41,80,0.0005176067352294922
734,42,80,0.0005273818969726562
735,43,80,0.0005350112915039062
736,44,80,0.0006401538848876953
737,45,80,0.0005202293395996094
738,46,80,0.0005171298980712891
739,47,80,0.00043320655822753906
740,48,80,0.0005710124969482422
741,49,80,0.0005505084991455078
742,50,80,0.0005314350128173828
743,51,80,0.0005426406860351562
744,52,80,0.0005147457122802734
745,53,80,0.00057220458984375
746,54,80,0.00054168701171875
747,55,80,0.0005087852478027344
748,56,80,0.0005424022674560547
749,57,80,0.0006120204925537109
750,58,80,0.0005295276641845703
751,59,80,0.0005280971527099609
752,60,80,0.0005185604095458984
753,61,80,0.0004744529724121094
754,62,80,0.0005843639373779297
755,63,80,0.0004868507385253906
756,64,80,0.00044989585876464844
757,65,80,0.0004525184631347656
758,66,80,0.0004782676696777344
759,67,80,0.0004317760467529297
760,68,80,0.00043845176696777344
761,69,80,0.00046753883361816406
762,70,80,0.00045752525329589844
763,71,80,0.00041365623474121094
764,72,80,0.00041103363037109375
765,73,80,0.00039505958557128906
766,74,80,0.00042438507080078125
767,75,80,0.0003826618194580078
768,76,80,0.00043201446533203125
769,77,80,0.000385284423828125
770,78,80,0.0003921985626220703
771,79,80,0.00037384033203125
772,80,80,0.0004105567932128906
773,81,80,0.00040030479431152344
774,82,80,0.00036215782165527344
775,83,80,0.0003504753112792969
776,84,80,0.00037860870361328125
777,85,80,0.0004322528839111328
778,86,80,0.00037789344787597656
779,87,80,0.0003719329833984375
780,88,80,0.0003809928894042969
781,89,80,0.0004012584686279297
782,90,80,0.00038313865661621094
783,91,80,0.0003924369812011719
784,92,80,0.0003540515899658203
785,93,80,0.0003345012664794922
786,94,80,0.0003638267517089844
787,95,80,0.0003814697265625
788,96,80,0.00035119056701660156
789,97,80,0.00036835670471191406
790,98,80,0.00034689903259277344
791,99,80,0.0004215240478515625
792,1,90,0.0010178089141845703
793,2,90,0.0018849372863769531
794,3,90,0.0007295608520507812
795,4,90,0.0008108615875244141
796,5,90,0.0009400844573974609
797,6,90,0.0009331703186035156
798,7,90,0.0006558895111083984
799,8,90,0.0008096694946289062
800,9,90,0.0007789134979248047
801,10,90,0.0008153915405273438
802,11,90,0.0014498233795166016
803,12,90,0.0007047653198242188
804,13,90,0.0008382797241210938
805,14,90,0.0007374286651611328
806,15,90,0.0008296966552734375
807,16,90,0.0007627010345458984
808,17,90,0.0007696151733398438
809,18,90,0.0007517337799072266
810,19,90,0.0007412433624267578
811,20,90,0.0008177757263183594
812,21,90,0.0007460117340087891
813,22,90,0.0008115768432617188
814,23,90,0.0007712841033935547
815,24,90,0.0007026195526123047
816,25,90,0.0008418560028076172
817,26,90,0.0007698535919189453
818,27,90,0.0007386207580566406
819,28,90,0.0007166862487792969
820,29,90,0.0006761550903320312
821,30,90,0.0006692409515380859
822,31,90,0.0006849765777587891
823,32,90,0.0007064342498779297
824,33,90,0.0006687641143798828
825,34,90,0.0006527900695800781
826,35,90,0.0005984306335449219
827,36,90,0.0006384849548339844
828,37,90,0.0007364749908447266
829,38,90,0.0006859302520751953
830,39,90,0.0006539821624755859
831,40,90,0.0006365776062011719
832,41,90,0.0007774829864501953
833,42,90,0.0006854534149169922
834,43,90,0.0006859302520751953
835,44,90,0.0007760524749755859
836,45,90,0.0006871223449707031
837,46,90,0.0006618499755859375
838,47,90,0.0006620883941650391
839,48,90,0.0006318092346191406
840,49,90,0.0006442070007324219
841,50,90,0.0006132125854492188
842,51,90,0.0006203651428222656
843,52,90,0.0006508827209472656
844,53,90,0.0006384849548339844
845,54,90,0.0006122589111328125
846,55,90,0.0006470680236816406
847,56,90,0.0005190372467041016
848,57,90,0.0005409717559814453
849,58,90,0.0005996227264404297
850,59,90,0.0006873607635498047
851,60,90,0.0006420612335205078
852,61,90,0.0006418228149414062
853,62,90,0.0006186962127685547
854,63,90,0.0006411075592041016
855,64,90,0.0006632804870605469
856,65,90,0.0006542205810546875
857,66,90,0.0007112026214599609
858,67,90,0.0005898475646972656
859,68,90,0.0005800724029541016
860,69,90,0.0005495548248291016
861,70,90,0.0005791187286376953
862,71,90,0.0005464553833007812
863,72,90,0.0005426406860351562
864,73,90,0.0005133152008056641
865,74,90,0.0005006790161132812
866,75,90,0.0005445480346679688
867,76,90,0.0005254745483398438
868,77,90,0.0004673004150390625
869,78,90,0.0006551742553710938
870,79,90,0.0005152225494384766
871,80,90,0.0004982948303222656
872,81,90,0.0005116462707519531
873,82,90,0.0005295276641845703
874,83,90,0.0005242824554443359
875,84,90,0.0004565715789794922
876,85,90,0.0004734992980957031
877,86,90,0.0004887580871582031
878,87,90,0.0004968643188476562
879,88,90,0.00047659873962402344
880,89,90,0.0004322528839111328
881,90,90,0.0004677772521972656
882,91,90,0.0004506111145019531
883,92,90,0.0004432201385498047
884,93,90,0.00043392181396484375
885,94,90,0.0004935264587402344
886,95,90,0.0004112720489501953
887,96,90,0.00045752525329589844
888,97,90,0.0004780292510986328
889,98,90,0.00044655799865722656
890,99,90,0.0004932880401611328
891,1,100,0.0011243820190429688
892,2,100,0.0009489059448242188
893,3,100,0.0010838508605957031
894,4,100,0.0009300708770751953
895,5,100,0.0008740425109863281
896,6,100,0.0010859966278076172
897,7,100,0.0009601116180419922
898,8,100,0.0009279251098632812
899,9,100,0.0009322166442871094
900,10,100,0.0009672641754150391
901,11,100,0.0008909702301025391
902,12,100,0.0009403228759765625
903,13,100,0.0009386539459228516
904,14,100,0.0008978843688964844
905,15,100,0.0009114742279052734
906,16,100,0.0007679462432861328
907,17,100,0.0008218288421630859
908,18,100,0.0009584426879882812
909,19,100,0.0009801387786865234
910,20,100,0.0008099079132080078
911,21,100,0.0009191036224365234
912,22,100,0.0009005069732666016
913,23,100,0.0008788108825683594
914,24,100,0.0008707046508789062
915,25,100,0.0009510517120361328
916,26,100,0.0008273124694824219
917,27,100,0.0009052753448486328
918,28,100,0.0008313655853271484
919,29,100,0.0008707046508789062
920,30,100,0.0009129047393798828
921,31,100,0.0008077621459960938
922,32,100,0.0008547306060791016
923,33,100,0.0008153915405273438
924,34,100,0.0008497238159179688
925,35,100,0.0007812976837158203
926,36,100,0.0007631778717041016
927,37,100,0.0007784366607666016
928,38,100,0.0007550716400146484
929,39,100,0.0007207393646240234
930,40,100,0.0007395744323730469
931,41,100,0.0007429122924804688
932,42,100,0.000835418701171875
933,43,100,0.0007593631744384766
934,44,100,0.0007920265197753906
935,45,100,0.0007224082946777344
936,46,100,0.0008018016815185547
937,47,100,0.0007596015930175781
938,48,100,0.000782012939453125
939,49,100,0.0008289813995361328
940,50,100,0.0007374286651611328
941,51,100,0.0007920265197753906
942,52,100,0.0006654262542724609
943,53,100,0.0007281303405761719
944,54,100,0.0007374286651611328
945,55,100,0.0007212162017822266
946,56,100,0.0005636215209960938
947,57,100,0.0006794929504394531
948,58,100,0.0007050037384033203
949,59,100,0.0007214546203613281
950,60,100,0.0007047653198242188
951,61,100,0.0007264614105224609
952,62,100,0.0006783008575439453
953,63,100,0.0006582736968994141
954,64,100,0.0006954669952392578
955,65,100,0.0006628036499023438
956,66,100,0.0006616115570068359
957,67,100,0.0006875991821289062
958,68,100,0.0006809234619140625
959,69,100,0.0006778240203857422
960,70,100,0.0007150173187255859
961,71,100,0.0006766319274902344
962,72,100,0.0006926059722900391
963,73,100,0.0007069110870361328
964,74,100,0.0006885528564453125
965,75,100,0.0006492137908935547
966,76,100,0.0006535053253173828
967,77,100,0.0006558895111083984
968,78,100,0.0005853176116943359
969,79,100,0.0006685256958007812
970,80,100,0.0006399154663085938
971,81,100,0.0005826950073242188
972,82,100,0.0004987716674804688
973,83,100,0.0005626678466796875
974,84,100,0.0006031990051269531
975,85,100,0.0005421638488769531
976,86,100,0.0005421638488769531
977,87,100,0.0005590915679931641
978,88,100,0.000522613525390625
979,89,100,0.0005209445953369141
980,90,100,0.0005240440368652344
981,91,100,0.00054931640625
982,92,100,0.0005564689636230469
983,93,100,0.0005450248718261719
984,94,100,0.0005595684051513672
985,95,100,0.0004734992980957031
986,96,100,0.0004954338073730469
987,97,100,0.0004990100860595703
988,98,100,0.0005083084106445312
989,99,100,0.0004749298095703125
990,1,110,0.0013034343719482422
991,2,110,0.0009715557098388672
992,3,110,0.0009722709655761719
993,4,110,0.0011663436889648438
994,5,110,0.0011012554168701172
995,6,110,0.001176595687866211
996,7,110,0.0010733604431152344
997,8,110,0.0015175342559814453
998,9,110,0.0010564327239990234
999,10,110,0.0010945796966552734
1000,11,110,0.001140594482421875
1001,12,110,0.0013082027435302734
1002,13,110,0.0011098384857177734
1003,14,110,0.0010809898376464844
1004,15,110,0.0013566017150878906
1005,16,110,0.0011026859283447266
1006,17,110,0.0010783672332763672
1007,18,110,0.0008957386016845703
1008,19,110,0.0010254383087158203
1009,20,110,0.0010290145874023438
1010,21,110,0.0010209083557128906
1011,22,110,0.0009615421295166016
1012,23,110,0.0009930133819580078
1013,24,110,0.0010516643524169922
1014,25,110,0.0010426044464111328
1015,26,110,0.0010623931884765625
1016,27,110,0.001092672348022461
1017,28,110,0.0010328292846679688
1018,29,110,0.0010190010070800781
1019,30,110,0.0010411739349365234
1020,31,110,0.000997781753540039
1021,32,110,0.0009677410125732422
1022,33,110,0.0009434223175048828
1023,34,110,0.0010020732879638672
1024,35,110,0.0009298324584960938
1025,36,110,0.000946044921875
1026,37,110,0.0009791851043701172
1027,38,110,0.0009071826934814453
1028,39,110,0.0007112026214599609
1029,40,110,0.0007288455963134766
1030,41,110,0.0006935596466064453
1031,42,110,0.0008637905120849609
1032,43,110,0.0008714199066162109
1033,44,110,0.0009136199951171875
1034,45,110,0.0009100437164306641
1035,46,110,0.0008730888366699219
1036,47,110,0.0008878707885742188
1037,48,110,0.0008721351623535156
1038,49,110,0.0008170604705810547
1039,50,110,0.0008623600006103516
1040,51,110,0.0008819103240966797
1041,52,110,0.0008680820465087891
1042,53,110,0.0009517669677734375
1043,54,110,0.0008730888366699219
1044,55,110,0.0009062290191650391
1045,56,110,0.0008740425109863281
1046,57,110,0.0008797645568847656
1047,58,110,0.0008189678192138672
1048,59,110,0.0008680820465087891
1049,60,110,0.00089263916015625
1050,61,110,0.0008106231689453125
1051,62,110,0.000835418701171875
1052,63,110,0.0008318424224853516
1053,64,110,0.000858306884765625
1054,65,110,0.0008480548858642578
1055,66,110,0.0008177757263183594
1056,67,110,0.0007956027984619141
1057,68,110,0.0007510185241699219
1058,69,110,0.0007441043853759766
1059,70,110,0.0007200241088867188
1060,71,110,0.0007364749908447266
1061,72,110,0.0007350444793701172
1062,73,110,0.0008013248443603516
1063,74,110,0.0006654262542724609
1064,75,110,0.0008172988891601562
1065,76,110,0.0007441043853759766
1066,77,110,0.0007846355438232422
1067,78,110,0.0008251667022705078
1068,79,110,0.0007722377777099609
1069,80,110,0.0007982254028320312
1070,81,110,0.0007922649383544922
1071,82,110,0.0007574558258056641
1072,83,110,0.001733541488647461
1073,84,110,0.0006847381591796875
1074,85,110,0.0007765293121337891
1075,86,110,0.0007014274597167969
1076,87,110,0.0007200241088867188
1077,88,110,0.0007622241973876953
1078,89,110,0.0006480216979980469
1079,90,110,0.0006754398345947266
1080,91,110,0.0006890296936035156
1081,92,110,0.0007500648498535156
1082,93,110,0.0006897449493408203
1083,94,110,0.0005342960357666016
1084,95,110,0.0006487369537353516
1085,96,110,0.0006513595581054688
1086,97,110,0.0006258487701416016
1087,98,110,0.0006508827209472656
1088,99,110,0.0006518363952636719
1089,1,120,0.0015759468078613281
1090,2,120,0.001146554946899414
1091,3,120,0.0012416839599609375
1092,4,120,0.001336812973022461
1093,5,120,0.0012812614440917969
1094,6,120,0.0013058185577392578
1095,7,120,0.0012831687927246094
1096,8,120,0.0012822151184082031
1097,9,120,0.001234292984008789
1098,10,120,0.0011718273162841797
1099,11,120,0.0013017654418945312
1100,12,120,0.0012869834899902344
1101,13,120,0.0013175010681152344
1102,14,120,0.001291036605834961
1103,15,120,0.0012555122375488281
1104,16,120,0.0012164115905761719
1105,17,120,0.0011827945709228516
1106,18,120,0.0013682842254638672
1107,19,120,0.0012521743774414062
1108,20,120,0.0012867450714111328
1109,21,120,0.0011966228485107422
1110,22,120,0.0011522769927978516
1111,23,120,0.0012433528900146484
1112,24,120,0.0012226104736328125
1113,25,120,0.001262664794921875
1114,26,120,0.0012049674987792969
1115,27,120,0.001194000244140625
1116,28,120,0.0011904239654541016
1117,29,120,0.0012624263763427734
1118,30,120,0.00128936767578125
1119,31,120,0.0012166500091552734
1120,32,120,0.0011491775512695312
1121,33,120,0.0011153221130371094
1122,34,120,0.001033782958984375
1123,35,120,0.0012001991271972656
1124,36,120,0.0011432170867919922
1125,37,120,0.001142263412475586
1126,38,120,0.0010786056518554688
1127,39,120,0.0010833740234375
1128,40,120,0.0011341571807861328
1129,41,120,0.0010709762573242188
1130,42,120,0.0010585784912109375
1131,43,120,0.0011093616485595703
1132,44,120,0.001041412353515625
1133,45,120,0.0009396076202392578
1134,46,120,0.0007317066192626953
1135,47,120,0.000993490219116211
1136,48,120,0.000986337661743164
1137,49,120,0.0010344982147216797
1138,50,120,0.001039743423461914
1139,51,120,0.0009493827819824219
1140,52,120,0.0010306835174560547
1141,53,120,0.0009734630584716797
1142,54,120,0.0010344982147216797
1143,55,120,0.0009465217590332031
1144,56,120,0.0009546279907226562
1145,57,120,0.0009694099426269531
1146,58,120,0.0009953975677490234
1147,59,120,0.0010333061218261719
1148,60,120,0.000972747802734375
1149,61,120,0.0009477138519287109
1150,62,120,0.0009086132049560547
1151,63,120,0.0009076595306396484
1152,64,120,0.0008723735809326172
1153,65,120,0.0008702278137207031
1154,66,120,0.0008409023284912109
1155,67,120,0.0008950233459472656
1156,68,120,0.0008437633514404297
1157,69,120,0.0008256435394287109
1158,70,120,0.0008342266082763672
1159,71,120,0.0008356571197509766
1160,72,120,0.0008623600006103516
1161,73,120,0.0008497238159179688
1162,74,120,0.0009355545043945312
1163,75,120,0.0007579326629638672
1164,76,120,0.000865936279296875
1165,77,120,0.0008478164672851562
1166,78,120,0.0007925033569335938
1167,79,120,0.0008707046508789062
1168,80,120,0.0009276866912841797
1169,81,120,0.0007541179656982422
1170,82,120,0.0008697509765625
1171,83,120,0.0008521080017089844
1172,84,120,0.0008242130279541016
1173,85,120,0.0008726119995117188
1174,86,120,0.0008220672607421875
1175,87,120,0.0008363723754882812
1176,88,120,0.0008406639099121094
1177,89,120,0.0007944107055664062
1178,90,120,0.0008196830749511719
1179,91,120,0.0007894039154052734
1180,92,120,0.0007736682891845703
1181,93,120,0.0008141994476318359
1182,94,120,0.0007321834564208984
1183,95,120,0.0007688999176025391
1184,96,120,0.0008015632629394531
1185,97,120,0.0007116794586181641
1186,98,120,0.0006985664367675781
1187,99,120,0.0007672309875488281
1188,1,130,0.001825094223022461
1189,2,130,0.0013532638549804688
1190,3,130,0.0014891624450683594
1191,4,130,0.0016317367553710938
1192,5,130,0.001493692398071289
1193,6,130,0.0013742446899414062
1194,7,130,0.0014102458953857422
1195,8,130,0.0014028549194335938
1196,9,130,0.0014338493347167969
1197,10,130,0.001401662826538086
1198,11,130,0.0013968944549560547
1199,12,130,0.0014181137084960938
1200,13,130,0.0014126300811767578
1201,14,130,0.0014140605926513672
1202,15,130,0.0021409988403320312
1203,16,130,0.0014545917510986328
1204,17,130,0.0014352798461914062
1205,18,130,0.001436471939086914
1206,19,130,0.0011279582977294922
1207,20,130,0.0013778209686279297
1208,21,130,0.0013909339904785156
1209,22,130,0.0013358592987060547
1210,23,130,0.001348257064819336
1211,24,130,0.0013823509216308594
1212,25,130,0.0013403892517089844
1213,26,130,0.0014150142669677734
1214,27,130,0.0013949871063232422
1215,28,130,0.0013463497161865234
1216,29,130,0.0013804435729980469
1217,30,130,0.0013206005096435547
1218,31,130,0.001348257064819336
1219,32,130,0.0013506412506103516
1220,33,130,0.0014107227325439453
1221,34,130,0.0013735294342041016
1222,35,130,0.001337289810180664
1223,36,130,0.0012311935424804688
1224,37,130,0.001220703125
1225,38,130,0.0013229846954345703
1226,39,130,0.0013301372528076172
1227,40,130,0.0012710094451904297
1228,41,130,0.0012664794921875
1229,42,130,0.001275777816772461
1230,43,130,0.0011258125305175781
1231,44,130,0.001271963119506836
1232,45,130,0.001062154769897461
1233,46,130,0.0012018680572509766
1234,47,130,0.0012211799621582031
1235,48,130,0.001148223876953125
1236,49,130,0.001119852066040039
1237,50,130,0.0010943412780761719
1238,51,130,0.001150369644165039
1239,52,130,0.0010983943939208984
1240,53,130,0.0010459423065185547
1241,54,130,0.0011582374572753906
1242,55,130,0.0011489391326904297
1243,56,130,0.0010979175567626953
1244,57,130,0.0011501312255859375
1245,58,130,0.0010046958923339844
1246,59,130,0.0008075237274169922
1247,60,130,0.0011456012725830078
1248,61,130,0.0011017322540283203
1249,62,130,0.0011644363403320312
1250,63,130,0.001094818115234375
1251,64,130,0.0011267662048339844
1252,65,130,0.0011451244354248047
1253,66,130,0.0011324882507324219
1254,67,130,0.001018524169921875
1255,68,130,0.0010449886322021484
1256,69,130,0.0009129047393798828
1257,70,130,0.001007080078125
1258,71,130,0.0009624958038330078
1259,72,130,0.0010173320770263672
1260,73,130,0.0008625984191894531
1261,74,130,0.0009479522705078125
1262,75,130,0.0009377002716064453
1263,76,130,0.0007314682006835938
1264,77,130,0.0009348392486572266
1265,78,130,0.0010650157928466797
1266,79,130,0.0008335113525390625
1267,80,130,0.0009415149688720703
1268,81,130,0.0007746219635009766
1269,82,130,0.0008971691131591797
1270,83,130,0.0008983612060546875
1271,84,130,0.0008976459503173828
1272,85,130,0.0009059906005859375
1273,86,130,0.0009036064147949219
1274,87,130,0.0009577274322509766
1275,88,130,0.0009214878082275391
1276,89,130,0.0010030269622802734
1277,90,130,0.0009286403656005859
1278,91,130,0.0009336471557617188
1279,92,130,0.0009243488311767578
1280,93,130,0.0008952617645263672
1281,94,130,0.0009462833404541016
1282,95,130,0.0008714199066162109
1283,96,130,0.0008683204650878906
1284,97,130,0.0009014606475830078
1285,98,130,0.0008647441864013672
1286,99,130,0.0008821487426757812
1287,1,140,0.002028226852416992
1288,2,140,0.001562356948852539
1289,3,140,0.001585245132446289
1290,4,140,0.0015807151794433594
1291,5,140,0.001583099365234375
1292,6,140,0.0015687942504882812
1293,7,140,0.0015943050384521484
1294,8,140,0.0012712478637695312
1295,9,140,0.0014729499816894531
1296,10,140,0.0015561580657958984
1297,11,140,0.001508951187133789
1298,12,140,0.001535654067993164
1299,13,140,0.0014886856079101562
1300,14,140,0.0015168190002441406
1301,15,140,0.0015766620635986328
1302,16,140,0.001516580581665039
1303,17,140,0.0015540122985839844
1304,18,140,0.0015206336975097656
1305,19,140,0.0015010833740234375
1306,20,140,0.0015377998352050781
1307,21,140,0.0015406608581542969
1308,22,140,0.0015125274658203125
1309,23,140,0.0012323856353759766
1310,24,140,0.0014495849609375
1311,25,140,0.0014710426330566406
1312,26,140,0.001459360122680664
1313,27,140,0.0014612674713134766
1314,28,140,0.0014348030090332031
1315,29,140,0.001481771469116211
1316,30,140,0.001177072525024414
1317,31,140,0.0014314651489257812
1318,32,140,0.0014443397521972656
1319,33,140,0.0014383792877197266
1320,34,140,0.0014619827270507812
1321,35,140,0.0013704299926757812
1322,36,140,0.0014545917510986328
1323,37,140,0.001409292221069336
1324,38,140,0.001394033432006836
1325,39,140,0.00139617919921875
1326,40,140,0.0013835430145263672
1327,41,140,0.001398324966430664
1328,42,140,0.0014417171478271484
1329,43,140,0.0013751983642578125
1330,44,140,0.0013930797576904297
1331,45,140,0.0013544559478759766
1332,46,140,0.001359701156616211
1333,47,140,0.0013322830200195312
1334,48,140,0.0012974739074707031
1335,49,140,0.0013339519500732422
1336,50,140,0.0013244152069091797
1337,51,140,0.0013158321380615234
1338,52,140,0.0012781620025634766
1339,53,140,0.0012412071228027344
1340,54,140,0.0011529922485351562
1341,55,140,0.0012593269348144531
1342,56,140,0.001257181167602539
1343,57,140,0.0011737346649169922
1344,58,140,0.0008933544158935547
1345,59,140,0.0012378692626953125
1346,60,140,0.001283884048461914
1347,61,140,0.0011982917785644531
1348,62,140,0.0012507438659667969
1349,63,140,0.0012021064758300781
1350,64,140,0.00115203857421875
1351,65,140,0.0012764930725097656
1352,66,140,0.0011570453643798828
1353,67,140,0.0011591911315917969
1354,68,140,0.0012428760528564453
1355,69,140,0.0011928081512451172
1356,70,140,0.0011951923370361328
1357,71,140,0.0011539459228515625
1358,72,140,0.00112152099609375
1359,73,140,0.0011391639709472656
1360,74,140,0.0011403560638427734
1361,75,140,0.0010614395141601562
1362,76,140,0.001070261001586914
1363,77,140,0.0011141300201416016
1364,78,140,0.0010371208190917969
1365,79,140,0.0010080337524414062
1366,80,140,0.0010437965393066406
1367,81,140,0.0010170936584472656
1368,82,140,0.0009307861328125
1369,83,140,0.0009953975677490234
1370,84,140,0.001081228256225586
1371,85,140,0.0010485649108886719
1372,86,140,0.0010159015655517578
1373,87,140,0.0010294914245605469
1374,88,140,0.0009703636169433594
1375,89,140,0.0009615421295166016
1376,90,140,0.002001047134399414
1377,91,140,0.0009341239929199219
1378,92,140,0.0010516643524169922
1379,93,140,0.0010044574737548828
1380,94,140,0.0009739398956298828
1381,95,140,0.0010657310485839844
1382,96,140,0.0009894371032714844
1383,97,140,0.0010862350463867188
1384,98,140,0.0010187625885009766
1385,99,140,0.0009992122650146484
1386,1,150,0.0022134780883789062
1387,2,150,0.0017936229705810547
1388,3,150,0.0018432140350341797
1389,4,150,0.0018048286437988281
1390,5,150,0.0017163753509521484
1391,6,150,0.001683950424194336
1392,7,150,0.0017311573028564453
1393,8,150,0.001649618148803711
1394,9,150,0.00168609619140625
1395,10,150,0.0016918182373046875
1396,11,150,0.0016770362854003906
1397,12,150,0.0016789436340332031
1398,13,150,0.001661539077758789
1399,14,150,0.0018088817596435547
1400,15,150,0.001728057861328125
1401,16,150,0.0016360282897949219
1402,17,150,0.0016846656799316406
1403,18,150,0.0016140937805175781
1404,19,150,0.0016281604766845703
1405,20,150,0.0016140937805175781
1406,21,150,0.0015687942504882812
1407,22,150,0.0016598701477050781
1408,23,150,0.0016374588012695312
1409,24,150,0.0016171932220458984
1410,25,150,0.0015869140625
1411,26,150,0.0014812946319580078
1412,27,150,0.0015614032745361328
1413,28,150,0.001567840576171875
1414,29,150,0.0015959739685058594
1415,30,150,0.0015397071838378906
1416,31,150,0.0015702247619628906
1417,32,150,0.0015959739685058594
1418,33,150,0.0016088485717773438
1419,34,150,0.0015637874603271484
1420,35,150,0.0015273094177246094
1421,36,150,0.0014748573303222656
1422,37,150,0.0015344619750976562
1423,38,150,0.0015370845794677734
1424,39,150,0.0014662742614746094
1425,40,150,0.001523733139038086
1426,41,150,0.0015075206756591797
1427,42,150,0.0015170574188232422
1428,43,150,0.0014925003051757812
1429,44,150,0.0015490055084228516
1430,45,150,0.001501321792602539
1431,46,150,0.0014684200286865234
1432,47,150,0.001493215560913086
1433,48,150,0.0014536380767822266
1434,49,150,0.001119375228881836
1435,50,150,0.0014202594757080078
1436,51,150,0.0014340877532958984
1437,52,150,0.0016651153564453125
1438,53,150,0.00146484375
1439,54,150,0.0013756752014160156
1440,55,150,0.0014090538024902344
1441,56,150,0.001430511474609375
1442,57,150,0.0014231204986572266
1443,58,150,0.0013256072998046875
1444,59,150,0.0013263225555419922
1445,60,150,0.0014197826385498047
1446,61,150,0.0013267993927001953
1447,62,150,0.0013577938079833984
1448,63,150,0.0013437271118164062
1449,64,150,0.0016405582427978516
1450,65,150,0.0013725757598876953
1451,66,150,0.0013241767883300781
1452,67,150,0.0013222694396972656
1453,68,150,0.0013747215270996094
1454,69,150,0.0013668537139892578
1455,70,150,0.0013263225555419922
1456,71,150,0.0013511180877685547
1457,72,150,0.0013234615325927734
1458,73,150,0.0013132095336914062
1459,74,150,0.0013358592987060547
1460,75,150,0.0012776851654052734
1461,76,150,0.0012972354888916016
1462,77,150,0.0011835098266601562
1463,78,150,0.0013580322265625
1464,79,150,0.001209259033203125
1465,80,150,0.0011837482452392578
1466,81,150,0.001210927963256836
1467,82,150,0.001129150390625
1468,83,150,0.0012536048889160156
1469,84,150,0.0011937618255615234
1470,85,150,0.001161336898803711
1471,86,150,0.0011785030364990234
1472,87,150,0.0011591911315917969
1473,88,150,0.0011858940124511719
1474,89,150,0.0011513233184814453
1475,90,150,0.0011401176452636719
1476,91,150,0.0011556148529052734
1477,92,150,0.0011556148529052734
1478,93,150,0.0010943412780761719
1479,94,150,0.0010404586791992188
1480,95,150,0.001123189926147461
1481,96,150,0.0011091232299804688
1482,97,150,0.0010571479797363281
1483,98,150,0.0011279582977294922
1484,99,150,0.0011444091796875
1485,1,160,0.0025398731231689453
1486,2,160,0.003093719482421875
1487,3,160,0.001909494400024414
1488,4,160,0.0020470619201660156
1489,5,160,0.0019826889038085938
1490,6,160,0.0019156932830810547
1491,7,160,0.001827239990234375
1492,8,160,0.001934051513671875
1493,9,160,0.0017774105072021484
1494,10,160,0.001811981201171875
1495,11,160,0.0020017623901367188
1496,12,160,0.0018165111541748047
1497,13,160,0.0017240047454833984
1498,14,160,0.0017485618591308594
1499,15,160,0.0017540454864501953
1500,16,160,0.001798391342163086
1501,17,160,0.0017647743225097656
1502,18,160,0.0017960071563720703
1503,19,160,0.0017879009246826172
1504,20,160,0.0016911029815673828
1505,21,160,0.0017282962799072266
1506,22,160,0.0017096996307373047
1507,23,160,0.0017452239990234375
1508,24,160,0.0018684864044189453
1509,25,160,0.0017528533935546875
1510,26,160,0.0016880035400390625
1511,27,160,0.0016744136810302734
1512,28,160,0.0016508102416992188
1513,29,160,0.0016713142395019531
1514,30,160,0.001699209213256836
1515,31,160,0.0016973018646240234
1516,32,160,0.0017080307006835938
1517,33,160,0.0016851425170898438
1518,34,160,0.0016787052154541016
1519,35,160,0.0017633438110351562
1520,36,160,0.001714468002319336
1521,37,160,0.0016927719116210938
1522,38,160,0.0014138221740722656
1523,39,160,0.0013980865478515625
1524,40,160,0.0017011165618896484
1525,41,160,0.0016939640045166016
1526,42,160,0.0016071796417236328
1527,43,160,0.0016026496887207031
1528,44,160,0.0016918182373046875
1529,45,160,0.0015881061553955078
1530,46,160,0.0015592575073242188
1531,47,160,0.0016636848449707031
1532,48,160,0.0016908645629882812
1533,49,160,0.0016276836395263672
1534,50,160,0.0016188621520996094
1535,51,160,0.0013642311096191406
1536,52,160,0.0015897750854492188
1537,53,160,0.001539468765258789
1538,54,160,0.001505136489868164
1539,55,160,0.0015168190002441406
1540,56,160,0.001481771469116211
1541,57,160,0.0015838146209716797
1542,58,160,0.0014820098876953125
1543,59,160,0.0015306472778320312
1544,60,160,0.0015108585357666016
1545,61,160,0.0014023780822753906
1546,62,160,0.001468658447265625
1547,63,160,0.0015368461608886719
1548,64,160,0.001425027847290039
1549,65,160,0.0015156269073486328
1550,66,160,0.0014150142669677734
1551,67,160,0.0014300346374511719
1552,68,160,0.0015506744384765625
1553,69,160,0.0014672279357910156
1554,70,160,0.0015075206756591797
1555,71,160,0.0015244483947753906
1556,72,160,0.0015170574188232422
1557,73,160,0.0014147758483886719
1558,74,160,0.0014226436614990234
1559,75,160,0.0014052391052246094
1560,76,160,0.0014717578887939453
1561,77,160,0.0014867782592773438
1562,78,160,0.001516580581665039
1563,79,160,0.0014662742614746094
1564,80,160,0.0014469623565673828
1565,81,160,0.0013647079467773438
1566,82,160,0.0014467239379882812
1567,83,160,0.0014371871948242188
1568,84,160,0.0014524459838867188
1569,85,160,0.0014102458953857422
1570,86,160,0.0011038780212402344
1571,87,160,0.0014123916625976562
1572,88,160,0.0013535022735595703
1573,89,160,0.0013659000396728516
1574,90,160,0.0013418197631835938
1575,91,160,0.0013837814331054688
1576,92,160,0.0012409687042236328
1577,93,160,0.0013051033020019531
1578,94,160,0.0013451576232910156
1579,95,160,0.0013206005096435547
1580,96,160,0.001329183578491211
1581,97,160,0.0013341903686523438
1582,98,160,0.0013175010681152344
1583,99,160,0.00121307373046875
1584,1,170,0.0030171871185302734
1585,2,170,0.0024881362915039062
1586,3,170,0.0025238990783691406
1587,4,170,0.002421855926513672
1588,5,170,0.0022592544555664062
1589,6,170,0.002368450164794922
1590,7,170,0.0022156238555908203
1591,8,170,0.002293109893798828
1592,9,170,0.002351045608520508
1593,10,170,0.0022983551025390625
1594,11,170,0.0022001266479492188
1595,12,170,0.0020389556884765625
1596,13,170,0.002202272415161133
1597,14,170,0.002280712127685547
1598,15,170,0.0022695064544677734
1599,16,170,0.002390623092651367
1600,17,170,0.002112150192260742
1601,18,170,0.0020172595977783203
1602,19,170,0.002204418182373047
1603,20,170,0.0024595260620117188
1604,21,170,0.002302885055541992
1605,22,170,0.002484560012817383
1606,23,170,0.0024406909942626953
1607,24,170,0.0023849010467529297
1608,25,170,0.002329587936401367
1609,26,170,0.0023353099822998047
1610,27,170,0.0025467872619628906
1611,28,170,0.002616405487060547
1612,29,170,0.002501249313354492
1613,30,170,0.0023965835571289062
1614,31,170,0.00241851806640625
1615,32,170,0.002660036087036133
1616,33,170,0.0025691986083984375
1617,34,170,0.002629518508911133
1618,35,170,0.002642393112182617
1619,36,170,0.0026400089263916016
1620,37,170,0.0025484561920166016
1621,38,170,0.002763509750366211
1622,39,170,0.002509593963623047
1623,40,170,0.0027513504028320312
1624,41,170,0.002872467041015625
1625,42,170,0.002012968063354492
1626,43,170,0.0022401809692382812
1627,44,170,0.002788066864013672
1628,45,170,0.0026848316192626953
1629,46,170,0.0019409656524658203
1630,47,170,0.001833200454711914
1631,48,170,0.002779245376586914
1632,49,170,0.0028884410858154297
1633,50,170,0.0030782222747802734
1634,51,170,0.002738475799560547
1635,52,170,0.002700328826904297
1636,53,170,0.0021085739135742188
1637,54,170,0.0027742385864257812
1638,55,170,0.0028264522552490234
1639,56,170,0.0028066635131835938
1640,57,170,0.0027446746826171875
1641,58,170,0.002682209014892578
1642,59,170,0.002309083938598633
1643,60,170,0.0027120113372802734
1644,61,170,0.002719402313232422
1645,62,170,0.0026428699493408203
1646,63,170,0.002553224563598633
1647,64,170,0.0025475025177001953
1648,65,170,0.002439737319946289
1649,66,170,0.0017423629760742188
1650,67,170,0.002360820770263672
1651,68,170,0.0025217533111572266
1652,69,170,0.0024721622467041016
1653,70,170,0.0025250911712646484
1654,71,170,0.002539396286010742
1655,72,170,0.002435445785522461
1656,73,170,0.002279043197631836
1657,74,170,0.0024993419647216797
1658,75,170,0.0022211074829101562
1659,76,170,0.0023987293243408203
1660,77,170,0.0022509098052978516
1661,78,170,0.0023708343505859375
1662,79,170,0.0025327205657958984
1663,80,170,0.002429962158203125
1664,81,170,0.0024302005767822266
1665,82,170,0.002440929412841797
1666,83,170,0.002421140670776367
1667,84,170,0.002534627914428711
1668,85,170,0.0024023056030273438
1669,86,170,0.0022268295288085938
1670,87,170,0.0023827552795410156
1671,88,170,0.0022954940795898438
1672,89,170,0.0022001266479492188
1673,90,170,0.0022978782653808594
1674,91,170,0.001950979232788086
1675,92,170,0.0022706985473632812
1676,93,170,0.0022771358489990234
1677,94,170,0.002265453338623047
1678,95,170,0.0019996166229248047
1679,96,170,0.0023169517517089844
1680,97,170,0.0021903514862060547
1681,98,170,0.0022242069244384766
1682,99,170,0.0022192001342773438
1683,1,180,0.005978584289550781
1684,2,180,0.005059242248535156
1685,3,180,0.004715919494628906
1686,4,180,0.00456690788269043
1687,5,180,0.004469871520996094
1688,6,180,0.004518032073974609
1689,7,180,0.004608869552612305
1690,8,180,0.004311800003051758
1691,9,180,0.004240751266479492
1692,10,180,0.004102230072021484
1693,11,180,0.00423741340637207
1694,12,180,0.003570556640625
1695,13,180,0.003900289535522461
1696,14,180,0.004466056823730469
1697,15,180,0.0038194656372070312
1698,16,180,0.003843545913696289
1699,17,180,0.0038008689880371094
1700,18,180,0.0038390159606933594
1701,19,180,0.0039424896240234375
1702,20,180,0.003738880157470703
1703,21,180,0.003812551498413086
1704,22,180,0.0036423206329345703
1705,23,180,0.0037355422973632812
1706,24,180,0.004049062728881836
1707,25,180,0.0036439895629882812
1708,26,180,0.0036530494689941406
1709,27,180,0.0037009716033935547
1710,28,180,0.0036077499389648438
1711,29,180,0.0036284923553466797
1712,30,180,0.0039517879486083984
1713,31,180,0.003359079360961914
1714,32,180,0.0033617019653320312
1715,33,180,0.0037631988525390625
1716,34,180,0.003432035446166992
1717,35,180,0.0034813880920410156
1718,36,180,0.0037140846252441406
1719,37,180,0.0034372806549072266
1720,38,180,0.0038127899169921875
1721,39,180,0.003437042236328125
1722,40,180,0.0034716129302978516
1723,41,180,0.003393888473510742
1724,42,180,0.003327608108520508
1725,43,180,0.0033507347106933594
1726,44,180,0.0033082962036132812
1727,45,180,0.00333404541015625
1728,46,180,0.0034258365631103516
1729,47,180,0.003244161605834961
1730,48,180,0.0031833648681640625
1731,49,180,0.0031232833862304688
1732,50,180,0.0031256675720214844
1733,51,180,0.0031173229217529297
1734,52,180,0.0031554698944091797
1735,53,180,0.0031316280364990234
1736,54,180,0.003179311752319336
1737,55,180,0.0030515193939208984
1738,56,180,0.0031104087829589844
1739,57,180,0.003099203109741211
1740,58,180,0.002944469451904297
1741,59,180,0.0029463768005371094
1742,60,180,0.0028831958770751953
1743,61,180,0.002902507781982422
1744,62,180,0.0018773078918457031
1745,63,180,0.002836465835571289
1746,64,180,0.002883434295654297
1747,65,180,0.0028274059295654297
1748,66,180,0.0027539730072021484
1749,67,180,0.0028197765350341797
1750,68,180,0.002628326416015625
1751,69,180,0.0025560855865478516
1752,70,180,0.0024306774139404297
1753,71,180,0.0025959014892578125
1754,72,180,0.0026891231536865234
1755,73,180,0.002687692642211914
1756,74,180,0.002604246139526367
1757,75,180,0.0026001930236816406
1758,76,180,0.00261688232421875
1759,77,180,0.002687692642211914
1760,78,180,0.002629995346069336
1761,79,180,0.0025870800018310547
1762,80,180,0.0025866031646728516
1763,81,180,0.002368450164794922
1764,82,180,0.0024690628051757812
1765,83,180,0.0025434494018554688
1766,84,180,0.0025818347930908203
1767,85,180,0.0025441646575927734
1768,86,180,0.002603769302368164
1769,87,180,0.0025930404663085938
1770,88,180,0.0025358200073242188
1771,89,180,0.002628326416015625
1772,90,180,0.002569913864135742
1773,91,180,0.0024940967559814453
1774,92,180,0.0024690628051757812
1775,93,180,0.002513408660888672
1776,94,180,0.0023980140686035156
1777,95,180,0.0024285316467285156
1778,96,180,0.0023412704467773438
1779,97,180,0.0023207664489746094
1780,98,180,0.0023827552795410156
1781,99,180,0.0024297237396240234
1782,1,190,0.006602287292480469
1783,2,190,0.00562739372253418
1784,3,190,0.00511932373046875
1785,4,190,0.00525975227355957
1786,5,190,0.004693508148193359
1787,6,190,0.005064487457275391
1788,7,190,0.00486302375793457
1789,8,190,0.005041837692260742
1790,9,190,0.004965782165527344
1791,10,190,0.004313230514526367
1792,11,190,0.004248142242431641
1793,12,190,0.0044863224029541016
1794,13,190,0.005019187927246094
1795,14,190,0.0043947696685791016
1796,15,190,0.004122257232666016
1797,16,190,0.004868030548095703
1798,17,190,0.0042459964752197266
1799,18,190,0.004727363586425781
1800,19,190,0.004181623458862305
1801,20,190,0.00484919548034668
1802,21,190,0.004086971282958984
1803,22,190,0.0039997100830078125
1804,23,190,0.0039479732513427734
1805,24,190,0.003951549530029297
1806,25,190,0.003892660140991211
1807,26,190,0.0039196014404296875
1808,27,190,0.003733396530151367
1809,28,190,0.003943443298339844
1810,29,190,0.0045146942138671875
1811,30,190,0.004381895065307617
1812,31,190,0.0038182735443115234
1813,32,190,0.003880023956298828
1814,33,190,0.0036323070526123047
1815,34,190,0.0037186145782470703
1816,35,190,0.0037436485290527344
1817,36,190,0.003671884536743164
1818,37,190,0.0037577152252197266
1819,38,190,0.003695249557495117
1820,39,190,0.0036966800689697266
1821,40,190,0.0036640167236328125
1822,41,190,0.003633260726928711
1823,42,190,0.003671407699584961
1824,43,190,0.003717660903930664
1825,44,190,0.0036950111389160156
1826,45,190,0.0036432743072509766
1827,46,190,0.0035457611083984375
1828,47,190,0.0035865306854248047
1829,48,190,0.0035855770111083984
1830,49,190,0.0035314559936523438
1831,50,190,0.003519773483276367
1832,51,190,0.0034520626068115234
1833,52,190,0.003385782241821289
1834,53,190,0.003415346145629883
1835,54,190,0.003175973892211914
1836,55,190,0.003489971160888672
1837,56,190,0.003476858139038086
1838,57,190,0.0034112930297851562
1839,58,190,0.0034265518188476562
1840,59,190,0.003296375274658203
1841,60,190,0.0032265186309814453
1842,61,190,0.003363370895385742
1843,62,190,0.0031042098999023438
1844,63,190,0.003008127212524414
1845,64,190,0.0031745433807373047
1846,65,190,0.0031538009643554688
1847,66,190,0.0030961036682128906
1848,67,190,0.003331899642944336
1849,68,190,0.0031256675720214844
1850,69,190,0.0030524730682373047
1851,70,190,0.002923727035522461
1852,71,190,0.0029053688049316406
1853,72,190,0.0028388500213623047
1854,73,190,0.0027980804443359375
1855,74,190,0.002777099609375
1856,75,190,0.0017685890197753906
1857,76,190,0.0027916431427001953
1858,77,190,0.002855539321899414
1859,78,190,0.0028133392333984375
1860,79,190,0.002773761749267578
1861,80,190,0.002790212631225586
1862,81,190,0.002794504165649414
1863,82,190,0.0028023719787597656
1864,83,190,0.002828359603881836
1865,84,190,0.0028035640716552734
1866,85,190,0.0026624202728271484
1867,86,190,0.0028219223022460938
1868,87,190,0.002834320068359375
1869,88,190,0.002762317657470703
1870,89,190,0.0026907920837402344
1871,90,190,0.0026483535766601562
1872,91,190,0.002746105194091797
1873,92,190,0.0026917457580566406
1874,93,190,0.002758026123046875
1875,94,190,0.002858877182006836
1876,95,190,0.002596616744995117
1877,96,190,0.0026335716247558594
1878,97,190,0.002583026885986328
1879,98,190,0.002529144287109375
1880,99,190,0.0029380321502685547
1881,1,200,0.0071032047271728516
1882,2,200,0.005971431732177734
1883,3,200,0.005311012268066406
1884,4,200,0.005872249603271484
1885,5,200,0.005354642868041992
1886,6,200,0.0052280426025390625
1887,7,200,0.005301952362060547
1888,8,200,0.005449771881103516
1889,9,200,0.00527191162109375
1890,10,200,0.004274845123291016
1891,11,200,0.004689455032348633
1892,12,200,0.004631996154785156
1893,13,200,0.005419015884399414
1894,14,200,0.00558781623840332
1895,15,200,0.004552602767944336
1896,16,200,0.004673480987548828
1897,17,200,0.005106687545776367
1898,18,200,0.004518270492553711
1899,19,200,0.004721403121948242
1900,20,200,0.004494428634643555
1901,21,200,0.004933357238769531
1902,22,200,0.005232334136962891
1903,23,200,0.004319190979003906
1904,24,200,0.00442194938659668
1905,25,200,0.004111289978027344
1906,26,200,0.0041544437408447266
1907,27,200,0.004309654235839844
1908,28,200,0.0042650699615478516
1909,29,200,0.004260063171386719
1910,30,200,0.0043182373046875
1911,31,200,0.00429224967956543
1912,32,200,0.004716396331787109
1913,33,200,0.004254817962646484
1914,34,200,0.004520416259765625
1915,35,200,0.003996133804321289
1916,36,200,0.00414276123046875
1917,37,200,0.004117727279663086
1918,38,200,0.004003047943115234
1919,39,200,0.004045724868774414
1920,40,200,0.003949880599975586
1921,41,200,0.0040111541748046875
1922,42,200,0.00405573844909668
1923,43,200,0.003977060317993164
1924,44,200,0.004056692123413086
1925,45,200,0.004005908966064453
1926,46,200,0.004198312759399414
1927,47,200,0.00394129753112793
1928,48,200,0.003920316696166992
1929,49,200,0.003879070281982422
1930,50,200,0.0038673877716064453
1931,51,200,0.00423121452331543
1932,52,200,0.003750324249267578
1933,53,200,0.003933906555175781
1934,54,200,0.00363922119140625
1935,55,200,0.003868579864501953
1936,56,200,0.0037500858306884766
1937,57,200,0.0039942264556884766
1938,58,200,0.0035982131958007812
1939,59,200,0.003025531768798828
1940,60,200,0.003667116165161133
1941,61,200,0.0026204586029052734
1942,62,200,0.003531932830810547
1943,63,200,0.003511190414428711
1944,64,200,0.003292560577392578
1945,65,200,0.002696514129638672
1946,66,200,0.0033845901489257812
1947,67,200,0.0033168792724609375
1948,68,200,0.0033898353576660156
1949,69,200,0.0033774375915527344
1950,70,200,0.0032656192779541016
1951,71,200,0.003397703170776367
1952,72,200,0.0033919811248779297
1953,73,200,0.0032427310943603516
1954,74,200,0.003336668014526367
1955,75,200,0.003051280975341797
1956,76,200,0.0030584335327148438
1957,77,200,0.003190279006958008
1958,78,200,0.0028486251831054688
1959,79,200,0.0030739307403564453
1960,80,200,0.0030517578125
1961,81,200,0.003080606460571289
1962,82,200,0.003183126449584961
1963,83,200,0.0030374526977539062
1964,84,200,0.0030519962310791016
1965,85,200,0.003180265426635742
1966,86,200,0.003085613250732422
1967,87,200,0.0031647682189941406
1968,88,200,0.003032207489013672
1969,89,200,0.0029942989349365234
1970,90,200,0.0029282569885253906
1971,91,200,0.003032684326171875
1972,92,200,0.002912759780883789
1973,93,200,0.0029892921447753906
1974,94,200,0.0028905868530273438
1975,95,200,0.0029616355895996094
1976,96,200,0.0029256343841552734
1977,97,200,0.0029630661010742188
1978,98,200,0.0029642581939697266
1979,99,200,0.003046751022338867
1980,1,210,0.008119344711303711
1981,2,210,0.006761074066162109
1982,3,210,0.005939006805419922
1983,4,210,0.006548643112182617
1984,5,210,0.006338596343994141
1985,6,210,0.005774497985839844
1986,7,210,0.006222724914550781
1987,8,210,0.006190776824951172
1988,9,210,0.005968809127807617
1989,10,210,0.005201816558837891
1990,11,210,0.005314350128173828
1991,12,210,0.005647897720336914
1992,13,210,0.004968404769897461
1993,14,210,0.0051441192626953125
1994,15,210,0.005069255828857422
1995,16,210,0.006047487258911133
1996,17,210,0.00509333610534668
1997,18,210,0.005230903625488281
1998,19,210,0.0057790279388427734
1999,20,210,0.0053446292877197266
2000,21,210,0.004893302917480469
2001,22,210,0.005021333694458008
2002,23,210,0.0058138370513916016
2003,24,210,0.004858732223510742
2004,25,210,0.004904031753540039
2005,26,210,0.005423784255981445
2006,27,210,0.004721641540527344
2007,28,210,0.004883289337158203
2008,29,210,0.0047686100006103516
2009,30,210,0.004774332046508789
2010,31,210,0.005239963531494141
2011,32,210,0.004964113235473633
2012,33,210,0.004644870758056641
2013,34,210,0.004793643951416016
2014,35,210,0.004533052444458008
2015,36,210,0.004625797271728516
2016,37,210,0.004929304122924805
2017,38,210,0.004317522048950195
2018,39,210,0.004405975341796875
2019,40,210,0.004442930221557617
2020,41,210,0.0044214725494384766
2021,42,210,0.004475593566894531
2022,43,210,0.004358053207397461
2023,44,210,0.004307746887207031
2024,45,210,0.0040814876556396484
2025,46,210,0.004690647125244141
2026,47,210,0.004328250885009766
2027,48,210,0.004266262054443359
2028,49,210,0.0043125152587890625
2029,50,210,0.004167079925537109
2030,51,210,0.002955913543701172
2031,52,210,0.004068851470947266
2032,53,210,0.004088640213012695
2033,54,210,0.004130363464355469
2034,55,210,0.0042972564697265625
2035,56,210,0.003979682922363281
2036,57,210,0.0040853023529052734
2037,58,210,0.004037380218505859
2038,59,210,0.003574371337890625
2039,60,210,0.0038962364196777344
2040,61,210,0.0039937496185302734
2041,62,210,0.003928422927856445
2042,63,210,0.0038378238677978516
2043,64,210,0.0038843154907226562
2044,65,210,0.0038242340087890625
2045,66,210,0.0037806034088134766
2046,67,210,0.003725767135620117
2047,68,210,0.003667593002319336
2048,69,210,0.0036466121673583984
2049,70,210,0.003625631332397461
2050,71,210,0.003738880157470703
2051,72,210,0.0036830902099609375
2052,73,210,0.0040552616119384766
2053,74,210,0.0036191940307617188
2054,75,210,0.0036020278930664062
2055,76,210,0.0035326480865478516
2056,77,210,0.0035126209259033203
2057,78,210,0.0035393238067626953
2058,79,210,0.0033347606658935547
2059,80,210,0.003811359405517578
2060,81,210,0.003253459930419922
2061,82,210,0.0030274391174316406
2062,83,210,0.0033419132232666016
2063,84,210,0.0032608509063720703
2064,85,210,0.0033397674560546875
2065,86,210,0.0031538009643554688
2066,87,210,0.0032722949981689453
2067,88,210,0.0032165050506591797
2068,89,210,0.0034148693084716797
2069,90,210,0.0032196044921875
2070,91,210,0.003111600875854492
2071,92,210,0.002235889434814453
2072,93,210,0.003061532974243164
2073,94,210,0.002994060516357422
2074,95,210,0.0030982494354248047
2075,96,210,0.0031516551971435547
2076,97,210,0.0025513172149658203
2077,98,210,0.0030393600463867188
2078,99,210,0.003092527389526367
2079,1,220,0.008724689483642578
2080,2,220,0.007303714752197266
2081,3,220,0.006777763366699219
2082,4,220,0.0061266422271728516
2083,5,220,0.007088899612426758
2084,6,220,0.0061681270599365234
2085,7,220,0.006880283355712891
2086,8,220,0.006874799728393555
2087,9,220,0.005526304244995117
2088,10,220,0.006325483322143555
2089,11,220,0.006528139114379883
2090,12,220,0.006409168243408203
2091,13,220,0.0057525634765625
2092,14,220,0.0056400299072265625
2093,15,220,0.006537914276123047
2094,16,220,0.0055811405181884766
2095,17,220,0.005596160888671875
2096,18,220,0.005552053451538086
2097,19,220,0.005394697189331055
2098,20,220,0.005334138870239258
2099,21,220,0.005453348159790039
2100,22,220,0.005410909652709961
2101,23,220,0.005357980728149414
2102,24,220,0.005186557769775391
2103,25,220,0.005205392837524414
2104,26,220,0.005228996276855469
2105,27,220,0.005288839340209961
2106,28,220,0.003638029098510742
2107,29,220,0.005808591842651367
2108,30,220,0.005169868469238281
2109,31,220,0.0052301883697509766
2110,32,220,0.005110740661621094
2111,33,220,0.005602359771728516
2112,34,220,0.005228281021118164
2113,35,220,0.005557537078857422
2114,36,220,0.005155801773071289
2115,37,220,0.004952192306518555
2116,38,220,0.004723787307739258
2117,39,220,0.00492405891418457
2118,40,220,0.004827737808227539
2119,41,220,0.0051500797271728516
2120,42,220,0.005179405212402344
2121,43,220,0.004559516906738281
2122,44,220,0.004755735397338867
2123,45,220,0.004770755767822266
2124,46,220,0.0047414302825927734
2125,47,220,0.00472569465637207
2126,48,220,0.004609584808349609
2127,49,220,0.004598855972290039
2128,50,220,0.004706382751464844
2129,51,220,0.004626750946044922
2130,52,220,0.004488229751586914
2131,53,220,0.004542827606201172
2132,54,220,0.0046007633209228516
2133,55,220,0.004374980926513672
2134,56,220,0.00445866584777832
2135,57,220,0.004456758499145508
2136,58,220,0.004374980926513672
2137,59,220,0.00432896614074707
2138,60,220,0.0042340755462646484
2139,61,220,0.0041942596435546875
2140,62,220,0.004169464111328125
2141,63,220,0.003954410552978516
2142,64,220,0.004199981689453125
2143,65,220,0.004227161407470703
2144,66,220,0.004191398620605469
2145,67,220,0.00411534309387207
2146,68,220,0.004069805145263672
2147,69,220,0.004239797592163086
2148,70,220,0.004022836685180664
2149,71,220,0.003957271575927734
2150,72,220,0.003806591033935547
2151,73,220,0.0038754940032958984
2152,74,220,0.003918647766113281
2153,75,220,0.0037980079650878906
2154,76,220,0.00385284423828125
2155,77,220,0.0037631988525390625
2156,78,220,0.0038461685180664062
2157,79,220,0.003789186477661133
2158,80,220,0.0037691593170166016
2159,81,220,0.0036406517028808594
2160,82,220,0.003654003143310547
2161,83,220,0.003518342971801758
2162,84,220,0.003479480743408203
2163,85,220,0.0033681392669677734
2164,86,220,0.0030052661895751953
2165,87,220,0.003726482391357422
2166,88,220,0.0033941268920898438
2167,89,220,0.0033926963806152344
2168,90,220,0.0033681392669677734
2169,91,220,0.0034723281860351562
2170,92,220,0.003459930419921875
2171,93,220,0.003434419631958008
2172,94,220,0.0034062862396240234
2173,95,220,0.003394603729248047
2174,96,220,0.0032753944396972656
2175,97,220,0.0033676624298095703
2176,98,220,0.003359556198120117
2177,99,220,0.003310680389404297
2178,1,230,0.009572029113769531
2179,2,230,0.007750749588012695
2180,3,230,0.007307767868041992
2181,4,230,0.007851600646972656
2182,5,230,0.007326364517211914
2183,6,230,0.006608724594116211
2184,7,230,0.006476402282714844
2185,8,230,0.00607752799987793
2186,9,230,0.0068359375
2187,10,230,0.006440639495849609
2188,11,230,0.006083250045776367
2189,12,230,0.005906581878662109
2190,13,230,0.0072405338287353516
2191,14,230,0.006357908248901367
2192,15,230,0.005951404571533203
2193,16,230,0.006086111068725586
2194,17,230,0.006198406219482422
2195,18,230,0.0060024261474609375
2196,19,230,0.005862236022949219
2197,20,230,0.0060253143310546875
2198,21,230,0.006876468658447266
2199,22,230,0.007027864456176758
2200,23,230,0.005994081497192383
2201,24,230,0.005651712417602539
2202,25,230,0.0057353973388671875
2203,26,230,0.005628347396850586
2204,27,230,0.0055658817291259766
2205,28,230,0.005636453628540039
2206,29,230,0.005625724792480469
2207,30,230,0.005489826202392578
2208,31,230,0.005595684051513672
2209,32,230,0.0055501461029052734
2210,33,230,0.005571603775024414
2211,34,230,0.005602359771728516
2212,35,230,0.0054547786712646484
2213,36,230,0.0053844451904296875
2214,37,230,0.0054836273193359375
2215,38,230,0.005462646484375
2216,39,230,0.005316019058227539
2217,40,230,0.0056993961334228516
2218,41,230,0.004988193511962891
2219,42,230,0.0055353641510009766
2220,43,230,0.0052013397216796875
2221,44,230,0.0053255558013916016
2222,45,230,0.005166053771972656
2223,46,230,0.0051157474517822266
2224,47,230,0.005104780197143555
2225,48,230,0.0052471160888671875
2226,49,230,0.004878520965576172
2227,50,230,0.0049898624420166016
2228,51,230,0.004932880401611328
2229,52,230,0.005666017532348633
2230,53,230,0.004915952682495117
2231,54,230,0.004882097244262695
2232,55,230,0.004857063293457031
2233,56,230,0.004960536956787109
2234,57,230,0.004781007766723633
2235,58,230,0.004813194274902344
2236,59,230,0.004600048065185547
2237,60,230,0.004545688629150391
2238,61,230,0.0047037601470947266
2239,62,230,0.004702091217041016
2240,63,230,0.00451970100402832
2241,64,230,0.0045015811920166016
2242,65,230,0.004563331604003906
2243,66,230,0.0043523311614990234
2244,67,230,0.004393577575683594
2245,68,230,0.004544258117675781
2246,69,230,0.0044248104095458984
2247,70,230,0.004363298416137695
2248,71,230,0.0043680667877197266
2249,72,230,0.0043032169342041016
2250,73,230,0.004340410232543945
2251,74,230,0.004132509231567383
2252,75,230,0.004174470901489258
2253,76,230,0.0040018558502197266
2254,77,230,0.004612445831298828
2255,78,230,0.004096031188964844
2256,79,230,0.003946781158447266
2257,80,230,0.004085063934326172
2258,81,230,0.0028696060180664062
2259,82,230,0.004026651382446289
2260,83,230,0.003924131393432617
2261,84,230,0.0038619041442871094
2262,85,230,0.003927946090698242
2263,86,230,0.004210948944091797
2264,87,230,0.0037851333618164062
2265,88,230,0.003603696823120117
2266,89,230,0.003558635711669922
2267,90,230,0.0033125877380371094
2268,91,230,0.003604888916015625
2269,92,230,0.003658771514892578
2270,93,230,0.0036444664001464844
2271,94,230,0.0036499500274658203
2272,95,230,0.0036525726318359375
2273,96,230,0.0036668777465820312
2274,97,230,0.0035161972045898438
2275,98,230,0.0034842491149902344
2276,99,230,0.0035696029663085938
2277,1,240,0.010812520980834961
2278,2,240,0.008316278457641602
2279,3,240,0.008182525634765625
2280,4,240,0.00825047492980957
2281,5,240,0.008296489715576172
2282,6,240,0.0072612762451171875
2283,7,240,0.00771021842956543
2284,8,240,0.00801706314086914
2285,9,240,0.00656437873840332
2286,10,240,0.006887197494506836
2287,11,240,0.007798671722412109
2288,12,240,0.006536722183227539
2289,13,240,0.007183074951171875
2290,14,240,0.006459712982177734
2291,15,240,0.006493806838989258
2292,16,240,0.007947683334350586
2293,17,240,0.006714344024658203
2294,18,240,0.0066721439361572266
2295,19,240,0.006372928619384766
2296,20,240,0.006498813629150391
2297,21,240,0.006364345550537109
2298,22,240,0.006715536117553711
2299,23,240,0.007293224334716797
2300,24,240,0.006475687026977539
2301,25,240,0.0061855316162109375
2302,26,240,0.0061757564544677734
2303,27,240,0.006137847900390625
2304,28,240,0.006035566329956055
2305,29,240,0.006120920181274414
2306,30,240,0.0060803890228271484
2307,31,240,0.005931854248046875
2308,32,240,0.006057262420654297
2309,33,240,0.006039857864379883
2310,34,240,0.00587153434753418
2311,35,240,0.005930900573730469
2312,36,240,0.0058591365814208984
2313,37,240,0.006106376647949219
2314,38,240,0.005717277526855469
2315,39,240,0.005852222442626953
2316,40,240,0.005656003952026367
2317,41,240,0.00558781623840332
2318,42,240,0.0053253173828125
2319,43,240,0.005583047866821289
2320,44,240,0.005510091781616211
2321,45,240,0.005460977554321289
2322,46,240,0.005594491958618164
2323,47,240,0.005499124526977539
2324,48,240,0.005465030670166016
2325,49,240,0.005501508712768555
2326,50,240,0.0054547786712646484
2327,51,240,0.005477428436279297
2328,52,240,0.005268573760986328
2329,53,240,0.0053446292877197266
2330,54,240,0.005292177200317383
2331,55,240,0.005373954772949219
2332,56,240,0.005231142044067383
2333,57,240,0.006333351135253906
2334,58,240,0.005122184753417969
2335,59,240,0.0052337646484375
2336,60,240,0.005012989044189453
2337,61,240,0.004939556121826172
2338,62,240,0.005020856857299805
2339,63,240,0.004930257797241211
2340,64,240,0.004821300506591797
2341,65,240,0.004803657531738281
2342,66,240,0.004751920700073242
2343,67,240,0.004642963409423828
2344,68,240,0.004609584808349609
2345,69,240,0.004771232604980469
2346,70,240,0.0047152042388916016
2347,71,240,0.004724740982055664
2348,72,240,0.004509687423706055
2349,73,240,0.004598855972290039
2350,74,240,0.004917144775390625
2351,75,240,0.004367351531982422
2352,76,240,0.0044708251953125
2353,77,240,0.004352092742919922
2354,78,240,0.00433039665222168
2355,79,240,0.0041217803955078125
2356,80,240,0.00431060791015625
2357,81,240,0.0042266845703125
2358,82,240,0.004036664962768555
2359,83,240,0.0045011043548583984
2360,84,240,0.0040056705474853516
2361,85,240,0.004209041595458984
2362,86,240,0.004128456115722656
2363,87,240,0.0041081905364990234
2364,88,240,0.003972053527832031
2365,89,240,0.00397038459777832
2366,90,240,0.003956317901611328
2367,91,240,0.00365447998046875
2368,92,240,0.0038182735443115234
2369,93,240,0.0036902427673339844
2370,94,240,0.003595590591430664
2371,95,240,0.0037233829498291016
2372,96,240,0.004113435745239258
2373,97,240,0.003663778305053711
2374,98,240,0.0036797523498535156
2375,99,240,0.0038154125213623047
2376,1,250,0.011130571365356445
2377,2,250,0.009175777435302734
2378,3,250,0.008350610733032227
2379,4,250,0.008922815322875977
2380,5,250,0.0077724456787109375
2381,6,250,0.008246898651123047
2382,7,250,0.008741378784179688
2383,8,250,0.007846832275390625
2384,9,250,0.00828695297241211
2385,10,250,0.006951332092285156
2386,11,250,0.007291555404663086
2387,12,250,0.0073964595794677734
2388,13,250,0.008440017700195312
2389,14,250,0.0074310302734375
2390,15,250,0.008038520812988281
2391,16,250,0.007122993469238281
2392,17,250,0.00844120979309082
2393,18,250,0.008483171463012695
2394,19,250,0.0076749324798583984
2395,20,250,0.006840229034423828
2396,21,250,0.007356166839599609
2397,22,250,0.00701904296875
2398,23,250,0.0066373348236083984
2399,24,250,0.006458759307861328
2400,25,250,0.006699562072753906
2401,26,250,0.006577491760253906
2402,27,250,0.0068225860595703125
2403,28,250,0.00643467903137207
2404,29,250,0.0072650909423828125
2405,30,250,0.006467103958129883
2406,31,250,0.006646156311035156
2407,32,250,0.0069849491119384766
2408,33,250,0.006388664245605469
2409,34,250,0.006478309631347656
2410,35,250,0.007120847702026367
2411,36,250,0.00654292106628418
2412,37,250,0.0061380863189697266
2413,38,250,0.006278514862060547
2414,39,250,0.00608372688293457
2415,40,250,0.006243228912353516
2416,41,250,0.0062868595123291016
2417,42,250,0.006056547164916992
2418,43,250,0.0059661865234375
2419,44,250,0.0057866573333740234
2420,45,250,0.00585174560546875
2421,46,250,0.0057468414306640625
2422,47,250,0.005887746810913086
2423,48,250,0.0063076019287109375
2424,49,250,0.005778074264526367
2425,50,250,0.005709409713745117
2426,51,250,0.005762338638305664
2427,52,250,0.005731344223022461
2428,53,250,0.005729198455810547
2429,54,250,0.005686044692993164
2430,55,250,0.005651712417602539
2431,56,250,0.005856752395629883
2432,57,250,0.005641937255859375
2433,58,250,0.0055065155029296875
2434,59,250,0.005423545837402344
2435,60,250,0.005482912063598633
2436,61,250,0.00559234619140625
2437,62,250,0.005383014678955078
2438,63,250,0.0055255889892578125
2439,64,250,0.0052645206451416016
2440,65,250,0.005223512649536133
2441,66,250,0.005228996276855469
2442,67,250,0.005230426788330078
2443,68,250,0.004925966262817383
2444,69,250,0.005214214324951172
2445,70,250,0.004912376403808594
2446,71,250,0.00490117073059082
2447,72,250,0.0049283504486083984
2448,73,250,0.00478053092956543
2449,74,250,0.004968881607055664
2450,75,250,0.004952907562255859
2451,76,250,0.00484013557434082
2452,77,250,0.005444526672363281
2453,78,250,0.004593610763549805
2454,79,250,0.004773378372192383
2455,80,250,0.004607439041137695
2456,81,250,0.004641532897949219
2457,82,250,0.004454851150512695
2458,83,250,0.005150556564331055
2459,84,250,0.004601240158081055
2460,85,250,0.0045163631439208984
2461,86,250,0.004446744918823242
2462,87,250,0.0044841766357421875
2463,88,250,0.0041790008544921875
2464,89,250,0.0043447017669677734
2465,90,250,0.0043909549713134766
2466,91,250,0.004229545593261719
2467,92,250,0.0041370391845703125
2468,93,250,0.004250526428222656
2469,94,250,0.0042040348052978516
2470,95,250,0.00404047966003418
2471,96,250,0.003961324691772461
2472,97,250,0.004006147384643555
2473,98,250,0.003910064697265625
2474,99,250,0.003997325897216797
2475,1,260,0.01205587387084961
2476,2,260,0.010158538818359375
2477,3,260,0.00982975959777832
2478,4,260,0.009798049926757812
2479,5,260,0.008010625839233398
2480,6,260,0.009124279022216797
2481,7,260,0.008037328720092773
2482,8,260,0.009065866470336914
2483,9,260,0.009093046188354492
2484,10,260,0.007619142532348633
2485,11,260,0.008081912994384766
2486,12,260,0.007512569427490234
2487,13,260,0.008916616439819336
2488,14,260,0.007535696029663086
2489,15,260,0.0075604915618896484
2490,16,260,0.007535696029663086
2491,17,260,0.0077342987060546875
2492,18,260,0.00893855094909668
2493,19,260,0.007771968841552734
2494,20,260,0.007361173629760742
2495,21,260,0.007340908050537109
2496,22,260,0.007330894470214844
2497,23,260,0.007301807403564453
2498,24,260,0.007512092590332031
2499,25,260,0.008307933807373047
2500,26,260,0.007155895233154297
2501,27,260,0.007230520248413086
2502,28,260,0.007220268249511719
2503,29,260,0.007282733917236328
2504,30,260,0.007103681564331055
2505,31,260,0.007044792175292969
2506,32,260,0.007045269012451172
2507,33,260,0.0069806575775146484
2508,34,260,0.0068318843841552734
2509,35,260,0.00688624382019043
2510,36,260,0.006931781768798828
2511,37,260,0.006596803665161133
2512,38,260,0.006738424301147461
2513,39,260,0.0068056583404541016
2514,40,260,0.0067327022552490234
2515,41,260,0.006671905517578125
2516,42,260,0.006804704666137695
2517,43,260,0.0066242218017578125
2518,44,260,0.006426572799682617
2519,45,260,0.00627446174621582
2520,46,260,0.006213665008544922
2521,47,260,0.0062198638916015625
2522,48,260,0.006537437438964844
2523,49,260,0.0074558258056640625
2524,50,260,0.007089138031005859
2525,51,260,0.006230592727661133
2526,52,260,0.006210803985595703
2527,53,260,0.006517648696899414
2528,54,260,0.006085634231567383
2529,55,260,0.006205320358276367
2530,56,260,0.005997180938720703
2531,57,260,0.005959272384643555
2532,58,260,0.0061070919036865234
2533,59,260,0.006144285202026367
2534,60,260,0.005907773971557617
2535,61,260,0.005911111831665039
2536,62,260,0.0059680938720703125
2537,63,260,0.005934000015258789
2538,64,260,0.005650997161865234
2539,65,260,0.00560307502746582
2540,66,260,0.00558924674987793
2541,67,260,0.005591392517089844
2542,68,260,0.005303859710693359
2543,69,260,0.005346059799194336
2544,70,260,0.005212306976318359
2545,71,260,0.0051996707916259766
2546,72,260,0.005229949951171875
2547,73,260,0.005471706390380859
2548,74,260,0.00478053092956543
2549,75,260,0.0051975250244140625
2550,76,260,0.005158901214599609
2551,77,260,0.005178689956665039
2552,78,260,0.005896806716918945
2553,79,260,0.005055904388427734
2554,80,260,0.0049610137939453125
2555,81,260,0.004788875579833984
2556,82,260,0.00479578971862793
2557,83,260,0.004414081573486328
2558,84,260,0.00478816032409668
2559,85,260,0.0052852630615234375
2560,86,260,0.004792928695678711
2561,87,260,0.0031785964965820312
2562,88,260,0.00463414192199707
2563,89,260,0.004643440246582031
2564,90,260,0.004495382308959961
2565,91,260,0.0044400691986083984
2566,92,260,0.0044400691986083984
2567,93,260,0.0044040679931640625
2568,94,260,0.00456690788269043
2569,95,260,0.0044858455657958984
2570,96,260,0.004491567611694336
2571,97,260,0.004378318786621094
2572,98,260,0.00466609001159668
2573,99,260,0.0041768550872802734
2574,1,270,0.013688087463378906
2575,2,270,0.010302305221557617
2576,3,270,0.009497642517089844
2577,4,270,0.010531902313232422
2578,5,270,0.009268045425415039
2579,6,270,0.01022791862487793
2580,7,270,0.00863027572631836
2581,8,270,0.009398460388183594
2582,9,270,0.009442567825317383
2583,10,270,0.008489847183227539
2584,11,270,0.008398056030273438
2585,12,270,0.008561372756958008
2586,13,270,0.008307456970214844
2587,14,270,0.009197235107421875
2588,15,270,0.008237600326538086
2589,16,270,0.00829172134399414
2590,17,270,0.008069276809692383
2591,18,270,0.008589506149291992
2592,19,270,0.008077859878540039
2593,20,270,0.007907390594482422
2594,21,270,0.009152889251708984
2595,22,270,0.00784611701965332
2596,23,270,0.009215831756591797
2597,24,270,0.008131742477416992
2598,25,270,0.008276700973510742
2599,26,270,0.007494211196899414
2600,27,270,0.007642507553100586
2601,28,270,0.007636547088623047
2602,29,270,0.007618427276611328
2603,30,270,0.009216785430908203
2604,31,270,0.007554531097412109
2605,32,270,0.007512807846069336
2606,33,270,0.007862091064453125
2607,34,270,0.008133649826049805
2608,35,270,0.007378339767456055
2609,36,270,0.0075037479400634766
2610,37,270,0.007482290267944336
2611,38,270,0.0073223114013671875
2612,39,270,0.0071260929107666016
2613,40,270,0.007153511047363281
2614,41,270,0.007608175277709961
2615,42,270,0.007131099700927734
2616,43,270,0.007039785385131836
2617,44,270,0.007152080535888672
2618,45,270,0.007254600524902344
2619,46,270,0.006671905517578125
2620,47,270,0.006676197052001953
2621,48,270,0.0072405338287353516
2622,49,270,0.006253480911254883
2623,50,270,0.00648808479309082
2624,51,270,0.006561756134033203
2625,52,270,0.006544351577758789
2626,53,270,0.006451845169067383
2627,54,270,0.0065119266510009766
2628,55,270,0.0063724517822265625
2629,56,270,0.006326913833618164
2630,57,270,0.0063114166259765625
2631,58,270,0.006265878677368164
2632,59,270,0.005750179290771484
2633,60,270,0.004982709884643555
2634,61,270,0.005913972854614258
2635,62,270,0.006312131881713867
2636,63,270,0.006237506866455078
2637,64,270,0.005979299545288086
2638,65,270,0.005781888961791992
2639,66,270,0.007254362106323242
2640,67,270,0.005972862243652344
2641,68,270,0.005913972854614258
2642,69,270,0.005734920501708984
2643,70,270,0.005688190460205078
2644,71,270,0.006021261215209961
2645,72,270,0.006035566329956055
2646,73,270,0.005642414093017578
2647,74,270,0.005736827850341797
2648,75,270,0.005641460418701172
2649,76,270,0.0054988861083984375
2650,77,270,0.005327701568603516
2651,78,270,0.005483865737915039
2652,79,270,0.005529880523681641
2653,80,270,0.005469322204589844
2654,81,270,0.005374431610107422
2655,82,270,0.005288124084472656
2656,83,270,0.005100727081298828
2657,84,270,0.0049898624420166016
2658,85,270,0.00498509407043457
2659,86,270,0.004842281341552734
2660,87,270,0.005322933197021484
2661,88,270,0.004919290542602539
2662,89,270,0.0034248828887939453
2663,90,270,0.004904031753540039
2664,91,270,0.004820346832275391
2665,92,270,0.004030704498291016
2666,93,270,0.004863739013671875
2667,94,270,0.004246234893798828
2668,95,270,0.003134012222290039
2669,96,270,0.004761934280395508
2670,97,270,0.0046956539154052734
2671,98,270,0.004601240158081055
2672,99,270,0.003150463104248047
2673,1,280,0.01357579231262207
2674,2,280,0.011032342910766602
2675,3,280,0.010109186172485352
2676,4,280,0.010940790176391602
2677,5,280,0.011528253555297852
2678,6,280,0.010982513427734375
2679,7,280,0.010778665542602539
2680,8,280,0.010070562362670898
2681,9,280,0.010374069213867188
2682,10,280,0.009756088256835938
2683,11,280,0.008861064910888672
2684,12,280,0.009111404418945312
2685,13,280,0.009652853012084961
2686,14,280,0.00885629653930664
2687,15,280,0.008695602416992188
2688,16,280,0.010368824005126953
2689,17,280,0.008920669555664062
2690,18,280,0.008643865585327148
2691,19,280,0.009758472442626953
2692,20,280,0.010144472122192383
2693,21,280,0.008623361587524414
2694,22,280,0.008421897888183594
2695,23,280,0.008929967880249023
2696,24,280,0.008416175842285156
2697,25,280,0.00827336311340332
2698,26,280,0.008332967758178711
2699,27,280,0.009120702743530273
2700,28,280,0.008148908615112305
2701,29,280,0.008759498596191406
2702,30,280,0.008170127868652344
2703,31,280,0.008012533187866211
2704,32,280,0.008050918579101562
2705,33,280,0.008068323135375977
2706,34,280,0.007855892181396484
2707,35,280,0.007926225662231445
2708,36,280,0.007798194885253906
2709,37,280,0.007752180099487305
2710,38,280,0.00776219367980957
2711,39,280,0.007607460021972656
2712,40,280,0.00768280029296875
2713,41,280,0.007486820220947266
2714,42,280,0.007475376129150391
2715,43,280,0.007775068283081055
2716,44,280,0.007596254348754883
2717,45,280,0.00756382942199707
2718,46,280,0.0074579715728759766
2719,47,280,0.004774808883666992
2720,48,280,0.004763364791870117
2721,49,280,0.0067174434661865234
2722,50,280,0.004784822463989258
2723,51,280,0.0068814754486083984
2724,52,280,0.006949424743652344
2725,53,280,0.00651240348815918
2726,54,280,0.006897926330566406
2727,55,280,0.0067632198333740234
2728,56,280,0.00684356689453125
2729,57,280,0.00672459602355957
2730,58,280,0.0065844058990478516
2731,59,280,0.006558656692504883
2732,60,280,0.0067517757415771484
2733,61,280,0.00662541389465332
2734,62,280,0.006415367126464844
2735,63,280,0.0076215267181396484
2736,64,280,0.006452798843383789
2737,65,280,0.006731271743774414
2738,66,280,0.006712913513183594
2739,67,280,0.006383180618286133
2740,68,280,0.0063478946685791016
2741,69,280,0.006603240966796875
2742,70,280,0.006070137023925781
2743,71,280,0.00594019889831543
2744,72,280,0.006049156188964844
2745,73,280,0.005770206451416016
2746,74,280,0.006089210510253906
2747,75,280,0.00605463981628418
2748,76,280,0.005783557891845703
2749,77,280,0.005801200866699219
2750,78,280,0.005750179290771484
2751,79,280,0.005709409713745117
2752,80,280,0.005498647689819336
2753,81,280,0.005644321441650391
2754,82,280,0.005728721618652344
2755,83,280,0.005916118621826172
2756,84,280,0.005562543869018555
2757,85,280,0.0055615901947021484
2758,86,280,0.005616664886474609
2759,87,280,0.005362272262573242
2760,88,280,0.005315303802490234
2761,89,280,0.005272388458251953
2762,90,280,0.005318164825439453
2763,91,280,0.005284786224365234
2764,92,280,0.005339384078979492
2765,93,280,0.0049860477447509766
2766,94,280,0.005154848098754883
2767,95,280,0.005259513854980469
2768,96,280,0.005109548568725586
2769,97,280,0.005009651184082031
2770,98,280,0.0049664974212646484
2771,99,280,0.004934072494506836
2772,1,290,0.014883995056152344
2773,2,290,0.012180805206298828
2774,3,290,0.01137089729309082
2775,4,290,0.010797500610351562
2776,5,290,0.010870933532714844
2777,6,290,0.010141372680664062
2778,7,290,0.01141500473022461
2779,8,290,0.010942935943603516
2780,9,290,0.009259939193725586
2781,10,290,0.01024174690246582
2782,11,290,0.009420633316040039
2783,12,290,0.009291410446166992
2784,13,290,0.011499166488647461
2785,14,290,0.00941610336303711
2786,15,290,0.009601831436157227
2787,16,290,0.009427070617675781
2788,17,290,0.009308815002441406
2789,18,290,0.009344816207885742
2790,19,290,0.009119510650634766
2791,20,290,0.009346485137939453
2792,21,290,0.009038209915161133
2793,22,290,0.009303569793701172
2794,23,290,0.008937835693359375
2795,24,290,0.009125709533691406
2796,25,290,0.008837461471557617
2797,26,290,0.008762121200561523
2798,27,290,0.009187936782836914
2799,28,290,0.008773326873779297
2800,29,290,0.008803606033325195
2801,30,290,0.009725093841552734
2802,31,290,0.009374380111694336
2803,32,290,0.008670806884765625
2804,33,290,0.008638143539428711
2805,34,290,0.008358001708984375
2806,35,290,0.009532928466796875
2807,36,290,0.008357763290405273
2808,37,290,0.008100271224975586
2809,38,290,0.008296012878417969
2810,39,290,0.008265018463134766
2811,40,290,0.00819540023803711
2812,41,290,0.008087158203125
2813,42,290,0.008040428161621094
2814,43,290,0.008198022842407227
2815,44,290,0.008017539978027344
2816,45,290,0.00790715217590332
2817,46,290,0.007843255996704102
2818,47,290,0.0079345703125
2819,48,290,0.008424520492553711
2820,49,290,0.007758617401123047
2821,50,290,0.007578849792480469
2822,51,290,0.007235050201416016
2823,52,290,0.007795095443725586
2824,53,290,0.00732874870300293
2825,54,290,0.0074176788330078125
2826,55,290,0.007321596145629883
2827,56,290,0.007386207580566406
2828,57,290,0.00736689567565918
2829,58,290,0.006867647171020508
2830,59,290,0.007094860076904297
2831,60,290,0.0073699951171875
2832,61,290,0.00763702392578125
2833,62,290,0.007208585739135742
2834,63,290,0.006966352462768555
2835,64,290,0.006955862045288086
2836,65,290,0.00684809684753418
2837,66,290,0.0068624019622802734
2838,67,290,0.0069811344146728516
2839,68,290,0.006768226623535156
2840,69,290,0.006795644760131836
2841,70,290,0.006725788116455078
2842,71,290,0.006955623626708984
2843,72,290,0.006418704986572266
2844,73,290,0.006699085235595703
2845,74,290,0.006465435028076172
2846,75,290,0.006387472152709961
2847,76,290,0.006290435791015625
2848,77,290,0.00624847412109375
2849,78,290,0.006202220916748047
2850,79,290,0.00601649284362793
2851,80,290,0.007066011428833008
2852,81,290,0.006066322326660156
2853,82,290,0.006044864654541016
2854,83,290,0.005938529968261719
2855,84,290,0.0061719417572021484
2856,85,290,0.0060808658599853516
2857,86,290,0.006172657012939453
2858,87,290,0.005932331085205078
2859,88,290,0.005769252777099609
2860,89,290,0.005643606185913086
2861,90,290,0.00579380989074707
2862,91,290,0.005533933639526367
2863,92,290,0.005637168884277344
2864,93,290,0.005570888519287109
2865,94,290,0.0053827762603759766
2866,95,290,0.005444049835205078
2867,96,290,0.0055179595947265625
2868,97,290,0.005446195602416992
2869,98,290,0.005469083786010742
2870,99,290,0.005366802215576172
2871,1,300,0.015717267990112305
2872,2,300,0.013105392456054688
2873,3,300,0.012249231338500977
2874,4,300,0.012195110321044922
2875,5,300,0.011179685592651367
2876,6,300,0.011757612228393555
2877,7,300,0.011398553848266602
2878,8,300,0.009925127029418945
2879,9,300,0.011570453643798828
2880,10,300,0.010709524154663086
2881,11,300,0.010710954666137695
2882,12,300,0.010637760162353516
2883,13,300,0.010648250579833984
2884,14,300,0.011138200759887695
2885,15,300,0.009894132614135742
2886,16,300,0.009919881820678711
2887,17,300,0.01099395751953125
2888,18,300,0.011463642120361328
2889,19,300,0.009836912155151367
2890,20,300,0.011957883834838867
2891,21,300,0.009700298309326172
2892,22,300,0.011630773544311523
2893,23,300,0.009790897369384766
2894,24,300,0.009598016738891602
2895,25,300,0.009405136108398438
2896,26,300,0.009326457977294922
2897,27,300,0.009111642837524414
2898,28,300,0.009167671203613281
2899,29,300,0.009075641632080078
2900,30,300,0.009369611740112305
2901,31,300,0.009435176849365234
2902,32,300,0.008876800537109375
2903,33,300,0.00929117202758789
2904,34,300,0.009086132049560547
2905,35,300,0.008922815322875977
2906,36,300,0.009018898010253906
2907,37,300,0.009855031967163086
2908,38,300,0.008481025695800781
2909,39,300,0.008448600769042969
2910,40,300,0.008565187454223633
2911,41,300,0.00886678695678711
2912,42,300,0.008783102035522461
2913,43,300,0.00949239730834961
2914,44,300,0.008445262908935547
2915,45,300,0.00872182846069336
2916,46,300,0.008440017700195312
2917,47,300,0.008266210556030273
2918,48,300,0.008366584777832031
2919,49,300,0.008307456970214844
2920,50,300,0.008057832717895508
2921,51,300,0.008008003234863281
2922,52,300,0.00782632827758789
2923,53,300,0.007633209228515625
2924,54,300,0.00776362419128418
2925,55,300,0.007632732391357422
2926,56,300,0.007626533508300781
2927,57,300,0.007588386535644531
2928,58,300,0.007531166076660156
2929,59,300,0.007407665252685547
2930,60,300,0.009514093399047852
2931,61,300,0.007450580596923828
2932,62,300,0.0074346065521240234
2933,63,300,0.007238149642944336
2934,64,300,0.007471799850463867
2935,65,300,0.007645606994628906
2936,66,300,0.0072345733642578125
2937,67,300,0.007147312164306641
2938,68,300,0.0072019100189208984
2939,69,300,0.007101535797119141
2940,70,300,0.007134914398193359
2941,71,300,0.006842374801635742
2942,72,300,0.006934404373168945
2943,73,300,0.0070230960845947266
2944,74,300,0.006880521774291992
2945,75,300,0.006789684295654297
2946,76,300,0.006755828857421875
2947,77,300,0.006693363189697266
2948,78,300,0.0064640045166015625
2949,79,300,0.006590366363525391
2950,80,300,0.007142543792724609
2951,81,300,0.0063397884368896484
2952,82,300,0.0064697265625
2953,83,300,0.006328582763671875
2954,84,300,0.006285667419433594
2955,85,300,0.006424665451049805
2956,86,300,0.0060291290283203125
2957,87,300,0.006145477294921875
2958,88,300,0.006172657012939453
2959,89,300,0.00613093376159668
2960,90,300,0.006103515625
2961,91,300,0.006134033203125
2962,92,300,0.005907297134399414
2963,93,300,0.0058002471923828125
2964,94,300,0.005822181701660156
2965,95,300,0.005792140960693359
2966,96,300,0.005680084228515625
2967,97,300,0.0056111812591552734
2968,98,300,0.005689382553100586
2969,99,300,0.005743980407714844
2970,1,310,0.016515254974365234
2971,2,310,0.013839960098266602
2972,3,310,0.012781143188476562
2973,4,310,0.012938737869262695
2974,5,310,0.012448310852050781
2975,6,310,0.010970592498779297
2976,7,310,0.011966705322265625
2977,8,310,0.010764598846435547
2978,9,310,0.010423421859741211
2979,10,310,0.010155200958251953
2980,11,310,0.012305736541748047
2981,12,310,0.011459589004516602
2982,13,310,0.010918617248535156
2983,14,310,0.013007164001464844
2984,15,310,0.012812376022338867
2985,16,310,0.01040792465209961
2986,17,310,0.01100468635559082
2987,18,310,0.010347127914428711
2988,19,310,0.01139688491821289
2989,20,310,0.010907888412475586
2990,21,310,0.01030874252319336
2991,22,310,0.010220527648925781
2992,23,310,0.010238409042358398
2993,24,310,0.012345552444458008
2994,25,310,0.00977635383605957
2995,26,310,0.009818553924560547
2996,27,310,0.010050296783447266
2997,28,310,0.009639501571655273
2998,29,310,0.010851860046386719
2999,30,310,0.009757280349731445
3000,31,310,0.009729862213134766
3001,32,310,0.009539365768432617
3002,33,310,0.009499311447143555
3003,34,310,0.009525537490844727
3004,35,310,0.009493827819824219
3005,36,310,0.009375333786010742
3006,37,310,0.009438514709472656
3007,38,310,0.009222984313964844
3008,39,310,0.009070873260498047
3009,40,310,0.009101629257202148
3010,41,310,0.009051084518432617
3011,42,310,0.009130239486694336
3012,43,310,0.009746313095092773
3013,44,310,0.00886225700378418
3014,45,310,0.008917093276977539
3015,46,310,0.008721590042114258
3016,47,310,0.008732080459594727
3017,48,310,0.008664131164550781
3018,49,310,0.008792877197265625
3019,50,310,0.008877754211425781
3020,51,310,0.008517980575561523
3021,52,310,0.008232355117797852
3022,53,310,0.008187055587768555
3023,54,310,0.008041143417358398
3024,55,310,0.008078336715698242
3025,56,310,0.005132198333740234
3026,57,310,0.00774693489074707
3027,58,310,0.00517582893371582
3028,59,310,0.007875680923461914
3029,60,310,0.007772207260131836
3030,61,310,0.0077745914459228516
3031,62,310,0.007904291152954102
3032,63,310,0.0077784061431884766
3033,64,310,0.007538557052612305
3034,65,310,0.007551670074462891
3035,66,310,0.00772547721862793
3036,67,310,0.0075321197509765625
3037,68,310,0.007450103759765625
3038,69,310,0.0075228214263916016
3039,70,310,0.007475852966308594
3040,71,310,0.0074880123138427734
3041,72,310,0.007462978363037109
3042,73,310,0.007144927978515625
3043,74,310,0.004774570465087891
3044,75,310,0.00722050666809082
3045,76,310,0.00489497184753418
3046,77,310,0.004528999328613281
3047,78,310,0.0068972110748291016
3048,79,310,0.007040262222290039
3049,80,310,0.00690770149230957
3050,81,310,0.006756782531738281
3051,82,310,0.006668806076049805
3052,83,310,0.00667119026184082
3053,84,310,0.006704092025756836
3054,85,310,0.007836103439331055
3055,86,310,0.006465911865234375
3056,87,310,0.006400585174560547
3057,88,310,0.006510496139526367
3058,89,310,0.006288766860961914
3059,90,310,0.006344795227050781
3060,91,310,0.006143331527709961
3061,92,310,0.006285667419433594
3062,93,310,0.006327629089355469
3063,94,310,0.004339694976806641
3064,95,310,0.006041765213012695
3065,96,310,0.006009578704833984
3066,97,310,0.006050586700439453
3067,98,310,0.005986928939819336
3068,99,310,0.005835771560668945
3069,1,320,0.017528295516967773
3070,2,320,0.014580488204956055
3071,3,320,0.012646198272705078
3072,4,320,0.013398170471191406
3073,5,320,0.013852119445800781
3074,6,320,0.013215065002441406
3075,7,320,0.013339042663574219
3076,8,320,0.012112140655517578
3077,9,320,0.013390064239501953
3078,10,320,0.013090848922729492
3079,11,320,0.011100292205810547
3080,12,320,0.012140274047851562
3081,13,320,0.0135955810546875
3082,14,320,0.012479543685913086
3083,15,320,0.011099100112915039
3084,16,320,0.01133418083190918
3085,17,320,0.013992071151733398
3086,18,320,0.011095762252807617
3087,19,320,0.010913848876953125
3088,20,320,0.010882139205932617
3089,21,320,0.010966300964355469
3090,22,320,0.010872125625610352
3091,23,320,0.012674808502197266
3092,24,320,0.010718345642089844
3093,25,320,0.010480642318725586
3094,26,320,0.01030421257019043
3095,27,320,0.01037740707397461
3096,28,320,0.012475967407226562
3097,29,320,0.0068624019622802734
3098,30,320,0.010210514068603516
3099,31,320,0.010158777236938477
3100,32,320,0.01035308837890625
3101,33,320,0.010150671005249023
3102,34,320,0.010013341903686523
3103,35,320,0.009999513626098633
3104,36,320,0.010103702545166016
3105,37,320,0.009848833084106445
3106,38,320,0.009860515594482422
3107,39,320,0.009908199310302734
3108,40,320,0.010492563247680664
3109,41,320,0.010404109954833984
3110,42,320,0.007513761520385742
3111,43,320,0.009251594543457031
3112,44,320,0.009504318237304688
3113,45,320,0.009436845779418945
3114,46,320,0.009203195571899414
3115,47,320,0.01128530502319336
3116,48,320,0.009189605712890625
3117,49,320,0.009477376937866211
3118,50,320,0.0101470947265625
3119,51,320,0.009113073348999023
3120,52,320,0.00915837287902832
3121,53,320,0.009139537811279297
3122,54,320,0.008772850036621094
3123,55,320,0.008604288101196289
3124,56,320,0.008552074432373047
3125,57,320,0.008368253707885742
3126,58,320,0.008428812026977539
3127,59,320,0.008375406265258789
3128,60,320,0.00846719741821289
3129,61,320,0.008407115936279297
3130,62,320,0.008426427841186523
3131,63,320,0.008637666702270508
3132,64,320,0.008150815963745117
3133,65,320,0.008229732513427734
3134,66,320,0.00812840461730957
3135,67,320,0.008084774017333984
3136,68,320,0.007997274398803711
3137,69,320,0.008010149002075195
3138,70,320,0.009243965148925781
3139,71,320,0.007882833480834961
3140,72,320,0.007681608200073242
3141,73,320,0.007833719253540039
3142,74,320,0.0077741146087646484
3143,75,320,0.007787227630615234
3144,76,320,0.007851839065551758
3145,77,320,0.007429361343383789
3146,78,320,0.007563352584838867
3147,79,320,0.007382631301879883
3148,80,320,0.007311344146728516
3149,81,320,0.0074007511138916016
3150,82,320,0.0071370601654052734
3151,83,320,0.0071563720703125
3152,84,320,0.007130146026611328
3153,85,320,0.007109880447387695
3154,86,320,0.007042646408081055
3155,87,320,0.006809234619140625
3156,88,320,0.008228778839111328
3157,89,320,0.006918430328369141
3158,90,320,0.006847858428955078
3159,91,320,0.006540536880493164
3160,92,320,0.006685495376586914
3161,93,320,0.0069332122802734375
3162,94,320,0.006806135177612305
3163,95,320,0.0067920684814453125
3164,96,320,0.0066928863525390625
3165,97,320,0.006604433059692383
3166,98,320,0.006537199020385742
3167,99,320,0.006428718566894531
3168,1,330,0.01918196678161621
3169,2,330,0.01578044891357422
3170,3,330,0.014942169189453125
3171,4,330,0.013701438903808594
3172,5,330,0.012882471084594727
3173,6,330,0.013619184494018555
3174,7,330,0.012689352035522461
3175,8,330,0.012616872787475586
3176,9,330,0.011888742446899414
3177,10,330,0.01239919662475586
3178,11,330,0.015291690826416016
3179,12,330,0.012760639190673828
3180,13,330,0.012870550155639648
3181,14,330,0.012417078018188477
3182,15,330,0.014394760131835938
3183,16,330,0.013835906982421875
3184,17,330,0.011985540390014648
3185,18,330,0.011841297149658203
3186,19,330,0.014221906661987305
3187,20,330,0.01178741455078125
3188,21,330,0.011486530303955078
3189,22,330,0.011543035507202148
3190,23,330,0.011510372161865234
3191,24,330,0.013403892517089844
3192,25,330,0.011124372482299805
3193,26,330,0.011455059051513672
3194,27,330,0.010750532150268555
3195,28,330,0.01065206527709961
3196,29,330,0.011301994323730469
3197,30,330,0.013260364532470703
3198,31,330,0.010969400405883789
3199,32,330,0.010689973831176758
3200,33,330,0.01060628890991211
3201,34,330,0.011619091033935547
3202,35,330,0.010322809219360352
3203,36,330,0.01065206527709961
3204,37,330,0.01053309440612793
3205,38,330,0.010471105575561523
3206,39,330,0.010336160659790039
3207,40,330,0.012537240982055664
3208,41,330,0.011262178421020508
3209,42,330,0.010030746459960938
3210,43,330,0.009751081466674805
3211,44,330,0.009923219680786133
3212,45,330,0.00989222526550293
3213,46,330,0.009914159774780273
3214,47,330,0.009510993957519531
3215,48,330,0.009778261184692383
3216,49,330,0.007660627365112305
3217,50,330,0.009613275527954102
3218,51,330,0.009941339492797852
3219,52,330,0.009446382522583008
3220,53,330,0.009811639785766602
3221,54,330,0.009325027465820312
3222,55,330,0.00832819938659668
3223,56,330,0.00889134407043457
3224,57,330,0.008836507797241211
3225,58,330,0.008554935455322266
3226,59,330,0.008780956268310547
3227,60,330,0.008713483810424805
3228,61,330,0.00863790512084961
3229,62,330,0.008670330047607422
3230,63,330,0.008706092834472656
3231,64,330,0.00853109359741211
3232,65,330,0.008533239364624023
3233,66,330,0.00855255126953125
3234,67,330,0.010188579559326172
3235,68,330,0.008432149887084961
3236,69,330,0.008358240127563477
3237,70,330,0.008300304412841797
3238,71,330,0.008181095123291016
3239,72,330,0.00820159912109375
3240,73,330,0.008112907409667969
3241,74,330,0.00797891616821289
3242,75,330,0.008005619049072266
3243,76,330,0.007699012756347656
3244,77,330,0.008261919021606445
3245,78,330,0.007826566696166992
3246,79,330,0.007700681686401367
3247,80,330,0.007622241973876953
3248,81,330,0.007657766342163086
3249,82,330,0.007477283477783203
3250,83,330,0.006813526153564453
3251,84,330,0.007404327392578125
3252,85,330,0.007460117340087891
3253,86,330,0.007162332534790039
3254,87,330,0.0072557926177978516
3255,88,330,0.0072307586669921875
3256,89,330,0.0071620941162109375
3257,90,330,0.007058620452880859
3258,91,330,0.006935834884643555
3259,92,330,0.007071971893310547
3260,93,330,0.00690007209777832
3261,94,330,0.004764556884765625
3262,95,330,0.0069124698638916016
3263,96,330,0.00703120231628418
3264,97,330,0.006916999816894531
3265,98,330,0.007123708724975586
3266,99,330,0.006668567657470703
3267,1,340,0.02022719383239746
3268,2,340,0.01635003089904785
3269,3,340,0.014753580093383789
3270,4,340,0.015927553176879883
3271,5,340,0.015474081039428711
3272,6,340,0.013147592544555664
3273,7,340,0.015197277069091797
3274,8,340,0.014432191848754883
3275,9,340,0.013424396514892578
3276,10,340,0.012619495391845703
3277,11,340,0.012315988540649414
3278,12,340,0.012925148010253906
3279,13,340,0.014986515045166016
3280,14,340,0.012725114822387695
3281,15,340,0.013594865798950195
3282,16,340,0.012559652328491211
3283,17,340,0.012698888778686523
3284,18,340,0.012268543243408203
3285,19,340,0.012382984161376953
3286,20,340,0.011895418167114258
3287,21,340,0.012056350708007812
3288,22,340,0.01206517219543457
3289,23,340,0.012374639511108398
3290,24,340,0.011773109436035156
3291,25,340,0.01199793815612793
3292,26,340,0.011346817016601562
3293,27,340,0.014153003692626953
3294,28,340,0.01117086410522461
3295,29,340,0.011323690414428711
3296,30,340,0.011487483978271484
3297,31,340,0.007192850112915039
3298,32,340,0.011127948760986328
3299,33,340,0.011394977569580078
3300,34,340,0.010828733444213867
3301,35,340,0.010717391967773438
3302,36,340,0.010945796966552734
3303,37,340,0.010975122451782227
3304,38,340,0.010761260986328125
3305,39,340,0.01087641716003418
3306,40,340,0.010875701904296875
3307,41,340,0.010550498962402344
3308,42,340,0.009214401245117188
3309,43,340,0.010551214218139648
3310,44,340,0.010202169418334961
3311,45,340,0.009926557540893555
3312,46,340,0.010178804397583008
3313,47,340,0.010686874389648438
3314,48,340,0.010611772537231445
3315,49,340,0.010035276412963867
3316,50,340,0.010713338851928711
3317,51,340,0.00981760025024414
3318,52,340,0.009855985641479492
3319,53,340,0.00981903076171875
3320,54,340,0.009752273559570312
3321,55,340,0.009740352630615234
3322,56,340,0.009786367416381836
3323,57,340,0.009588241577148438
3324,58,340,0.009405851364135742
3325,59,340,0.009619474411010742
3326,60,340,0.009031057357788086
3327,61,340,0.007451057434082031
3328,62,340,0.008945226669311523
3329,63,340,0.009049654006958008
3330,64,340,0.009156465530395508
3331,65,340,0.00898289680480957
3332,66,340,0.008941888809204102
3333,67,340,0.008914947509765625
3334,68,340,0.009001970291137695
3335,69,340,0.00891256332397461
3336,70,340,0.008676767349243164
3337,71,340,0.008064746856689453
3338,72,340,0.008655309677124023
3339,73,340,0.008638381958007812
3340,74,340,0.008487701416015625
3341,75,340,0.008351802825927734
3342,76,340,0.00842142105102539
3343,77,340,0.008313655853271484
3344,78,340,0.008162736892700195
3345,79,340,0.008324861526489258
3346,80,340,0.008147239685058594
3347,81,340,0.008059978485107422
3348,82,340,0.007525205612182617
3349,83,340,0.008162260055541992
3350,84,340,0.008012771606445312
3351,85,340,0.007718801498413086
3352,86,340,0.007627725601196289
3353,87,340,0.007603168487548828
3354,88,340,0.007653713226318359
3355,89,340,0.007704734802246094
3356,90,340,0.007447957992553711
3357,91,340,0.007470846176147461
3358,92,340,0.007287263870239258
3359,93,340,0.007309913635253906
3360,94,340,0.007357120513916016
3361,95,340,0.0073621273040771484
3362,96,340,0.007115840911865234
3363,97,340,0.006863832473754883
3364,98,340,0.004636049270629883
3365,99,340,0.006993770599365234
3366,1,350,0.0229036808013916
3367,2,350,0.016659259796142578
3368,3,350,0.016910076141357422
3369,4,350,0.016633272171020508
3370,5,350,0.014802694320678711
3371,6,350,0.01468658447265625
3372,7,350,0.017342090606689453
3373,8,350,0.015735864639282227
3374,9,350,0.013801097869873047
3375,10,350,0.013535737991333008
3376,11,350,0.013408422470092773
3377,12,350,0.016671419143676758
3378,13,350,0.013358354568481445
3379,14,350,0.014466047286987305
3380,15,350,0.013059854507446289
3381,16,350,0.013665199279785156
3382,17,350,0.013847112655639648
3383,18,350,0.01317596435546875
3384,19,350,0.012944221496582031
3385,20,350,0.012846708297729492
3386,21,350,0.012749195098876953
3387,22,350,0.012879371643066406
3388,23,350,0.012740135192871094
3389,24,350,0.01267862319946289
3390,25,350,0.014523506164550781
3391,26,350,0.012417078018188477
3392,27,350,0.01216435432434082
3393,28,350,0.012156486511230469
3394,29,350,0.012192010879516602
3395,30,350,0.012183904647827148
3396,31,350,0.012089252471923828
3397,32,350,0.011851310729980469
3398,33,350,0.013268232345581055
3399,34,350,0.011965036392211914
3400,35,350,0.012084722518920898
3401,36,350,0.007673740386962891
3402,37,350,0.00731348991394043
3403,38,350,0.011569976806640625
3404,39,350,0.011302947998046875
3405,40,350,0.012172937393188477
3406,41,350,0.011151552200317383
3407,42,350,0.011296749114990234
3408,43,350,0.010816574096679688
3409,44,350,0.011816024780273438
3410,45,350,0.010663509368896484
3411,46,350,0.010777711868286133
3412,47,350,0.013012409210205078
3413,48,350,0.010799884796142578
3414,49,350,0.01068735122680664
3415,50,350,0.010506629943847656
3416,51,350,0.010521650314331055
3417,52,350,0.010603189468383789
3418,53,350,0.010860919952392578
3419,54,350,0.010333061218261719
3420,55,350,0.01037287712097168
3421,56,350,0.012323856353759766
3422,57,350,0.01027989387512207
3423,58,350,0.010516881942749023
3424,59,350,0.009943008422851562
3425,60,350,0.009788274765014648
3426,61,350,0.009626626968383789
3427,62,350,0.00954294204711914
3428,63,350,0.011482715606689453
3429,64,350,0.009584426879882812
3430,65,350,0.009659528732299805
3431,66,350,0.009577274322509766
3432,67,350,0.009433507919311523
3433,68,350,0.009436607360839844
3434,69,350,0.009225606918334961
3435,70,350,0.009319305419921875
3436,71,350,0.009289979934692383
3437,72,350,0.009057998657226562
3438,73,350,0.00738978385925293
3439,74,350,0.009059906005859375
3440,75,350,0.009063005447387695
3441,76,350,0.00852203369140625
3442,77,350,0.008760452270507812
3443,78,350,0.00832676887512207
3444,79,350,0.00874781608581543
3445,80,350,0.009023666381835938
3446,81,350,0.008714675903320312
3447,82,350,0.008583784103393555
3448,83,350,0.00864100456237793
3449,84,350,0.008475065231323242
3450,85,350,0.008382320404052734
3451,86,350,0.008288860321044922
3452,87,350,0.008098840713500977
3453,88,350,0.008130311965942383
3454,89,350,0.00795888900756836
3455,90,350,0.007993698120117188
3456,91,350,0.00799107551574707
3457,92,350,0.007983207702636719
3458,93,350,0.007988214492797852
3459,94,350,0.007714033126831055
3460,95,350,0.007702350616455078
3461,96,350,0.007821798324584961
3462,97,350,0.007665872573852539
3463,98,350,0.007703304290771484
3464,99,350,0.007677316665649414
3465,1,360,0.022381067276000977
3466,2,360,0.018435001373291016
3467,3,360,0.01747727394104004
3468,4,360,0.01840519905090332
3469,5,360,0.017305850982666016
3470,6,360,0.01815032958984375
3471,7,360,0.017645597457885742
3472,8,360,0.015570640563964844
3473,9,360,0.014173507690429688
3474,10,360,0.01427149772644043
3475,11,360,0.014902353286743164
3476,12,360,0.014795541763305664
3477,13,360,0.015012979507446289
3478,14,360,0.014474868774414062
3479,15,360,0.01690816879272461
3480,16,360,0.014154672622680664
3481,17,360,0.014164447784423828
3482,18,360,0.014113187789916992
3483,19,360,0.013764381408691406
3484,20,360,0.013740062713623047
3485,21,360,0.013467788696289062
3486,22,360,0.013459205627441406
3487,23,360,0.013597965240478516
3488,24,360,0.013879060745239258
3489,25,360,0.013244152069091797
3490,26,360,0.01331329345703125
3491,27,360,0.013776063919067383
3492,28,360,0.012814521789550781
3493,29,360,0.01467442512512207
3494,30,360,0.013402223587036133
3495,31,360,0.013103723526000977
3496,32,360,0.012774229049682617
3497,33,360,0.01267695426940918
3498,34,360,0.012454509735107422
3499,35,360,0.012463569641113281
3500,36,360,0.012480497360229492
3501,37,360,0.01239323616027832
3502,38,360,0.012314558029174805
3503,39,360,0.012493610382080078
3504,40,360,0.012176513671875
3505,41,360,0.012272834777832031
3506,42,360,0.014658212661743164
3507,43,360,0.012648582458496094
3508,44,360,0.01218104362487793
3509,45,360,0.012413501739501953
3510,46,360,0.011862516403198242
3511,47,360,0.011417627334594727
3512,48,360,0.01120758056640625
3513,49,360,0.01144099235534668
3514,50,360,0.012308597564697266
3515,51,360,0.011398553848266602
3516,52,360,0.013866186141967773
3517,53,360,0.011166095733642578
3518,54,360,0.011091947555541992
3519,55,360,0.010968923568725586
3520,56,360,0.010982513427734375
3521,57,360,0.01094365119934082
3522,58,360,0.010921478271484375
3523,59,360,0.010392189025878906
3524,60,360,0.010721445083618164
3525,61,360,0.010441064834594727
3526,62,360,0.009819984436035156
3527,63,360,0.009688615798950195
3528,64,360,0.009703636169433594
3529,65,360,0.00980234146118164
3530,66,360,0.009952068328857422
3531,67,360,0.009524106979370117
3532,68,360,0.009794950485229492
3533,69,360,0.009907960891723633
3534,70,360,0.009849786758422852
3535,71,360,0.009543657302856445
3536,72,360,0.009531021118164062
3537,73,360,0.009405136108398438
3538,74,360,0.009347915649414062
3539,75,360,0.009174108505249023
3540,76,360,0.009316205978393555
3541,77,360,0.00924825668334961
3542,78,360,0.009410619735717773
3543,79,360,0.00911712646484375
3544,80,360,0.008955717086791992
3545,81,360,0.00919795036315918
3546,82,360,0.008972883224487305
3547,83,360,0.009509563446044922
3548,84,360,0.008792400360107422
3549,85,360,0.008272647857666016
3550,86,360,0.008751869201660156
3551,87,360,0.008675813674926758
3552,88,360,0.008693218231201172
3553,89,360,0.008501291275024414
3554,90,360,0.008658170700073242
3555,91,360,0.008486509323120117
3556,92,360,0.008466958999633789
3557,93,360,0.008506298065185547
3558,94,360,0.007750511169433594
3559,95,360,0.008260250091552734
3560,96,360,0.009595155715942383
3561,97,360,0.008156299591064453
3562,98,360,0.008117914199829102
3563,99,360,0.00803065299987793
3564,1,370,0.024412155151367188
3565,2,370,0.019870996475219727
3566,3,370,0.018731355667114258
3567,4,370,0.016946792602539062
3568,5,370,0.018146753311157227
3569,6,370,0.017377853393554688
3570,7,370,0.015808820724487305
3571,8,370,0.016229629516601562
3572,9,370,0.015976428985595703
3573,10,370,0.014768362045288086
3574,11,370,0.016576766967773438
3575,12,370,0.017453432083129883
3576,13,370,0.014879941940307617
3577,14,370,0.01470494270324707
3578,15,370,0.017001867294311523
3579,16,370,0.014603614807128906
3580,17,370,0.015099763870239258
3581,18,370,0.018108367919921875
3582,19,370,0.014680624008178711
3583,20,370,0.014599084854125977
3584,21,370,0.014091968536376953
3585,22,370,0.013937711715698242
3586,23,370,0.016544103622436523
3587,24,370,0.014072656631469727
3588,25,370,0.013962745666503906
3589,26,370,0.013939380645751953
3590,27,370,0.013770580291748047
3591,28,370,0.013670921325683594
3592,29,370,0.013502120971679688
3593,30,370,0.015269041061401367
3594,31,370,0.013521432876586914
3595,32,370,0.01233983039855957
3596,33,370,0.013257980346679688
3597,34,370,0.013170003890991211
3598,35,370,0.013476133346557617
3599,36,370,0.013043880462646484
3600,37,370,0.013020753860473633
3601,38,370,0.01262354850769043
3602,39,370,0.012713193893432617
3603,40,370,0.012909650802612305
3604,41,370,0.012973785400390625
3605,42,370,0.012637138366699219
3606,43,370,0.01359415054321289
3607,44,370,0.012305498123168945
3608,45,370,0.008240938186645508
3609,46,370,0.007702827453613281
3610,47,370,0.0075626373291015625
3611,48,370,0.011331558227539062
3612,49,370,0.007415294647216797
3613,50,370,0.011822223663330078
3614,51,370,0.011663198471069336
3615,52,370,0.011745452880859375
3616,53,370,0.011397838592529297
3617,54,370,0.011624813079833984
3618,55,370,0.011194944381713867
3619,56,370,0.01143956184387207
3620,57,370,0.011829376220703125
3621,58,370,0.010775327682495117
3622,59,370,0.01159048080444336
3623,60,370,0.011021614074707031
3624,61,370,0.010807514190673828
3625,62,370,0.00806117057800293
3626,63,370,0.010414600372314453
3627,64,370,0.01030874252319336
3628,65,370,0.01019597053527832
3629,66,370,0.010335683822631836
3630,67,370,0.010298490524291992
3631,68,370,0.010227203369140625
3632,69,370,0.010131359100341797
3633,70,370,0.01026773452758789
3634,71,370,0.010038137435913086
3635,72,370,0.009926319122314453
3636,73,370,0.009905815124511719
3637,74,370,0.010077714920043945
3638,75,370,0.009988784790039062
3639,76,370,0.009821891784667969
3640,77,370,0.009502172470092773
3641,78,370,0.009670495986938477
3642,79,370,0.009703874588012695
3643,80,370,0.009251117706298828
3644,81,370,0.009498834609985352
3645,82,370,0.009347677230834961
3646,83,370,0.009176254272460938
3647,84,370,0.009432077407836914
3648,85,370,0.009488821029663086
3649,86,370,0.009404659271240234
3650,87,370,0.009150028228759766
3651,88,370,0.009035587310791016
3652,89,370,0.008948564529418945
3653,90,370,0.0058748722076416016
3654,91,370,0.008786678314208984
3655,92,370,0.008522510528564453
3656,93,370,0.008820772171020508
3657,94,370,0.008140087127685547
3658,95,370,0.005576610565185547
3659,96,370,0.008409976959228516
3660,97,370,0.008481025695800781
3661,98,370,0.008296489715576172
3662,99,370,0.00817108154296875
3663,1,380,0.02494525909423828
3664,2,380,0.020003557205200195
3665,3,380,0.019219160079956055
3666,4,380,0.01899552345275879
3667,5,380,0.016786575317382812
3668,6,380,0.017255306243896484
3669,7,380,0.017620563507080078
3670,8,380,0.015851736068725586
3671,9,380,0.016732454299926758
3672,10,380,0.01899266242980957
3673,11,380,0.015851259231567383
3674,12,380,0.015961408615112305
3675,13,380,0.018227100372314453
3676,14,380,0.01567363739013672
3677,15,380,0.015614509582519531
3678,16,380,0.015549659729003906
3679,17,380,0.015666484832763672
3680,18,380,0.017299175262451172
3681,19,380,0.017073631286621094
3682,20,380,0.015251636505126953
3683,21,380,0.01510930061340332
3684,22,380,0.014669179916381836
3685,23,380,0.014838933944702148
3686,24,380,0.015090465545654297
3687,25,380,0.017119884490966797
3688,26,380,0.01493072509765625
3689,27,380,0.014573812484741211
3690,28,380,0.01439046859741211
3691,29,380,0.014354944229125977
3692,30,380,0.014300107955932617
3693,31,380,0.013988018035888672
3694,32,380,0.014598846435546875
3695,33,380,0.015897035598754883
3696,34,380,0.013873577117919922
3697,35,380,0.013387680053710938
3698,36,380,0.013672590255737305
3699,37,380,0.015332937240600586
3700,38,380,0.013529539108276367
3701,39,380,0.013829708099365234
3702,40,380,0.01337885856628418
3703,41,380,0.014167070388793945
3704,42,380,0.013502836227416992
3705,43,380,0.013194561004638672
3706,44,380,0.013826847076416016
3707,45,380,0.012848854064941406
3708,46,380,0.012962102890014648
3709,47,380,0.012578964233398438
3710,48,380,0.013396739959716797
3711,49,380,0.012649059295654297
3712,50,380,0.013277292251586914
3713,51,380,0.01249837875366211
3714,52,380,0.012652158737182617
3715,53,380,0.01245260238647461
3716,54,380,0.012212991714477539
3717,55,380,0.012184858322143555
3718,56,380,0.012131690979003906
3719,57,380,0.011901140213012695
3720,58,380,0.012415647506713867
3721,59,380,0.012024402618408203
3722,60,380,0.01186680793762207
3723,61,380,0.011684894561767578
3724,62,380,0.011585712432861328
3725,63,380,0.01398921012878418
3726,64,380,0.01121068000793457
3727,65,380,0.011395692825317383
3728,66,380,0.011272907257080078
3729,67,380,0.010743856430053711
3730,68,380,0.010516881942749023
3731,69,380,0.010661125183105469
3732,70,380,0.010471105575561523
3733,71,380,0.010678291320800781
3734,72,380,0.010583162307739258
3735,73,380,0.011117935180664062
3736,74,380,0.010439634323120117
3737,75,380,0.010282278060913086
3738,76,380,0.010091781616210938
3739,77,380,0.01026463508605957
3740,78,380,0.010426044464111328
3741,79,380,0.011130332946777344
3742,80,380,0.009914159774780273
3743,81,380,0.008916616439819336
3744,82,380,0.009839296340942383
3745,83,380,0.009737014770507812
3746,84,380,0.009768962860107422
3747,85,380,0.009624004364013672
3748,86,380,0.009685754776000977
3749,87,380,0.009547710418701172
3750,88,380,0.009635448455810547
3751,89,380,0.011313438415527344
3752,90,380,0.009349584579467773
3753,91,380,0.009352922439575195
3754,92,380,0.00930166244506836
3755,93,380,0.009223461151123047
3756,94,380,0.008742332458496094
3757,95,380,0.008958578109741211
3758,96,380,0.009082794189453125
3759,97,380,0.009099721908569336
3760,98,380,0.009027242660522461
3761,99,380,0.008763790130615234
3762,1,390,0.02636575698852539
3763,2,390,0.021092891693115234
3764,3,390,0.01983332633972168
3765,4,390,0.02344036102294922
3766,5,390,0.01947307586669922
3767,6,390,0.01897454261779785
3768,7,390,0.01992011070251465
3769,8,390,0.019425630569458008
3770,9,390,0.0172426700592041
3771,10,390,0.017316818237304688
3772,11,390,0.019902944564819336
3773,12,390,0.016923189163208008
3774,13,390,0.02024388313293457
3775,14,390,0.018169403076171875
3776,15,390,0.018057584762573242
3777,16,390,0.017026901245117188
3778,17,390,0.020069360733032227
3779,18,390,0.016628742218017578
3780,19,390,0.016028881072998047
3781,20,390,0.017633914947509766
3782,21,390,0.01571369171142578
3783,22,390,0.016298770904541016
3784,23,390,0.015394926071166992
3785,24,390,0.01575613021850586
3786,25,390,0.015308618545532227
3787,26,390,0.015186548233032227
3788,27,390,0.015263557434082031
3789,28,390,0.016092300415039062
3790,29,390,0.0150909423828125
3791,30,390,0.014960527420043945
3792,31,390,0.014714956283569336
3793,32,390,0.014770030975341797
3794,33,390,0.014814138412475586
3795,34,390,0.0184173583984375
3796,35,390,0.014329671859741211
3797,36,390,0.01429605484008789
3798,37,390,0.014119148254394531
3799,38,390,0.014459848403930664
3800,39,390,0.014227628707885742
3801,40,390,0.015194892883300781
3802,41,390,0.0140838623046875
3803,42,390,0.014128684997558594
3804,43,390,0.014231681823730469
3805,44,390,0.01386713981628418
3806,45,390,0.014774084091186523
3807,46,390,0.013468503952026367
3808,47,390,0.01280522346496582
3809,48,390,0.013304710388183594
3810,49,390,0.014376640319824219
3811,50,390,0.011462926864624023
3812,51,390,0.01277470588684082
3813,52,390,0.01269078254699707
3814,53,390,0.012897729873657227
3815,54,390,0.012915849685668945
3816,55,390,0.012998342514038086
3817,56,390,0.01284933090209961
3818,57,390,0.012619256973266602
3819,58,390,0.012409210205078125
3820,59,390,0.012640714645385742
3821,60,390,0.012367725372314453
3822,61,390,0.012008905410766602
3823,62,390,0.014476299285888672
3824,63,390,0.012221574783325195
3825,64,390,0.011882305145263672
3826,65,390,0.011860370635986328
3827,66,390,0.011910676956176758
3828,67,390,0.011554956436157227
3829,68,390,0.01155710220336914
3830,69,390,0.011211633682250977
3831,70,390,0.011040925979614258
3832,71,390,0.011212825775146484
3833,72,390,0.010749101638793945
3834,73,390,0.011078119277954102
3835,74,390,0.010975360870361328
3836,75,390,0.01117563247680664
3837,76,390,0.010887622833251953
3838,77,390,0.010672569274902344
3839,78,390,0.0106048583984375
3840,79,390,0.010683774948120117
3841,80,390,0.010631322860717773
3842,81,390,0.010411262512207031
3843,82,390,0.01035451889038086
3844,83,390,0.010352611541748047
3845,84,390,0.010210514068603516
3846,85,390,0.010005474090576172
3847,86,390,0.010197162628173828
3848,87,390,0.012088775634765625
3849,88,390,0.01020359992980957
3850,89,390,0.010002613067626953
3851,90,390,0.009999275207519531
3852,91,390,0.009817123413085938
3853,92,390,0.009899616241455078
3854,93,390,0.009670495986938477
3855,94,390,0.00937342643737793
3856,95,390,0.009531497955322266
3857,96,390,0.008353710174560547
3858,97,390,0.009266376495361328
3859,98,390,0.009130716323852539
3860,99,390,0.008860349655151367
3861,1,400,0.026886701583862305
3862,2,400,0.02130913734436035
3863,3,400,0.020687103271484375
3864,4,400,0.022226333618164062
3865,5,400,0.01981377601623535
3866,6,400,0.02042222023010254
3867,7,400,0.02024531364440918
3868,8,400,0.01807093620300293
3869,9,400,0.01801443099975586
3870,10,400,0.01705145835876465
3871,11,400,0.01848149299621582
3872,12,400,0.01827263832092285
3873,13,400,0.017084121704101562
3874,14,400,0.018784761428833008
3875,15,400,0.019465923309326172
3876,16,400,0.017578125
3877,17,400,0.016642093658447266
3878,18,400,0.016739368438720703
3879,19,400,0.020061492919921875
3880,20,400,0.016755342483520508
3881,21,400,0.016335725784301758
3882,22,400,0.019361257553100586
3883,23,400,0.016366004943847656
3884,24,400,0.0160830020904541
3885,25,400,0.016019821166992188
3886,26,400,0.01653456687927246
3887,27,400,0.01567673683166504
3888,28,400,0.016202926635742188
3889,29,400,0.015478372573852539
3890,30,400,0.016178369522094727
3891,31,400,0.015598297119140625
3892,32,400,0.015421628952026367
3893,33,400,0.014955282211303711
3894,34,400,0.015284538269042969
3895,35,400,0.015235662460327148
3896,36,400,0.015017509460449219
3897,37,400,0.014925479888916016
3898,38,400,0.014525890350341797
3899,39,400,0.01501917839050293
3900,40,400,0.014716625213623047
3901,41,400,0.01461338996887207
3902,42,400,0.015577316284179688
3903,43,400,0.014690160751342773
3904,44,400,0.014626502990722656
3905,45,400,0.014167308807373047
3906,46,400,0.013899803161621094
3907,47,400,0.014107942581176758
3908,48,400,0.01509857177734375
3909,49,400,0.014089822769165039
3910,50,400,0.014844655990600586
3911,51,400,0.013824939727783203
3912,52,400,0.013510942459106445
3913,53,400,0.013768672943115234
3914,54,400,0.0135498046875
3915,55,400,0.013652324676513672
3916,56,400,0.013498306274414062
3917,57,400,0.01282501220703125
3918,58,400,0.013252735137939453
3919,59,400,0.013052940368652344
3920,60,400,0.012822151184082031
3921,61,400,0.013770818710327148
3922,62,400,0.012680292129516602
3923,63,400,0.01261591911315918
3924,64,400,0.01263570785522461
3925,65,400,0.012668609619140625
3926,66,400,0.012425422668457031
3927,67,400,0.012110710144042969
3928,68,400,0.012146472930908203
3929,69,400,0.011444568634033203
3930,70,400,0.011490106582641602
3931,71,400,0.011420726776123047
3932,72,400,0.011667013168334961
3933,73,400,0.011418819427490234
3934,74,400,0.01118922233581543
3935,75,400,0.01096796989440918
3936,76,400,0.011133432388305664
3937,77,400,0.011261463165283203
3938,78,400,0.011138439178466797
3939,79,400,0.011007547378540039
3940,80,400,0.011291027069091797
3941,81,400,0.010994195938110352
3942,82,400,0.010916471481323242
3943,83,400,0.010859012603759766
3944,84,400,0.010739326477050781
3945,85,400,0.01077580451965332
3946,86,400,0.01128387451171875
3947,87,400,0.010718107223510742
3948,88,400,0.01032710075378418
3949,89,400,0.010395288467407227
3950,90,400,0.010302543640136719
3951,91,400,0.010320901870727539
3952,92,400,0.010310173034667969
3953,93,400,0.010361433029174805
3954,94,400,0.009916543960571289
3955,95,400,0.010113239288330078
3956,96,400,0.010152578353881836
3957,97,400,0.010050296783447266
3958,98,400,0.009949207305908203
3959,99,400,0.009539127349853516
3960,1,410,0.028996944427490234
3961,2,410,0.02402663230895996
3962,3,410,0.022561073303222656
3963,4,410,0.022586345672607422
3964,5,410,0.022240161895751953
3965,6,410,0.020581483840942383
3966,7,410,0.02019476890563965
3967,8,410,0.019138097763061523
3968,9,410,0.021483898162841797
3969,10,410,0.019594669342041016
3970,11,410,0.019901514053344727
3971,12,410,0.017904996871948242
3972,13,410,0.017824411392211914
3973,14,410,0.018095970153808594
3974,15,410,0.023131132125854492
3975,16,410,0.01799321174621582
3976,17,410,0.019023418426513672
3977,18,410,0.021228551864624023
3978,19,410,0.017793655395507812
3979,20,410,0.019586563110351562
3980,21,410,0.018038511276245117
3981,22,410,0.01712799072265625
3982,23,410,0.019998788833618164
3983,24,410,0.017070531845092773
3984,25,410,0.0167539119720459
3985,26,410,0.017415523529052734
3986,27,410,0.016840219497680664
3987,28,410,0.01762986183166504
3988,29,410,0.019534587860107422
3989,30,410,0.016123056411743164
3990,31,410,0.018619060516357422
3991,32,410,0.016034364700317383
3992,33,410,0.01998758316040039
3993,34,410,0.01580047607421875
3994,35,410,0.016078710556030273
3995,36,410,0.01623845100402832
3996,37,410,0.017339468002319336
3997,38,410,0.015843868255615234
3998,39,410,0.015871047973632812
3999,40,410,0.015719890594482422
4000,41,410,0.015520811080932617
4001,42,410,0.015354394912719727
4002,43,410,0.015146017074584961
4003,44,410,0.014899730682373047
4004,45,410,0.01502084732055664
4005,46,410,0.015086650848388672
4006,47,410,0.014867782592773438
4007,48,410,0.01466679573059082
4008,49,410,0.015370368957519531
4009,50,410,0.01469564437866211
4010,51,410,0.01445627212524414
4011,52,410,0.015093803405761719
4012,53,410,0.01410365104675293
4013,54,410,0.01434469223022461
4014,55,410,0.013965368270874023
4015,56,410,0.014062643051147461
4016,57,410,0.013846158981323242
4017,58,410,0.01330256462097168
4018,59,410,0.012811422348022461
4019,60,410,0.01228785514831543
4020,61,410,0.012726783752441406
4021,62,410,0.007732391357421875
4022,63,410,0.012802600860595703
4023,64,410,0.010224103927612305
4024,65,410,0.012328624725341797
4025,66,410,0.013085603713989258
4026,67,410,0.012668132781982422
4027,68,410,0.012447357177734375
4028,69,410,0.012177467346191406
4029,70,410,0.012166976928710938
4030,71,410,0.011675834655761719
4031,72,410,0.011551141738891602
4032,73,410,0.011478662490844727
4033,74,410,0.011740684509277344
4034,75,410,0.011826276779174805
4035,76,410,0.011644124984741211
4036,77,410,0.01193857192993164
4037,78,410,0.011555671691894531
4038,79,410,0.01156163215637207
4039,80,410,0.011388063430786133
4040,81,410,0.011378765106201172
4041,82,410,0.011324167251586914
4042,83,410,0.01133584976196289
4043,84,410,0.011311531066894531
4044,85,410,0.01103353500366211
4045,86,410,0.010965824127197266
4046,87,410,0.011061429977416992
4047,88,410,0.010731697082519531
4048,89,410,0.010877132415771484
4049,90,410,0.010819196701049805
4050,91,410,0.010625600814819336
4051,92,410,0.01038360595703125
4052,93,410,0.01059412956237793
4053,94,410,0.010624885559082031
4054,95,410,0.010575532913208008
4055,96,410,0.010400772094726562
4056,97,410,0.010291814804077148
4057,98,410,0.01016688346862793
4058,99,410,0.010186195373535156
4059,1,420,0.029868364334106445
4060,2,420,0.02393817901611328
4061,3,420,0.023556947708129883
4062,4,420,0.022403240203857422
4063,5,420,0.023256778717041016
4064,6,420,0.020171403884887695
4065,7,420,0.02064990997314453
4066,8,420,0.020603418350219727
4067,9,420,0.018942594528198242
4068,10,420,0.020174503326416016
4069,11,420,0.019638538360595703
4070,12,420,0.018985509872436523
4071,13,420,0.01839900016784668
4072,14,420,0.018999099731445312
4073,15,420,0.018366575241088867
4074,16,420,0.01848769187927246
4075,17,420,0.018572092056274414
4076,18,420,0.0218050479888916
4077,19,420,0.01849842071533203
4078,20,420,0.018505096435546875
4079,21,420,0.023231029510498047
4080,22,420,0.01791977882385254
4081,23,420,0.017967939376831055
4082,24,420,0.017717838287353516
4083,25,420,0.017162084579467773
4084,26,420,0.017533302307128906
4085,27,420,0.01781749725341797
4086,28,420,0.016960620880126953
4087,29,420,0.01748490333557129
4088,30,420,0.01778554916381836
4089,31,420,0.01941537857055664
4090,32,420,0.017046689987182617
4091,33,420,0.016843080520629883
4092,34,420,0.01678919792175293
4093,35,420,0.01617741584777832
4094,36,420,0.014885663986206055
4095,37,420,0.011958599090576172
4096,38,420,0.01587700843811035
4097,39,420,0.01577138900756836
4098,40,420,0.017609357833862305
4099,41,420,0.02048659324645996
4100,42,420,0.015892505645751953
4101,43,420,0.015516042709350586
4102,44,420,0.015612363815307617
4103,45,420,0.015881061553955078
4104,46,420,0.016747474670410156
4105,47,420,0.015110969543457031
4106,48,420,0.016500473022460938
4107,49,420,0.015486717224121094
4108,50,420,0.015253067016601562
4109,51,420,0.015197515487670898
4110,52,420,0.015157222747802734
4111,53,420,0.014731168746948242
4112,54,420,0.014650344848632812
4113,55,420,0.011966228485107422
4114,56,420,0.015435457229614258
4115,57,420,0.014374732971191406
4116,58,420,0.014996528625488281
4117,59,420,0.014173030853271484
4118,60,420,0.01387333869934082
4119,61,420,0.014701128005981445
4120,62,420,0.013797760009765625
4121,63,420,0.013557672500610352
4122,64,420,0.013431310653686523
4123,65,420,0.013983964920043945
4124,66,420,0.013406515121459961
4125,67,420,0.013901948928833008
4126,68,420,0.013457059860229492
4127,69,420,0.013392210006713867
4128,70,420,0.01352834701538086
4129,71,420,0.012980937957763672
4130,72,420,0.012859821319580078
4131,73,420,0.012573480606079102
4132,74,420,0.012249469757080078
4133,75,420,0.012331724166870117
4134,76,420,0.012100696563720703
4135,77,420,0.012121915817260742
4136,78,420,0.012057065963745117
4137,79,420,0.011936426162719727
4138,80,420,0.012042045593261719
4139,81,420,0.011869192123413086
4140,82,420,0.01182246208190918
4141,83,420,0.011656761169433594
4142,84,420,0.011695623397827148
4143,85,420,0.011692285537719727
4144,86,420,0.01174306869506836
4145,87,420,0.011796951293945312
4146,88,420,0.01149129867553711
4147,89,420,0.011591434478759766
4148,90,420,0.011508464813232422
4149,91,420,0.011234283447265625
4150,92,420,0.011031389236450195
4151,93,420,0.011036872863769531
4152,94,420,0.011047601699829102
4153,95,420,0.010991573333740234
4154,96,420,0.01087641716003418
4155,97,420,0.01065683364868164
4156,98,420,0.010776996612548828
4157,99,420,0.010855674743652344
4158,1,430,0.03146958351135254
4159,2,430,0.025196075439453125
4160,3,430,0.025471210479736328
4161,4,430,0.02453780174255371
4162,5,430,0.022545337677001953
4163,6,430,0.023053646087646484
4164,7,430,0.02316570281982422
4165,8,430,0.024539470672607422
4166,9,430,0.02371358871459961
4167,10,430,0.024600505828857422
4168,11,430,0.020828723907470703
4169,12,430,0.024129390716552734
4170,13,430,0.02107834815979004
4171,14,430,0.021051406860351562
4172,15,430,0.020524263381958008
4173,16,430,0.0214385986328125
4174,17,430,0.02431654930114746
4175,18,430,0.019511938095092773
4176,19,430,0.019415855407714844
4177,20,430,0.01936936378479004
4178,21,430,0.019596576690673828
4179,22,430,0.01890277862548828
4180,23,430,0.02215576171875
4181,24,430,0.018236875534057617
4182,25,430,0.018082618713378906
4183,26,430,0.018686771392822266
4184,27,430,0.01784658432006836
4185,28,430,0.01814889907836914
4186,29,430,0.018137216567993164
4187,30,430,0.018596410751342773
4188,31,430,0.01779031753540039
4189,32,430,0.017720699310302734
4190,33,430,0.017792463302612305
4191,34,430,0.017443418502807617
4192,35,430,0.017499446868896484
4193,36,430,0.01765727996826172
4194,37,430,0.017385005950927734
4195,38,430,0.017182588577270508
4196,39,430,0.016817808151245117
4197,40,430,0.016816139221191406
4198,41,430,0.017955780029296875
4199,42,430,0.017001867294311523
4200,43,430,0.02081775665283203
4201,44,430,0.017885446548461914
4202,45,430,0.016103267669677734
4203,46,430,0.016412734985351562
4204,47,430,0.01623058319091797
4205,48,430,0.016164064407348633
4206,49,430,0.016075611114501953
4207,50,430,0.015859365463256836
4208,51,430,0.015878915786743164
4209,52,430,0.015901803970336914
4210,53,430,0.015651226043701172
4211,54,430,0.015307188034057617
4212,55,430,0.014966249465942383
4213,56,430,0.015002727508544922
4214,57,430,0.015010356903076172
4215,58,430,0.014952421188354492
4216,59,430,0.013603687286376953
4217,60,430,0.014795541763305664
4218,61,430,0.014557838439941406
4219,62,430,0.017835617065429688
4220,63,430,0.014543533325195312
4221,64,430,0.014214277267456055
4222,65,430,0.01398921012878418
4223,66,430,0.014342546463012695
4224,67,430,0.013839960098266602
4225,68,430,0.014060258865356445
4226,69,430,0.013834953308105469
4227,70,430,0.013800621032714844
4228,71,430,0.013909578323364258
4229,72,430,0.013374090194702148
4230,73,430,0.013132333755493164
4231,74,430,0.012756586074829102
4232,75,430,0.012904167175292969
4233,76,430,0.012586832046508789
4234,77,430,0.012315511703491211
4235,78,430,0.01254582405090332
4236,79,430,0.015289306640625
4237,80,430,0.012489795684814453
4238,81,430,0.012554645538330078
4239,82,430,0.012510299682617188
4240,83,430,0.012468814849853516
4241,84,430,0.012299537658691406
4242,85,430,0.012188434600830078
4243,86,430,0.01231074333190918
4244,87,430,0.012258291244506836
4245,88,430,0.012043952941894531
4246,89,430,0.011738300323486328
4247,90,430,0.011389017105102539
4248,91,430,0.011973857879638672
4249,92,430,0.011772394180297852
4250,93,430,0.012292146682739258
4251,94,430,0.011357784271240234
4252,95,430,0.01151132583618164
4253,96,430,0.011128425598144531
4254,97,430,0.011556863784790039
4255,98,430,0.011186838150024414
4256,99,430,0.011183977127075195
4257,1,440,0.03313183784484863
4258,2,440,0.027028322219848633
4259,3,440,0.024492502212524414
4260,4,440,0.026418447494506836
4261,5,440,0.0247805118560791
4262,6,440,0.022160053253173828
4263,7,440,0.022157669067382812
4264,8,440,0.020648956298828125
4265,9,440,0.02494335174560547
4266,10,440,0.021109342575073242
4267,11,440,0.025019407272338867
4268,12,440,0.02163386344909668
4269,13,440,0.024075031280517578
4270,14,440,0.021940231323242188
4271,15,440,0.021678686141967773
4272,16,440,0.021234989166259766
4273,17,440,0.02071547508239746
4274,18,440,0.020236968994140625
4275,19,440,0.02273106575012207
4276,20,440,0.020504236221313477
4277,21,440,0.019934415817260742
4278,22,440,0.01959085464477539
4279,23,440,0.023174047470092773
4280,24,440,0.01893901824951172
4281,25,440,0.01913285255432129
4282,26,440,0.02030158042907715
4283,27,440,0.019080162048339844
4284,28,440,0.022329330444335938
4285,29,440,0.018688201904296875
4286,30,440,0.01883673667907715
4287,31,440,0.01949906349182129
4288,32,440,0.019333839416503906
4289,33,440,0.018568754196166992
4290,34,440,0.01824045181274414
4291,35,440,0.01981806755065918
4292,36,440,0.0198211669921875
4293,37,440,0.017626047134399414
4294,38,440,0.01962876319885254
4295,39,440,0.01726675033569336
4296,40,440,0.013973236083984375
4297,41,440,0.018479347229003906
4298,42,440,0.018462657928466797
4299,43,440,0.017174720764160156
4300,44,440,0.016927003860473633
4301,45,440,0.016805410385131836
4302,46,440,0.016323566436767578
4303,47,440,0.016658544540405273
4304,48,440,0.016646385192871094
4305,49,440,0.016558170318603516
4306,50,440,0.01657247543334961
4307,51,440,0.01627206802368164
4308,52,440,0.01658344268798828
4309,53,440,0.015920162200927734
4310,54,440,0.015775203704833984
4311,55,440,0.015889883041381836
4312,56,440,0.015573263168334961
4313,57,440,0.015271902084350586
4314,58,440,0.015619993209838867
4315,59,440,0.015890121459960938
4316,60,440,0.014802217483520508
4317,61,440,0.015848398208618164
4318,62,440,0.014678478240966797
4319,63,440,0.01542210578918457
4320,64,440,0.014623880386352539
4321,65,440,0.01510167121887207
4322,66,440,0.015104055404663086
4323,67,440,0.014368772506713867
4324,68,440,0.010874748229980469
4325,69,440,0.013847827911376953
4326,70,440,0.014300107955932617
4327,71,440,0.014209747314453125
4328,72,440,0.01424860954284668
4329,73,440,0.01440286636352539
4330,74,440,0.01380014419555664
4331,75,440,0.014107227325439453
4332,76,440,0.01307821273803711
4333,77,440,0.015895605087280273
4334,78,440,0.012914896011352539
4335,79,440,0.012832403182983398
4336,80,440,0.012953758239746094
4337,81,440,0.012867212295532227
4338,82,440,0.01303410530090332
4339,83,440,0.01308584213256836
4340,84,440,0.01291203498840332
4341,85,440,0.012790679931640625
4342,86,440,0.0125885009765625
4343,87,440,0.012542724609375
4344,88,440,0.012548685073852539
4345,89,440,0.012247323989868164
4346,90,440,0.012160539627075195
4347,91,440,0.011965274810791016
4348,92,440,0.011849641799926758
4349,93,440,0.012095928192138672
4350,94,440,0.012020587921142578
4351,95,440,0.011866092681884766
4352,96,440,0.011592388153076172
4353,97,440,0.011670827865600586
4354,98,440,0.011589288711547852
4355,99,440,0.011592388153076172
4356,1,450,0.03519749641418457
4357,2,450,0.028386831283569336
4358,3,450,0.027690887451171875
4359,4,450,0.027462005615234375
4360,5,450,0.02717280387878418
4361,6,450,0.027698278427124023
4362,7,450,0.02572917938232422
4363,8,450,0.022716999053955078
4364,9,450,0.02406620979309082
4365,10,450,0.02581167221069336
4366,11,450,0.021656036376953125
4367,12,450,0.026756763458251953
4368,13,450,0.021523237228393555
4369,14,450,0.022459030151367188
4370,15,450,0.02204418182373047
4371,16,450,0.021595239639282227
4372,17,450,0.022606372833251953
4373,18,450,0.0253450870513916
4374,19,450,0.022047042846679688
4375,20,450,0.022329092025756836
4376,21,450,0.02151036262512207
4377,22,450,0.02094864845275879
4378,23,450,0.020369529724121094
4379,24,450,0.025844335556030273
4380,25,450,0.019887685775756836
4381,26,450,0.019642353057861328
4382,27,450,0.020714521408081055
4383,28,450,0.019397497177124023
4384,29,450,0.019512414932250977
4385,30,450,0.019603490829467773
4386,31,450,0.01957392692565918
4387,32,450,0.01953577995300293
4388,33,450,0.019280433654785156
4389,34,450,0.01909470558166504
4390,35,450,0.021234989166259766
4391,36,450,0.01900339126586914
4392,37,450,0.018770933151245117
4393,38,450,0.01835489273071289
4394,39,450,0.01873636245727539
4395,40,450,0.018476009368896484
4396,41,450,0.01803874969482422
4397,42,450,0.018120765686035156
4398,43,450,0.017998456954956055
4399,44,450,0.01817488670349121
4400,45,450,0.017870426177978516
4401,46,450,0.017462968826293945
4402,47,450,0.017426490783691406
4403,48,450,0.01747417449951172
4404,49,450,0.017387866973876953
4405,50,450,0.017418384552001953
4406,51,450,0.017078161239624023
4407,52,450,0.016940593719482422
4408,53,450,0.016602754592895508
4409,54,450,0.016918659210205078
4410,55,450,0.016847610473632812
4411,56,450,0.016492605209350586
4412,57,450,0.016187191009521484
4413,58,450,0.01602458953857422
4414,59,450,0.01634836196899414
4415,60,450,0.01587820053100586
4416,61,450,0.016167402267456055
4417,62,450,0.01579427719116211
4418,63,450,0.015745162963867188
4419,64,450,0.01527261734008789
4420,65,450,0.015311479568481445
4421,66,450,0.015302419662475586
4422,67,450,0.015073060989379883
4423,68,450,0.015192031860351562
4424,69,450,0.015276908874511719
4425,70,450,0.014947652816772461
4426,71,450,0.014740705490112305
4427,72,450,0.015141963958740234
4428,73,450,0.01459050178527832
4429,74,450,0.014518022537231445
4430,75,450,0.014257669448852539
4431,76,450,0.014054536819458008
4432,77,450,0.013895273208618164
4433,78,450,0.013746976852416992
4434,79,450,0.013623476028442383
4435,80,450,0.013511896133422852
4436,81,450,0.013487100601196289
4437,82,450,0.013605594635009766
4438,83,450,0.01253962516784668
4439,84,450,0.013154029846191406
4440,85,450,0.013537168502807617
4441,86,450,0.013124227523803711
4442,87,450,0.013190507888793945
4443,88,450,0.01286005973815918
4444,89,450,0.013013839721679688
4445,90,450,0.012755632400512695
4446,91,450,0.012484550476074219
4447,92,450,0.012542724609375
4448,93,450,0.012566804885864258
4449,94,450,0.012290000915527344
4450,95,450,0.012412548065185547
4451,96,450,0.0125885009765625
4452,97,450,0.012412071228027344
4453,98,450,0.012043237686157227
4454,99,450,0.011989593505859375
4455,1,460,0.039359092712402344
4456,2,460,0.030244827270507812
4457,3,460,0.02888011932373047
4458,4,460,0.023807048797607422
4459,5,460,0.02627086639404297
4460,6,460,0.024602651596069336
4461,7,460,0.02420186996459961
4462,8,460,0.024211645126342773
4463,9,460,0.024443387985229492
4464,10,460,0.023210763931274414
4465,11,460,0.027483224868774414
4466,12,460,0.024333953857421875
4467,13,460,0.023467302322387695
4468,14,460,0.0274965763092041
4469,15,460,0.02293539047241211
4470,16,460,0.027187824249267578
4471,17,460,0.025179147720336914
4472,18,460,0.026398181915283203
4473,19,460,0.022309541702270508
4474,20,460,0.02205204963684082
4475,21,460,0.02172374725341797
4476,22,460,0.021369218826293945
4477,23,460,0.02656698226928711
4478,24,460,0.02116250991821289
4479,25,460,0.02077460289001465
4480,26,460,0.022382497787475586
4481,27,460,0.0206296443939209
4482,28,460,0.021374940872192383
4483,29,460,0.02170872688293457
4484,30,460,0.021678447723388672
4485,31,460,0.023145675659179688
4486,32,460,0.020401954650878906
4487,33,460,0.023197174072265625
4488,34,460,0.01998305320739746
4489,35,460,0.019782304763793945
4490,36,460,0.01967167854309082
4491,37,460,0.019677400588989258
4492,38,460,0.019047975540161133
4493,39,460,0.016352415084838867
4494,40,460,0.01851511001586914
4495,41,460,0.018522024154663086
4496,42,460,0.019567489624023438
4497,43,460,0.018446683883666992
4498,44,460,0.01817798614501953
4499,45,460,0.01890730857849121
4500,46,460,0.018440723419189453
4501,47,460,0.017853736877441406
4502,48,460,0.017853975296020508
4503,49,460,0.01781606674194336
4504,50,460,0.018100500106811523
4505,51,460,0.01770806312561035
4506,52,460,0.017835617065429688
4507,53,460,0.017476797103881836
4508,54,460,0.017707109451293945
4509,55,460,0.01759481430053711
4510,56,460,0.017096519470214844
4511,57,460,0.017070531845092773
4512,58,460,0.01684880256652832
4513,59,460,0.016382932662963867
4514,60,460,0.015945911407470703
4515,61,460,0.016475915908813477
4516,62,460,0.016243934631347656
4517,63,460,0.015963315963745117
4518,64,460,0.016299962997436523
4519,65,460,0.01866936683654785
4520,66,460,0.015673398971557617
4521,67,460,0.016194820404052734
4522,68,460,0.016404390335083008
4523,69,460,0.015284538269042969
4524,70,460,0.015116214752197266
4525,71,460,0.01521754264831543
4526,72,460,0.015430688858032227
4527,73,460,0.015099525451660156
4528,74,460,0.015158891677856445
4529,75,460,0.014916658401489258
4530,76,460,0.014661073684692383
4531,77,460,0.014657974243164062
4532,78,460,0.014312028884887695
4533,79,460,0.014152288436889648
4534,80,460,0.013965606689453125
4535,81,460,0.013594388961791992
4536,82,460,0.013586282730102539
4537,83,460,0.013497352600097656
4538,84,460,0.013384819030761719
4539,85,460,0.013401508331298828
4540,86,460,0.013695001602172852
4541,87,460,0.013148784637451172
4542,88,460,0.0136566162109375
4543,89,460,0.013347625732421875
4544,90,460,0.013034343719482422
4545,91,460,0.01278376579284668
4546,92,460,0.01299285888671875
4547,93,460,0.012730598449707031
4548,94,460,0.012681722640991211
4549,95,460,0.012764930725097656
4550,96,460,0.012450218200683594
4551,97,460,0.01277613639831543
4552,98,460,0.012406587600708008
4553,99,460,0.012153387069702148
4554,1,470,0.037342071533203125
4555,2,470,0.03152155876159668
4556,3,470,0.030794143676757812
4557,4,470,0.029816865921020508
4558,5,470,0.02585577964782715
4559,6,470,0.025708675384521484
4560,7,470,0.030065298080444336
4561,8,470,0.02333974838256836
4562,9,470,0.0280914306640625
4563,10,470,0.023319244384765625
4564,11,470,0.025606870651245117
4565,12,470,0.025628328323364258
4566,13,470,0.026601076126098633
4567,14,470,0.024217605590820312
4568,15,470,0.023760318756103516
4569,16,470,0.02403545379638672
4570,17,470,0.023601531982421875
4571,18,470,0.022780895233154297
4572,19,470,0.025809288024902344
4573,20,470,0.023888111114501953
4574,21,470,0.022571802139282227
4575,22,470,0.022539377212524414
4576,23,470,0.02449202537536621
4577,24,470,0.02149510383605957
4578,25,470,0.025625228881835938
4579,26,470,0.021414995193481445
4580,27,470,0.021307706832885742
4581,28,470,0.021246910095214844
4582,29,470,0.021883487701416016
4583,30,470,0.020839214324951172
4584,31,470,0.02078080177307129
4585,32,470,0.02108478546142578
4586,33,470,0.02139878273010254
4587,34,470,0.021468162536621094
4588,35,470,0.02066659927368164
4589,36,470,0.017760515213012695
4590,37,470,0.020236730575561523
4591,38,470,0.020011186599731445
4592,39,470,0.021777629852294922
4593,40,470,0.020206689834594727
4594,41,470,0.01982903480529785
4595,42,470,0.0197601318359375
4596,43,470,0.01946401596069336
4597,44,470,0.019498348236083984
4598,45,470,0.019397974014282227
4599,46,470,0.01921224594116211
4600,47,470,0.0192108154296875
4601,48,470,0.019075632095336914
4602,49,470,0.01886272430419922
4603,50,470,0.01842951774597168
4604,51,470,0.0198671817779541
4605,52,470,0.01858997344970703
4606,53,470,0.0193939208984375
4607,54,470,0.015497207641601562
4608,55,470,0.01733851432800293
4609,56,470,0.016967058181762695
4610,57,470,0.017472505569458008
4611,58,470,0.017289161682128906
4612,59,470,0.017727136611938477
4613,60,470,0.017444133758544922
4614,61,470,0.016252756118774414
4615,62,470,0.016137361526489258
4616,63,470,0.010833263397216797
4617,64,470,0.015825748443603516
4618,65,470,0.01646566390991211
4619,66,470,0.016460657119750977
4620,67,470,0.015531539916992188
4621,68,470,0.016079425811767578
4622,69,470,0.015889644622802734
4623,70,470,0.016312837600708008
4624,71,470,0.01566004753112793
4625,72,470,0.01586151123046875
4626,73,470,0.015599727630615234
4627,74,470,0.015384674072265625
4628,75,470,0.015528202056884766
4629,76,470,0.015501976013183594
4630,77,470,0.015261650085449219
4631,78,470,0.014920234680175781
4632,79,470,0.014932632446289062
4633,80,470,0.014694929122924805
4634,81,470,0.014462471008300781
4635,82,470,0.014285087585449219
4636,83,470,0.014076948165893555
4637,84,470,0.013995170593261719
4638,85,470,0.014153718948364258
4639,86,470,0.0142364501953125
4640,87,470,0.013994932174682617
4641,88,470,0.013972759246826172
4642,89,470,0.017032384872436523
4643,90,470,0.014012813568115234
4644,91,470,0.01382303237915039
4645,92,470,0.013413667678833008
4646,93,470,0.013729095458984375
4647,94,470,0.013516426086425781
4648,95,470,0.01369023323059082
4649,96,470,0.013196706771850586
4650,97,470,0.016365528106689453
4651,98,470,0.01286172866821289
4652,99,470,0.011678695678710938
4653,1,480,0.039170265197753906
4654,2,480,0.031790971755981445
4655,3,480,0.03177452087402344
4656,4,480,0.03153038024902344
4657,5,480,0.030219554901123047
4658,6,480,0.024455785751342773
4659,7,480,0.025684833526611328
4660,8,480,0.025838613510131836
4661,9,480,0.026222944259643555
4662,10,480,0.024404525756835938
4663,11,480,0.024608135223388672
4664,12,480,0.02766132354736328
4665,13,480,0.024264812469482422
4666,14,480,0.024445772171020508
4667,15,480,0.029508113861083984
4668,16,480,0.02431464195251465
4669,17,480,0.024593591690063477
4670,18,480,0.024586200714111328
4671,19,480,0.02692437171936035
4672,20,480,0.0250246524810791
4673,21,480,0.02331066131591797
4674,22,480,0.023276090621948242
4675,23,480,0.023666858673095703
4676,24,480,0.02317500114440918
4677,25,480,0.023432254791259766
4678,26,480,0.023203611373901367
4679,27,480,0.0228731632232666
4680,28,480,0.022853612899780273
4681,29,480,0.021878480911254883
4682,30,480,0.022135019302368164
4683,31,480,0.022200822830200195
4684,32,480,0.022895097732543945
4685,33,480,0.022027015686035156
4686,34,480,0.021900415420532227
4687,35,480,0.021440505981445312
4688,36,480,0.021078824996948242
4689,37,480,0.0211641788482666
4690,38,480,0.020749330520629883
4691,39,480,0.020774126052856445
4692,40,480,0.020483970642089844
4693,41,480,0.02081608772277832
4694,42,480,0.02250218391418457
4695,43,480,0.02072763442993164
4696,44,480,0.020116567611694336
4697,45,480,0.01988673210144043
4698,46,480,0.018570899963378906
4699,47,480,0.019858360290527344
4700,48,480,0.019768714904785156
4701,49,480,0.019371509552001953
4702,50,480,0.020270347595214844
4703,51,480,0.018932342529296875
4704,52,480,0.018011093139648438
4705,53,480,0.017392635345458984
4706,54,480,0.02182316780090332
4707,55,480,0.02014946937561035
4708,56,480,0.018558263778686523
4709,57,480,0.018402814865112305
4710,58,480,0.01844048500061035
4711,59,480,0.019136905670166016
4712,60,480,0.01789712905883789
4713,61,480,0.01755833625793457
4714,62,480,0.01750016212463379
4715,63,480,0.01742267608642578
4716,64,480,0.017378568649291992
4717,65,480,0.017200708389282227
4718,66,480,0.017167091369628906
4719,67,480,0.0171358585357666
4720,68,480,0.016809940338134766
4721,69,480,0.016407489776611328
4722,70,480,0.016355037689208984
4723,71,480,0.016304492950439453
4724,72,480,0.016277313232421875
4725,73,480,0.016154766082763672
4726,74,480,0.018182992935180664
4727,75,480,0.016039133071899414
4728,76,480,0.015770435333251953
4729,77,480,0.015855789184570312
4730,78,480,0.01591038703918457
4731,79,480,0.015889883041381836
4732,80,480,0.015687227249145508
4733,81,480,0.015493392944335938
4734,82,480,0.015041351318359375
4735,83,480,0.01471090316772461
4736,84,480,0.015181779861450195
4737,85,480,0.014669179916381836
4738,86,480,0.013994932174682617
4739,87,480,0.014676570892333984
4740,88,480,0.014345884323120117
4741,89,480,0.014436006546020508
4742,90,480,0.014373779296875
4743,91,480,0.01426839828491211
4744,92,480,0.014353513717651367
4745,93,480,0.014007806777954102
4746,94,480,0.014181137084960938
4747,95,480,0.013764142990112305
4748,96,480,0.014000415802001953
4749,97,480,0.013543128967285156
4750,98,480,0.013673067092895508
4751,99,480,0.013173103332519531
4752,1,490,0.04055643081665039
4753,2,490,0.03327465057373047
4754,3,490,0.03174448013305664
4755,4,490,0.03188800811767578
4756,5,490,0.030472993850708008
4757,6,490,0.028710365295410156
4758,7,490,0.026076793670654297
4759,8,490,0.025837182998657227
4760,9,490,0.025446176528930664
4761,10,490,0.030885934829711914
4762,11,490,0.02609992027282715
4763,12,490,0.025418996810913086
4764,13,490,0.025233030319213867
4765,14,490,0.03298830986022949
4766,15,490,0.02691364288330078
4767,16,490,0.025090932846069336
4768,17,490,0.024672746658325195
4769,18,490,0.020335674285888672
4770,19,490,0.018719196319580078
4771,20,490,0.01883387565612793
4772,21,490,0.023932456970214844
4773,22,490,0.02465057373046875
4774,23,490,0.023863554000854492
4775,24,490,0.023520946502685547
4776,25,490,0.02429342269897461
4777,26,490,0.02348494529724121
4778,27,490,0.024924039840698242
4779,28,490,0.023159503936767578
4780,29,490,0.023524045944213867
4781,30,490,0.021169185638427734
4782,31,490,0.02336406707763672
4783,32,490,0.022812366485595703
4784,33,490,0.022808074951171875
4785,34,490,0.023482322692871094
4786,35,490,0.022633075714111328
4787,36,490,0.022326231002807617
4788,37,490,0.02205181121826172
4789,38,490,0.021895170211791992
4790,39,490,0.021715879440307617
4791,40,490,0.020885467529296875
4792,41,490,0.021227121353149414
4793,42,490,0.02154231071472168
4794,43,490,0.02117300033569336
4795,44,490,0.020778894424438477
4796,45,490,0.02026057243347168
4797,46,490,0.020186424255371094
4798,47,490,0.02086925506591797
4799,48,490,0.020232200622558594
4800,49,490,0.020493507385253906
4801,50,490,0.019704103469848633
4802,51,490,0.020488500595092773
4803,52,490,0.020005226135253906
4804,53,490,0.019916057586669922
4805,54,490,0.01979804039001465
4806,55,490,0.020112037658691406
4807,56,490,0.02031087875366211
4808,57,490,0.019588708877563477
4809,58,490,0.019557952880859375
4810,59,490,0.018618345260620117
4811,60,490,0.01868724822998047
4812,61,490,0.01857614517211914
4813,62,490,0.018099546432495117
4814,63,490,0.01792287826538086
4815,64,490,0.01676321029663086
4816,65,490,0.017867565155029297
4817,66,490,0.01788187026977539
4818,67,490,0.017636775970458984
4819,68,490,0.017679452896118164
4820,69,490,0.017540454864501953
4821,70,490,0.017261981964111328
4822,71,490,0.017408132553100586
4823,72,490,0.0169985294342041
4824,73,490,0.01659393310546875
4825,74,490,0.01679372787475586
4826,75,490,0.016881465911865234
4827,76,490,0.01677680015563965
4828,77,490,0.01654815673828125
4829,78,490,0.01642751693725586
4830,79,490,0.016554594039916992
4831,80,490,0.016724586486816406
4832,81,490,0.01616668701171875
4833,82,490,0.016209125518798828
4834,83,490,0.019404888153076172
4835,84,490,0.015413999557495117
4836,85,490,0.01524806022644043
4837,86,490,0.014992952346801758
4838,87,490,0.015228271484375
4839,88,490,0.015013933181762695
4840,89,490,0.014974117279052734
4841,90,490,0.014954566955566406
4842,91,490,0.014993429183959961
4843,92,490,0.015311002731323242
4844,93,490,0.014817476272583008
4845,94,490,0.014777898788452148
4846,95,490,0.014432430267333984
4847,96,490,0.013700723648071289
4848,97,490,0.014359712600708008
4849,98,490,0.014295339584350586
4850,99,490,0.014304399490356445
