,l_xy,n_pts,time
0,1,10,0.8365249633789062
1,2,10,7.510185241699219e-05
2,3,10,6.389617919921875e-05
3,4,10,5.5789947509765625e-05
4,5,10,5.3882598876953125e-05
5,6,10,5.602836608886719e-05
6,7,10,4.696846008300781e-05
7,8,10,5.412101745605469e-05
8,9,10,4.100799560546875e-05
9,10,10,5.817413330078125e-05
10,11,10,5.793571472167969e-05
11,12,10,4.1961669921875e-05
12,13,10,3.695487976074219e-05
13,14,10,3.6716461181640625e-05
14,15,10,4.506111145019531e-05
15,16,10,3.3855438232421875e-05
16,17,10,6.604194641113281e-05
17,18,10,3.886222839355469e-05
18,19,10,3.504753112792969e-05
19,20,10,2.4080276489257812e-05
20,21,10,2.6702880859375e-05
21,22,10,3.2901763916015625e-05
22,23,10,6.008148193359375e-05
23,24,10,3.0994415283203125e-05
24,25,10,3.0994415283203125e-05
25,26,10,5.2928924560546875e-05
26,27,10,2.384185791015625e-05
27,28,10,2.7894973754882812e-05
28,29,10,2.09808349609375e-05
29,30,10,3.1948089599609375e-05
30,31,10,2.47955322265625e-05
31,32,10,2.09808349609375e-05
32,33,10,2.193450927734375e-05
33,34,10,2.5033950805664062e-05
34,35,10,2.193450927734375e-05
35,36,10,2.4080276489257812e-05
36,37,10,5.0067901611328125e-05
37,38,10,2.09808349609375e-05
38,39,10,3.695487976074219e-05
39,40,10,2.9325485229492188e-05
40,41,10,2.5033950805664062e-05
41,42,10,2.3126602172851562e-05
42,43,10,3.314018249511719e-05
43,44,10,2.288818359375e-05
44,45,10,2.574920654296875e-05
45,46,10,2.2172927856445312e-05
46,47,10,2.09808349609375e-05
47,48,10,1.7881393432617188e-05
48,49,10,2.002716064453125e-05
49,50,10,2.6226043701171875e-05
50,51,10,2.4080276489257812e-05
51,52,10,2.4080276489257812e-05
52,53,10,3.695487976074219e-05
53,54,10,2.4080276489257812e-05
54,55,10,3.981590270996094e-05
55,56,10,2.5987625122070312e-05
56,57,10,2.7179718017578125e-05
57,58,10,2.4080276489257812e-05
58,59,10,2.288818359375e-05
59,60,10,3.0040740966796875e-05
60,61,10,2.0265579223632812e-05
61,62,10,2.288818359375e-05
62,63,10,2.193450927734375e-05
63,64,10,1.9073486328125e-05
64,65,10,1.7881393432617188e-05
65,66,10,1.9073486328125e-05
66,67,10,2.8848648071289062e-05
67,68,10,2.5033950805664062e-05
68,69,10,1.811981201171875e-05
69,70,10,1.9073486328125e-05
70,71,10,1.7881393432617188e-05
71,72,10,2.2172927856445312e-05
72,73,10,1.5974044799804688e-05
73,74,10,2.5987625122070312e-05
74,75,10,1.5974044799804688e-05
75,76,10,3.314018249511719e-05
76,77,10,2.7894973754882812e-05
77,78,10,2.5033950805664062e-05
78,79,10,2.5272369384765625e-05
79,80,10,2.4080276489257812e-05
80,81,10,2.384185791015625e-05
81,82,10,2.6941299438476562e-05
82,83,10,2.5987625122070312e-05
83,84,10,2.6226043701171875e-05
84,85,10,1.9788742065429688e-05
85,86,10,2.7179718017578125e-05
86,87,10,2.6941299438476562e-05
87,88,10,4.1961669921875e-05
88,89,10,1.8835067749023438e-05
89,90,10,1.8358230590820312e-05
90,91,10,1.7881393432617188e-05
91,92,10,2.288818359375e-05
92,93,10,1.5974044799804688e-05
93,94,10,1.811981201171875e-05
94,95,10,2.09808349609375e-05
95,96,10,1.7881393432617188e-05
96,97,10,2.9325485229492188e-05
97,98,10,2.09808349609375e-05
98,99,10,4.100799560546875e-05
99,1,20,0.0001857280731201172
100,2,20,0.00019311904907226562
101,3,20,0.00012993812561035156
102,4,20,0.00011086463928222656
103,5,20,0.00011420249938964844
104,6,20,9.989738464355469e-05
105,7,20,0.00011491775512695312
106,8,20,0.00010800361633300781
107,9,20,8.392333984375e-05
108,10,20,7.700920104980469e-05
109,11,20,7.677078247070312e-05
110,12,20,8.106231689453125e-05
111,13,20,9.799003601074219e-05
112,14,20,6.413459777832031e-05
113,15,20,7.104873657226562e-05
114,16,20,6.723403930664062e-05
115,17,20,6.413459777832031e-05
116,18,20,7.200241088867188e-05
117,19,20,8.893013000488281e-05
118,20,20,5.2928924560546875e-05
119,21,20,6.508827209472656e-05
120,22,20,4.506111145019531e-05
121,23,20,4.887580871582031e-05
122,24,20,4.9114227294921875e-05
123,25,20,4.363059997558594e-05
124,26,20,4.506111145019531e-05
125,27,20,4.696846008300781e-05
126,28,20,4.57763671875e-05
127,29,20,4.935264587402344e-05
128,30,20,4.792213439941406e-05
129,31,20,4.1961669921875e-05
130,32,20,5.5789947509765625e-05
131,33,20,4.291534423828125e-05
132,34,20,3.814697265625e-05
133,35,20,4.291534423828125e-05
134,36,20,4.1961669921875e-05
135,37,20,3.790855407714844e-05
136,38,20,4.00543212890625e-05
137,39,20,4.482269287109375e-05
138,40,20,4.076957702636719e-05
139,41,20,3.886222839355469e-05
140,42,20,4.029273986816406e-05
141,43,20,5.507469177246094e-05
142,44,20,4.100799560546875e-05
143,45,20,0.00012612342834472656
144,46,20,4.482269287109375e-05
145,47,20,3.6716461181640625e-05
146,48,20,3.7670135498046875e-05
147,49,20,8.0108642578125e-05
148,50,20,5.507469177246094e-05
149,51,20,5.626678466796875e-05
150,52,20,5.793571472167969e-05
151,53,20,7.462501525878906e-05
152,54,20,5.5789947509765625e-05
153,55,20,4.124641418457031e-05
154,56,20,5.984306335449219e-05
155,57,20,5.1021575927734375e-05
156,58,20,5.793571472167969e-05
157,59,20,7.176399230957031e-05
158,60,20,6.103515625e-05
159,61,20,4.601478576660156e-05
160,62,20,5.1975250244140625e-05
161,63,20,4.792213439941406e-05
162,64,20,5.2928924560546875e-05
163,65,20,5.316734313964844e-05
164,66,20,4.291534423828125e-05
165,67,20,3.719329833984375e-05
166,68,20,4.291534423828125e-05
167,69,20,4.38690185546875e-05
168,70,20,3.981590270996094e-05
169,71,20,5.626678466796875e-05
170,72,20,4.7206878662109375e-05
171,73,20,5.984306335449219e-05
172,74,20,5.1975250244140625e-05
173,75,20,5.6743621826171875e-05
174,76,20,5.412101745605469e-05
175,77,20,4.315376281738281e-05
176,78,20,4.9114227294921875e-05
177,79,20,4.8160552978515625e-05
178,80,20,4.792213439941406e-05
179,81,20,4.696846008300781e-05
180,82,20,6.008148193359375e-05
181,83,20,4.291534423828125e-05
182,84,20,6.723403930664062e-05
183,85,20,5.602836608886719e-05
184,86,20,3.0040740966796875e-05
185,87,20,4.1961669921875e-05
186,88,20,5.412101745605469e-05
187,89,20,6.008148193359375e-05
188,90,20,5.7220458984375e-05
189,91,20,4.410743713378906e-05
190,92,20,3.814697265625e-05
191,93,20,5.507469177246094e-05
192,94,20,5.984306335449219e-05
193,95,20,4.100799560546875e-05
194,96,20,3.7670135498046875e-05
195,97,20,4.100799560546875e-05
196,98,20,4.38690185546875e-05
197,99,20,3.886222839355469e-05
198,1,30,0.0002391338348388672
199,2,30,0.0002491474151611328
200,3,30,0.00021195411682128906
201,4,30,0.0002040863037109375
202,5,30,0.00017881393432617188
203,6,30,0.00017404556274414062
204,7,30,0.0001800060272216797
205,8,30,0.00016069412231445312
206,9,30,0.0001678466796875
207,10,30,0.00017189979553222656
208,11,30,0.00016307830810546875
209,12,30,0.00012874603271484375
210,13,30,0.00012111663818359375
211,14,30,0.00012493133544921875
212,15,30,0.0001232624053955078
213,16,30,0.00012087821960449219
214,17,30,0.00010800361633300781
215,18,30,0.00010919570922851562
216,19,30,0.0001068115234375
217,20,30,0.00010895729064941406
218,21,30,0.00010704994201660156
219,22,30,0.00010418891906738281
220,23,30,0.00010013580322265625
221,24,30,9.608268737792969e-05
222,25,30,9.226799011230469e-05
223,26,30,9.393692016601562e-05
224,27,30,8.130073547363281e-05
225,28,30,8.487701416015625e-05
226,29,30,0.00015306472778320312
227,30,30,8.702278137207031e-05
228,31,30,8.296966552734375e-05
229,32,30,7.987022399902344e-05
230,33,30,7.915496826171875e-05
231,34,30,0.00014901161193847656
232,35,30,7.987022399902344e-05
233,36,30,9.512901306152344e-05
234,37,30,8.702278137207031e-05
235,38,30,7.104873657226562e-05
236,39,30,8.0108642578125e-05
237,40,30,8.20159912109375e-05
238,41,30,8.225440979003906e-05
239,42,30,7.510185241699219e-05
240,43,30,7.390975952148438e-05
241,44,30,7.104873657226562e-05
242,45,30,8.082389831542969e-05
243,46,30,7.104873657226562e-05
244,47,30,7.200241088867188e-05
245,48,30,7.605552673339844e-05
246,49,30,8.296966552734375e-05
247,50,30,7.176399230957031e-05
248,51,30,6.723403930664062e-05
249,52,30,7.510185241699219e-05
250,53,30,8.893013000488281e-05
251,54,30,8.20159912109375e-05
252,55,30,6.866455078125e-05
253,56,30,6.914138793945312e-05
254,57,30,6.29425048828125e-05
255,58,30,6.580352783203125e-05
256,59,30,7.390975952148438e-05
257,60,30,8.916854858398438e-05
258,61,30,8.296966552734375e-05
259,62,30,7.82012939453125e-05
260,63,30,8.0108642578125e-05
261,64,30,7.414817810058594e-05
262,65,30,7.319450378417969e-05
263,66,30,7.915496826171875e-05
264,67,30,7.224082946777344e-05
265,68,30,7.677078247070312e-05
266,69,30,7.414817810058594e-05
267,70,30,5.173683166503906e-05
268,71,30,9.512901306152344e-05
269,72,30,7.486343383789062e-05
270,73,30,9.799003601074219e-05
271,74,30,8.916854858398438e-05
272,75,30,7.605552673339844e-05
273,76,30,7.605552673339844e-05
274,77,30,6.29425048828125e-05
275,78,30,6.771087646484375e-05
276,79,30,5.91278076171875e-05
277,80,30,6.198883056640625e-05
278,81,30,6.413459777832031e-05
279,82,30,6.890296936035156e-05
280,83,30,5.888938903808594e-05
281,84,30,6.818771362304688e-05
282,85,30,6.794929504394531e-05
283,86,30,5.5789947509765625e-05
284,87,30,7.128715515136719e-05
285,88,30,6.794929504394531e-05
286,89,30,7.605552673339844e-05
287,90,30,7.200241088867188e-05
288,91,30,6.4849853515625e-05
289,92,30,5.698204040527344e-05
290,93,30,6.127357482910156e-05
291,94,30,5.3882598876953125e-05
292,95,30,5.507469177246094e-05
293,96,30,5.6743621826171875e-05
294,97,30,6.389617919921875e-05
295,98,30,5.1975250244140625e-05
296,99,30,5.507469177246094e-05
297,1,40,0.00037789344787597656
298,2,40,0.0003447532653808594
299,3,40,0.0002999305725097656
300,4,40,0.0002830028533935547
301,5,40,0.00028324127197265625
302,6,40,0.0002639293670654297
303,7,40,0.00023984909057617188
304,8,40,0.00025582313537597656
305,9,40,0.0002319812774658203
306,10,40,0.00023794174194335938
307,11,40,0.00023865699768066406
308,12,40,0.0002288818359375
309,13,40,0.00018095970153808594
310,14,40,0.0002009868621826172
311,15,40,0.00019288063049316406
312,16,40,0.00018715858459472656
313,17,40,0.00019812583923339844
314,18,40,0.00019216537475585938
315,19,40,0.00018095970153808594
316,20,40,0.0001678466796875
317,21,40,0.00017595291137695312
318,22,40,0.00016808509826660156
319,23,40,0.0001380443572998047
320,24,40,0.0001621246337890625
321,25,40,0.0001499652862548828
322,26,40,0.00015115737915039062
323,27,40,0.000148773193359375
324,28,40,0.00016117095947265625
325,29,40,0.0001552104949951172
326,30,40,0.00012302398681640625
327,31,40,0.0001709461212158203
328,32,40,0.00013327598571777344
329,33,40,0.00015091896057128906
330,34,40,0.0001399517059326172
331,35,40,0.00012803077697753906
332,36,40,0.0001246929168701172
333,37,40,0.00012111663818359375
334,38,40,0.0001239776611328125
335,39,40,0.00011706352233886719
336,40,40,0.00011491775512695312
337,41,40,0.00012111663818359375
338,42,40,0.00011491775512695312
339,43,40,0.00014591217041015625
340,44,40,0.00011968612670898438
341,45,40,0.00015091896057128906
342,46,40,0.00010800361633300781
343,47,40,0.00010967254638671875
344,48,40,0.0001270771026611328
345,49,40,0.00011396408081054688
346,50,40,0.00011301040649414062
347,51,40,0.00011229515075683594
348,52,40,0.00011801719665527344
349,53,40,0.00011897087097167969
350,54,40,0.00011801719665527344
351,55,40,0.00011420249938964844
352,56,40,0.0001399517059326172
353,57,40,0.00011801719665527344
354,58,40,0.00010991096496582031
355,59,40,0.00011706352233886719
356,60,40,0.00011897087097167969
357,61,40,0.0001010894775390625
358,62,40,0.00011491775512695312
359,63,40,0.00011897087097167969
360,64,40,0.00012493133544921875
361,65,40,0.00011491775512695312
362,66,40,0.0001239776611328125
363,67,40,0.00011110305786132812
364,68,40,0.00010585784912109375
365,69,40,0.00010395050048828125
366,70,40,9.703636169433594e-05
367,71,40,0.00011706352233886719
368,72,40,0.00010704994201660156
369,73,40,0.00012803077697753906
370,74,40,9.775161743164062e-05
371,75,40,0.00010538101196289062
372,76,40,0.00010275840759277344
373,77,40,8.273124694824219e-05
374,78,40,9.775161743164062e-05
375,79,40,9.584426879882812e-05
376,80,40,8.296966552734375e-05
377,81,40,9.918212890625e-05
378,82,40,0.00010395050048828125
379,83,40,8.606910705566406e-05
380,84,40,0.00010085105895996094
381,85,40,0.0001049041748046875
382,86,40,0.00011968612670898438
383,87,40,9.012222290039062e-05
384,88,40,9.703636169433594e-05
385,89,40,0.00010585784912109375
386,90,40,8.916854858398438e-05
387,91,40,0.00011110305786132812
388,92,40,9.298324584960938e-05
389,93,40,8.177757263183594e-05
390,94,40,8.296966552734375e-05
391,95,40,0.00010418891906738281
392,96,40,9.107589721679688e-05
393,97,40,9.393692016601562e-05
394,98,40,9.274482727050781e-05
395,99,40,8.678436279296875e-05
396,1,50,0.0006082057952880859
397,2,50,0.0004832744598388672
398,3,50,0.0004558563232421875
399,4,50,0.000476837158203125
400,5,50,0.0004782676696777344
401,6,50,0.0003619194030761719
402,7,50,0.00032591819763183594
403,8,50,0.0003750324249267578
404,9,50,0.00031304359436035156
405,10,50,0.0003609657287597656
406,11,50,0.00032901763916015625
407,12,50,0.0003180503845214844
408,13,50,0.0002970695495605469
409,14,50,0.0002608299255371094
410,15,50,0.0002789497375488281
411,16,50,0.00025391578674316406
412,17,50,0.0002880096435546875
413,18,50,0.00023698806762695312
414,19,50,0.0002429485321044922
415,20,50,0.00021409988403320312
416,21,50,0.00024700164794921875
417,22,50,0.00024318695068359375
418,23,50,0.00023698806762695312
419,24,50,0.0002269744873046875
420,25,50,0.0002071857452392578
421,26,50,0.00022077560424804688
422,27,50,0.00020313262939453125
423,28,50,0.00019502639770507812
424,29,50,0.00019788742065429688
425,30,50,0.0001990795135498047
426,31,50,0.0001690387725830078
427,32,50,0.00020384788513183594
428,33,50,0.0002110004425048828
429,34,50,0.0002040863037109375
430,35,50,0.00018095970153808594
431,36,50,0.00018787384033203125
432,37,50,0.0001919269561767578
433,38,50,0.00020885467529296875
434,39,50,0.00016379356384277344
435,40,50,0.0001819133758544922
436,41,50,0.00015616416931152344
437,42,50,0.000209808349609375
438,43,50,0.00014710426330566406
439,44,50,0.00016689300537109375
440,45,50,0.0001499652862548828
441,46,50,0.00018906593322753906
442,47,50,0.00018715858459472656
443,48,50,0.00013399124145507812
444,49,50,0.0001468658447265625
445,50,50,0.00015592575073242188
446,51,50,0.00016307830810546875
447,52,50,0.00015091896057128906
448,53,50,0.00017595291137695312
449,54,50,0.00015997886657714844
450,55,50,0.00017690658569335938
451,56,50,0.000164031982421875
452,57,50,0.000141143798828125
453,58,50,0.00013589859008789062
454,59,50,0.0001671314239501953
455,60,50,0.00014209747314453125
456,61,50,0.00022721290588378906
457,62,50,0.00019359588623046875
458,63,50,0.00018715858459472656
459,64,50,0.00013971328735351562
460,65,50,0.0001659393310546875
461,66,50,0.0001232624053955078
462,67,50,0.0001380443572998047
463,68,50,0.00013899803161621094
464,69,50,0.00013375282287597656
465,70,50,0.00014710426330566406
466,71,50,0.00013709068298339844
467,72,50,0.0001537799835205078
468,73,50,0.00014591217041015625
469,74,50,0.0001609325408935547
470,75,50,0.00013303756713867188
471,76,50,0.00013184547424316406
472,77,50,0.00016188621520996094
473,78,50,0.00013589859008789062
474,79,50,0.00012493133544921875
475,80,50,0.00015997886657714844
476,81,50,0.00012493133544921875
477,82,50,0.00013899803161621094
478,83,50,0.0001239776611328125
479,84,50,0.0001227855682373047
480,85,50,0.00011801719665527344
481,86,50,0.00011610984802246094
482,87,50,0.0001289844512939453
483,88,50,0.00012803077697753906
484,89,50,0.000125885009765625
485,90,50,0.00011706352233886719
486,91,50,0.00013971328735351562
487,92,50,0.00010704994201660156
488,93,50,0.00010704994201660156
489,94,50,0.0001201629638671875
490,95,50,0.00016689300537109375
491,96,50,0.0001239776611328125
492,97,50,0.00020194053649902344
493,98,50,0.0001480579376220703
494,99,50,0.00012302398681640625
495,1,60,0.0009942054748535156
496,2,60,0.0008599758148193359
497,3,60,0.0006930828094482422
498,4,60,0.0005419254302978516
499,5,60,0.0006089210510253906
500,6,60,0.0005922317504882812
501,7,60,0.000537872314453125
502,8,60,0.00043702125549316406
503,9,60,0.00040602684020996094
504,10,60,0.00039386749267578125
505,11,60,0.0004239082336425781
506,12,60,0.0003578662872314453
507,13,60,0.0003528594970703125
508,14,60,0.0003521442413330078
509,15,60,0.0003287792205810547
510,16,60,0.0003371238708496094
511,17,60,0.0003349781036376953
512,18,60,0.0003070831298828125
513,19,60,0.00032591819763183594
514,20,60,0.0003237724304199219
515,21,60,0.00033593177795410156
516,22,60,0.00031185150146484375
517,23,60,0.0002760887145996094
518,24,60,0.00031375885009765625
519,25,60,0.0002639293670654297
520,26,60,0.0002579689025878906
521,27,60,0.0002620220184326172
522,28,60,0.0002968311309814453
523,29,60,0.0002849102020263672
524,30,60,0.0002429485321044922
525,31,60,0.00030493736267089844
526,32,60,0.0002617835998535156
527,33,60,0.0002522468566894531
528,34,60,0.00022721290588378906
529,35,60,0.0002522468566894531
530,36,60,0.0002281665802001953
531,37,60,0.00023794174194335938
532,38,60,0.000225067138671875
533,39,60,0.00022077560424804688
534,40,60,0.0002319812774658203
535,41,60,0.0002200603485107422
536,42,60,0.0002269744873046875
537,43,60,0.0002276897430419922
538,44,60,0.0002009868621826172
539,45,60,0.0002307891845703125
540,46,60,0.00022912025451660156
541,47,60,0.000186920166015625
542,48,60,0.00019979476928710938
543,49,60,0.00018596649169921875
544,50,60,0.00021505355834960938
545,51,60,0.0001881122589111328
546,52,60,0.00018787384033203125
547,53,60,0.00020503997802734375
548,54,60,0.00021505355834960938
549,55,60,0.00020599365234375
550,56,60,0.00018095970153808594
551,57,60,0.00023102760314941406
552,58,60,0.00021386146545410156
553,59,60,0.00017118453979492188
554,60,60,0.00019097328186035156
555,61,60,0.0001862049102783203
556,62,60,0.00017523765563964844
557,63,60,0.00019788742065429688
558,64,60,0.00015878677368164062
559,65,60,0.00016307830810546875
560,66,60,0.00016188621520996094
561,67,60,0.0001926422119140625
562,68,60,0.00019598007202148438
563,69,60,0.000179290771484375
564,70,60,0.00017380714416503906
565,71,60,0.00015687942504882812
566,72,60,0.00019121170043945312
567,73,60,0.00015497207641601562
568,74,60,0.00017118453979492188
569,75,60,0.00017690658569335938
570,76,60,0.00014400482177734375
571,77,60,0.0001659393310546875
572,78,60,0.00014472007751464844
573,79,60,0.00016307830810546875
574,80,60,0.00019502639770507812
575,81,60,0.00016999244689941406
576,82,60,0.0001747608184814453
577,83,60,0.00016880035400390625
578,84,60,0.0001499652862548828
579,85,60,0.00015091896057128906
580,86,60,0.00020194053649902344
581,87,60,0.00016307830810546875
582,88,60,0.00017905235290527344
583,89,60,0.00015687942504882812
584,90,60,0.0001537799835205078
585,91,60,0.00015282630920410156
586,92,60,0.00021886825561523438
587,93,60,0.0001342296600341797
588,94,60,0.0001468658447265625
589,95,60,0.00018596649169921875
590,96,60,0.00016498565673828125
591,97,60,0.0001590251922607422
592,98,60,0.00014209747314453125
593,99,60,0.00015616416931152344
594,1,70,0.001177072525024414
595,2,70,0.0011708736419677734
596,3,70,0.0012192726135253906
597,4,70,0.0010330677032470703
598,5,70,0.0007297992706298828
599,6,70,0.0006966590881347656
600,7,70,0.0007121562957763672
601,8,70,0.0006861686706542969
602,9,70,0.0006377696990966797
603,10,70,0.0005910396575927734
604,11,70,0.0006067752838134766
605,12,70,0.0007188320159912109
606,13,70,0.0005459785461425781
607,14,70,0.0004830360412597656
608,15,70,0.0005271434783935547
609,16,70,0.000453948974609375
610,17,70,0.00044798851013183594
611,18,70,0.0004363059997558594
612,19,70,0.00041031837463378906
613,20,70,0.0003948211669921875
614,21,70,0.0004889965057373047
615,22,70,0.00042319297790527344
616,23,70,0.00043201446533203125
617,24,70,0.00041484832763671875
618,25,70,0.000370025634765625
619,26,70,0.000335693359375
620,27,70,0.0003490447998046875
621,28,70,0.0003399848937988281
622,29,70,0.0003571510314941406
623,30,70,0.0003552436828613281
624,31,70,0.00028705596923828125
625,32,70,0.00031304359436035156
626,33,70,0.0003268718719482422
627,34,70,0.0003390312194824219
628,35,70,0.00031304359436035156
629,36,70,0.00036978721618652344
630,37,70,0.0003020763397216797
631,38,70,0.00032901763916015625
632,39,70,0.00026798248291015625
633,40,70,0.0002791881561279297
634,41,70,0.0002779960632324219
635,42,70,0.00030732154846191406
636,43,70,0.00029969215393066406
637,44,70,0.0002760887145996094
638,45,70,0.0003018379211425781
639,46,70,0.0002779960632324219
640,47,70,0.00029015541076660156
641,48,70,0.00024008750915527344
642,49,70,0.00028324127197265625
643,50,70,0.00026488304138183594
644,51,70,0.0002570152282714844
645,52,70,0.0003001689910888672
646,53,70,0.0002288818359375
647,54,70,0.0003199577331542969
648,55,70,0.00025534629821777344
649,56,70,0.0002779960632324219
650,57,70,0.00023293495178222656
651,58,70,0.0002639293670654297
652,59,70,0.0002281665802001953
653,60,70,0.00023603439331054688
654,61,70,0.00030493736267089844
655,62,70,0.00023412704467773438
656,63,70,0.00022292137145996094
657,64,70,0.0002219676971435547
658,65,70,0.0002377033233642578
659,66,70,0.0001957416534423828
660,67,70,0.000225067138671875
661,68,70,0.0002040863037109375
662,69,70,0.00020194053649902344
663,70,70,0.00023508071899414062
664,71,70,0.00023698806762695312
665,72,70,0.00022602081298828125
666,73,70,0.00023126602172851562
667,74,70,0.00020122528076171875
668,75,70,0.00018787384033203125
669,76,70,0.00019288063049316406
670,77,70,0.0002238750457763672
671,78,70,0.00019216537475585938
672,79,70,0.0002410411834716797
673,80,70,0.00019502639770507812
674,81,70,0.0002129077911376953
675,82,70,0.0001900196075439453
676,83,70,0.00021910667419433594
677,84,70,0.00022292137145996094
678,85,70,0.00017309188842773438
679,86,70,0.0001780986785888672
680,87,70,0.0002090930938720703
681,88,70,0.0002620220184326172
682,89,70,0.0002410411834716797
683,90,70,0.00019812583923339844
684,91,70,0.00017380714416503906
685,92,70,0.00024199485778808594
686,93,70,0.00019216537475585938
687,94,70,0.00019025802612304688
688,95,70,0.00022292137145996094
689,96,70,0.00018310546875
690,97,70,0.00016999244689941406
691,98,70,0.00017976760864257812
692,99,70,0.00018596649169921875
693,1,80,0.0018990039825439453
694,2,80,0.0011599063873291016
695,3,80,0.0011200904846191406
696,4,80,0.0010330677032470703
697,5,80,0.0009992122650146484
698,6,80,0.0008509159088134766
699,7,80,0.0007817745208740234
700,8,80,0.0008709430694580078
701,9,80,0.0008120536804199219
702,10,80,0.0007040500640869141
703,11,80,0.0007150173187255859
704,12,80,0.0006499290466308594
705,13,80,0.0006389617919921875
706,14,80,0.0005688667297363281
707,15,80,0.0005609989166259766
708,16,80,0.0006222724914550781
709,17,80,0.0005707740783691406
710,18,80,0.0005269050598144531
711,19,80,0.0005850791931152344
712,20,80,0.00048732757568359375
713,21,80,0.0004799365997314453
714,22,80,0.0005152225494384766
715,23,80,0.0004260540008544922
716,24,80,0.0004589557647705078
717,25,80,0.0004248619079589844
718,26,80,0.00045800209045410156
719,27,80,0.0004658699035644531
720,28,80,0.00039005279541015625
721,29,80,0.00039196014404296875
722,30,80,0.0003769397735595703
723,31,80,0.0003268718719482422
724,32,80,0.0003478527069091797
725,33,80,0.00035190582275390625
726,34,80,0.00039124488830566406
727,35,80,0.00044798851013183594
728,36,80,0.0003879070281982422
729,37,80,0.0004360675811767578
730,38,80,0.00034809112548828125
731,39,80,0.0004069805145263672
732,40,80,0.0003647804260253906
733,41,80,0.0003829002380371094
734,42,80,0.00037479400634765625
735,43,80,0.0003001689910888672
736,44,80,0.00029206275939941406
737,45,80,0.0003619194030761719
738,46,80,0.0003237724304199219
739,47,80,0.00033593177795410156
740,48,80,0.00033593177795410156
741,49,80,0.00029277801513671875
742,50,80,0.00027370452880859375
743,51,80,0.00033092498779296875
744,52,80,0.0002880096435546875
745,53,80,0.00027108192443847656
746,54,80,0.0003821849822998047
747,55,80,0.0002989768981933594
748,56,80,0.00032711029052734375
749,57,80,0.0002911090850830078
750,58,80,0.00027489662170410156
751,59,80,0.00027871131896972656
752,60,80,0.0002779960632324219
753,61,80,0.0002639293670654297
754,62,80,0.0003151893615722656
755,63,80,0.0002779960632324219
756,64,80,0.00026607513427734375
757,65,80,0.0003020763397216797
758,66,80,0.0002770423889160156
759,67,80,0.00023794174194335938
760,68,80,0.000270843505859375
761,69,80,0.00028061866760253906
762,70,80,0.0002551078796386719
763,71,80,0.00023508071899414062
764,72,80,0.00023293495178222656
765,73,80,0.00020885467529296875
766,74,80,0.00023818016052246094
767,75,80,0.0002841949462890625
768,76,80,0.0003008842468261719
769,77,80,0.0002961158752441406
770,78,80,0.00022792816162109375
771,79,80,0.0002849102020263672
772,80,80,0.00022983551025390625
773,81,80,0.00022482872009277344
774,82,80,0.0002307891845703125
775,83,80,0.00021886825561523438
776,84,80,0.00020503997802734375
777,85,80,0.0002079010009765625
778,86,80,0.00021505355834960938
779,87,80,0.0002338886260986328
780,88,80,0.0002338886260986328
781,89,80,0.00024390220642089844
782,90,80,0.0002269744873046875
783,91,80,0.00020623207092285156
784,92,80,0.0002429485321044922
785,93,80,0.0001957416534423828
786,94,80,0.0002071857452392578
787,95,80,0.00021600723266601562
788,96,80,0.00022411346435546875
789,97,80,0.00023293495178222656
790,98,80,0.0002319812774658203
791,99,80,0.00023603439331054688
792,1,90,0.0020880699157714844
793,2,90,0.0018167495727539062
794,3,90,0.0011830329895019531
795,4,90,0.0011699199676513672
796,5,90,0.0011339187622070312
797,6,90,0.0010159015655517578
798,7,90,0.0010690689086914062
799,8,90,0.000985860824584961
800,9,90,0.000990152359008789
801,10,90,0.0009138584136962891
802,11,90,0.0008449554443359375
803,12,90,0.0008089542388916016
804,13,90,0.0007679462432861328
805,14,90,0.0007772445678710938
806,15,90,0.0006949901580810547
807,16,90,0.0007350444793701172
808,17,90,0.0006840229034423828
809,18,90,0.0007090568542480469
810,19,90,0.0006048679351806641
811,20,90,0.0006892681121826172
812,21,90,0.0006680488586425781
813,22,90,0.0005700588226318359
814,23,90,0.0005478858947753906
815,24,90,0.0005359649658203125
816,25,90,0.0005738735198974609
817,26,90,0.0005879402160644531
818,27,90,0.0004909038543701172
819,28,90,0.0004899501800537109
820,29,90,0.0004658699035644531
821,30,90,0.00045990943908691406
822,31,90,0.0004622936248779297
823,32,90,0.0004413127899169922
824,33,90,0.0004138946533203125
825,34,90,0.0004839897155761719
826,35,90,0.000370025634765625
827,36,90,0.0004153251647949219
828,37,90,0.00040793418884277344
829,38,90,0.0003991127014160156
830,39,90,0.00039005279541015625
831,40,90,0.0004189014434814453
832,41,90,0.00039505958557128906
833,42,90,0.00042819976806640625
834,43,90,0.0004429817199707031
835,44,90,0.0003857612609863281
836,45,90,0.00038123130798339844
837,46,90,0.0003452301025390625
838,47,90,0.00037598609924316406
839,48,90,0.00036025047302246094
840,49,90,0.00034618377685546875
841,50,90,0.0003349781036376953
842,51,90,0.0003502368927001953
843,52,90,0.0003368854522705078
844,53,90,0.0003330707550048828
845,54,90,0.0003287792205810547
846,55,90,0.00032901763916015625
847,56,90,0.000308990478515625
848,57,90,0.00037097930908203125
849,58,90,0.000392913818359375
850,59,90,0.0004000663757324219
851,60,90,0.0004222393035888672
852,61,90,0.0003762245178222656
853,62,90,0.0003249645233154297
854,63,90,0.0003800392150878906
855,64,90,0.00034999847412109375
856,65,90,0.00032901763916015625
857,66,90,0.0003819465637207031
858,67,90,0.00032210350036621094
859,68,90,0.0003180503845214844
860,69,90,0.0003829002380371094
861,70,90,0.0003490447998046875
862,71,90,0.0003540515899658203
863,72,90,0.0003371238708496094
864,73,90,0.00030994415283203125
865,74,90,0.00028014183044433594
866,75,90,0.0003180503845214844
867,76,90,0.0003380775451660156
868,77,90,0.0003008842468261719
869,78,90,0.0002753734588623047
870,79,90,0.00027632713317871094
871,80,90,0.00026917457580566406
872,81,90,0.0003399848937988281
873,82,90,0.0003380775451660156
874,83,90,0.00031685829162597656
875,84,90,0.0003299713134765625
876,85,90,0.00031375885009765625
877,86,90,0.00033092498779296875
878,87,90,0.0003159046173095703
879,88,90,0.0003361701965332031
880,89,90,0.00025773048400878906
881,90,90,0.00028514862060546875
882,91,90,0.00025200843811035156
883,92,90,0.0002529621124267578
884,93,90,0.0003020763397216797
885,94,90,0.00028967857360839844
886,95,90,0.00023293495178222656
887,96,90,0.000244140625
888,97,90,0.00023698806762695312
889,98,90,0.00023818016052246094
890,99,90,0.00024199485778808594
891,1,100,0.0025691986083984375
892,2,100,0.001798868179321289
893,3,100,0.0015399456024169922
894,4,100,0.0018742084503173828
895,5,100,0.0013740062713623047
896,6,100,0.0013968944549560547
897,7,100,0.0012888908386230469
898,8,100,0.0013849735260009766
899,9,100,0.0011332035064697266
900,10,100,0.0010650157928466797
901,11,100,0.0010578632354736328
902,12,100,0.0010297298431396484
903,13,100,0.0009620189666748047
904,14,100,0.0008921623229980469
905,15,100,0.000843048095703125
906,16,100,0.0008409023284912109
907,17,100,0.0007963180541992188
908,18,100,0.0007989406585693359
909,19,100,0.0008549690246582031
910,20,100,0.0007588863372802734
911,21,100,0.0007371902465820312
912,22,100,0.0006687641143798828
913,23,100,0.0007288455963134766
914,24,100,0.0006682872772216797
915,25,100,0.0006270408630371094
916,26,100,0.0005748271942138672
917,27,100,0.0005991458892822266
918,28,100,0.0005769729614257812
919,29,100,0.0005698204040527344
920,30,100,0.0005660057067871094
921,31,100,0.0005319118499755859
922,32,100,0.0005183219909667969
923,33,100,0.0005199909210205078
924,34,100,0.0005681514739990234
925,35,100,0.00047397613525390625
926,36,100,0.0005800724029541016
927,37,100,0.0005240440368652344
928,38,100,0.0005369186401367188
929,39,100,0.00042700767517089844
930,40,100,0.010143041610717773
931,41,100,0.000514984130859375
932,42,100,0.0004191398620605469
933,43,100,0.0004200935363769531
934,44,100,0.00041794776916503906
935,45,100,0.00040078163146972656
936,46,100,0.0004138946533203125
937,47,100,0.00041294097900390625
938,48,100,0.00044417381286621094
939,49,100,0.0004949569702148438
940,50,100,0.0003998279571533203
941,51,100,0.0004642009735107422
942,52,100,0.0003910064697265625
943,53,100,0.0004258155822753906
944,54,100,0.00042700767517089844
945,55,100,0.0004489421844482422
946,56,100,0.00044083595275878906
947,57,100,0.00044608116149902344
948,58,100,0.000396728515625
949,59,100,0.0003559589385986328
950,60,100,0.00038313865661621094
951,61,100,0.0003731250762939453
952,62,100,0.0003571510314941406
953,63,100,0.0004222393035888672
954,64,100,0.00038504600524902344
955,65,100,0.00038814544677734375
956,66,100,0.0003390312194824219
957,67,100,0.00042700767517089844
958,68,100,0.00038504600524902344
959,69,100,0.0003650188446044922
960,70,100,0.0003840923309326172
961,71,100,0.00035190582275390625
962,72,100,0.0004341602325439453
963,73,100,0.0003287792205810547
964,74,100,0.0003819465637207031
965,75,100,0.0004134178161621094
966,76,100,0.00034689903259277344
967,77,100,0.0003337860107421875
968,78,100,0.0003070831298828125
969,79,100,0.0003390312194824219
970,80,100,0.00032591819763183594
971,81,100,0.00038814544677734375
972,82,100,0.00032019615173339844
973,83,100,0.0003142356872558594
974,84,100,0.0003209114074707031
975,85,100,0.0003650188446044922
976,86,100,0.0003819465637207031
977,87,100,0.00033092498779296875
978,88,100,0.00030112266540527344
979,89,100,0.0003669261932373047
980,90,100,0.0003170967102050781
981,91,100,0.0003249645233154297
982,92,100,0.00032901763916015625
983,93,100,0.0002980232238769531
984,94,100,0.0003192424774169922
985,95,100,0.0003390312194824219
986,96,100,0.00035309791564941406
987,97,100,0.00030803680419921875
988,98,100,0.0002899169921875
989,99,100,0.0002980232238769531
990,1,110,0.0032091140747070312
991,2,110,0.002384185791015625
992,3,110,0.001863241195678711
993,4,110,0.00173187255859375
994,5,110,0.001600027084350586
995,6,110,0.0016608238220214844
996,7,110,0.0015323162078857422
997,8,110,0.0013608932495117188
998,9,110,0.0012409687042236328
999,10,110,0.001291036605834961
1000,11,110,0.0012259483337402344
1001,12,110,0.0011429786682128906
1002,13,110,0.0010790824890136719
1003,14,110,0.0010769367218017578
1004,15,110,0.0010309219360351562
1005,16,110,0.0011107921600341797
1006,17,110,0.0009510517120361328
1007,18,110,0.0010192394256591797
1008,19,110,0.0009627342224121094
1009,20,110,0.0009300708770751953
1010,21,110,0.0009222030639648438
1011,22,110,0.0008680820465087891
1012,23,110,0.0008099079132080078
1013,24,110,0.0007538795471191406
1014,25,110,0.0007979869842529297
1015,26,110,0.0007271766662597656
1016,27,110,0.0007867813110351562
1017,28,110,0.0006847381591796875
1018,29,110,0.0006749629974365234
1019,30,110,0.0007679462432861328
1020,31,110,0.0007219314575195312
1021,32,110,0.0006480216979980469
1022,33,110,0.0006039142608642578
1023,34,110,0.0006909370422363281
1024,35,110,0.0006458759307861328
1025,36,110,0.0005898475646972656
1026,37,110,0.0005559921264648438
1027,38,110,0.00055694580078125
1028,39,110,0.0006358623504638672
1029,40,110,0.0006158351898193359
1030,41,110,0.0005350112915039062
1031,42,110,0.0005571842193603516
1032,43,110,0.0005168914794921875
1033,44,110,0.0004980564117431641
1034,45,110,0.0005800724029541016
1035,46,110,0.0005917549133300781
1036,47,110,0.0005848407745361328
1037,48,110,0.0005040168762207031
1038,49,110,0.0005409717559814453
1039,50,110,0.0004742145538330078
1040,51,110,0.0005650520324707031
1041,52,110,0.0004680156707763672
1042,53,110,0.0005471706390380859
1043,54,110,0.0004658699035644531
1044,55,110,0.0004658699035644531
1045,56,110,0.00045371055603027344
1046,57,110,0.0005092620849609375
1047,58,110,0.000415802001953125
1048,59,110,0.0005257129669189453
1049,60,110,0.00042819976806640625
1050,61,110,0.0004458427429199219
1051,62,110,0.0004210472106933594
1052,63,110,0.0004420280456542969
1053,64,110,0.0004107952117919922
1054,65,110,0.0004878044128417969
1055,66,110,0.0004639625549316406
1056,67,110,0.00048089027404785156
1057,68,110,0.000476837158203125
1058,69,110,0.0004360675811767578
1059,70,110,0.0003688335418701172
1060,71,110,0.0004012584686279297
1061,72,110,0.000396728515625
1062,73,110,0.0003876686096191406
1063,74,110,0.000408172607421875
1064,75,110,0.0004730224609375
1065,76,110,0.0003802776336669922
1066,77,110,0.0005228519439697266
1067,78,110,0.0004048347473144531
1068,79,110,0.0004608631134033203
1069,80,110,0.00047898292541503906
1070,81,110,0.0004131793975830078
1071,82,110,0.00045108795166015625
1072,83,110,0.0003650188446044922
1073,84,110,0.0003590583801269531
1074,85,110,0.0003681182861328125
1075,86,110,0.00037097930908203125
1076,87,110,0.0003631114959716797
1077,88,110,0.0003898143768310547
1078,89,110,0.0003440380096435547
1079,90,110,0.000354766845703125
1080,91,110,0.0003609657287597656
1081,92,110,0.0003657341003417969
1082,93,110,0.00036406517028808594
1083,94,110,0.00032591819763183594
1084,95,110,0.0003502368927001953
1085,96,110,0.00034689903259277344
1086,97,110,0.0003273487091064453
1087,98,110,0.00040030479431152344
1088,99,110,0.0003352165222167969
1089,1,120,0.0033500194549560547
1090,2,120,0.002610921859741211
1091,3,120,0.0023958683013916016
1092,4,120,0.0022079944610595703
1093,5,120,0.001811981201171875
1094,6,120,0.0017452239990234375
1095,7,120,0.0017251968383789062
1096,8,120,0.0016300678253173828
1097,9,120,0.0016331672668457031
1098,10,120,0.0014777183532714844
1099,11,120,0.0014319419860839844
1100,12,120,0.0013408660888671875
1101,13,120,0.0012660026550292969
1102,14,120,0.0012848377227783203
1103,15,120,0.0011856555938720703
1104,16,120,0.001149892807006836
1105,17,120,0.0010972023010253906
1106,18,120,0.0010421276092529297
1107,19,120,0.0010061264038085938
1108,20,120,0.0010540485382080078
1109,21,120,0.0009129047393798828
1110,22,120,0.0009210109710693359
1111,23,120,0.0009140968322753906
1112,24,120,0.0009129047393798828
1113,25,120,0.0009505748748779297
1114,26,120,0.0008521080017089844
1115,27,120,0.0008742809295654297
1116,28,120,0.0008859634399414062
1117,29,120,0.0007801055908203125
1118,30,120,0.0008721351623535156
1119,31,120,0.0008080005645751953
1120,32,120,0.0007212162017822266
1121,33,120,0.0006880760192871094
1122,34,120,0.0007290840148925781
1123,35,120,0.007743358612060547
1124,36,120,0.0006830692291259766
1125,37,120,0.0006480216979980469
1126,38,120,0.0006279945373535156
1127,39,120,0.0006127357482910156
1128,40,120,0.0007290840148925781
1129,41,120,0.0006139278411865234
1130,42,120,0.0006847381591796875
1131,43,120,0.0006289482116699219
1132,44,120,0.0005509853363037109
1133,45,120,0.0006451606750488281
1134,46,120,0.0005371570587158203
1135,47,120,0.0005640983581542969
1136,48,120,0.0006392002105712891
1137,49,120,0.0005359649658203125
1138,50,120,0.0006401538848876953
1139,51,120,0.0006229877471923828
1140,52,120,0.0005571842193603516
1141,53,120,0.0006201267242431641
1142,54,120,0.0005192756652832031
1143,55,120,0.00063323974609375
1144,56,120,0.0005991458892822266
1145,57,120,0.0006239414215087891
1146,58,120,0.0005190372467041016
1147,59,120,0.0005977153778076172
1148,60,120,0.0005147457122802734
1149,61,120,0.0004930496215820312
1150,62,120,0.000476837158203125
1151,63,120,0.000576019287109375
1152,64,120,0.0004830360412597656
1153,65,120,0.00047898292541503906
1154,66,120,0.00044989585876464844
1155,67,120,0.0005347728729248047
1156,68,120,0.00044608116149902344
1157,69,120,0.0004410743713378906
1158,70,120,0.0005629062652587891
1159,71,120,0.00055694580078125
1160,72,120,0.00047707557678222656
1161,73,120,0.0005180835723876953
1162,74,120,0.0005419254302978516
1163,75,120,0.0004410743713378906
1164,76,120,0.0005719661712646484
1165,77,120,0.0004467964172363281
1166,78,120,0.00042510032653808594
1167,79,120,0.0004470348358154297
1168,80,120,0.0005047321319580078
1169,81,120,0.0004611015319824219
1170,82,120,0.0005471706390380859
1171,83,120,0.0004229545593261719
1172,84,120,0.000453948974609375
1173,85,120,0.00043702125549316406
1174,86,120,0.0005459785461425781
1175,87,120,0.0004401206970214844
1176,88,120,0.0004189014434814453
1177,89,120,0.0004820823669433594
1178,90,120,0.0005068778991699219
1179,91,120,0.0004050731658935547
1180,92,120,0.00039768218994140625
1181,93,120,0.0003771781921386719
1182,94,120,0.0003819465637207031
1183,95,120,0.0004718303680419922
1184,96,120,0.0003771781921386719
1185,97,120,0.0004451274871826172
1186,98,120,0.00038313865661621094
1187,99,120,0.00039887428283691406
1188,1,130,0.0035309791564941406
1189,2,130,0.0036458969116210938
1190,3,130,0.0026412010192871094
1191,4,130,0.002727985382080078
1192,5,130,0.002711057662963867
1193,6,130,0.0031082630157470703
1194,7,130,0.0021619796752929688
1195,8,130,0.0019409656524658203
1196,9,130,0.0018973350524902344
1197,10,130,0.001764059066772461
1198,11,130,0.0018177032470703125
1199,12,130,0.0018799304962158203
1200,13,130,0.001734018325805664
1201,14,130,0.0016090869903564453
1202,15,130,0.0013759136199951172
1203,16,130,0.0012981891632080078
1204,17,130,0.001276254653930664
1205,18,130,0.0012748241424560547
1206,19,130,0.0014052391052246094
1207,20,130,0.0012726783752441406
1208,21,130,0.0012738704681396484
1209,22,130,0.0012080669403076172
1210,23,130,0.0010390281677246094
1211,24,130,0.0010211467742919922
1212,25,130,0.0011799335479736328
1213,26,130,0.0011360645294189453
1214,27,130,0.0009381771087646484
1215,28,130,0.0009179115295410156
1216,29,130,0.0011088848114013672
1217,30,130,0.0008940696716308594
1218,31,130,0.0010051727294921875
1219,32,130,0.0008339881896972656
1220,33,130,0.0007879734039306641
1221,34,130,0.0009472370147705078
1222,35,130,0.0009012222290039062
1223,36,130,0.0008015632629394531
1224,37,130,0.0008268356323242188
1225,38,130,0.0008561611175537109
1226,39,130,0.0008933544158935547
1227,40,130,0.0008802413940429688
1228,41,130,0.0008299350738525391
1229,42,130,0.0008199214935302734
1230,43,130,0.0008149147033691406
1231,44,130,0.0006668567657470703
1232,45,130,0.0008251667022705078
1233,46,130,0.0006546974182128906
1234,47,130,0.0007338523864746094
1235,48,130,0.0007739067077636719
1236,49,130,0.0006120204925537109
1237,50,130,0.0006768703460693359
1238,51,130,0.0008051395416259766
1239,52,130,0.0007479190826416016
1240,53,130,0.0007331371307373047
1241,54,130,0.0006961822509765625
1242,55,130,0.0007128715515136719
1243,56,130,0.0006959438323974609
1244,57,130,0.0006990432739257812
1245,58,130,0.0006501674652099609
1246,59,130,0.0007081031799316406
1247,60,130,0.0007219314575195312
1248,61,130,0.0005550384521484375
1249,62,130,0.0005538463592529297
1250,63,130,0.0005521774291992188
1251,64,130,0.0005800724029541016
1252,65,130,0.0007030963897705078
1253,66,130,0.000698089599609375
1254,67,130,0.0006778240203857422
1255,68,130,0.0005671977996826172
1256,69,130,0.0004961490631103516
1257,70,130,0.0004978179931640625
1258,71,130,0.0005059242248535156
1259,72,130,0.0005271434783935547
1260,73,130,0.0005171298980712891
1261,74,130,0.0004911422729492188
1262,75,130,0.0004951953887939453
1263,76,130,0.0005891323089599609
1264,77,130,0.0005650520324707031
1265,78,130,0.0006301403045654297
1266,79,130,0.0006058216094970703
1267,80,130,0.0005910396575927734
1268,81,130,0.0005481243133544922
1269,82,130,0.0004677772521972656
1270,83,130,0.0004329681396484375
1271,84,130,0.0005450248718261719
1272,85,130,0.0006420612335205078
1273,86,130,0.0004990100860595703
1274,87,130,0.0006561279296875
1275,88,130,0.0005939006805419922
1276,89,130,0.0004889965057373047
1277,90,130,0.0005600452423095703
1278,91,130,0.00045108795166015625
1279,92,130,0.00045609474182128906
1280,93,130,0.00045609474182128906
1281,94,130,0.0005891323089599609
1282,95,130,0.00046896934509277344
1283,96,130,0.0005288124084472656
1284,97,130,0.0004589557647705078
1285,98,130,0.0004661083221435547
1286,99,130,0.0004298686981201172
1287,1,140,0.004736900329589844
1288,2,140,0.0037899017333984375
1289,3,140,0.0032072067260742188
1290,4,140,0.006460905075073242
1291,5,140,0.002557992935180664
1292,6,140,0.0027849674224853516
1293,7,140,0.003648996353149414
1294,8,140,0.002198934555053711
1295,9,140,0.002173185348510742
1296,10,140,0.002313852310180664
1297,11,140,0.0021209716796875
1298,12,140,0.0019888877868652344
1299,13,140,0.0018477439880371094
1300,14,140,0.001783132553100586
1301,15,140,0.0017879009246826172
1302,16,140,0.0015218257904052734
1303,17,140,0.0015079975128173828
1304,18,140,0.0014410018920898438
1305,19,140,0.0014910697937011719
1306,20,140,0.0013320446014404297
1307,21,140,0.0013968944549560547
1308,22,140,0.001337289810180664
1309,23,140,0.0014238357543945312
1310,24,140,0.001135110855102539
1311,25,140,0.0012180805206298828
1312,26,140,0.0010781288146972656
1313,27,140,0.0012040138244628906
1314,28,140,0.0012238025665283203
1315,29,140,0.0012280941009521484
1316,30,140,0.0011501312255859375
1317,31,140,0.0009851455688476562
1318,32,140,0.0009660720825195312
1319,33,140,0.001065969467163086
1320,34,140,0.001110076904296875
1321,35,140,0.0009090900421142578
1322,36,140,0.0010159015655517578
1323,37,140,0.0010228157043457031
1324,38,140,0.0010051727294921875
1325,39,140,0.01024174690246582
1326,40,140,0.0009458065032958984
1327,41,140,0.0010311603546142578
1328,42,140,0.0010139942169189453
1329,43,140,0.0009510517120361328
1330,44,140,0.0010428428649902344
1331,45,140,0.0007200241088867188
1332,46,140,0.0009760856628417969
1333,47,140,0.0008809566497802734
1334,48,140,0.0007328987121582031
1335,49,140,0.0006940364837646484
1336,50,140,0.0007150173187255859
1337,51,140,0.0008490085601806641
1338,52,140,0.0008461475372314453
1339,53,140,0.0008389949798583984
1340,54,140,0.0006809234619140625
1341,55,140,0.0006508827209472656
1342,56,140,0.0008320808410644531
1343,57,140,0.0007190704345703125
1344,58,140,0.0007691383361816406
1345,59,140,0.0008189678192138672
1346,60,140,0.0006427764892578125
1347,61,140,0.0006270408630371094
1348,62,140,0.0006399154663085938
1349,63,140,0.0007710456848144531
1350,64,140,0.0006289482116699219
1351,65,140,0.0005970001220703125
1352,66,140,0.0006008148193359375
1353,67,140,0.0006048679351806641
1354,68,140,0.0007259845733642578
1355,69,140,0.0007171630859375
1356,70,140,0.0005869865417480469
1357,71,140,0.0005700588226318359
1358,72,140,0.0006899833679199219
1359,73,140,0.010246038436889648
1360,74,140,0.0006401538848876953
1361,75,140,0.0005559921264648438
1362,76,140,0.0005712509155273438
1363,77,140,0.0005679130554199219
1364,78,140,0.0007140636444091797
1365,79,140,0.0005609989166259766
1366,80,140,0.0007250308990478516
1367,81,140,0.0005297660827636719
1368,82,140,0.0006649494171142578
1369,83,140,0.0005466938018798828
1370,84,140,0.0005350112915039062
1371,85,140,0.0005350112915039062
1372,86,140,0.0005118846893310547
1373,87,140,0.0005030632019042969
1374,88,140,0.0005898475646972656
1375,89,140,0.0005061626434326172
1376,90,140,0.0004980564117431641
1377,91,140,0.0006122589111328125
1378,92,140,0.0005879402160644531
1379,93,140,0.0005767345428466797
1380,94,140,0.0005199909210205078
1381,95,140,0.0005331039428710938
1382,96,140,0.0005278587341308594
1383,97,140,0.0005280971527099609
1384,98,140,0.0006101131439208984
1385,99,140,0.0006101131439208984
1386,1,150,0.005041837692260742
1387,2,150,0.004683017730712891
1388,3,150,0.00380706787109375
1389,4,150,0.003720998764038086
1390,5,150,0.0033960342407226562
1391,6,150,0.003161907196044922
1392,7,150,0.0025968551635742188
1393,8,150,0.00539708137512207
1394,9,150,0.0023508071899414062
1395,10,150,0.002630949020385742
1396,11,150,0.0024261474609375
1397,12,150,0.0022237300872802734
1398,13,150,0.002264261245727539
1399,14,150,0.0021200180053710938
1400,15,150,0.001992940902709961
1401,16,150,0.0018858909606933594
1402,17,150,0.001990079879760742
1403,18,150,0.008136272430419922
1404,19,150,0.00168609619140625
1405,20,150,0.0015943050384521484
1406,21,150,0.0015041828155517578
1407,22,150,0.00167083740234375
1408,23,150,0.0016570091247558594
1409,24,150,0.0015609264373779297
1410,25,150,0.0014760494232177734
1411,26,150,0.0011959075927734375
1412,27,150,0.001230001449584961
1413,28,150,0.0013980865478515625
1414,29,150,0.0011730194091796875
1415,30,150,0.0013039112091064453
1416,31,150,0.0011010169982910156
1417,32,150,0.0010731220245361328
1418,33,150,0.0010759830474853516
1419,34,150,0.0010731220245361328
1420,35,150,0.0011839866638183594
1421,36,150,0.0010249614715576172
1422,37,150,0.0011179447174072266
1423,38,150,0.0011582374572753906
1424,39,150,0.0009620189666748047
1425,40,150,0.001127004623413086
1426,41,150,0.0010921955108642578
1427,42,150,0.0011348724365234375
1428,43,150,0.0010859966278076172
1429,44,150,0.0010290145874023438
1430,45,150,0.0008599758148193359
1431,46,150,0.0010280609130859375
1432,47,150,0.0010700225830078125
1433,48,150,0.0008039474487304688
1434,49,150,0.0008161067962646484
1435,50,150,0.0010747909545898438
1436,51,150,0.0007748603820800781
1437,52,150,0.0007801055908203125
1438,53,150,0.0009694099426269531
1439,54,150,0.000762939453125
1440,55,150,0.0008838176727294922
1441,56,150,0.0009491443634033203
1442,57,150,0.0008189678192138672
1443,58,150,0.010308980941772461
1444,59,150,0.0007619857788085938
1445,60,150,0.0007081031799316406
1446,61,150,0.0006721019744873047
1447,62,150,0.0008351802825927734
1448,63,150,0.0006680488586425781
1449,64,150,0.0006837844848632812
1450,65,150,0.0006940364837646484
1451,66,150,0.0008409023284912109
1452,67,150,0.000820159912109375
1453,68,150,0.0006549358367919922
1454,69,150,0.0006849765777587891
1455,70,150,0.0008893013000488281
1456,71,150,0.0009028911590576172
1457,72,150,0.0008311271667480469
1458,73,150,0.0008881092071533203
1459,74,150,0.0008528232574462891
1460,75,150,0.0006539821624755859
1461,76,150,0.0006268024444580078
1462,77,150,0.0006339550018310547
1463,78,150,0.0008928775787353516
1464,79,150,0.0006399154663085938
1465,80,150,0.0007359981536865234
1466,81,150,0.0007731914520263672
1467,82,150,0.00061798095703125
1468,83,150,0.0008032321929931641
1469,84,150,0.0006220340728759766
1470,85,150,0.0006029605865478516
1471,86,150,0.0005869865417480469
1472,87,150,0.0007090568542480469
1473,88,150,0.0005891323089599609
1474,89,150,0.0006000995635986328
1475,90,150,0.0006718635559082031
1476,91,150,0.0005631446838378906
1477,92,150,0.0006988048553466797
1478,93,150,0.0005729198455810547
1479,94,150,0.0005550384521484375
1480,95,150,0.0006310939788818359
1481,96,150,0.0006971359252929688
1482,97,150,0.0005447864532470703
1483,98,150,0.0007159709930419922
1484,99,150,0.0005900859832763672
1485,1,160,0.00852513313293457
1486,2,160,0.005265235900878906
1487,3,160,0.0044519901275634766
1488,4,160,0.003565073013305664
1489,5,160,0.0032851696014404297
1490,6,160,0.0035400390625
1491,7,160,0.0030558109283447266
1492,8,160,0.0028460025787353516
1493,9,160,0.002749204635620117
1494,10,160,0.00255584716796875
1495,11,160,0.0025441646575927734
1496,12,160,0.0026237964630126953
1497,13,160,0.0022008419036865234
1498,14,160,0.0022819042205810547
1499,15,160,0.002034902572631836
1500,16,160,0.0019960403442382812
1501,17,160,0.0021402835845947266
1502,18,160,0.0018470287322998047
1503,19,160,0.0018279552459716797
1504,20,160,0.0018649101257324219
1505,21,160,0.0018818378448486328
1506,22,160,0.001728057861328125
1507,23,160,0.0017189979553222656
1508,24,160,0.0017321109771728516
1509,25,160,0.001644134521484375
1510,26,160,0.0015990734100341797
1511,27,160,0.001550912857055664
1512,28,160,0.0013208389282226562
1513,29,160,0.0014891624450683594
1514,30,160,0.0014760494232177734
1515,31,160,0.0012669563293457031
1516,32,160,0.0012578964233398438
1517,33,160,0.0014071464538574219
1518,34,160,0.0013949871063232422
1519,35,160,0.0013430118560791016
1520,36,160,0.001172780990600586
1521,37,160,0.001129150390625
1522,38,160,0.0013382434844970703
1523,39,160,0.001219034194946289
1524,40,160,0.0012040138244628906
1525,41,160,0.0010297298431396484
1526,42,160,0.0011796951293945312
1527,43,160,0.0010318756103515625
1528,44,160,0.001194000244140625
1529,45,160,0.0011191368103027344
1530,46,160,0.0009369850158691406
1531,47,160,0.0011358261108398438
1532,48,160,0.0010759830474853516
1533,49,160,0.0010771751403808594
1534,50,160,0.0010800361633300781
1535,51,160,0.0008647441864013672
1536,52,160,0.0010297298431396484
1537,53,160,0.001008749008178711
1538,54,160,0.0009169578552246094
1539,55,160,0.0008680820465087891
1540,56,160,0.0009942054748535156
1541,57,160,0.0010230541229248047
1542,58,160,0.001085042953491211
1543,59,160,0.0008091926574707031
1544,60,160,0.0009632110595703125
1545,61,160,0.0007548332214355469
1546,62,160,0.0007500648498535156
1547,63,160,0.0007648468017578125
1548,64,160,0.0007860660552978516
1549,65,160,0.0008971691131591797
1550,66,160,0.0009360313415527344
1551,67,160,0.000743865966796875
1552,68,160,0.0007522106170654297
1553,69,160,0.0009021759033203125
1554,70,160,0.0009031295776367188
1555,71,160,0.0007379055023193359
1556,72,160,0.0007488727569580078
1557,73,160,0.0008871555328369141
1558,74,160,0.0007560253143310547
1559,75,160,0.0008738040924072266
1560,76,160,0.0007250308990478516
1561,77,160,0.000885009765625
1562,78,160,0.0007300376892089844
1563,79,160,0.0007219314575195312
1564,80,160,0.0008337497711181641
1565,81,160,0.0007340908050537109
1566,82,160,0.0007989406585693359
1567,83,160,0.0007028579711914062
1568,84,160,0.0006880760192871094
1569,85,160,0.0007922649383544922
1570,86,160,0.0007710456848144531
1571,87,160,0.0006730556488037109
1572,88,160,0.0006628036499023438
1573,89,160,0.0007581710815429688
1574,90,160,0.0007708072662353516
1575,91,160,0.0006649494171142578
1576,92,160,0.0007481575012207031
1577,93,160,0.0006320476531982422
1578,94,160,0.0006158351898193359
1579,95,160,0.0007157325744628906
1580,96,160,0.0006279945373535156
1581,97,160,0.0007002353668212891
1582,98,160,0.0010018348693847656
1583,99,160,0.0006279945373535156
1584,1,170,0.0061016082763671875
1585,2,170,0.0063397884368896484
1586,3,170,0.011584997177124023
1587,4,170,0.004570960998535156
1588,5,170,0.003732919692993164
1589,6,170,0.00373077392578125
1590,7,170,0.003448963165283203
1591,8,170,0.0033462047576904297
1592,9,170,0.003098011016845703
1593,10,170,0.003226041793823242
1594,11,170,0.0028238296508789062
1595,12,170,0.0026929378509521484
1596,13,170,0.002613067626953125
1597,14,170,0.0024700164794921875
1598,15,170,0.0023851394653320312
1599,16,170,0.002334117889404297
1600,17,170,0.0022079944610595703
1601,18,170,0.0022950172424316406
1602,19,170,0.002131938934326172
1603,20,170,0.0019698143005371094
1604,21,170,0.0019431114196777344
1605,22,170,0.0017430782318115234
1606,23,170,0.0017499923706054688
1607,24,170,0.001714944839477539
1608,25,170,0.0016019344329833984
1609,26,170,0.0015590190887451172
1610,27,170,0.00177001953125
1611,28,170,0.0015101432800292969
1612,29,170,0.0016701221466064453
1613,30,170,0.0014069080352783203
1614,31,170,0.0014090538024902344
1615,32,170,0.001361846923828125
1616,33,170,0.0014922618865966797
1617,34,170,0.001310110092163086
1618,35,170,0.0014352798461914062
1619,36,170,0.0012450218200683594
1620,37,170,0.0011992454528808594
1621,38,170,0.0014340877532958984
1622,39,170,0.001180887222290039
1623,40,170,0.0011749267578125
1624,41,170,0.0011403560638427734
1625,42,170,0.0013239383697509766
1626,43,170,0.0011258125305175781
1627,44,170,0.0012469291687011719
1628,45,170,0.0012667179107666016
1629,46,170,0.0010478496551513672
1630,47,170,0.0010488033294677734
1631,48,170,0.001192331314086914
1632,49,170,0.0010402202606201172
1633,50,170,0.0012211799621582031
1634,51,170,0.0009920597076416016
1635,52,170,0.0012149810791015625
1636,53,170,0.0009791851043701172
1637,54,170,0.0011205673217773438
1638,55,170,0.001132965087890625
1639,56,170,0.0009670257568359375
1640,57,170,0.0011260509490966797
1641,58,170,0.0009210109710693359
1642,59,170,0.0026123523712158203
1643,60,170,0.0010819435119628906
1644,61,170,0.0011441707611083984
1645,62,170,0.0011217594146728516
1646,63,170,0.00084686279296875
1647,64,170,0.0008249282836914062
1648,65,170,0.0008330345153808594
1649,66,170,0.0008001327514648438
1650,67,170,0.0010330677032470703
1651,68,170,0.0010020732879638672
1652,69,170,0.0010268688201904297
1653,70,170,0.0008120536804199219
1654,71,170,0.0010259151458740234
1655,72,170,0.0008106231689453125
1656,73,170,0.0009951591491699219
1657,74,170,0.0008070468902587891
1658,75,170,0.0007841587066650391
1659,76,170,0.0009608268737792969
1660,77,170,0.0007851123809814453
1661,78,170,0.0009872913360595703
1662,79,170,0.0009849071502685547
1663,80,170,0.0007791519165039062
1664,81,170,0.0007879734039306641
1665,82,170,0.0009112358093261719
1666,83,170,0.000766754150390625
1667,84,170,0.0009663105010986328
1668,85,170,0.0007698535919189453
1669,86,170,0.0007228851318359375
1670,87,170,0.0007581710815429688
1671,88,170,0.0008709430694580078
1672,89,170,0.0007343292236328125
1673,90,170,0.0008757114410400391
1674,91,170,0.0007040500640869141
1675,92,170,0.0008130073547363281
1676,93,170,0.0007920265197753906
1677,94,170,0.0008130073547363281
1678,95,170,0.0007259845733642578
1679,96,170,0.0008628368377685547
1680,97,170,0.0007851123809814453
1681,98,170,0.0007460117340087891
1682,99,170,0.0008020401000976562
1683,1,180,0.007169008255004883
1684,2,180,0.004968881607055664
1685,3,180,0.0045642852783203125
1686,4,180,0.0044100284576416016
1687,5,180,0.004041910171508789
1688,6,180,0.00409388542175293
1689,7,180,0.0038619041442871094
1690,8,180,0.0037970542907714844
1691,9,180,0.003582000732421875
1692,10,180,0.0035429000854492188
1693,11,180,0.010483026504516602
1694,12,180,0.0031909942626953125
1695,13,180,0.002803802490234375
1696,14,180,0.0028259754180908203
1697,15,180,0.0026290416717529297
1698,16,180,0.002444744110107422
1699,17,180,0.002593994140625
1700,18,180,0.002359151840209961
1701,19,180,0.002262115478515625
1702,20,180,0.002198934555053711
1703,21,180,0.0024328231811523438
1704,22,180,0.0020270347595214844
1705,23,180,0.00215911865234375
1706,24,180,0.0021429061889648438
1707,25,180,0.0020368099212646484
1708,26,180,0.0017268657684326172
1709,27,180,0.0017211437225341797
1710,28,180,0.0016560554504394531
1711,29,180,0.001894235610961914
1712,30,180,0.0015919208526611328
1713,31,180,0.0014829635620117188
1714,32,180,0.0016751289367675781
1715,33,180,0.0017230510711669922
1716,34,180,0.0016400814056396484
1717,35,180,0.0016231536865234375
1718,36,180,0.0014431476593017578
1719,37,180,0.0015568733215332031
1720,38,180,0.0016319751739501953
1721,39,180,0.0012869834899902344
1722,40,180,0.0012969970703125
1723,41,180,0.001556396484375
1724,42,180,0.001486063003540039
1725,43,180,0.0012469291687011719
1726,44,180,0.0012230873107910156
1727,45,180,0.0014052391052246094
1728,46,180,0.0011987686157226562
1729,47,180,0.0011529922485351562
1730,48,180,0.0011501312255859375
1731,49,180,0.0013439655303955078
1732,50,180,0.0011088848114013672
1733,51,180,0.0010881423950195312
1734,52,180,0.0012941360473632812
1735,53,180,0.001088857650756836
1736,54,180,0.001348733901977539
1737,55,180,0.0012459754943847656
1738,56,180,0.0010290145874023438
1739,57,180,0.0011470317840576172
1740,58,180,0.0009999275207519531
1741,59,180,0.000997781753540039
1742,60,180,0.0012433528900146484
1743,61,180,0.0011687278747558594
1744,62,180,0.0011501312255859375
1745,63,180,0.0011899471282958984
1746,64,180,0.0009610652923583984
1747,65,180,0.00096893310546875
1748,66,180,0.0009527206420898438
1749,67,180,0.0009272098541259766
1750,68,180,0.0008938312530517578
1751,69,180,0.0008969306945800781
1752,70,180,0.0008609294891357422
1753,71,180,0.0008900165557861328
1754,72,180,0.0012068748474121094
1755,73,180,0.0011429786682128906
1756,74,180,0.0011680126190185547
1757,75,180,0.0011029243469238281
1758,76,180,0.0009572505950927734
1759,77,180,0.0011248588562011719
1760,78,180,0.0008909702301025391
1761,79,180,0.0008580684661865234
1762,80,180,0.0010471343994140625
1763,81,180,0.0010840892791748047
1764,82,180,0.0010139942169189453
1765,83,180,0.0008382797241210938
1766,84,180,0.0009889602661132812
1767,85,180,0.0008268356323242188
1768,86,180,0.0010488033294677734
1769,87,180,0.0008349418640136719
1770,88,180,0.0010471343994140625
1771,89,180,0.0009636878967285156
1772,90,180,0.0009427070617675781
1773,91,180,0.0010161399841308594
1774,92,180,0.0007958412170410156
1775,93,180,0.0010030269622802734
1776,94,180,0.0008962154388427734
1777,95,180,0.0007832050323486328
1778,96,180,0.0009021759033203125
1779,97,180,0.0009090900421142578
1780,98,180,0.0007698535919189453
1781,99,180,0.0007910728454589844
1782,1,190,0.009025096893310547
1783,2,190,0.0068111419677734375
1784,3,190,0.004926919937133789
1785,4,190,0.005017995834350586
1786,5,190,0.004624843597412109
1787,6,190,0.00446319580078125
1788,7,190,0.0041961669921875
1789,8,190,0.004352092742919922
1790,9,190,0.0037682056427001953
1791,10,190,0.00403285026550293
1792,11,190,0.0035588741302490234
1793,12,190,0.0037407875061035156
1794,13,190,0.0031430721282958984
1795,14,190,0.0030498504638671875
1796,15,190,0.0032210350036621094
1797,16,190,0.0029230117797851562
1798,17,190,0.0026640892028808594
1799,18,190,0.0026540756225585938
1800,19,190,0.0028531551361083984
1801,20,190,0.002653837203979492
1802,21,190,0.002591848373413086
1803,22,190,0.002504110336303711
1804,23,190,0.002465963363647461
1805,24,190,0.002034902572631836
1806,25,190,0.0022330284118652344
1807,26,190,0.002190113067626953
1808,27,190,0.001909017562866211
1809,28,190,0.002140045166015625
1810,29,190,0.0020799636840820312
1811,30,190,0.002025127410888672
1812,31,190,0.0020151138305664062
1813,32,190,0.0016961097717285156
1814,33,190,0.0015971660614013672
1815,34,190,0.001569986343383789
1816,35,190,0.0015308856964111328
1817,36,190,0.0018749237060546875
1818,37,190,0.0018057823181152344
1819,38,190,0.001873016357421875
1820,39,190,0.0018320083618164062
1821,40,190,0.0014357566833496094
1822,41,190,0.0014197826385498047
1823,42,190,0.0013730525970458984
1824,43,190,0.0014221668243408203
1825,44,190,0.0013599395751953125
1826,45,190,0.010806083679199219
1827,46,190,0.001589059829711914
1828,47,190,0.00130462646484375
1829,48,190,0.0013151168823242188
1830,49,190,0.0016322135925292969
1831,50,190,0.001542806625366211
1832,51,190,0.0015950202941894531
1833,52,190,0.001238107681274414
1834,53,190,0.0015101432800292969
1835,54,190,0.001127004623413086
1836,55,190,0.0014338493347167969
1837,56,190,0.0011768341064453125
1838,57,190,0.0015349388122558594
1839,58,190,0.001280069351196289
1840,59,190,0.0013880729675292969
1841,60,190,0.0011620521545410156
1842,61,190,0.0013928413391113281
1843,62,190,0.0010709762573242188
1844,63,190,0.0010721683502197266
1845,64,190,0.0016329288482666016
1846,65,190,0.0012729167938232422
1847,66,190,0.0010638236999511719
1848,67,190,0.0014309883117675781
1849,68,190,0.0010390281677246094
1850,69,190,0.0013611316680908203
1851,70,190,0.000990152359008789
1852,71,190,0.0009968280792236328
1853,72,190,0.000985860824584961
1854,73,190,0.0012359619140625
1855,74,190,0.0009579658508300781
1856,75,190,0.0012891292572021484
1857,76,190,0.0009510517120361328
1858,77,190,0.0009491443634033203
1859,78,190,0.001127004623413086
1860,79,190,0.0009388923645019531
1861,80,190,0.0009179115295410156
1862,81,190,0.0011289119720458984
1863,82,190,0.0011882781982421875
1864,83,190,0.0009260177612304688
1865,84,190,0.000926971435546875
1866,85,190,0.0010700225830078125
1867,86,190,0.0011942386627197266
1868,87,190,0.0012650489807128906
1869,88,190,0.0009310245513916016
1870,89,190,0.0009112358093261719
1871,90,190,0.0011451244354248047
1872,91,190,0.0010488033294677734
1873,92,190,0.0008881092071533203
1874,93,190,0.0008900165557861328
1875,94,190,0.0009388923645019531
1876,95,190,0.0010302066802978516
1877,96,190,0.0009648799896240234
1878,97,190,0.0010390281677246094
1879,98,190,0.0009357929229736328
1880,99,190,0.0011191368103027344
1881,1,200,0.011344194412231445
1882,2,200,0.008623123168945312
1883,3,200,0.0064849853515625
1884,4,200,0.005521059036254883
1885,5,200,0.005028724670410156
1886,6,200,0.004728794097900391
1887,7,200,0.004705905914306641
1888,8,200,0.004509925842285156
1889,9,200,0.004407167434692383
1890,10,200,0.004057884216308594
1891,11,200,0.0040280818939208984
1892,12,200,0.003740072250366211
1893,13,200,0.0035219192504882812
1894,14,200,0.003351926803588867
1895,15,200,0.003180980682373047
1896,16,200,0.0031228065490722656
1897,17,200,0.0029501914978027344
1898,18,200,0.0028619766235351562
1899,19,200,0.0027081966400146484
1900,20,200,0.003016948699951172
1901,21,200,0.0029528141021728516
1902,22,200,0.002928018569946289
1903,23,200,0.0023908615112304688
1904,24,200,0.002354145050048828
1905,25,200,0.0024750232696533203
1906,26,200,0.002107858657836914
1907,27,200,0.0021429061889648438
1908,28,200,0.00215911865234375
1909,29,200,0.002321004867553711
1910,30,200,0.0024192333221435547
1911,31,200,0.0019540786743164062
1912,32,200,0.0021948814392089844
1913,33,200,0.001882791519165039
1914,34,200,0.0017459392547607422
1915,35,200,0.0019068717956542969
1916,36,200,0.001954793930053711
1917,37,200,0.0016448497772216797
1918,38,200,0.0016241073608398438
1919,39,200,0.0016548633575439453
1920,40,200,0.001596212387084961
1921,41,200,0.0015537738800048828
1922,42,200,0.0015590190887451172
1923,43,200,0.0017409324645996094
1924,44,200,0.0015070438385009766
1925,45,200,0.0014760494232177734
1926,46,200,0.0014410018920898438
1927,47,200,0.0014383792877197266
1928,48,200,0.001397848129272461
1929,49,200,0.0014090538024902344
1930,50,200,0.0013668537139892578
1931,51,200,0.001355886459350586
1932,52,200,0.0012888908386230469
1933,53,200,0.0013251304626464844
1934,54,200,0.0016009807586669922
1935,55,200,0.0012688636779785156
1936,56,200,0.0014929771423339844
1937,57,200,0.0015411376953125
1938,58,200,0.0016021728515625
1939,59,200,0.0012547969818115234
1940,60,200,0.0014951229095458984
1941,61,200,0.0012102127075195312
1942,62,200,0.0011761188507080078
1943,63,200,0.0013899803161621094
1944,64,200,0.001645803451538086
1945,65,200,0.001155853271484375
1946,66,200,0.00139617919921875
1947,67,200,0.0014581680297851562
1948,68,200,0.001420736312866211
1949,69,200,0.0011179447174072266
1950,70,200,0.0012669563293457031
1951,71,200,0.0011401176452636719
1952,72,200,0.0014081001281738281
1953,73,200,0.0013141632080078125
1954,74,200,0.0010638236999511719
1955,75,200,0.0010409355163574219
1956,76,200,0.001318216323852539
1957,77,200,0.0012688636779785156
1958,78,200,0.001252889633178711
1959,79,200,0.0012750625610351562
1960,80,200,0.0013518333435058594
1961,81,200,0.0009768009185791016
1962,82,200,0.0010111331939697266
1963,83,200,0.001194000244140625
1964,84,200,0.0011622905731201172
1965,85,200,0.0011339187622070312
1966,86,200,0.0009911060333251953
1967,87,200,0.0009891986846923828
1968,88,200,0.000965118408203125
1969,89,200,0.0009808540344238281
1970,90,200,0.0009801387786865234
1971,91,200,0.0009641647338867188
1972,92,200,0.0009617805480957031
1973,93,200,0.0011258125305175781
1974,94,200,0.0011708736419677734
1975,95,200,0.0012679100036621094
1976,96,200,0.0009400844573974609
1977,97,200,0.0010790824890136719
1978,98,200,0.0010919570922851562
1979,99,200,0.0010712146759033203
1980,1,210,0.010094881057739258
1981,2,210,0.008846044540405273
1982,3,210,0.012312173843383789
1983,4,210,0.006211042404174805
1984,5,210,0.005582094192504883
1985,6,210,0.0059130191802978516
1986,7,210,0.0050601959228515625
1987,8,210,0.0050160884857177734
1988,9,210,0.004476070404052734
1989,10,210,0.004626274108886719
1990,11,210,0.004189968109130859
1991,12,210,0.004016876220703125
1992,13,210,0.0036792755126953125
1993,14,210,0.003849029541015625
1994,15,210,0.0034551620483398438
1995,16,210,0.0037178993225097656
1996,17,210,0.0032110214233398438
1997,18,210,0.0033919811248779297
1998,19,210,0.0033507347106933594
1999,20,210,0.002947092056274414
2000,21,210,0.002790212631225586
2001,22,210,0.002674102783203125
2002,23,210,0.0025768280029296875
2003,24,210,0.0025720596313476562
2004,25,210,0.0027480125427246094
2005,26,210,0.0023517608642578125
2006,27,210,0.002683877944946289
2007,28,210,0.0022919178009033203
2008,29,210,0.0025789737701416016
2009,30,210,0.0028867721557617188
2010,31,210,0.0022821426391601562
2011,32,210,0.0023038387298583984
2012,33,210,0.002234935760498047
2013,34,210,0.0023758411407470703
2014,35,210,0.0023250579833984375
2015,36,210,0.002209186553955078
2016,37,210,0.002094745635986328
2017,38,210,0.002137899398803711
2018,39,210,0.0020782947540283203
2019,40,210,0.001766204833984375
2020,41,210,0.002074718475341797
2021,42,210,0.002110004425048828
2022,43,210,0.0016667842864990234
2023,44,210,0.0018460750579833984
2024,45,210,0.0016241073608398438
2025,46,210,0.001859903335571289
2026,47,210,0.0018780231475830078
2027,48,210,0.0015442371368408203
2028,49,210,0.0015850067138671875
2029,50,210,0.0015332698822021484
2030,51,210,0.0014688968658447266
2031,52,210,0.0014505386352539062
2032,53,210,0.0014309883117675781
2033,54,210,0.0017180442810058594
2034,55,210,0.0017211437225341797
2035,56,210,0.0017206668853759766
2036,57,210,0.0013556480407714844
2037,58,210,0.0016999244689941406
2038,59,210,0.0013148784637451172
2039,60,210,0.0016369819641113281
2040,61,210,0.001332998275756836
2041,62,210,0.0013267993927001953
2042,63,210,0.0013041496276855469
2043,64,210,0.0015480518341064453
2044,65,210,0.0012469291687011719
2045,66,210,0.0015082359313964844
2046,67,210,0.0016350746154785156
2047,68,210,0.0016009807586669922
2048,69,210,0.0012481212615966797
2049,70,210,0.0016088485717773438
2050,71,210,0.0015070438385009766
2051,72,210,0.0012140274047851562
2052,73,210,0.0012307167053222656
2053,74,210,0.001672983169555664
2054,75,210,0.0012438297271728516
2055,76,210,0.0014939308166503906
2056,77,210,0.0011298656463623047
2057,78,210,0.0011529922485351562
2058,79,210,0.0011050701141357422
2059,80,210,0.001325845718383789
2060,81,210,0.001068115234375
2061,82,210,0.0013461112976074219
2062,83,210,0.0014262199401855469
2063,84,210,0.001348257064819336
2064,85,210,0.0010800361633300781
2065,86,210,0.0010921955108642578
2066,87,210,0.0012431144714355469
2067,88,210,0.0010349750518798828
2068,89,210,0.001049041748046875
2069,90,210,0.0010690689086914062
2070,91,210,0.0010559558868408203
2071,92,210,0.0014247894287109375
2072,93,210,0.0010571479797363281
2073,94,210,0.001249074935913086
2074,95,210,0.0010340213775634766
2075,96,210,0.0010139942169189453
2076,97,210,0.0010378360748291016
2077,98,210,0.0012459754943847656
2078,99,210,0.0011980533599853516
2079,1,220,0.015409708023071289
2080,2,220,0.009058952331542969
2081,3,220,0.006724834442138672
2082,4,220,0.00734400749206543
2083,5,220,0.006072998046875
2084,6,220,0.0057201385498046875
2085,7,220,0.005486011505126953
2086,8,220,0.005427360534667969
2087,9,220,0.005316019058227539
2088,10,220,0.005062103271484375
2089,11,220,0.004949092864990234
2090,12,220,0.0044116973876953125
2091,13,220,0.0044097900390625
2092,14,220,0.004116058349609375
2093,15,220,0.004077911376953125
2094,16,220,0.0038199424743652344
2095,17,220,0.0036368370056152344
2096,18,220,0.003741025924682617
2097,19,220,0.0036280155181884766
2098,20,220,0.0033750534057617188
2099,21,220,0.003101825714111328
2100,22,220,0.0029921531677246094
2101,23,220,0.003147125244140625
2102,24,220,0.0030241012573242188
2103,25,220,0.0027310848236083984
2104,26,220,0.002769947052001953
2105,27,220,0.0025560855865478516
2106,28,220,0.0024521350860595703
2107,29,220,0.003304004669189453
2108,30,220,0.002357959747314453
2109,31,220,0.002317190170288086
2110,32,220,0.0024690628051757812
2111,33,220,0.0027189254760742188
2112,34,220,0.002627849578857422
2113,35,220,0.0023801326751708984
2114,36,220,0.002064228057861328
2115,37,220,0.002054929733276367
2116,38,220,0.0019109249114990234
2117,39,220,0.0023021697998046875
2118,40,220,0.0021009445190429688
2119,41,220,0.0022690296173095703
2120,42,220,0.0018281936645507812
2121,43,220,0.0020270347595214844
2122,44,220,0.001737833023071289
2123,45,220,0.0020029544830322266
2124,46,220,0.0016853809356689453
2125,47,220,0.0016908645629882812
2126,48,220,0.0016291141510009766
2127,49,220,0.0020198822021484375
2128,50,220,0.0018923282623291016
2129,51,220,0.0016341209411621094
2130,52,220,0.0019130706787109375
2131,53,220,0.0016069412231445312
2132,54,220,0.0015664100646972656
2133,55,220,0.0015611648559570312
2134,56,220,0.0015349388122558594
2135,57,220,0.0019218921661376953
2136,58,220,0.0019299983978271484
2137,59,220,0.0014641284942626953
2138,60,220,0.0014431476593017578
2139,61,220,0.0018379688262939453
2140,62,220,0.001455068588256836
2141,63,220,0.0018069744110107422
2142,64,220,0.0017278194427490234
2143,65,220,0.0013840198516845703
2144,66,220,0.0014190673828125
2145,67,220,0.0017440319061279297
2146,68,220,0.0017299652099609375
2147,69,220,0.0013148784637451172
2148,70,220,0.0013167858123779297
2149,71,220,0.0016970634460449219
2150,72,220,0.0013408660888671875
2151,73,220,0.001664876937866211
2152,74,220,0.0016207695007324219
2153,75,220,0.0015628337860107422
2154,76,220,0.0015611648559570312
2155,77,220,0.0012271404266357422
2156,78,220,0.0012621879577636719
2157,79,220,0.0012311935424804688
2158,80,220,0.0012199878692626953
2159,81,220,0.0011868476867675781
2160,82,220,0.0012090206146240234
2161,83,220,0.0011551380157470703
2162,84,220,0.0011680126190185547
2163,85,220,0.0014581680297851562
2164,86,220,0.0013358592987060547
2165,87,220,0.0011360645294189453
2166,88,220,0.0011279582977294922
2167,89,220,0.001138925552368164
2168,90,220,0.001135110855102539
2169,91,220,0.0011217594146728516
2170,92,220,0.0011320114135742188
2171,93,220,0.001129150390625
2172,94,220,0.0011022090911865234
2173,95,220,0.0010859966278076172
2174,96,220,0.0012459754943847656
2175,97,220,0.0012459754943847656
2176,98,220,0.0012700557708740234
2177,99,220,0.0010879039764404297
2178,1,230,0.011454105377197266
2179,2,230,0.0076029300689697266
2180,3,230,0.008168220520019531
2181,4,230,0.008610725402832031
2182,5,230,0.006627082824707031
2183,6,230,0.006772041320800781
2184,7,230,0.006305217742919922
2185,8,230,0.006078004837036133
2186,9,230,0.0055882930755615234
2187,10,230,0.0055119991302490234
2188,11,230,0.00506901741027832
2189,12,230,0.00467681884765625
2190,13,230,0.004595041275024414
2191,14,230,0.00475621223449707
2192,15,230,0.00433039665222168
2193,16,230,0.0044558048248291016
2194,17,230,0.004318952560424805
2195,18,230,0.004096031188964844
2196,19,230,0.0039119720458984375
2197,20,230,0.00384521484375
2198,21,230,0.003632068634033203
2199,22,230,0.003262758255004883
2200,23,230,0.010873079299926758
2201,24,230,0.0037810802459716797
2202,25,230,0.0034379959106445312
2203,26,230,0.003426074981689453
2204,27,230,0.0027997493743896484
2205,28,230,0.002782106399536133
2206,29,230,0.0028531551361083984
2207,30,230,0.0027239322662353516
2208,31,230,0.0026199817657470703
2209,32,230,0.0028421878814697266
2210,33,230,0.0026578903198242188
2211,34,230,0.002357006072998047
2212,35,230,0.0026798248291015625
2213,36,230,0.0021970272064208984
2214,37,230,0.0025708675384521484
2215,38,230,0.0021638870239257812
2216,39,230,0.0024831295013427734
2217,40,230,0.002485990524291992
2218,41,230,0.0024497509002685547
2219,42,230,0.002463102340698242
2220,43,230,0.002418994903564453
2221,44,230,0.0023779869079589844
2222,45,230,0.0022869110107421875
2223,46,230,0.0023539066314697266
2224,47,230,0.002344846725463867
2225,48,230,0.0018417835235595703
2226,49,230,0.001828908920288086
2227,50,230,0.0021529197692871094
2228,51,230,0.00215911865234375
2229,52,230,0.0017621517181396484
2230,53,230,0.0022389888763427734
2231,54,230,0.001708984375
2232,55,230,0.0017108917236328125
2233,56,230,0.0021812915802001953
2234,57,230,0.0016608238220214844
2235,58,230,0.0016660690307617188
2236,59,230,0.001993894577026367
2237,60,230,0.002043008804321289
2238,61,230,0.0015859603881835938
2239,62,230,0.002008199691772461
2240,63,230,0.0016062259674072266
2241,64,230,0.001516103744506836
2242,65,230,0.0016300678253173828
2243,66,230,0.0018019676208496094
2244,67,230,0.001461029052734375
2245,68,230,0.001811981201171875
2246,69,230,0.001772165298461914
2247,70,230,0.0014870166778564453
2248,71,230,0.0014140605926513672
2249,72,230,0.0014700889587402344
2250,73,230,0.001394033432006836
2251,74,230,0.0013680458068847656
2252,75,230,0.001672983169555664
2253,76,230,0.0013928413391113281
2254,77,230,0.0017290115356445312
2255,78,230,0.0013701915740966797
2256,79,230,0.0013661384582519531
2257,80,230,0.0013670921325683594
2258,81,230,0.0013158321380615234
2259,82,230,0.0013310909271240234
2260,83,230,0.001332998275756836
2261,84,230,0.0012650489807128906
2262,85,230,0.001302957534790039
2263,86,230,0.0012972354888916016
2264,87,230,0.0012547969818115234
2265,88,230,0.0012192726135253906
2266,89,230,0.001196146011352539
2267,90,230,0.0013380050659179688
2268,91,230,0.0014269351959228516
2269,92,230,0.0011992454528808594
2270,93,230,0.0012791156768798828
2271,94,230,0.0013947486877441406
2272,95,230,0.0011949539184570312
2273,96,230,0.0012018680572509766
2274,97,230,0.0011780261993408203
2275,98,230,0.0012059211730957031
2276,99,230,0.0013360977172851562
2277,1,240,0.012565135955810547
2278,2,240,0.013280153274536133
2279,3,240,0.010402917861938477
2280,4,240,0.009954690933227539
2281,5,240,0.007513999938964844
2282,6,240,0.010988950729370117
2283,7,240,0.006779909133911133
2284,8,240,0.006516218185424805
2285,9,240,0.006061077117919922
2286,10,240,0.006285905838012695
2287,11,240,0.006109952926635742
2288,12,240,0.005457162857055664
2289,13,240,0.0049359798431396484
2290,14,240,0.00512385368347168
2291,15,240,0.004816770553588867
2292,16,240,0.004710197448730469
2293,17,240,0.004430055618286133
2294,18,240,0.0044901371002197266
2295,19,240,0.004149913787841797
2296,20,240,0.0036869049072265625
2297,21,240,0.0036263465881347656
2298,22,240,0.003490924835205078
2299,23,240,0.003364086151123047
2300,24,240,0.0037009716033935547
2301,25,240,0.0037822723388671875
2302,26,240,0.0030930042266845703
2303,27,240,0.0034439563751220703
2304,28,240,0.0028061866760253906
2305,29,240,0.003201007843017578
2306,30,240,0.0027420520782470703
2307,31,240,0.002584218978881836
2308,32,240,0.0029289722442626953
2309,33,240,0.0025968551635742188
2310,34,240,0.002482891082763672
2311,35,240,0.002505064010620117
2312,36,240,0.0028891563415527344
2313,37,240,0.002604961395263672
2314,38,240,0.0026869773864746094
2315,39,240,0.0022487640380859375
2316,40,240,0.002579927444458008
2317,41,240,0.0022029876708984375
2318,42,240,0.0025739669799804688
2319,43,240,0.002413034439086914
2320,44,240,0.0023789405822753906
2321,45,240,0.0023488998413085938
2322,46,240,0.002007007598876953
2323,47,240,0.0023071765899658203
2324,48,240,0.002293109893798828
2325,49,240,0.001968860626220703
2326,50,240,0.0023610591888427734
2327,51,240,0.001936197280883789
2328,52,240,0.0024042129516601562
2329,53,240,0.0018458366394042969
2330,54,240,0.0018596649169921875
2331,55,240,0.0018868446350097656
2332,56,240,0.002307891845703125
2333,57,240,0.0017518997192382812
2334,58,240,0.002259969711303711
2335,59,240,0.001771688461303711
2336,60,240,0.0017163753509521484
2337,61,240,0.002032041549682617
2338,62,240,0.002038717269897461
2339,63,240,0.0017218589782714844
2340,64,240,0.0019669532775878906
2341,65,240,0.0016481876373291016
2342,66,240,0.002177000045776367
2343,67,240,0.002071857452392578
2344,68,240,0.0020720958709716797
2345,69,240,0.0015697479248046875
2346,70,240,0.0015568733215332031
2347,71,240,0.001600027084350586
2348,72,240,0.0018818378448486328
2349,73,240,0.0015468597412109375
2350,74,240,0.0015039443969726562
2351,75,240,0.0017948150634765625
2352,76,240,0.001461029052734375
2353,77,240,0.001714944839477539
2354,78,240,0.0018541812896728516
2355,79,240,0.0014529228210449219
2356,80,240,0.001859903335571289
2357,81,240,0.0014309883117675781
2358,82,240,0.0013997554779052734
2359,83,240,0.0013837814331054688
2360,84,240,0.0016739368438720703
2361,85,240,0.0017142295837402344
2362,86,240,0.0017251968383789062
2363,87,240,0.001631021499633789
2364,88,240,0.0016870498657226562
2365,89,240,0.0016632080078125
2366,90,240,0.001683950424194336
2367,91,240,0.0013010501861572266
2368,92,240,0.0012960433959960938
2369,93,240,0.0015399456024169922
2370,94,240,0.0012621879577636719
2371,95,240,0.0016140937805175781
2372,96,240,0.0012717247009277344
2373,97,240,0.0013110637664794922
2374,98,240,0.001264810562133789
2375,99,240,0.0015559196472167969
2376,1,250,0.01646876335144043
2377,2,250,0.013776063919067383
2378,3,250,0.0164642333984375
2379,4,250,0.010759353637695312
2380,5,250,0.007922887802124023
2381,6,250,0.0072231292724609375
2382,7,250,0.01065683364868164
2383,8,250,0.006966114044189453
2384,9,250,0.006741046905517578
2385,10,250,0.006681919097900391
2386,11,250,0.006065845489501953
2387,12,250,0.005780935287475586
2388,13,250,0.005553007125854492
2389,14,250,0.0051229000091552734
2390,15,250,0.005197763442993164
2391,16,250,0.0051190853118896484
2392,17,250,0.004960060119628906
2393,18,250,0.0046846866607666016
2394,19,250,0.0041370391845703125
2395,20,250,0.00410008430480957
2396,21,250,0.004051923751831055
2397,22,250,0.004470109939575195
2398,23,250,0.004213094711303711
2399,24,250,0.003996849060058594
2400,25,250,0.0035021305084228516
2401,26,250,0.0033042430877685547
2402,27,250,0.003256082534790039
2403,28,250,0.0035719871520996094
2404,29,250,0.003052949905395508
2405,30,250,0.003428936004638672
2406,31,250,0.0033729076385498047
2407,32,250,0.0031118392944335938
2408,33,250,0.0030798912048339844
2409,34,250,0.0026891231536865234
2410,35,250,0.0026941299438476562
2411,36,250,0.003047943115234375
2412,37,250,0.00257110595703125
2413,38,250,0.002463817596435547
2414,39,250,0.002384185791015625
2415,40,250,0.0024101734161376953
2416,41,250,0.0023589134216308594
2417,42,250,0.0023169517517089844
2418,43,250,0.0022187232971191406
2419,44,250,0.0026988983154296875
2420,45,250,0.0027348995208740234
2421,46,250,0.002117156982421875
2422,47,250,0.0021970272064208984
2423,48,250,0.0021309852600097656
2424,49,250,0.002081632614135742
2425,50,250,0.002377033233642578
2426,51,250,0.002557992935180664
2427,52,250,0.0019860267639160156
2428,53,250,0.0019762516021728516
2429,54,250,0.002298116683959961
2430,55,250,0.0019550323486328125
2431,56,250,0.0019562244415283203
2432,57,250,0.0019502639770507812
2433,58,250,0.002329111099243164
2434,59,250,0.0018689632415771484
2435,60,250,0.0022459030151367188
2436,61,250,0.0018448829650878906
2437,62,250,0.0019068717956542969
2438,63,250,0.0018138885498046875
2439,64,250,0.0017600059509277344
2440,65,250,0.0020720958709716797
2441,66,250,0.0017840862274169922
2442,67,250,0.0017490386962890625
2443,68,250,0.0020940303802490234
2444,69,250,0.002192258834838867
2445,70,250,0.0016760826110839844
2446,71,250,0.0016489028930664062
2447,72,250,0.0016629695892333984
2448,73,250,0.002048015594482422
2449,74,250,0.0020499229431152344
2450,75,250,0.0016751289367675781
2451,76,250,0.001600027084350586
2452,77,250,0.0016062259674072266
2453,78,250,0.001953125
2454,79,250,0.0015947818756103516
2455,80,250,0.0018990039825439453
2456,81,250,0.0015590190887451172
2457,82,250,0.0015439987182617188
2458,83,250,0.0018148422241210938
2459,84,250,0.0019690990447998047
2460,85,250,0.0018680095672607422
2461,86,250,0.0018129348754882812
2462,87,250,0.0015120506286621094
2463,88,250,0.0014338493347167969
2464,89,250,0.0016210079193115234
2465,90,250,0.0014879703521728516
2466,91,250,0.0017688274383544922
2467,92,250,0.0017693042755126953
2468,93,250,0.0014429092407226562
2469,94,250,0.0015828609466552734
2470,95,250,0.0013608932495117188
2471,96,250,0.0015780925750732422
2472,97,250,0.0017080307006835938
2473,98,250,0.0015869140625
2474,99,250,0.0015118122100830078
2475,1,260,0.014921188354492188
2476,2,260,0.011898279190063477
2477,3,260,0.010915040969848633
2478,4,260,0.009107828140258789
2479,5,260,0.008453130722045898
2480,6,260,0.00896000862121582
2481,7,260,0.007845163345336914
2482,8,260,0.00857400894165039
2483,9,260,0.007229804992675781
2484,10,260,0.006807088851928711
2485,11,260,0.007213115692138672
2486,12,260,0.006636857986450195
2487,13,260,0.0060901641845703125
2488,14,260,0.006134033203125
2489,15,260,0.005396127700805664
2490,16,260,0.0049898624420166016
2491,17,260,0.005164146423339844
2492,18,260,0.0107269287109375
2493,19,260,0.004800081253051758
2494,20,260,0.005159139633178711
2495,21,260,0.0045320987701416016
2496,22,260,0.004168987274169922
2497,23,260,0.0040247440338134766
2498,24,260,0.003744840621948242
2499,25,260,0.00377655029296875
2500,26,260,0.0036830902099609375
2501,27,260,0.003936052322387695
2502,28,260,0.003805875778198242
2503,29,260,0.0038356781005859375
2504,30,260,0.003245115280151367
2505,31,260,0.003935098648071289
2506,32,260,0.003620147705078125
2507,33,260,0.003731966018676758
2508,34,260,0.003426790237426758
2509,35,260,0.0032088756561279297
2510,36,260,0.0034530162811279297
2511,37,260,0.003323078155517578
2512,38,260,0.0027251243591308594
2513,39,260,0.002698183059692383
2514,40,260,0.003233194351196289
2515,41,260,0.002949237823486328
2516,42,260,0.0030791759490966797
2517,43,260,0.003047943115234375
2518,44,260,0.0029511451721191406
2519,45,260,0.002583026885986328
2520,46,260,0.002493143081665039
2521,47,260,0.0023221969604492188
2522,48,260,0.0022373199462890625
2523,49,260,0.0027441978454589844
2524,50,260,0.0023050308227539062
2525,51,260,0.002562999725341797
2526,52,260,0.0022079944610595703
2527,53,260,0.002743959426879883
2528,54,260,0.0021009445190429688
2529,55,260,0.0026488304138183594
2530,56,260,0.002053976058959961
2531,57,260,0.002672910690307617
2532,58,260,0.0025069713592529297
2533,59,260,0.0026547908782958984
2534,60,260,0.002050161361694336
2535,61,260,0.0023670196533203125
2536,62,260,0.00199127197265625
2537,63,260,0.0019600391387939453
2538,64,260,0.0019359588623046875
2539,65,260,0.0023767948150634766
2540,66,260,0.0022110939025878906
2541,67,260,0.0018889904022216797
2542,68,260,0.0025229454040527344
2543,69,260,0.002459287643432617
2544,70,260,0.0018188953399658203
2545,71,260,0.0018160343170166016
2546,72,260,0.0018229484558105469
2547,73,260,0.0017852783203125
2548,74,260,0.002315044403076172
2549,75,260,0.0021941661834716797
2550,76,260,0.002328157424926758
2551,77,260,0.0021140575408935547
2552,78,260,0.0017709732055664062
2553,79,260,0.002271890640258789
2554,80,260,0.002003908157348633
2555,81,260,0.0020301342010498047
2556,82,260,0.0021109580993652344
2557,83,260,0.002021312713623047
2558,84,260,0.0016789436340332031
2559,85,260,0.002028942108154297
2560,86,260,0.0016431808471679688
2561,87,260,0.0020830631256103516
2562,88,260,0.0016131401062011719
2563,89,260,0.0019609928131103516
2564,90,260,0.0018739700317382812
2565,91,260,0.0018770694732666016
2566,92,260,0.001870870590209961
2567,93,260,0.001538991928100586
2568,94,260,0.0018498897552490234
2569,95,260,0.0018310546875
2570,96,260,0.002009153366088867
2571,97,260,0.0018739700317382812
2572,98,260,0.0017559528350830078
2573,99,260,0.0017468929290771484
2574,1,270,0.015496015548706055
2575,2,270,0.011510133743286133
2576,3,270,0.013720273971557617
2577,4,270,0.01213383674621582
2578,5,270,0.010269880294799805
2579,6,270,0.008520126342773438
2580,7,270,0.008318901062011719
2581,8,270,0.0084228515625
2582,9,270,0.007951021194458008
2583,10,270,0.007534980773925781
2584,11,270,0.007085084915161133
2585,12,270,0.006783962249755859
2586,13,270,0.00613093376159668
2587,14,270,0.006245136260986328
2588,15,270,0.006212711334228516
2589,16,270,0.005794048309326172
2590,17,270,0.0056841373443603516
2591,18,270,0.005699872970581055
2592,19,270,0.005012989044189453
2593,20,270,0.005062103271484375
2594,21,270,0.004935026168823242
2595,22,270,0.004957914352416992
2596,23,270,0.004967927932739258
2597,24,270,0.004672050476074219
2598,25,270,0.00397491455078125
2599,26,270,0.004278898239135742
2600,27,270,0.003805875778198242
2601,28,270,0.004357099533081055
2602,29,270,0.004048824310302734
2603,30,270,0.003534078598022461
2604,31,270,0.0033431053161621094
2605,32,270,0.0032510757446289062
2606,33,270,0.0032219886779785156
2607,34,270,0.003773927688598633
2608,35,270,0.0035228729248046875
2609,36,270,0.003567934036254883
2610,37,270,0.0030117034912109375
2611,38,270,0.002917051315307617
2612,39,270,0.0028181076049804688
2613,40,270,0.0032677650451660156
2614,41,270,0.002708911895751953
2615,42,270,0.003139972686767578
2616,43,270,0.0028307437896728516
2617,44,270,0.003056049346923828
2618,45,270,0.003125905990600586
2619,46,270,0.003047943115234375
2620,47,270,0.002913951873779297
2621,48,270,0.0024487972259521484
2622,49,270,0.0023980140686035156
2623,50,270,0.0029811859130859375
2624,51,270,0.0023469924926757812
2625,52,270,0.002938985824584961
2626,53,270,0.0030629634857177734
2627,54,270,0.0030641555786132812
2628,55,270,0.0027790069580078125
2629,56,270,0.0030558109283447266
2630,57,270,0.00298309326171875
2631,58,270,0.002918720245361328
2632,59,270,0.002830028533935547
2633,60,270,0.0028541088104248047
2634,61,270,0.0025789737701416016
2635,62,270,0.0027801990509033203
2636,63,270,0.0021750926971435547
2637,64,270,0.0028595924377441406
2638,65,270,0.0028150081634521484
2639,66,270,0.002577066421508789
2640,67,270,0.002084016799926758
2641,68,270,0.0020186901092529297
2642,69,270,0.0019488334655761719
2643,70,270,0.0025527477264404297
2644,71,270,0.001964092254638672
2645,72,270,0.0019989013671875
2646,73,270,0.001984119415283203
2647,74,270,0.0019257068634033203
2648,75,270,0.002160310745239258
2649,76,270,0.0018358230590820312
2650,77,270,0.001798868179321289
2651,78,270,0.0023679733276367188
2652,79,270,0.002360820770263672
2653,80,270,0.001840829849243164
2654,81,270,0.0023539066314697266
2655,82,270,0.0021927356719970703
2656,83,270,0.0017619132995605469
2657,84,270,0.0022499561309814453
2658,85,270,0.0017330646514892578
2659,86,270,0.0017092227935791016
2660,87,270,0.0017049312591552734
2661,88,270,0.0021479129791259766
2662,89,270,0.002031087875366211
2663,90,270,0.0017299652099609375
2664,91,270,0.0020589828491210938
2665,92,270,0.0020439624786376953
2666,93,270,0.0020689964294433594
2667,94,270,0.0017290115356445312
2668,95,270,0.0018858909606933594
2669,96,270,0.0019609928131103516
2670,97,270,0.0016491413116455078
2671,98,270,0.0016210079193115234
2672,99,270,0.0017192363739013672
2673,1,280,0.018181800842285156
2674,2,280,0.014348030090332031
2675,3,280,0.012852191925048828
2676,4,280,0.01066899299621582
2677,5,280,0.009962081909179688
2678,6,280,0.009028196334838867
2679,7,280,0.00892019271850586
2680,8,280,0.00872802734375
2681,9,280,0.008495092391967773
2682,10,280,0.007650136947631836
2683,11,280,0.007470130920410156
2684,12,280,0.007643222808837891
2685,13,280,0.007446765899658203
2686,14,280,0.006483793258666992
2687,15,280,0.0061550140380859375
2688,16,280,0.005784034729003906
2689,17,280,0.005661964416503906
2690,18,280,0.005994081497192383
2691,19,280,0.00579380989074707
2692,20,280,0.005137205123901367
2693,21,280,0.0053501129150390625
2694,22,280,0.004683017730712891
2695,23,280,0.004506826400756836
2696,24,280,0.005226850509643555
2697,25,280,0.00421905517578125
2698,26,280,0.004670143127441406
2699,27,280,0.004112720489501953
2700,28,280,0.0045320987701416016
2701,29,280,0.004188060760498047
2702,30,280,0.0037097930908203125
2703,31,280,0.004122734069824219
2704,32,280,0.0035750865936279297
2705,33,280,0.003445148468017578
2706,34,280,0.003365039825439453
2707,35,280,0.0037240982055664062
2708,36,280,0.0039632320404052734
2709,37,280,0.00321197509765625
2710,38,280,0.003742218017578125
2711,39,280,0.0035419464111328125
2712,40,280,0.002997159957885742
2713,41,280,0.0029349327087402344
2714,42,280,0.0032279491424560547
2715,43,280,0.0037300586700439453
2716,44,280,0.003505706787109375
2717,45,280,0.0028579235076904297
2718,46,280,0.002755880355834961
2719,47,280,0.0026581287384033203
2720,48,280,0.0025980472564697266
2721,49,280,0.0034351348876953125
2722,50,280,0.003142833709716797
2723,51,280,0.0025789737701416016
2724,52,280,0.003233194351196289
2725,53,280,0.002519845962524414
2726,54,280,0.011160135269165039
2727,55,280,0.0025429725646972656
2728,56,280,0.002410888671875
2729,57,280,0.003856182098388672
2730,58,280,0.002892017364501953
2731,59,280,0.0022928714752197266
2732,60,280,0.0023050308227539062
2733,61,280,0.0022661685943603516
2734,62,280,0.0022830963134765625
2735,63,280,0.002981901168823242
2736,64,280,0.0029129981994628906
2737,65,280,0.0022430419921875
2738,66,280,0.0022192001342773438
2739,67,280,0.0028510093688964844
2740,68,280,0.0021979808807373047
2741,69,280,0.0021271705627441406
2742,70,280,0.0026466846466064453
2743,71,280,0.002154111862182617
2744,72,280,0.0025031566619873047
2745,73,280,0.002004861831665039
2746,74,280,0.0020589828491210938
2747,75,280,0.0027360916137695312
2748,76,280,0.002034902572631836
2749,77,280,0.002732992172241211
2750,78,280,0.0028722286224365234
2751,79,280,0.002724885940551758
2752,80,280,0.0024449825286865234
2753,81,280,0.0025169849395751953
2754,82,280,0.0022950172424316406
2755,83,280,0.0019540786743164062
2756,84,280,0.0023598670959472656
2757,85,280,0.0019326210021972656
2758,86,280,0.001867055892944336
2759,87,280,0.002348184585571289
2760,88,280,0.0022788047790527344
2761,89,280,0.0018389225006103516
2762,90,280,0.002257823944091797
2763,91,280,0.002223968505859375
2764,92,280,0.0022139549255371094
2765,93,280,0.0022449493408203125
2766,94,280,0.001798868179321289
2767,95,280,0.0021390914916992188
2768,96,280,0.0019571781158447266
2769,97,280,0.0020432472229003906
2770,98,280,0.0020737648010253906
2771,99,280,0.0017020702362060547
2772,1,290,0.02081012725830078
2773,2,290,0.01737380027770996
2774,3,290,0.013934850692749023
2775,4,290,0.01154017448425293
2776,5,290,0.010591983795166016
2777,6,290,0.009886026382446289
2778,7,290,0.009593009948730469
2779,8,290,0.0093231201171875
2780,9,290,0.009041309356689453
2781,10,290,0.011114120483398438
2782,11,290,0.008948087692260742
2783,12,290,0.007861137390136719
2784,13,290,0.010032892227172852
2785,14,290,0.0074138641357421875
2786,15,290,0.007142305374145508
2787,16,290,0.007100105285644531
2788,17,290,0.0069828033447265625
2789,18,290,0.007360935211181641
2790,19,290,0.006390810012817383
2791,20,290,0.005705118179321289
2792,21,290,0.006400108337402344
2793,22,290,0.0060389041900634766
2794,23,290,0.004912137985229492
2795,24,290,0.004852771759033203
2796,25,290,0.0054357051849365234
2797,26,290,0.004689931869506836
2798,27,290,0.0051271915435791016
2799,28,290,0.004616975784301758
2800,29,290,0.00492095947265625
2801,30,290,0.004842042922973633
2802,31,290,0.004667043685913086
2803,32,290,0.004494190216064453
2804,33,290,0.004142045974731445
2805,34,290,0.0037369728088378906
2806,35,290,0.0042879581451416016
2807,36,290,0.0040798187255859375
2808,37,290,0.003421306610107422
2809,38,290,0.003995180130004883
2810,39,290,0.004086971282958984
2811,40,290,0.0032761096954345703
2812,41,290,0.004116058349609375
2813,42,290,0.0033342838287353516
2814,43,290,0.003343820571899414
2815,44,290,0.003401041030883789
2816,45,290,0.0037870407104492188
2817,46,290,0.003016233444213867
2818,47,290,0.003222942352294922
2819,48,290,0.0031020641326904297
2820,49,290,0.002791166305541992
2821,50,290,0.0026769638061523438
2822,51,290,0.0026009082794189453
2823,52,290,0.003064870834350586
2824,53,290,0.0032219886779785156
2825,54,290,0.0027129650115966797
2826,55,290,0.0033159255981445312
2827,56,290,0.0025758743286132812
2828,57,290,0.0030450820922851562
2829,58,290,0.0031850337982177734
2830,59,290,0.003004789352416992
2831,60,290,0.002495288848876953
2832,61,290,0.0031800270080566406
2833,62,290,0.0031800270080566406
2834,63,290,0.0031800270080566406
2835,64,290,0.003013134002685547
2836,65,290,0.002628803253173828
2837,66,290,0.002374887466430664
2838,67,290,0.002354860305786133
2839,68,290,0.0030481815338134766
2840,69,290,0.0022966861724853516
2841,70,290,0.0023040771484375
2842,71,290,0.0028679370880126953
2843,72,290,0.0025441646575927734
2844,73,290,0.0022058486938476562
2845,74,290,0.002621889114379883
2846,75,290,0.002132892608642578
2847,76,290,0.0028939247131347656
2848,77,290,0.0028879642486572266
2849,78,290,0.0025391578674316406
2850,79,290,0.002820253372192383
2851,80,290,0.002511262893676758
2852,81,290,0.002402067184448242
2853,82,290,0.0020761489868164062
2854,83,290,0.0025758743286132812
2855,84,290,0.0020499229431152344
2856,85,290,0.0025551319122314453
2857,86,290,0.002035856246948242
2858,87,290,0.002474069595336914
2859,88,290,0.002681732177734375
2860,89,290,0.002221822738647461
2861,90,290,0.0019860267639160156
2862,91,290,0.0023717880249023438
2863,92,290,0.0022439956665039062
2864,93,290,0.0019118785858154297
2865,94,290,0.001889944076538086
2866,95,290,0.0018880367279052734
2867,96,290,0.002593994140625
2868,97,290,0.002273082733154297
2869,98,290,0.0018818378448486328
2870,99,290,0.002569913864135742
2871,1,300,0.01993393898010254
2872,2,300,0.01825714111328125
2873,3,300,0.013787031173706055
2874,4,300,0.012375831604003906
2875,5,300,0.012948989868164062
2876,6,300,0.01130819320678711
2877,7,300,0.011103153228759766
2878,8,300,0.00987100601196289
2879,9,300,0.009264230728149414
2880,10,300,0.008899211883544922
2881,11,300,0.00910186767578125
2882,12,300,0.008687734603881836
2883,13,300,0.007542133331298828
2884,14,300,0.00768589973449707
2885,15,300,0.007158756256103516
2886,16,300,0.007634162902832031
2887,17,300,0.006503105163574219
2888,18,300,0.006428956985473633
2889,19,300,0.006708383560180664
2890,20,300,0.005837917327880859
2891,21,300,0.006417036056518555
2892,22,300,0.005635976791381836
2893,23,300,0.005177974700927734
2894,24,300,0.005532264709472656
2895,25,300,0.00494694709777832
2896,26,300,0.004778146743774414
2897,27,300,0.0054128170013427734
2898,28,300,0.004555940628051758
2899,29,300,0.004368782043457031
2900,30,300,0.004352092742919922
2901,31,300,0.004694223403930664
2902,32,300,0.004314899444580078
2903,33,300,0.004690885543823242
2904,34,300,0.0045168399810791016
2905,35,300,0.00439000129699707
2906,36,300,0.0040590763092041016
2907,37,300,0.0044689178466796875
2908,38,300,0.004102945327758789
2909,39,300,0.004391908645629883
2910,40,300,0.004489898681640625
2911,41,300,0.004291057586669922
2912,42,300,0.003966093063354492
2913,43,300,0.0034749507904052734
2914,44,300,0.0033440589904785156
2915,45,300,0.0035572052001953125
2916,46,300,0.004010915756225586
2917,47,300,0.0034449100494384766
2918,48,300,0.003862142562866211
2919,49,300,0.0035588741302490234
2920,50,300,0.003526926040649414
2921,51,300,0.003238201141357422
2922,52,300,0.0032126903533935547
2923,53,300,0.003597259521484375
2924,54,300,0.0030782222747802734
2925,55,300,0.0028600692749023438
2926,56,300,0.0029261112213134766
2927,57,300,0.003448963165283203
2928,58,300,0.0035791397094726562
2929,59,300,0.00327301025390625
2930,60,300,0.003598928451538086
2931,61,300,0.0034110546112060547
2932,62,300,0.0032949447631835938
2933,63,300,0.0034596920013427734
2934,64,300,0.0030422210693359375
2935,65,300,0.002621889114379883
2936,66,300,0.0024979114532470703
2937,67,300,0.003231048583984375
2938,68,300,0.0034210681915283203
2939,69,300,0.0032777786254882812
2940,70,300,0.0024971961975097656
2941,71,300,0.003253936767578125
2942,72,300,0.002950906753540039
2943,73,300,0.002588987350463867
2944,74,300,0.003119945526123047
2945,75,300,0.003113985061645508
2946,76,300,0.003098011016845703
2947,77,300,0.0022611618041992188
2948,78,300,0.0029320716857910156
2949,79,300,0.003000020980834961
2950,80,300,0.002271890640258789
2951,81,300,0.002869844436645508
2952,82,300,0.010830879211425781
2953,83,300,0.002858877182006836
2954,84,300,0.0027823448181152344
2955,85,300,0.002164125442504883
2956,86,300,0.0026938915252685547
2957,87,300,0.002900838851928711
2958,88,300,0.002277851104736328
2959,89,300,0.0029129981994628906
2960,90,300,0.0022661685943603516
2961,91,300,0.0021469593048095703
2962,92,300,0.002351999282836914
2963,93,300,0.002711057662963867
2964,94,300,0.002086162567138672
2965,95,300,0.0026962757110595703
2966,96,300,0.002584695816040039
2967,97,300,0.0019898414611816406
2968,98,300,0.0027518272399902344
2969,99,300,0.0023488998413085938
2970,1,310,0.024751901626586914
2971,2,310,0.016048192977905273
2972,3,310,0.018809080123901367
2973,4,310,0.017405986785888672
2974,5,310,0.013322114944458008
2975,6,310,0.012594938278198242
2976,7,310,0.010960102081298828
2977,8,310,0.010500192642211914
2978,9,310,0.010878324508666992
2979,10,310,0.010289192199707031
2980,11,310,0.01004481315612793
2981,12,310,0.008865118026733398
2982,13,310,0.008330821990966797
2983,14,310,0.008910894393920898
2984,15,310,0.007732868194580078
2985,16,310,0.007961034774780273
2986,17,310,0.00780797004699707
2987,18,310,0.006678104400634766
2988,19,310,0.006356954574584961
2989,20,310,0.0062220096588134766
2990,21,310,0.0061419010162353516
2991,22,310,0.006036043167114258
2992,23,310,0.006551980972290039
2993,24,310,0.005354881286621094
2994,25,310,0.005153179168701172
2995,26,310,0.0050449371337890625
2996,27,310,0.005727052688598633
2997,28,310,0.004739046096801758
2998,29,310,0.004564762115478516
2999,30,310,0.005363941192626953
3000,31,310,0.0044019222259521484
3001,32,310,0.0051708221435546875
3002,33,310,0.004220008850097656
3003,34,310,0.004117012023925781
3004,35,310,0.004833221435546875
3005,36,310,0.0038971900939941406
3006,37,310,0.003888845443725586
3007,38,310,0.003877878189086914
3008,39,310,0.004205942153930664
3009,40,310,0.00362396240234375
3010,41,310,0.004446983337402344
3011,42,310,0.0034837722778320312
3012,43,310,0.003531932830810547
3013,44,310,0.004325151443481445
3014,45,310,0.004254817962646484
3015,46,310,0.003979921340942383
3016,47,310,0.0039560794830322266
3017,48,310,0.003802061080932617
3018,49,310,0.003255128860473633
3019,50,310,0.0031621456146240234
3020,51,310,0.0036859512329101562
3021,52,310,0.003130674362182617
3022,53,310,0.003751993179321289
3023,54,310,0.0029439926147460938
3024,55,310,0.0030939579010009766
3025,56,310,0.0037088394165039062
3026,57,310,0.007194042205810547
3027,58,310,0.0030889511108398438
3028,59,310,0.0029599666595458984
3029,60,310,0.0027561187744140625
3030,61,310,0.0039501190185546875
3031,62,310,0.0035462379455566406
3032,63,310,0.003152132034301758
3033,64,310,0.003298044204711914
3034,65,310,0.003367900848388672
3035,66,310,0.003576040267944336
3036,67,310,0.011024713516235352
3037,68,310,0.0030570030212402344
3038,69,310,0.002669811248779297
3039,70,310,0.0033876895904541016
3040,71,310,0.0026938915252685547
3041,72,310,0.0033960342407226562
3042,73,310,0.0031719207763671875
3043,74,310,0.0027430057525634766
3044,75,310,0.0031261444091796875
3045,76,310,0.0024797916412353516
3046,77,310,0.0032062530517578125
3047,78,310,0.0024840831756591797
3048,79,310,0.002513885498046875
3049,80,310,0.003110170364379883
3050,81,310,0.002833843231201172
3051,82,310,0.002825021743774414
3052,83,310,0.0028710365295410156
3053,84,310,0.0024461746215820312
3054,85,310,0.002712249755859375
3055,86,310,0.003365039825439453
3056,87,310,0.0029649734497070312
3057,88,310,0.00659489631652832
3058,89,310,0.0029871463775634766
3059,90,310,0.0023190975189208984
3060,91,310,0.0023071765899658203
3061,92,310,0.0026509761810302734
3062,93,310,0.0027740001678466797
3063,94,310,0.002699136734008789
3064,95,310,0.002319812774658203
3065,96,310,0.0028228759765625
3066,97,310,0.0022461414337158203
3067,98,310,0.0028839111328125
3068,99,310,0.002246856689453125
3069,1,320,0.024486064910888672
3070,2,320,0.018281936645507812
3071,3,320,0.015096187591552734
3072,4,320,0.014577150344848633
3073,5,320,0.013183116912841797
3074,6,320,0.012977123260498047
3075,7,320,0.01230478286743164
3076,8,320,0.011539936065673828
3077,9,320,0.011443853378295898
3078,10,320,0.009926319122314453
3079,11,320,0.009781837463378906
3080,12,320,0.00975489616394043
3081,13,320,0.008716106414794922
3082,14,320,0.008762836456298828
3083,15,320,0.008112907409667969
3084,16,320,0.008062124252319336
3085,17,320,0.007979869842529297
3086,18,320,0.007787942886352539
3087,19,320,0.007135868072509766
3088,20,320,0.006882905960083008
3089,21,320,0.0068018436431884766
3090,22,320,0.007004261016845703
3091,23,320,0.006747007369995117
3092,24,320,0.006904125213623047
3093,25,320,0.005639076232910156
3094,26,320,0.005510807037353516
3095,27,320,0.005995988845825195
3096,28,320,0.0061991214752197266
3097,29,320,0.005232810974121094
3098,30,320,0.005264997482299805
3099,31,320,0.005351066589355469
3100,32,320,0.005179882049560547
3101,33,320,0.005014181137084961
3102,34,320,0.0052642822265625
3103,35,320,0.0051729679107666016
3104,36,320,0.004311800003051758
3105,37,320,0.0047359466552734375
3106,38,320,0.0046100616455078125
3107,39,320,0.00415802001953125
3108,40,320,0.004318952560424805
3109,41,320,0.004297971725463867
3110,42,320,0.004786014556884766
3111,43,320,0.004423856735229492
3112,44,320,0.0038940906524658203
3113,45,320,0.004230976104736328
3114,46,320,0.004163980484008789
3115,47,320,0.0043239593505859375
3116,48,320,0.0042421817779541016
3117,49,320,0.0034911632537841797
3118,50,320,0.003464937210083008
3119,51,320,0.0035212039947509766
3120,52,320,0.003426074981689453
3121,53,320,0.004214048385620117
3122,54,320,0.004187107086181641
3123,55,320,0.003991127014160156
3124,56,320,0.003936052322387695
3125,57,320,0.0030639171600341797
3126,58,320,0.0034186840057373047
3127,59,320,0.0031800270080566406
3128,60,320,0.004047870635986328
3129,61,320,0.0035867691040039062
3130,62,320,0.004164934158325195
3131,63,320,0.0029268264770507812
3132,64,320,0.0037779808044433594
3133,65,320,0.0057201385498046875
3134,66,320,0.0038220882415771484
3135,67,320,0.004312992095947266
3136,68,320,0.0035440921783447266
3137,69,320,0.003170013427734375
3138,70,320,0.002974987030029297
3139,71,320,0.003846883773803711
3140,72,320,0.003576040267944336
3141,73,320,0.002749919891357422
3142,74,320,0.003543853759765625
3143,75,320,0.0034890174865722656
3144,76,320,0.00308990478515625
3145,77,320,0.004911899566650391
3146,78,320,0.0026998519897460938
3147,79,320,0.0035572052001953125
3148,80,320,0.003278017044067383
3149,81,320,0.0027310848236083984
3150,82,320,0.0033931732177734375
3151,83,320,0.003374814987182617
3152,84,320,0.002766132354736328
3153,85,320,0.0025153160095214844
3154,86,320,0.0025339126586914062
3155,87,320,0.002393007278442383
3156,88,320,0.0027420520782470703
3157,89,320,0.0027968883514404297
3158,90,320,0.0029478073120117188
3159,91,320,0.002454042434692383
3160,92,320,0.0033440589904785156
3161,93,320,0.0027511119842529297
3162,94,320,0.0028989315032958984
3163,95,320,0.0030951499938964844
3164,96,320,0.002952098846435547
3165,97,320,0.002836942672729492
3166,98,320,0.0026640892028808594
3167,99,320,0.003126859664916992
3168,1,330,0.027033090591430664
3169,2,330,0.01993083953857422
3170,3,330,0.01815176010131836
3171,4,330,0.016797304153442383
3172,5,330,0.016469955444335938
3173,6,330,0.013557195663452148
3174,7,330,0.012459039688110352
3175,8,330,0.012109041213989258
3176,9,330,0.011143922805786133
3177,10,330,0.011865854263305664
3178,11,330,0.011296987533569336
3179,12,330,0.010747909545898438
3180,13,330,0.01041102409362793
3181,14,330,0.009087085723876953
3182,15,330,0.008562088012695312
3183,16,330,0.008069753646850586
3184,17,330,0.008806943893432617
3185,18,330,0.007992744445800781
3186,19,330,0.007071971893310547
3187,20,330,0.007418155670166016
3188,21,330,0.007645845413208008
3189,22,330,0.006829738616943359
3190,23,330,0.0072329044342041016
3191,24,330,0.00684809684753418
3192,25,330,0.006308078765869141
3193,26,330,0.007175922393798828
3194,27,330,0.007077932357788086
3195,28,330,0.006166934967041016
3196,29,330,0.005570173263549805
3197,30,330,0.005610942840576172
3198,31,330,0.005280971527099609
3199,32,330,0.0057790279388427734
3200,33,330,0.005207061767578125
3201,34,330,0.0047779083251953125
3202,35,330,0.00556492805480957
3203,36,330,0.0047130584716796875
3204,37,330,0.004992961883544922
3205,38,330,0.005304098129272461
3206,39,330,0.004358768463134766
3207,40,330,0.004405021667480469
3208,41,330,0.004189014434814453
3209,42,330,0.0044708251953125
3210,43,330,0.0039980411529541016
3211,44,330,0.005166292190551758
3212,45,330,0.0046541690826416016
3213,46,330,0.003983020782470703
3214,47,330,0.004776954650878906
3215,48,330,0.0048787593841552734
3216,49,330,0.004674196243286133
3217,50,330,0.004241228103637695
3218,51,330,0.00479888916015625
3219,52,330,0.0047490596771240234
3220,53,330,0.0036263465881347656
3221,54,330,0.004297971725463867
3222,55,330,0.0034999847412109375
3223,56,330,0.004324197769165039
3224,57,330,0.0031919479370117188
3225,58,330,0.003742218017578125
3226,59,330,0.0037491321563720703
3227,60,330,0.0031909942626953125
3228,61,330,0.003763914108276367
3229,62,330,0.0031113624572753906
3230,63,330,0.0035707950592041016
3231,64,330,0.003056049346923828
3232,65,330,0.0029408931732177734
3233,66,330,0.0038328170776367188
3234,67,330,0.0030107498168945312
3235,68,330,0.0029649734497070312
3236,69,330,0.003654956817626953
3237,70,330,0.0028908252716064453
3238,71,330,0.0028710365295410156
3239,72,330,0.003425121307373047
3240,73,330,0.0035741329193115234
3241,74,330,0.0028352737426757812
3242,75,330,0.003467082977294922
3243,76,330,0.002730131149291992
3244,77,330,0.003416776657104492
3245,78,330,0.0027420520782470703
3246,79,330,0.003171682357788086
3247,80,330,0.002711057662963867
3248,81,330,0.002674102783203125
3249,82,330,0.0026428699493408203
3250,83,330,0.0034019947052001953
3251,84,330,0.0026378631591796875
3252,85,330,0.0025920867919921875
3253,86,330,0.002532958984375
3254,87,330,0.003158092498779297
3255,88,330,0.0030510425567626953
3256,89,330,0.0026350021362304688
3257,90,330,0.0029358863830566406
3258,91,330,0.0026099681854248047
3259,92,330,0.0031087398529052734
3260,93,330,0.0024650096893310547
3261,94,330,0.0026428699493408203
3262,95,330,0.002725839614868164
3263,96,330,0.0028200149536132812
3264,97,330,0.0027132034301757812
3265,98,330,0.002904176712036133
3266,99,330,0.002710103988647461
3267,1,340,0.025341033935546875
3268,2,340,0.05955314636230469
3269,3,340,0.01639389991760254
3270,4,340,0.01760578155517578
3271,5,340,0.016340970993041992
3272,6,340,0.013837099075317383
3273,7,340,0.013866901397705078
3274,8,340,0.014274120330810547
3275,9,340,0.013571977615356445
3276,10,340,0.01270294189453125
3277,11,340,0.011256217956542969
3278,12,340,0.010281801223754883
3279,13,340,0.010810136795043945
3280,14,340,0.009616851806640625
3281,15,340,0.009152889251708984
3282,16,340,0.009489297866821289
3283,17,340,0.008255958557128906
3284,18,340,0.007975339889526367
3285,19,340,0.007727861404418945
3286,20,340,0.007951974868774414
3287,21,340,0.008102893829345703
3288,22,340,0.0070989131927490234
3289,23,340,0.0067501068115234375
3290,24,340,0.00775909423828125
3291,25,340,0.007472038269042969
3292,26,340,0.006131887435913086
3293,27,340,0.007028818130493164
3294,28,340,0.006784915924072266
3295,29,340,0.0058209896087646484
3296,30,340,0.006595134735107422
3297,31,340,0.005307912826538086
3298,32,340,0.005857229232788086
3299,33,340,0.00522303581237793
3300,34,340,0.005614042282104492
3301,35,340,0.004786968231201172
3302,36,340,0.005422115325927734
3303,37,340,0.005381107330322266
3304,38,340,0.005177021026611328
3305,39,340,0.004508256912231445
3306,40,340,0.004553079605102539
3307,41,340,0.004354238510131836
3308,42,340,0.005080223083496094
3309,43,340,0.004104137420654297
3310,44,340,0.004950046539306641
3311,45,340,0.004581928253173828
3312,46,340,0.004572868347167969
3313,47,340,0.003947019577026367
3314,48,340,0.004889249801635742
3315,49,340,0.0045278072357177734
3316,50,340,0.003749847412109375
3317,51,340,0.003656148910522461
3318,52,340,0.004213094711303711
3319,53,340,0.003599882125854492
3320,54,340,0.0045549869537353516
3321,55,340,0.0044481754302978516
3322,56,340,0.003557920455932617
3323,57,340,0.0034770965576171875
3324,58,340,0.004027128219604492
3325,59,340,0.003354787826538086
3326,60,340,0.0032601356506347656
3327,61,340,0.003297090530395508
3328,62,340,0.003844738006591797
3329,63,340,0.004010200500488281
3330,64,340,0.003223896026611328
3331,65,340,0.003673076629638672
3332,66,340,0.003178119659423828
3333,67,340,0.003159046173095703
3334,68,340,0.003134012222290039
3335,69,340,0.004004955291748047
3336,70,340,0.004008054733276367
3337,71,340,0.003022909164428711
3338,72,340,0.0040929317474365234
3339,73,340,0.0029828548431396484
3340,74,340,0.002969026565551758
3341,75,340,0.0035669803619384766
3342,76,340,0.0038290023803710938
3343,77,340,0.0036149024963378906
3344,78,340,0.0028820037841796875
3345,79,340,0.0028820037841796875
3346,80,340,0.0033600330352783203
3347,81,340,0.0028617382049560547
3348,82,340,0.0028579235076904297
3349,83,340,0.0033419132232666016
3350,84,340,0.0033447742462158203
3351,85,340,0.0027599334716796875
3352,86,340,0.003125905990600586
3353,87,340,0.002914905548095703
3354,88,340,0.003452301025390625
3355,89,340,0.0028650760650634766
3356,90,340,0.003303050994873047
3357,91,340,0.0033228397369384766
3358,92,340,0.003268003463745117
3359,93,340,0.003247976303100586
3360,94,340,0.003389120101928711
3361,95,340,0.0034401416778564453
3362,96,340,0.0025839805603027344
3363,97,340,0.0026221275329589844
3364,98,340,0.0027608871459960938
3365,99,340,0.002557992935180664
3366,1,350,0.02704787254333496
3367,2,350,0.02147197723388672
3368,3,350,0.02031421661376953
3369,4,350,0.019227266311645508
3370,5,350,0.017583847045898438
3371,6,350,0.015484094619750977
3372,7,350,0.014328718185424805
3373,8,350,0.013721227645874023
3374,9,350,0.013879060745239258
3375,10,350,0.013810157775878906
3376,11,350,0.01323390007019043
3377,12,350,0.012151002883911133
3378,13,350,0.011163949966430664
3379,14,350,0.010306119918823242
3380,15,350,0.010495901107788086
3381,16,350,0.010088205337524414
3382,17,350,0.010073184967041016
3383,18,350,0.008473634719848633
3384,19,350,0.009047746658325195
3385,20,350,0.007920265197753906
3386,21,350,0.008838891983032227
3387,22,350,0.008647918701171875
3388,23,350,0.007252931594848633
3389,24,350,0.00832509994506836
3390,25,350,0.007108211517333984
3391,26,350,0.00815582275390625
3392,27,350,0.007290840148925781
3393,28,350,0.007378101348876953
3394,29,350,0.00716710090637207
3395,30,350,0.007287740707397461
3396,31,350,0.006826877593994141
3397,32,350,0.006196022033691406
3398,33,350,0.006856203079223633
3399,34,350,0.006711006164550781
3400,35,350,0.007257938385009766
3401,36,350,0.006154775619506836
3402,37,350,0.006667137145996094
3403,38,350,0.005338907241821289
3404,39,350,0.005131721496582031
3405,40,350,0.004892110824584961
3406,41,350,0.005496025085449219
3407,42,350,0.005907773971557617
3408,43,350,0.005759000778198242
3409,44,350,0.004884004592895508
3410,45,350,0.005650043487548828
3411,46,350,0.005918025970458984
3412,47,350,0.004790067672729492
3413,48,350,0.005815029144287109
3414,49,350,0.005921125411987305
3415,50,350,0.005404949188232422
3416,51,350,0.00548100471496582
3417,52,350,0.005227088928222656
3418,53,350,0.006369829177856445
3419,54,350,0.0058400630950927734
3420,55,350,0.004173755645751953
3421,56,350,0.005160808563232422
3422,57,350,0.004538059234619141
3423,58,350,0.005053043365478516
3424,59,350,0.004576921463012695
3425,60,350,0.004623889923095703
3426,61,350,0.003535032272338867
3427,62,350,0.004152059555053711
3428,63,350,0.0044977664947509766
3429,64,350,0.004532814025878906
3430,65,350,0.0034279823303222656
3431,66,350,0.003421306610107422
3432,67,350,0.003407716751098633
3433,68,350,0.00426483154296875
3434,69,350,0.0032660961151123047
3435,70,350,0.004378795623779297
3436,71,350,0.0039000511169433594
3437,72,350,0.003223896026611328
3438,73,350,0.003507852554321289
3439,74,350,0.003938198089599609
3440,75,350,0.004225969314575195
3441,76,350,0.004103183746337891
3442,77,350,0.0030889511108398438
3443,78,350,0.0030100345611572266
3444,79,350,0.003634929656982422
3445,80,350,0.0031638145446777344
3446,81,350,0.0030760765075683594
3447,82,350,0.0029981136322021484
3448,83,350,0.002953052520751953
3449,84,350,0.003486156463623047
3450,85,350,0.002908945083618164
3451,86,350,0.002947092056274414
3452,87,350,0.0034210681915283203
3453,88,350,0.0029060840606689453
3454,89,350,0.0036039352416992188
3455,90,350,0.003412008285522461
3456,91,350,0.0036258697509765625
3457,92,350,0.0034589767456054688
3458,93,350,0.002856016159057617
3459,94,350,0.0031709671020507812
3460,95,350,0.002766847610473633
3461,96,350,0.0027577877044677734
3462,97,350,0.0027420520782470703
3463,98,350,0.0032541751861572266
3464,99,350,0.0026552677154541016
3465,1,360,0.03198504447937012
3466,2,360,0.02407979965209961
3467,3,360,0.023232698440551758
3468,4,360,0.018565893173217773
3469,5,360,0.018208026885986328
3470,6,360,0.01544809341430664
3471,7,360,0.014920234680175781
3472,8,360,0.014438867568969727
3473,9,360,0.013437986373901367
3474,10,360,0.012928962707519531
3475,11,360,0.01265716552734375
3476,12,360,0.012347936630249023
3477,13,360,0.011048316955566406
3478,14,360,0.010942935943603516
3479,15,360,0.011143207550048828
3480,16,360,0.011113882064819336
3481,17,360,0.010270833969116211
3482,18,360,0.009195804595947266
3483,19,360,0.010029792785644531
3484,20,360,0.008441925048828125
3485,21,360,0.008729934692382812
3486,22,360,0.007856130599975586
3487,23,360,0.008903026580810547
3488,24,360,0.008203983306884766
3489,25,360,0.00824117660522461
3490,26,360,0.007177829742431641
3491,27,360,0.0076198577880859375
3492,28,360,0.00661921501159668
3493,29,360,0.007266998291015625
3494,30,360,0.006898164749145508
3495,31,360,0.006953001022338867
3496,32,360,0.0074388980865478516
3497,33,360,0.0067098140716552734
3498,34,360,0.006830930709838867
3499,35,360,0.00653076171875
3500,36,360,0.00625300407409668
3501,37,360,0.005623817443847656
3502,38,360,0.006215810775756836
3503,39,360,0.005843162536621094
3504,40,360,0.00531005859375
3505,41,360,0.004990816116333008
3506,42,360,0.0058078765869140625
3507,43,360,0.005007028579711914
3508,44,360,0.005953788757324219
3509,45,360,0.00471186637878418
3510,46,360,0.0057489871978759766
3511,47,360,0.0056531429290771484
3512,48,360,0.00557708740234375
3513,49,360,0.005486965179443359
3514,50,360,0.00469207763671875
3515,51,360,0.0049800872802734375
3516,52,360,0.0053942203521728516
3517,53,360,0.004937887191772461
3518,54,360,0.004033088684082031
3519,55,360,0.004867076873779297
3520,56,360,0.0041463375091552734
3521,57,360,0.003840923309326172
3522,58,360,0.004614353179931641
3523,59,360,0.004517793655395508
3524,60,360,0.004055976867675781
3525,61,360,0.0037889480590820312
3526,62,360,0.004630088806152344
3527,63,360,0.004482746124267578
3528,64,360,0.0035581588745117188
3529,65,360,0.0035512447357177734
3530,66,360,0.0035479068756103516
3531,67,360,0.0034492015838623047
3532,68,360,0.003597259521484375
3533,69,360,0.004786968231201172
3534,70,360,0.004599094390869141
3535,71,360,0.004434108734130859
3536,72,360,0.003802061080932617
3537,73,360,0.0033910274505615234
3538,74,360,0.003564119338989258
3539,75,360,0.003284931182861328
3540,76,360,0.003984928131103516
3541,77,360,0.011252880096435547
3542,78,360,0.0038928985595703125
3543,79,360,0.004270076751708984
3544,80,360,0.003203868865966797
3545,81,360,0.004086017608642578
3546,82,360,0.003203153610229492
3547,83,360,0.0042307376861572266
3548,84,360,0.003980875015258789
3549,85,360,0.004235029220581055
3550,86,360,0.004111051559448242
3551,87,360,0.003167867660522461
3552,88,360,0.003443002700805664
3553,89,360,0.003633737564086914
3554,90,360,0.0030930042266845703
3555,91,360,0.0037479400634765625
3556,92,360,0.0037202835083007812
3557,93,360,0.0034132003784179688
3558,94,360,0.0033659934997558594
3559,95,360,0.002877950668334961
3560,96,360,0.002933025360107422
3561,97,360,0.003059864044189453
3562,98,360,0.0032558441162109375
3563,99,360,0.003498077392578125
3564,1,370,0.02941727638244629
3565,2,370,0.02238321304321289
3566,3,370,0.02500009536743164
3567,4,370,0.018802881240844727
3568,5,370,0.020459890365600586
3569,6,370,0.015858173370361328
3570,7,370,0.015938997268676758
3571,8,370,0.015372037887573242
3572,9,370,0.015524148941040039
3573,10,370,0.014440059661865234
3574,11,370,0.013772964477539062
3575,12,370,0.013967037200927734
3576,13,370,0.01276397705078125
3577,14,370,0.012542963027954102
3578,15,370,0.010915040969848633
3579,16,370,0.010359764099121094
3580,17,370,0.011066198348999023
3581,18,370,0.01073002815246582
3582,19,370,0.009050846099853516
3583,20,370,0.009351968765258789
3584,21,370,0.009277105331420898
3585,22,370,0.00937199592590332
3586,23,370,0.007973909378051758
3587,24,370,0.008817911148071289
3588,25,370,0.0073549747467041016
3589,26,370,0.007165193557739258
3590,27,370,0.007491111755371094
3591,28,370,0.007397890090942383
3592,29,370,0.006520271301269531
3593,30,370,0.006372928619384766
3594,31,370,0.006175041198730469
3595,32,370,0.006081819534301758
3596,33,370,0.006573915481567383
3597,34,370,0.0057680606842041016
3598,35,370,0.006319761276245117
3599,36,370,0.006578207015991211
3600,37,370,0.006326198577880859
3601,38,370,0.0053670406341552734
3602,39,370,0.006021022796630859
3603,40,370,0.005918025970458984
3604,41,370,0.005873918533325195
3605,42,370,0.0058171749114990234
3606,43,370,0.005682945251464844
3607,44,370,0.005699872970581055
3608,45,370,0.005888223648071289
3609,46,370,0.004937887191772461
3610,47,370,0.005881786346435547
3611,48,370,0.004559993743896484
3612,49,370,0.004616975784301758
3613,50,370,0.004441976547241211
3614,51,370,0.004384040832519531
3615,52,370,0.0044291019439697266
3616,53,370,0.005070686340332031
3617,54,370,0.004318952560424805
3618,55,370,0.0041348934173583984
3619,56,370,0.004084110260009766
3620,57,370,0.004843950271606445
3621,58,370,0.003979921340942383
3622,59,370,0.005212068557739258
3623,60,370,0.004749774932861328
3624,61,370,0.0040318965911865234
3625,62,370,0.0038902759552001953
3626,63,370,0.004601001739501953
3627,64,370,0.004907846450805664
3628,65,370,0.003681182861328125
3629,66,370,0.0037200450897216797
3630,67,370,0.003637075424194336
3631,68,370,0.003679990768432617
3632,69,370,0.00439763069152832
3633,70,370,0.0043599605560302734
3634,71,370,0.0047149658203125
3635,72,370,0.0035109519958496094
3636,73,370,0.003439188003540039
3637,74,370,0.003503084182739258
3638,75,370,0.0035181045532226562
3639,76,370,0.003467082977294922
3640,77,370,0.003378152847290039
3641,78,370,0.004109859466552734
3642,79,370,0.003429889678955078
3643,80,370,0.003367900848388672
3644,81,370,0.003339052200317383
3645,82,370,0.004025936126708984
3646,83,370,0.003283977508544922
3647,84,370,0.004086017608642578
3648,85,370,0.004161834716796875
3649,86,370,0.0038738250732421875
3650,87,370,0.003960132598876953
3651,88,370,0.003248929977416992
3652,89,370,0.0032138824462890625
3653,90,370,0.003214120864868164
3654,91,370,0.003930091857910156
3655,92,370,0.0037009716033935547
3656,93,370,0.0031769275665283203
3657,94,370,0.0030069351196289062
3658,95,370,0.003061056137084961
3659,96,370,0.003676176071166992
3660,97,370,0.0031380653381347656
3661,98,370,0.003068208694458008
3662,99,370,0.003511190414428711
3663,1,380,0.03432798385620117
3664,2,380,0.028450965881347656
3665,3,380,0.021130084991455078
3666,4,380,0.025588035583496094
3667,5,380,0.022115230560302734
3668,6,380,0.019842147827148438
3669,7,380,0.016981840133666992
3670,8,380,0.01565694808959961
3671,9,380,0.01505589485168457
3672,10,380,0.014475107192993164
3673,11,380,0.014211177825927734
3674,12,380,0.01431894302368164
3675,13,380,0.01318216323852539
3676,14,380,0.012568950653076172
3677,15,380,0.012624979019165039
3678,16,380,0.012382030487060547
3679,17,380,0.01152801513671875
3680,18,380,0.011077880859375
3681,19,380,0.009664058685302734
3682,20,380,0.010617971420288086
3683,21,380,0.010268926620483398
3684,22,380,0.008582830429077148
3685,23,380,0.008321046829223633
3686,24,380,0.00952291488647461
3687,25,380,0.00888204574584961
3688,26,380,0.008877277374267578
3689,27,380,0.007625102996826172
3690,28,380,0.007274150848388672
3691,29,380,0.007685661315917969
3692,30,380,0.009027957916259766
3693,31,380,0.009122133255004883
3694,32,380,0.00926065444946289
3695,33,380,0.009222984313964844
3696,34,380,0.00919485092163086
3697,35,380,0.00832509994506836
3698,36,380,0.007110118865966797
3699,37,380,0.008838891983032227
3700,38,380,0.009428977966308594
3701,39,380,0.006552934646606445
3702,40,380,0.0064640045166015625
3703,41,380,0.006226062774658203
3704,42,380,0.006499052047729492
3705,43,380,0.0067250728607177734
3706,44,380,0.005808830261230469
3707,45,380,0.00516200065612793
3708,46,380,0.006124258041381836
3709,47,380,0.005384922027587891
3710,48,380,0.005780935287475586
3711,49,380,0.005254983901977539
3712,50,380,0.005395174026489258
3713,51,380,0.004839897155761719
3714,52,380,0.005419731140136719
3715,53,380,0.005330085754394531
3716,54,380,0.0053250789642333984
3717,55,380,0.005405902862548828
3718,56,380,0.004823207855224609
3719,57,380,0.005294084548950195
3720,58,380,0.005757808685302734
3721,59,380,0.004419088363647461
3722,60,380,0.0048830509185791016
3723,61,380,0.005697011947631836
3724,62,380,0.004571199417114258
3725,63,380,0.004724979400634766
3726,64,380,0.00552821159362793
3727,65,380,0.0041179656982421875
3728,66,380,0.004702091217041016
3729,67,380,0.004747867584228516
3730,68,380,0.004601001739501953
3731,69,380,0.004275083541870117
3732,70,380,0.005057811737060547
3733,71,380,0.003931999206542969
3734,72,380,0.005243062973022461
3735,73,380,0.0041310787200927734
3736,74,380,0.0045318603515625
3737,75,380,0.004261016845703125
3738,76,380,0.004421234130859375
3739,77,380,0.004749774932861328
3740,78,380,0.0045621395111083984
3741,79,380,0.0037119388580322266
3742,80,380,0.004873991012573242
3743,81,380,0.004475831985473633
3744,82,380,0.004585981369018555
3745,83,380,0.004753828048706055
3746,84,380,0.004487752914428711
3747,85,380,0.004315853118896484
3748,86,380,0.0042650699615478516
3749,87,380,0.0035130977630615234
3750,88,380,0.004730939865112305
3751,89,380,0.004034996032714844
3752,90,380,0.004770040512084961
3753,91,380,0.00418400764465332
3754,92,380,0.004104137420654297
3755,93,380,0.004233121871948242
3756,94,380,0.0045239925384521484
3757,95,380,0.004553079605102539
3758,96,380,0.004394054412841797
3759,97,380,0.0055620670318603516
3760,98,380,0.003813028335571289
3761,99,380,0.003325939178466797
3762,1,390,0.08831191062927246
3763,2,390,0.04932808876037598
3764,3,390,0.034210920333862305
3765,4,390,0.030770063400268555
3766,5,390,0.026618003845214844
3767,6,390,0.0235898494720459
3768,7,390,0.021111011505126953
3769,8,390,0.0237429141998291
3770,9,390,0.022732973098754883
3771,10,390,0.02323603630065918
3772,11,390,0.01910114288330078
3773,12,390,0.017567157745361328
3774,13,390,0.03572797775268555
3775,14,390,0.02446269989013672
3776,15,390,0.017519235610961914
3777,16,390,0.01597905158996582
3778,17,390,0.01584601402282715
3779,18,390,0.018639087677001953
3780,19,390,0.015074014663696289
3781,20,390,0.01115107536315918
3782,21,390,0.010977745056152344
3783,22,390,0.016893863677978516
3784,23,390,0.013373851776123047
3785,24,390,0.012618064880371094
3786,25,390,0.010637044906616211
3787,26,390,0.009784698486328125
3788,27,390,0.01067805290222168
3789,28,390,0.009614229202270508
3790,29,390,0.010120868682861328
3791,30,390,0.009686946868896484
3792,31,390,0.008825302124023438
3793,32,390,0.008337020874023438
3794,33,390,0.00803685188293457
3795,34,390,0.008634805679321289
3796,35,390,0.00830221176147461
3797,36,390,0.008375167846679688
3798,37,390,0.006246328353881836
3799,38,390,0.007652759552001953
3800,39,390,0.0061528682708740234
3801,40,390,0.007251262664794922
3802,41,390,0.0064868927001953125
3803,42,390,0.006330966949462891
3804,43,390,0.006825923919677734
3805,44,390,0.0069577693939208984
3806,45,390,0.007127046585083008
3807,46,390,0.006083011627197266
3808,47,390,0.005556821823120117
3809,48,390,0.006453990936279297
3810,49,390,0.006124973297119141
3811,50,390,0.00659489631652832
3812,51,390,0.005070686340332031
3813,52,390,0.011621952056884766
3814,53,390,0.006052970886230469
3815,54,390,0.006242036819458008
3816,55,390,0.00475621223449707
3817,56,390,0.005716085433959961
3818,57,390,0.005385875701904297
3819,58,390,0.005927324295043945
3820,59,390,0.0045659542083740234
3821,60,390,0.0061550140380859375
3822,61,390,0.005496978759765625
3823,62,390,0.005178213119506836
3824,63,390,0.005501985549926758
3825,64,390,0.0043487548828125
3826,65,390,0.005666017532348633
3827,66,390,0.005470991134643555
3828,67,390,0.005534172058105469
3829,68,390,0.004363059997558594
3830,69,390,0.004928112030029297
3831,70,390,0.003991127014160156
3832,71,390,0.0053288936614990234
3833,72,390,0.0053331851959228516
3834,73,390,0.003940105438232422
3835,74,390,0.005182027816772461
3836,75,390,0.004051923751831055
3837,76,390,0.004684925079345703
3838,77,390,0.003871917724609375
3839,78,390,0.0038111209869384766
3840,79,390,0.004761934280395508
3841,80,390,0.0049550533294677734
3842,81,390,0.004516124725341797
3843,82,390,0.003773212432861328
3844,83,390,0.0037240982055664062
3845,84,390,0.00462794303894043
3846,85,390,0.003654003143310547
3847,86,390,0.004831075668334961
3848,87,390,0.0046160221099853516
3849,88,390,0.004822969436645508
3850,89,390,0.004427194595336914
3851,90,390,0.0041351318359375
3852,91,390,0.004923820495605469
3853,92,390,0.003551959991455078
3854,93,390,0.004790067672729492
3855,94,390,0.0044329166412353516
3856,95,390,0.004523038864135742
3857,96,390,0.004425048828125
3858,97,390,0.004012107849121094
3859,98,390,0.0033469200134277344
3860,99,390,0.003981113433837891
3861,1,400,0.03721499443054199
3862,2,400,0.028029918670654297
3863,3,400,0.02589583396911621
3864,4,400,0.021708011627197266
3865,5,400,0.02208995819091797
3866,6,400,0.018476009368896484
3867,7,400,0.01900172233581543
3868,8,400,0.01771092414855957
3869,9,400,0.017872095108032227
3870,10,400,0.017618179321289062
3871,11,400,0.017004013061523438
3872,12,400,0.014623880386352539
3873,13,400,0.015452861785888672
3874,14,400,0.01371312141418457
3875,15,400,0.01304006576538086
3876,16,400,0.012533903121948242
3877,17,400,0.012892961502075195
3878,18,400,0.011316061019897461
3879,19,400,0.012302875518798828
3880,20,400,0.01135706901550293
3881,21,400,0.01037907600402832
3882,22,400,0.010495901107788086
3883,23,400,0.01029515266418457
3884,24,400,0.009801864624023438
3885,25,400,0.009681940078735352
3886,26,400,0.008497238159179688
3887,27,400,0.00838327407836914
3888,28,400,0.008882284164428711
3889,29,400,0.008962154388427734
3890,30,400,0.008134841918945312
3891,31,400,0.007705211639404297
3892,32,400,0.008410215377807617
3893,33,400,0.008366823196411133
3894,34,400,0.008088111877441406
3895,35,400,0.006623983383178711
3896,36,400,0.007592201232910156
3897,37,400,0.006330966949462891
3898,38,400,0.00677800178527832
3899,39,400,0.006293773651123047
3900,40,400,0.006057024002075195
3901,41,400,0.00597691535949707
3902,42,400,0.006045341491699219
3903,43,400,0.006139039993286133
3904,44,400,0.006688117980957031
3905,45,400,0.005622148513793945
3906,46,400,0.005539894104003906
3907,47,400,0.005373954772949219
3908,48,400,0.006510019302368164
3909,49,400,0.00537109375
3910,50,400,0.0052032470703125
3911,51,400,0.005101919174194336
3912,52,400,0.005002021789550781
3913,53,400,0.0058100223541259766
3914,54,400,0.0049059391021728516
3915,55,400,0.00499725341796875
3916,56,400,0.004889011383056641
3917,57,400,0.004786968231201172
3918,58,400,0.006101131439208984
3919,59,400,0.004665851593017578
3920,60,400,0.004641056060791016
3921,61,400,0.0045549869537353516
3922,62,400,0.004671812057495117
3923,63,400,0.004467010498046875
3924,64,400,0.0044748783111572266
3925,65,400,0.00530695915222168
3926,66,400,0.004503965377807617
3927,67,400,0.0043909549713134766
3928,68,400,0.0042798519134521484
3929,69,400,0.004083156585693359
3930,70,400,0.004085063934326172
3931,71,400,0.0051038265228271484
3932,72,400,0.004065036773681641
3933,73,400,0.004995822906494141
3934,74,400,0.004963874816894531
3935,75,400,0.004042387008666992
3936,76,400,0.004580974578857422
3937,77,400,0.005364179611206055
3938,78,400,0.003943920135498047
3939,79,400,0.0046100616455078125
3940,80,400,0.0052258968353271484
3941,81,400,0.0038847923278808594
3942,82,400,0.0047190189361572266
3943,83,400,0.0038139820098876953
3944,84,400,0.0037729740142822266
3945,85,400,0.003770112991333008
3946,86,400,0.004865884780883789
3947,87,400,0.0044858455657958984
3948,88,400,0.0036673545837402344
3949,89,400,0.0036661624908447266
3950,90,400,0.004469871520996094
3951,91,400,0.003654956817626953
3952,92,400,0.0036330223083496094
3953,93,400,0.003626108169555664
3954,94,400,0.0035347938537597656
3955,95,400,0.004061222076416016
3956,96,400,0.004415273666381836
3957,97,400,0.004361867904663086
3958,98,400,0.004616975784301758
3959,99,400,0.0035440921783447266
3960,1,410,0.037342071533203125
3961,2,410,0.028868913650512695
3962,3,410,0.0228121280670166
3963,4,410,0.023890972137451172
3964,5,410,0.023176193237304688
3965,6,410,0.01953887939453125
3966,7,410,0.019410133361816406
3967,8,410,0.018664836883544922
3968,9,410,0.017328739166259766
3969,10,410,0.01781296730041504
3970,11,410,0.017302989959716797
3971,12,410,0.014986753463745117
3972,13,410,0.015255928039550781
3973,14,410,0.014321088790893555
3974,15,410,0.01405477523803711
3975,16,410,0.013278007507324219
3976,17,410,0.012763738632202148
3977,18,410,0.011822223663330078
3978,19,410,0.01281881332397461
3979,20,410,0.011044025421142578
3980,21,410,0.010795116424560547
3981,22,410,0.010202884674072266
3982,23,410,0.011089801788330078
3983,24,410,0.011453866958618164
3984,25,410,0.009268999099731445
3985,26,410,0.010483026504516602
3986,27,410,0.010420083999633789
3987,28,410,0.009955883026123047
3988,29,410,0.008301973342895508
3989,30,410,0.008147001266479492
3990,31,410,0.009335994720458984
3991,32,410,0.00762486457824707
3992,33,410,0.008697748184204102
3993,34,410,0.007096767425537109
3994,35,410,0.00788116455078125
3995,36,410,0.00812220573425293
3996,37,410,0.007625102996826172
3997,38,410,0.006599903106689453
3998,39,410,0.006565093994140625
3999,40,410,0.006927967071533203
4000,41,410,0.0074880123138427734
4001,42,410,0.006204843521118164
4002,43,410,0.0060961246490478516
4003,44,410,0.005925178527832031
4004,45,410,0.005831003189086914
4005,46,410,0.006626129150390625
4006,47,410,0.0057141780853271484
4007,48,410,0.007039070129394531
4008,49,410,0.006392955780029297
4009,50,410,0.0055599212646484375
4010,51,410,0.006810903549194336
4011,52,410,0.005280971527099609
4012,53,410,0.00625920295715332
4013,54,410,0.005333900451660156
4014,55,410,0.0060689449310302734
4015,56,410,0.00652003288269043
4016,57,410,0.005010128021240234
4017,58,410,0.006493091583251953
4018,59,410,0.005797147750854492
4019,60,410,0.004981040954589844
4020,61,410,0.004895925521850586
4021,62,410,0.005912065505981445
4022,63,410,0.004739999771118164
4023,64,410,0.004667758941650391
4024,65,410,0.004633188247680664
4025,66,410,0.004619121551513672
4026,67,410,0.005568027496337891
4027,68,410,0.0054972171783447266
4028,69,410,0.004387855529785156
4029,70,410,0.004347085952758789
4030,71,410,0.005307197570800781
4031,72,410,0.005112886428833008
4032,73,410,0.00414729118347168
4033,74,410,0.005158185958862305
4034,75,410,0.005583047866821289
4035,76,410,0.005568981170654297
4036,77,410,0.005199909210205078
4037,78,410,0.004118919372558594
4038,79,410,0.004127979278564453
4039,80,410,0.004943132400512695
4040,81,410,0.0040130615234375
4041,82,410,0.004610776901245117
4042,83,410,0.004823923110961914
4043,84,410,0.005117893218994141
4044,85,410,0.00392913818359375
4045,86,410,0.004786014556884766
4046,87,410,0.005082845687866211
4047,88,410,0.003865957260131836
4048,89,410,0.004728078842163086
4049,90,410,0.0037920475006103516
4050,91,410,0.004406929016113281
4051,92,410,0.0037870407104492188
4052,93,410,0.003801107406616211
4053,94,410,0.0037889480590820312
4054,95,410,0.004651069641113281
4055,96,410,0.003908872604370117
4056,97,410,0.003760814666748047
4057,98,410,0.004445314407348633
4058,99,410,0.0044748783111572266
4059,1,420,0.04141092300415039
4060,2,420,0.028560161590576172
4061,3,420,0.025547027587890625
4062,4,420,0.0248870849609375
4063,5,420,0.023397207260131836
4064,6,420,0.02121901512145996
4065,7,420,0.021420001983642578
4066,8,420,0.01968216896057129
4067,9,420,0.018375158309936523
4068,10,420,0.017712116241455078
4069,11,420,0.01702117919921875
4070,12,420,0.017347097396850586
4071,13,420,0.0160830020904541
4072,14,420,0.016062259674072266
4073,15,420,0.013882160186767578
4074,16,420,0.014169931411743164
4075,17,420,0.013853073120117188
4076,18,420,0.013751029968261719
4077,19,420,0.011836051940917969
4078,20,420,0.011461973190307617
4079,21,420,0.011206865310668945
4080,22,420,0.010568857192993164
4081,23,420,0.010184049606323242
4082,24,420,0.010035991668701172
4083,25,420,0.011140823364257812
4084,26,420,0.009956836700439453
4085,27,420,0.009896993637084961
4086,28,420,0.0089569091796875
4087,29,420,0.010670185089111328
4088,30,420,0.009757041931152344
4089,31,420,0.009329080581665039
4090,32,420,0.008700847625732422
4091,33,420,0.007843971252441406
4092,34,420,0.009173154830932617
4093,35,420,0.009057044982910156
4094,36,420,0.008868217468261719
4095,37,420,0.008633136749267578
4096,38,420,0.007444858551025391
4097,39,420,0.008176088333129883
4098,40,420,0.00782012939453125
4099,41,420,0.0077970027923583984
4100,42,420,0.006445169448852539
4101,43,420,0.00641632080078125
4102,44,420,0.006562948226928711
4103,45,420,0.006139039993286133
4104,46,420,0.006216764450073242
4105,47,420,0.006882190704345703
4106,48,420,0.005938053131103516
4107,49,420,0.007410764694213867
4108,50,420,0.0072939395904541016
4109,51,420,0.007205963134765625
4110,52,420,0.007133960723876953
4111,53,420,0.007025241851806641
4112,54,420,0.006465911865234375
4113,55,420,0.0062978267669677734
4114,56,420,0.0069811344146728516
4115,57,420,0.006184101104736328
4116,58,420,0.0067021846771240234
4117,59,420,0.006273031234741211
4118,60,420,0.005094051361083984
4119,61,420,0.005128145217895508
4120,62,420,0.005105733871459961
4121,63,420,0.004939079284667969
4122,64,420,0.0049169063568115234
4123,65,420,0.004869937896728516
4124,66,420,0.004911899566650391
4125,67,420,0.004803657531738281
4126,68,420,0.004765987396240234
4127,69,420,0.006234884262084961
4128,70,420,0.004666805267333984
4129,71,420,0.00582575798034668
4130,72,420,0.004617214202880859
4131,73,420,0.005375862121582031
4132,74,420,0.0058591365814208984
4133,75,420,0.004327297210693359
4134,76,420,0.005693912506103516
4135,77,420,0.004347085952758789
4136,78,420,0.005777835845947266
4137,79,420,0.005158901214599609
4138,80,420,0.004261016845703125
4139,81,420,0.005239248275756836
4140,82,420,0.005067110061645508
4141,83,420,0.00499415397644043
4142,84,420,0.00577998161315918
4143,85,420,0.0041468143463134766
4144,86,420,0.0055980682373046875
4145,87,420,0.005202293395996094
4146,88,420,0.005049943923950195
4147,89,420,0.0040760040283203125
4148,90,420,0.004804134368896484
4149,91,420,0.00484919548034668
4150,92,420,0.003961801528930664
4151,93,420,0.004519939422607422
4152,94,420,0.004007101058959961
4153,95,420,0.004653215408325195
4154,96,420,0.0039250850677490234
4155,97,420,0.004311084747314453
4156,98,420,0.0038290023803710938
4157,99,420,0.004683017730712891
4158,1,430,0.04105496406555176
4159,2,430,0.03318595886230469
4160,3,430,0.024692773818969727
4161,4,430,0.025400876998901367
4162,5,430,0.02332758903503418
4163,6,430,0.02152085304260254
4164,7,430,0.022234201431274414
4165,8,430,0.020524024963378906
4166,9,430,0.01897597312927246
4167,10,430,0.0180051326751709
4168,11,430,0.019758224487304688
4169,12,430,0.01794290542602539
4170,13,430,0.015681743621826172
4171,14,430,0.015295982360839844
4172,15,430,0.015705108642578125
4173,16,430,0.015094995498657227
4174,17,430,0.013402223587036133
4175,18,430,0.014842987060546875
4176,19,430,0.013793230056762695
4177,20,430,0.013293027877807617
4178,21,430,0.011638879776000977
4179,22,430,0.011179924011230469
4180,23,430,0.012020111083984375
4181,24,430,0.010287284851074219
4182,25,430,0.011411905288696289
4183,26,430,0.010592937469482422
4184,27,430,0.009632110595703125
4185,28,430,0.009214162826538086
4186,29,430,0.009907960891723633
4187,30,430,0.01049184799194336
4188,31,430,0.008617877960205078
4189,32,430,0.010157108306884766
4190,33,430,0.008296966552734375
4191,34,430,0.008404254913330078
4192,35,430,0.007815122604370117
4193,36,430,0.007536888122558594
4194,37,430,0.008884191513061523
4195,38,430,0.008443832397460938
4196,39,430,0.007849931716918945
4197,40,430,0.007670164108276367
4198,41,430,0.008706092834472656
4199,42,430,0.00853586196899414
4200,43,430,0.0066797733306884766
4201,44,430,0.007368326187133789
4202,45,430,0.006459236145019531
4203,46,430,0.006851673126220703
4204,47,430,0.007954120635986328
4205,48,430,0.0062868595123291016
4206,49,430,0.006114959716796875
4207,50,430,0.005956172943115234
4208,51,430,0.00593113899230957
4209,52,430,0.0059010982513427734
4210,53,430,0.006779909133911133
4211,54,430,0.007400989532470703
4212,55,430,0.007167816162109375
4213,56,430,0.005572080612182617
4214,57,430,0.0065729618072509766
4215,58,430,0.007116079330444336
4216,59,430,0.00544285774230957
4217,60,430,0.007049083709716797
4218,61,430,0.005335092544555664
4219,62,430,0.0068721771240234375
4220,63,430,0.005275249481201172
4221,64,430,0.005158185958862305
4222,65,430,0.005074977874755859
4223,66,430,0.006142854690551758
4224,67,430,0.0061588287353515625
4225,68,430,0.006681203842163086
4226,69,430,0.006050825119018555
4227,70,430,0.005160093307495117
4228,71,430,0.0049211978912353516
4229,72,430,0.006115913391113281
4230,73,430,0.0047359466552734375
4231,74,430,0.0057468414306640625
4232,75,430,0.005513906478881836
4233,76,430,0.006043195724487305
4234,77,430,0.004569053649902344
4235,78,430,0.0055658817291259766
4236,79,430,0.005830049514770508
4237,80,430,0.005392789840698242
4238,81,430,0.00557398796081543
4239,82,430,0.005139827728271484
4240,83,430,0.00562596321105957
4241,84,430,0.005211830139160156
4242,85,430,0.004264116287231445
4243,86,430,0.004288911819458008
4244,87,430,0.005579948425292969
4245,88,430,0.005040168762207031
4246,89,430,0.004965066909790039
4247,90,430,0.005014896392822266
4248,91,430,0.0042209625244140625
4249,92,430,0.005007028579711914
4250,93,430,0.004831075668334961
4251,94,430,0.004820108413696289
4252,95,430,0.004019260406494141
4253,96,430,0.004948139190673828
4254,97,430,0.004563331604003906
4255,98,430,0.004658222198486328
4256,99,430,0.004870176315307617
4257,1,440,0.03962397575378418
4258,2,440,0.03307986259460449
4259,3,440,0.026363134384155273
4260,4,440,0.02673029899597168
4261,5,440,0.027292966842651367
4262,6,440,0.025484085083007812
4263,7,440,0.022717952728271484
4264,8,440,0.02159595489501953
4265,9,440,0.021183252334594727
4266,10,440,0.019189834594726562
4267,11,440,0.018902063369750977
4268,12,440,0.01870584487915039
4269,13,440,0.016906023025512695
4270,14,440,0.016235828399658203
4271,15,440,0.01528310775756836
4272,16,440,0.016065120697021484
4273,17,440,0.014288187026977539
4274,18,440,0.013850927352905273
4275,19,440,0.01459813117980957
4276,20,440,0.01359701156616211
4277,21,440,0.012412071228027344
4278,22,440,0.012572050094604492
4279,23,440,0.012374162673950195
4280,24,440,0.012887716293334961
4281,25,440,0.011848926544189453
4282,26,440,0.010335922241210938
4283,27,440,0.010753870010375977
4284,28,440,0.009758949279785156
4285,29,440,0.011657953262329102
4286,30,440,0.011210918426513672
4287,31,440,0.010415077209472656
4288,32,440,0.00973200798034668
4289,33,440,0.00873112678527832
4290,34,440,0.010068893432617188
4291,35,440,0.008306026458740234
4292,36,440,0.009183168411254883
4293,37,440,0.007869958877563477
4294,38,440,0.007905721664428711
4295,39,440,0.009097814559936523
4296,40,440,0.007444858551025391
4297,41,440,0.008980035781860352
4298,42,440,0.008465051651000977
4299,43,440,0.009233951568603516
4300,44,440,0.00889897346496582
4301,45,440,0.008199930191040039
4302,46,440,0.00824594497680664
4303,47,440,0.008354902267456055
4304,48,440,0.007938623428344727
4305,49,440,0.007928848266601562
4306,50,440,0.006331920623779297
4307,51,440,0.007216215133666992
4308,52,440,0.007643938064575195
4309,53,440,0.0062580108642578125
4310,54,440,0.007735013961791992
4311,55,440,0.00598597526550293
4312,56,440,0.0069620609283447266
4313,57,440,0.007236003875732422
4314,58,440,0.006684064865112305
4315,59,440,0.006794929504394531
4316,60,440,0.0072062015533447266
4317,61,440,0.006712913513183594
4318,62,440,0.005479335784912109
4319,63,440,0.005464792251586914
4320,64,440,0.0066411495208740234
4321,65,440,0.006154060363769531
4322,66,440,0.0052721500396728516
4323,67,440,0.005265951156616211
4324,68,440,0.006695270538330078
4325,69,440,0.006349802017211914
4326,70,440,0.00638580322265625
4327,71,440,0.0051059722900390625
4328,72,440,0.00515294075012207
4329,73,440,0.005028963088989258
4330,74,440,0.0050013065338134766
4331,75,440,0.0056591033935546875
4332,76,440,0.005380153656005859
4333,77,440,0.005779266357421875
4334,78,440,0.004669904708862305
4335,79,440,0.004746198654174805
4336,80,440,0.004620075225830078
4337,81,440,0.005656003952026367
4338,82,440,0.004657268524169922
4339,83,440,0.00464630126953125
4340,84,440,0.006007194519042969
4341,85,440,0.005538225173950195
4342,86,440,0.004529237747192383
4343,87,440,0.004454135894775391
4344,88,440,0.0044820308685302734
4345,89,440,0.004518985748291016
4346,90,440,0.005242109298706055
4347,91,440,0.004370212554931641
4348,92,440,0.004415988922119141
4349,93,440,0.004434108734130859
4350,94,440,0.005516767501831055
4351,95,440,0.0043179988861083984
4352,96,440,0.005281925201416016
4353,97,440,0.0047969818115234375
4354,98,440,0.004321098327636719
4355,99,440,0.004221916198730469
4356,1,450,0.041835784912109375
4357,2,450,0.03639388084411621
4358,3,450,0.029612064361572266
4359,4,450,0.028476953506469727
4360,5,450,0.029240131378173828
4361,6,450,0.023659944534301758
4362,7,450,0.023587703704833984
4363,8,450,0.023068904876708984
4364,9,450,0.022037029266357422
4365,10,450,0.01997208595275879
4366,11,450,0.020933151245117188
4367,12,450,0.01826190948486328
4368,13,450,0.017517805099487305
4369,14,450,0.018006086349487305
4370,15,450,0.0161590576171875
4371,16,450,0.015218019485473633
4372,17,450,0.016590118408203125
4373,18,450,0.015557050704956055
4374,19,450,0.013536930084228516
4375,20,450,0.015257120132446289
4376,21,450,0.014717817306518555
4377,22,450,0.014428138732910156
4378,23,450,0.011978864669799805
4379,24,450,0.01164102554321289
4380,25,450,0.01275181770324707
4381,26,450,0.011298894882202148
4382,27,450,0.010500907897949219
4383,28,450,0.010076761245727539
4384,29,450,0.01137995719909668
4385,30,450,0.010702133178710938
4386,31,450,0.010804176330566406
4387,32,450,0.009206056594848633
4388,33,450,0.010648012161254883
4389,34,450,0.00966787338256836
4390,35,450,0.009881973266601562
4391,36,450,0.010386943817138672
4392,37,450,0.008350133895874023
4393,38,450,0.00909280776977539
4394,39,450,0.007939815521240234
4395,40,450,0.008992195129394531
4396,41,450,0.008949995040893555
4397,42,450,0.008465051651000977
4398,43,450,0.007380247116088867
4399,44,450,0.0074024200439453125
4400,45,450,0.00818014144897461
4401,46,450,0.008005142211914062
4402,47,450,0.006983757019042969
4403,48,450,0.00673675537109375
4404,49,450,0.007659912109375
4405,50,450,0.007749080657958984
4406,51,450,0.0065898895263671875
4407,52,450,0.0064239501953125
4408,53,450,0.0063059329986572266
4409,54,450,0.007728099822998047
4410,55,450,0.007134914398193359
4411,56,450,0.006264925003051758
4412,57,450,0.007071971893310547
4413,58,450,0.006036043167114258
4414,59,450,0.007134914398193359
4415,60,450,0.007122039794921875
4416,61,450,0.005887031555175781
4417,62,450,0.007060050964355469
4418,63,450,0.005711078643798828
4419,64,450,0.0069141387939453125
4420,65,450,0.005552768707275391
4421,66,450,0.005555868148803711
4422,67,450,0.0055599212646484375
4423,68,450,0.005455970764160156
4424,69,450,0.0064661502838134766
4425,70,450,0.006684780120849609
4426,71,450,0.005323886871337891
4427,72,450,0.0071201324462890625
4428,73,450,0.007031917572021484
4429,74,450,0.0051860809326171875
4430,75,450,0.005132198333740234
4431,76,450,0.005752086639404297
4432,77,450,0.006331920623779297
4433,78,450,0.006698131561279297
4434,79,450,0.004791975021362305
4435,80,450,0.0048639774322509766
4436,81,450,0.004786968231201172
4437,82,450,0.006324052810668945
4438,83,450,0.004683017730712891
4439,84,450,0.005121707916259766
4440,85,450,0.00635218620300293
4441,86,450,0.004791975021362305
4442,87,450,0.00506901741027832
4443,88,450,0.004662752151489258
4444,89,450,0.005903720855712891
4445,90,450,0.004628896713256836
4446,91,450,0.005719184875488281
4447,92,450,0.004653215408325195
4448,93,450,0.004492998123168945
4449,94,450,0.004506826400756836
4450,95,450,0.004475116729736328
4451,96,450,0.004538059234619141
4452,97,450,0.005338191986083984
4453,98,450,0.004474163055419922
4454,99,450,0.004378795623779297
4455,1,460,0.041986942291259766
4456,2,460,0.033236026763916016
4457,3,460,0.033785104751586914
4458,4,460,0.028632164001464844
4459,5,460,0.027106046676635742
4460,6,460,0.02668285369873047
4461,7,460,0.02486705780029297
4462,8,460,0.02339029312133789
4463,9,460,0.02326202392578125
4464,10,460,0.021045923233032227
4465,11,460,0.023362159729003906
4466,12,460,0.020642995834350586
4467,13,460,0.018811941146850586
4468,14,460,0.017843008041381836
4469,15,460,0.01679205894470215
4470,16,460,0.017775297164916992
4471,17,460,0.015732288360595703
4472,18,460,0.015707969665527344
4473,19,460,0.014142751693725586
4474,20,460,0.01403498649597168
4475,21,460,0.014445066452026367
4476,22,460,0.014240026473999023
4477,23,460,0.01257181167602539
4478,24,460,0.013948917388916016
4479,25,460,0.01153111457824707
4480,26,460,0.012925863265991211
4481,27,460,0.012124300003051758
4482,28,460,0.01380467414855957
4483,29,460,0.011647939682006836
4484,30,460,0.01178288459777832
4485,31,460,0.010878801345825195
4486,32,460,0.011448860168457031
4487,33,460,0.010619878768920898
4488,34,460,0.010362863540649414
4489,35,460,0.00948786735534668
4490,36,460,0.009706974029541016
4491,37,460,0.008505105972290039
4492,38,460,0.00816798210144043
4493,39,460,0.00918889045715332
4494,40,460,0.007983922958374023
4495,41,460,0.008996963500976562
4496,42,460,0.008852005004882812
4497,43,460,0.00748896598815918
4498,44,460,0.008929014205932617
4499,45,460,0.007452964782714844
4500,46,460,0.007361888885498047
4501,47,460,0.0071370601654052734
4502,48,460,0.008253335952758789
4503,49,460,0.0069239139556884766
4504,50,460,0.006864070892333984
4505,51,460,0.008202075958251953
4506,52,460,0.006723165512084961
4507,53,460,0.006785154342651367
4508,54,460,0.006498098373413086
4509,55,460,0.007962942123413086
4510,56,460,0.006634950637817383
4511,57,460,0.007433891296386719
4512,58,460,0.008073091506958008
4513,59,460,0.006152153015136719
4514,60,460,0.005980014801025391
4515,61,460,0.006041049957275391
4516,62,460,0.007166147232055664
4517,63,460,0.006232738494873047
4518,64,460,0.007097005844116211
4519,65,460,0.005910158157348633
4520,66,460,0.006969928741455078
4521,67,460,0.006884098052978516
4522,68,460,0.005852222442626953
4523,69,460,0.005624055862426758
4524,70,460,0.006727933883666992
4525,71,460,0.005632162094116211
4526,72,460,0.006842136383056641
4527,73,460,0.005529880523681641
4528,74,460,0.0054302215576171875
4529,75,460,0.005404233932495117
4530,76,460,0.006754159927368164
4531,77,460,0.005293130874633789
4532,78,460,0.006409168243408203
4533,79,460,0.00639796257019043
4534,80,460,0.006160736083984375
4535,81,460,0.006172895431518555
4536,82,460,0.0049591064453125
4537,83,460,0.0064849853515625
4538,84,460,0.0060138702392578125
4539,85,460,0.006033182144165039
4540,86,460,0.0048940181732177734
4541,87,460,0.004842042922973633
4542,88,460,0.006055116653442383
4543,89,460,0.004839897155761719
4544,90,460,0.005697011947631836
4545,91,460,0.0054509639739990234
4546,92,460,0.005542278289794922
4547,93,460,0.006116151809692383
4548,94,460,0.005228996276855469
4549,95,460,0.005220651626586914
4550,96,460,0.005689144134521484
4551,97,460,0.004622697830200195
4552,98,460,0.005388021469116211
4553,99,460,0.004495859146118164
4554,1,470,0.04525589942932129
4555,2,470,0.033054351806640625
4556,3,470,0.03139376640319824
4557,4,470,0.031164169311523438
4558,5,470,0.027981996536254883
4559,6,470,0.02582406997680664
4560,7,470,0.027444839477539062
4561,8,470,0.024822235107421875
4562,9,470,0.024791717529296875
4563,10,470,0.024517059326171875
4564,11,470,0.023896217346191406
4565,12,470,0.02186894416809082
4566,13,470,0.019222021102905273
4567,14,470,0.018743038177490234
4568,15,470,0.017774105072021484
4569,16,470,0.018362760543823242
4570,17,470,0.018466949462890625
4571,18,470,0.0160219669342041
4572,19,470,0.01699209213256836
4573,20,470,0.01658487319946289
4574,21,470,0.01598811149597168
4575,22,470,0.01357889175415039
4576,23,470,0.014963150024414062
4577,24,470,0.01388692855834961
4578,25,470,0.01356816291809082
4579,26,470,0.013266324996948242
4580,27,470,0.011273860931396484
4581,28,470,0.010850906372070312
4582,29,470,0.010584831237792969
4583,30,470,0.01218104362487793
4584,31,470,0.010019063949584961
4585,32,470,0.010061025619506836
4586,33,470,0.010083198547363281
4587,34,470,0.010931968688964844
4588,35,470,0.01140904426574707
4589,36,470,0.009036064147949219
4590,37,470,0.010065317153930664
4591,38,470,0.01036691665649414
4592,39,470,0.008684158325195312
4593,40,470,0.009652137756347656
4594,41,470,0.00820302963256836
4595,42,470,0.009350776672363281
4596,43,470,0.009274959564208984
4597,44,470,0.007987022399902344
4598,45,470,0.008870124816894531
4599,46,470,0.007707118988037109
4600,47,470,0.0074923038482666016
4601,48,470,0.007380008697509766
4602,49,470,0.008944272994995117
4603,50,470,0.008936882019042969
4604,51,470,0.008661746978759766
4605,52,470,0.007217884063720703
4606,53,470,0.007890939712524414
4607,54,470,0.007225751876831055
4608,55,470,0.007176876068115234
4609,56,470,0.006738901138305664
4610,57,470,0.006764888763427734
4611,58,470,0.006610870361328125
4612,59,470,0.006438016891479492
4613,60,470,0.007800102233886719
4614,61,470,0.007441997528076172
4615,62,470,0.007756948471069336
4616,63,470,0.0076978206634521484
4617,64,470,0.007781028747558594
4618,65,470,0.006189823150634766
4619,66,470,0.006066083908081055
4620,67,470,0.00718998908996582
4621,68,470,0.00598597526550293
4622,69,470,0.007027864456176758
4623,70,470,0.00586700439453125
4624,71,470,0.006833076477050781
4625,72,470,0.005773067474365234
4626,73,470,0.00565791130065918
4627,74,470,0.005614757537841797
4628,75,470,0.00755000114440918
4629,76,470,0.005550861358642578
4630,77,470,0.00683283805847168
4631,78,470,0.005547761917114258
4632,79,470,0.00539088249206543
4633,80,470,0.005402088165283203
4634,81,470,0.005249738693237305
4635,82,470,0.006521940231323242
4636,83,470,0.005182027816772461
4637,84,470,0.0051441192626953125
4638,85,470,0.006736040115356445
4639,86,470,0.006008625030517578
4640,87,470,0.005903005599975586
4641,88,470,0.005026817321777344
4642,89,470,0.005034923553466797
4643,90,470,0.006080150604248047
4644,91,470,0.006027936935424805
4645,92,470,0.00498199462890625
4646,93,470,0.006739139556884766
4647,94,470,0.00661015510559082
4648,95,470,0.0049970149993896484
4649,96,470,0.004950046539306641
4650,97,470,0.005821943283081055
4651,98,470,0.004844188690185547
4652,99,470,0.005498170852661133
4653,1,480,0.049117088317871094
4654,2,480,0.03701901435852051
4655,3,480,0.0376582145690918
4656,4,480,0.04117584228515625
4657,5,480,0.028916120529174805
4658,6,480,0.0268709659576416
4659,7,480,0.02717280387878418
4660,8,480,0.0265653133392334
4661,9,480,0.025792837142944336
4662,10,480,0.02464580535888672
4663,11,480,0.02247309684753418
4664,12,480,0.021296024322509766
4665,13,480,0.021104097366333008
4666,14,480,0.01952385902404785
4667,15,480,0.019661903381347656
4668,16,480,0.017159223556518555
4669,17,480,0.016783952713012695
4670,18,480,0.01604318618774414
4671,19,480,0.015743017196655273
4672,20,480,0.016390085220336914
4673,21,480,0.016419172286987305
4674,22,480,0.013952016830444336
4675,23,480,0.015115976333618164
4676,24,480,0.014695882797241211
4677,25,480,0.012639045715332031
4678,26,480,0.012827157974243164
4679,27,480,0.01322793960571289
4680,28,480,0.012557029724121094
4681,29,480,0.011038064956665039
4682,30,480,0.01224374771118164
4683,31,480,0.010548114776611328
4684,32,480,0.011754989624023438
4685,33,480,0.011456012725830078
4686,34,480,0.010067224502563477
4687,35,480,0.011101961135864258
4688,36,480,0.009373903274536133
4689,37,480,0.010695219039916992
4690,38,480,0.009348154067993164
4691,39,480,0.00907278060913086
4692,40,480,0.008790016174316406
4693,41,480,0.008672952651977539
4694,42,480,0.010087966918945312
4695,43,480,0.008348941802978516
4696,44,480,0.00815582275390625
4697,45,480,0.009338855743408203
4698,46,480,0.008007049560546875
4699,47,480,0.007751941680908203
4700,48,480,0.009553194046020508
4701,49,480,0.007661104202270508
4702,50,480,0.007659912109375
4703,51,480,0.008681058883666992
4704,52,480,0.009421825408935547
4705,53,480,0.007381916046142578
4706,54,480,0.007173061370849609
4707,55,480,0.006999015808105469
4708,56,480,0.008408784866333008
4709,57,480,0.007001161575317383
4710,58,480,0.008994817733764648
4711,59,480,0.008999109268188477
4712,60,480,0.008050918579101562
4713,61,480,0.008301019668579102
4714,62,480,0.00638890266418457
4715,63,480,0.006381988525390625
4716,64,480,0.006654024124145508
4717,65,480,0.006509065628051758
4718,66,480,0.008373737335205078
4719,67,480,0.0075681209564208984
4720,68,480,0.006268978118896484
4721,69,480,0.006144046783447266
4722,70,480,0.008163213729858398
4723,71,480,0.006058931350708008
4724,72,480,0.006019115447998047
4725,73,480,0.007179737091064453
4726,74,480,0.007257938385009766
4727,75,480,0.007934808731079102
4728,76,480,0.007829904556274414
4729,77,480,0.00600123405456543
4730,78,480,0.007704257965087891
4731,79,480,0.007524967193603516
4732,80,480,0.0075418949127197266
4733,81,480,0.005630970001220703
4734,82,480,0.005502939224243164
4735,83,480,0.006947755813598633
4736,84,480,0.007318019866943359
4737,85,480,0.005262136459350586
4738,86,480,0.006166934967041016
4739,87,480,0.005342006683349609
4740,88,480,0.007277250289916992
4741,89,480,0.0067310333251953125
4742,90,480,0.005883693695068359
4743,91,480,0.005196094512939453
4744,92,480,0.006492137908935547
4745,93,480,0.006432056427001953
4746,94,480,0.005122661590576172
4747,95,480,0.006186962127685547
4748,96,480,0.005136013031005859
4749,97,480,0.005956888198852539
4750,98,480,0.005036115646362305
4751,99,480,0.005496978759765625
4752,1,490,0.04770994186401367
4753,2,490,0.039446115493774414
4754,3,490,0.03332805633544922
4755,4,490,0.03744697570800781
4756,5,490,0.034372806549072266
4757,6,490,0.027649879455566406
4758,7,490,0.02845907211303711
4759,8,490,0.026610136032104492
4760,9,490,0.02757096290588379
4761,10,490,0.024058103561401367
4762,11,490,0.023406028747558594
4763,12,490,0.021938085556030273
4764,13,490,0.02248406410217285
4765,14,490,0.02060699462890625
4766,15,490,0.0210111141204834
4767,16,490,0.017962932586669922
4768,17,490,0.017480134963989258
4769,18,490,0.01700878143310547
4770,19,490,0.018342018127441406
4771,20,490,0.01762104034423828
4772,21,490,0.015464067459106445
4773,22,490,0.014721155166625977
4774,23,490,0.015830039978027344
4775,24,490,0.014449119567871094
4776,25,490,0.01499319076538086
4777,26,490,0.012584924697875977
4778,27,490,0.012357234954833984
4779,28,490,0.01174473762512207
4780,29,490,0.013777017593383789
4781,30,490,0.011468887329101562
4782,31,490,0.013306140899658203
4783,32,490,0.011911153793334961
4784,33,490,0.012369155883789062
4785,34,490,0.013173818588256836
4786,35,490,0.011836767196655273
4787,36,490,0.011810779571533203
4788,37,490,0.011775970458984375
4789,38,490,0.011739015579223633
4790,39,490,0.01098775863647461
4791,40,490,0.012539863586425781
4792,41,490,0.011178016662597656
4793,42,490,0.011142969131469727
4794,43,490,0.010794878005981445
4795,44,490,0.009677886962890625
4796,45,490,0.008378982543945312
4797,46,490,0.008126974105834961
4798,47,490,0.00996088981628418
4799,48,490,0.009876012802124023
4800,49,490,0.007970094680786133
4801,50,490,0.010048866271972656
4802,51,490,0.007714033126831055
4803,52,490,0.008855819702148438
4804,53,490,0.00960397720336914
4805,54,490,0.009723901748657227
4806,55,490,0.008613109588623047
4807,56,490,0.00913095474243164
4808,57,490,0.007100820541381836
4809,58,490,0.008517980575561523
4810,59,490,0.00891423225402832
4811,60,490,0.008755207061767578
4812,61,490,0.008441686630249023
4813,62,490,0.0067708492279052734
4814,63,490,0.009015083312988281
4815,64,490,0.006432056427001953
4816,65,490,0.008558034896850586
4817,66,490,0.0065538883209228516
4818,67,490,0.008428096771240234
4819,68,490,0.00683903694152832
4820,69,490,0.006450176239013672
4821,70,490,0.008212089538574219
4822,71,490,0.007590055465698242
4823,72,490,0.006171226501464844
4824,73,490,0.008264303207397461
4825,74,490,0.007311105728149414
4826,75,490,0.0060956478118896484
4827,76,490,0.007817983627319336
4828,77,490,0.006043910980224609
4829,78,490,0.005944013595581055
4830,79,490,0.00800323486328125
4831,80,490,0.006234884262084961
4832,81,490,0.006160259246826172
4833,82,490,0.005921125411987305
4834,83,490,0.006973981857299805
4835,84,490,0.0073070526123046875
4836,85,490,0.007522106170654297
4837,86,490,0.006721019744873047
4838,87,490,0.006964921951293945
4839,88,490,0.005688905715942383
4840,89,490,0.006457090377807617
4841,90,490,0.005403280258178711
4842,91,490,0.005427122116088867
4843,92,490,0.005585908889770508
4844,93,490,0.006464958190917969
4845,94,490,0.00693511962890625
4846,95,490,0.0061800479888916016
4847,96,490,0.006335020065307617
4848,97,490,0.006354093551635742
4849,98,490,0.006379127502441406
4850,99,490,0.006263017654418945
