,l_xy,n_pts,time
0,1,10,0.8672118186950684
1,2,10,7.295608520507812e-05
2,3,10,6.794929504394531e-05
3,4,10,5.316734313964844e-05
4,5,10,5.173683166503906e-05
5,6,10,9.322166442871094e-05
6,7,10,7.581710815429688e-05
7,8,10,5.0067901611328125e-05
8,9,10,5.888938903808594e-05
9,10,10,4.38690185546875e-05
10,11,10,4.696846008300781e-05
11,12,10,3.4809112548828125e-05
12,13,10,3.528594970703125e-05
13,14,10,5.316734313964844e-05
14,15,10,3.62396240234375e-05
15,16,10,3.409385681152344e-05
16,17,10,6.103515625e-05
17,18,10,5.1975250244140625e-05
18,19,10,4.982948303222656e-05
19,20,10,3.5762786865234375e-05
20,21,10,3.0040740966796875e-05
21,22,10,2.5033950805664062e-05
22,23,10,3.528594970703125e-05
23,24,10,2.9087066650390625e-05
24,25,10,4.57763671875e-05
25,26,10,2.9087066650390625e-05
26,27,10,3.0994415283203125e-05
27,28,10,2.09808349609375e-05
28,29,10,2.8848648071289062e-05
29,30,10,3.314018249511719e-05
30,31,10,2.9325485229492188e-05
31,32,10,2.09808349609375e-05
32,33,10,3.7670135498046875e-05
33,34,10,3.0040740966796875e-05
34,35,10,2.4080276489257812e-05
35,36,10,2.09808349609375e-05
36,37,10,2.09808349609375e-05
37,38,10,2.574920654296875e-05
38,39,10,2.2172927856445312e-05
39,40,10,2.002716064453125e-05
40,41,10,2.7179718017578125e-05
41,42,10,2.47955322265625e-05
42,43,10,2.5987625122070312e-05
43,44,10,2.3126602172851562e-05
44,45,10,2.2172927856445312e-05
45,46,10,2.288818359375e-05
46,47,10,1.9073486328125e-05
47,48,10,2.384185791015625e-05
48,49,10,1.6927719116210938e-05
49,50,10,2.5272369384765625e-05
50,51,10,2.5033950805664062e-05
51,52,10,2.002716064453125e-05
52,53,10,2.6941299438476562e-05
53,54,10,1.9311904907226562e-05
54,55,10,1.5020370483398438e-05
55,56,10,2.002716064453125e-05
56,57,10,2.8133392333984375e-05
57,58,10,2.2172927856445312e-05
58,59,10,2.193450927734375e-05
59,60,10,2.8133392333984375e-05
60,61,10,2.5987625122070312e-05
61,62,10,2.5033950805664062e-05
62,63,10,2.5272369384765625e-05
63,64,10,2.4080276489257812e-05
64,65,10,2.4080276489257812e-05
65,66,10,2.5033950805664062e-05
66,67,10,1.9073486328125e-05
67,68,10,2.002716064453125e-05
68,69,10,2.4080276489257812e-05
69,70,10,1.7881393432617188e-05
70,71,10,2.193450927734375e-05
71,72,10,2.574920654296875e-05
72,73,10,2.9802322387695312e-05
73,74,10,1.9073486328125e-05
74,75,10,2.5033950805664062e-05
75,76,10,2.4080276489257812e-05
76,77,10,1.6689300537109375e-05
77,78,10,2.3126602172851562e-05
78,79,10,1.9311904907226562e-05
79,80,10,6.413459777832031e-05
80,81,10,3.1948089599609375e-05
81,82,10,2.09808349609375e-05
82,83,10,1.9788742065429688e-05
83,84,10,2.5272369384765625e-05
84,85,10,1.811981201171875e-05
85,86,10,1.811981201171875e-05
86,87,10,2.193450927734375e-05
87,88,10,1.9073486328125e-05
88,89,10,1.621246337890625e-05
89,90,10,1.6927719116210938e-05
90,91,10,2.193450927734375e-05
91,92,10,1.52587890625e-05
92,93,10,2.002716064453125e-05
93,94,10,1.6927719116210938e-05
94,95,10,2.002716064453125e-05
95,96,10,2.2172927856445312e-05
96,97,10,1.8835067749023438e-05
97,98,10,1.71661376953125e-05
98,99,10,3.6716461181640625e-05
99,1,20,0.00019311904907226562
100,2,20,0.00017714500427246094
101,3,20,0.00014400482177734375
102,4,20,0.00014019012451171875
103,5,20,0.0001468658447265625
104,6,20,0.00010085105895996094
105,7,20,9.965896606445312e-05
106,8,20,8.106231689453125e-05
107,9,20,7.891654968261719e-05
108,10,20,8.606910705566406e-05
109,11,20,7.510185241699219e-05
110,12,20,7.605552673339844e-05
111,13,20,6.318092346191406e-05
112,14,20,8.797645568847656e-05
113,15,20,0.00011014938354492188
114,16,20,7.700920104980469e-05
115,17,20,5.698204040527344e-05
116,18,20,5.817413330078125e-05
117,19,20,5.7220458984375e-05
118,20,20,7.295608520507812e-05
119,21,20,5.888938903808594e-05
120,22,20,6.29425048828125e-05
121,23,20,6.198883056640625e-05
122,24,20,6.389617919921875e-05
123,25,20,7.295608520507812e-05
124,26,20,6.103515625e-05
125,27,20,6.580352783203125e-05
126,28,20,6.198883056640625e-05
127,29,20,7.104873657226562e-05
128,30,20,7.104873657226562e-05
129,31,20,5.793571472167969e-05
130,32,20,6.103515625e-05
131,33,20,5.0067901611328125e-05
132,34,20,6.508827209472656e-05
133,35,20,6.389617919921875e-05
134,36,20,5.602836608886719e-05
135,37,20,5.3882598876953125e-05
136,38,20,5.2928924560546875e-05
137,39,20,4.6253204345703125e-05
138,40,20,6.508827209472656e-05
139,41,20,6.103515625e-05
140,42,20,5.507469177246094e-05
141,43,20,5.602836608886719e-05
142,44,20,5.507469177246094e-05
143,45,20,6.318092346191406e-05
144,46,20,5.507469177246094e-05
145,47,20,4.1961669921875e-05
146,48,20,6.890296936035156e-05
147,49,20,4.7206878662109375e-05
148,50,20,3.6716461181640625e-05
149,51,20,9.202957153320312e-05
150,52,20,5.1975250244140625e-05
151,53,20,6.103515625e-05
152,54,20,4.887580871582031e-05
153,55,20,4.506111145019531e-05
154,56,20,4.1961669921875e-05
155,57,20,7.104873657226562e-05
156,58,20,8.511543273925781e-05
157,59,20,0.00011396408081054688
158,60,20,4.673004150390625e-05
159,61,20,5.1975250244140625e-05
160,62,20,4.696846008300781e-05
161,63,20,6.079673767089844e-05
162,64,20,6.723403930664062e-05
163,65,20,5.5789947509765625e-05
164,66,20,5.793571472167969e-05
165,67,20,4.506111145019531e-05
166,68,20,6.413459777832031e-05
167,69,20,7.700920104980469e-05
168,70,20,6.794929504394531e-05
169,71,20,5.1975250244140625e-05
170,72,20,4.029273986816406e-05
171,73,20,3.790855407714844e-05
172,74,20,3.695487976074219e-05
173,75,20,3.814697265625e-05
174,76,20,2.9802322387695312e-05
175,77,20,5.602836608886719e-05
176,78,20,5.412101745605469e-05
177,79,20,4.9114227294921875e-05
178,80,20,4.792213439941406e-05
179,81,20,3.0040740966796875e-05
180,82,20,5.91278076171875e-05
181,83,20,6.008148193359375e-05
182,84,20,5.602836608886719e-05
183,85,20,4.7206878662109375e-05
184,86,20,6.008148193359375e-05
185,87,20,4.506111145019531e-05
186,88,20,4.601478576660156e-05
187,89,20,6.29425048828125e-05
188,90,20,5.6743621826171875e-05
189,91,20,3.790855407714844e-05
190,92,20,3.719329833984375e-05
191,93,20,3.814697265625e-05
192,94,20,4.76837158203125e-05
193,95,20,4.076957702636719e-05
194,96,20,2.9802322387695312e-05
195,97,20,3.504753112792969e-05
196,98,20,4.1961669921875e-05
197,99,20,3.790855407714844e-05
198,1,30,0.0002949237823486328
199,2,30,0.0002391338348388672
200,3,30,0.000225067138671875
201,4,30,0.0002040863037109375
202,5,30,0.00017881393432617188
203,6,30,0.00023102760314941406
204,7,30,0.00019884109497070312
205,8,30,0.00015306472778320312
206,9,30,0.0001621246337890625
207,10,30,0.00015997886657714844
208,11,30,0.00016021728515625
209,12,30,0.0001239776611328125
210,13,30,0.00011968612670898438
211,14,30,0.00011610984802246094
212,15,30,0.00011897087097167969
213,16,30,0.00012302398681640625
214,17,30,0.00015425682067871094
215,18,30,0.00011897087097167969
216,19,30,0.00010919570922851562
217,20,30,0.00013017654418945312
218,21,30,0.000102996826171875
219,22,30,0.00010395050048828125
220,23,30,9.489059448242188e-05
221,24,30,9.918212890625e-05
222,25,30,8.296966552734375e-05
223,26,30,9.012222290039062e-05
224,27,30,9.489059448242188e-05
225,28,30,8.606910705566406e-05
226,29,30,8.821487426757812e-05
227,30,30,8.702278137207031e-05
228,31,30,0.00010395050048828125
229,32,30,8.0108642578125e-05
230,33,30,8.20159912109375e-05
231,34,30,7.772445678710938e-05
232,35,30,7.414817810058594e-05
233,36,30,7.700920104980469e-05
234,37,30,8.20159912109375e-05
235,38,30,6.604194641113281e-05
236,39,30,7.915496826171875e-05
237,40,30,7.724761962890625e-05
238,41,30,7.891654968261719e-05
239,42,30,7.414817810058594e-05
240,43,30,7.605552673339844e-05
241,44,30,7.081031799316406e-05
242,45,30,8.082389831542969e-05
243,46,30,6.985664367675781e-05
244,47,30,7.295608520507812e-05
245,48,30,7.200241088867188e-05
246,49,30,9.393692016601562e-05
247,50,30,6.794929504394531e-05
248,51,30,6.413459777832031e-05
249,52,30,6.890296936035156e-05
250,53,30,6.604194641113281e-05
251,54,30,5.984306335449219e-05
252,55,30,6.818771362304688e-05
253,56,30,7.081031799316406e-05
254,57,30,5.91278076171875e-05
255,58,30,6.079673767089844e-05
256,59,30,6.29425048828125e-05
257,60,30,6.389617919921875e-05
258,61,30,7.224082946777344e-05
259,62,30,6.67572021484375e-05
260,63,30,6.389617919921875e-05
261,64,30,5.91278076171875e-05
262,65,30,9.322166442871094e-05
263,66,30,5.888938903808594e-05
264,67,30,6.914138793945312e-05
265,68,30,6.818771362304688e-05
266,69,30,6.318092346191406e-05
267,70,30,6.794929504394531e-05
268,71,30,6.079673767089844e-05
269,72,30,7.009506225585938e-05
270,73,30,7.319450378417969e-05
271,74,30,6.389617919921875e-05
272,75,30,6.890296936035156e-05
273,76,30,6.508827209472656e-05
274,77,30,7.009506225585938e-05
275,78,30,6.818771362304688e-05
276,79,30,9.202957153320312e-05
277,80,30,5.793571472167969e-05
278,81,30,6.604194641113281e-05
279,82,30,6.031990051269531e-05
280,83,30,7.510185241699219e-05
281,84,30,6.914138793945312e-05
282,85,30,7.224082946777344e-05
283,86,30,0.00010395050048828125
284,87,30,6.914138793945312e-05
285,88,30,6.318092346191406e-05
286,89,30,6.67572021484375e-05
287,90,30,5.1021575927734375e-05
288,91,30,6.413459777832031e-05
289,92,30,5.793571472167969e-05
290,93,30,6.604194641113281e-05
291,94,30,5.125999450683594e-05
292,95,30,8.511543273925781e-05
293,96,30,7.319450378417969e-05
294,97,30,6.794929504394531e-05
295,98,30,6.699562072753906e-05
296,99,30,6.079673767089844e-05
297,1,40,0.0004210472106933594
298,2,40,0.00037288665771484375
299,3,40,0.00039196014404296875
300,4,40,0.00027179718017578125
301,5,40,0.00028014183044433594
302,6,40,0.0002918243408203125
303,7,40,0.00030112266540527344
304,8,40,0.0002651214599609375
305,9,40,0.00020313262939453125
306,10,40,0.0002410411834716797
307,11,40,0.0002338886260986328
308,12,40,0.0002162456512451172
309,13,40,0.0002009868621826172
310,14,40,0.00021195411682128906
311,15,40,0.00017499923706054688
312,16,40,0.0001728534698486328
313,17,40,0.00019311904907226562
314,18,40,0.0001819133758544922
315,19,40,0.00020384788513183594
316,20,40,0.00016570091247558594
317,21,40,0.00015306472778320312
318,22,40,0.00015306472778320312
319,23,40,0.00015091896057128906
320,24,40,0.00014901161193847656
321,25,40,0.00012373924255371094
322,26,40,0.00015425682067871094
323,27,40,0.00014472007751464844
324,28,40,0.0001518726348876953
325,29,40,0.0001418590545654297
326,30,40,0.00013113021850585938
327,31,40,0.00013303756713867188
328,32,40,0.00014209747314453125
329,33,40,0.0001289844512939453
330,34,40,0.0001289844512939453
331,35,40,0.00014281272888183594
332,36,40,0.00010704994201660156
333,37,40,0.00011801719665527344
334,38,40,0.00010395050048828125
335,39,40,0.00011587142944335938
336,40,40,0.00011801719665527344
337,41,40,0.00011706352233886719
338,42,40,0.00011801719665527344
339,43,40,0.0001068115234375
340,44,40,0.00011110305786132812
341,45,40,0.00010275840759277344
342,46,40,9.298324584960938e-05
343,47,40,0.0001289844512939453
344,48,40,0.00017786026000976562
345,49,40,0.00012111663818359375
346,50,40,0.00010395050048828125
347,51,40,8.916854858398438e-05
348,52,40,0.00010895729064941406
349,53,40,9.608268737792969e-05
350,54,40,0.0001270771026611328
351,55,40,9.489059448242188e-05
352,56,40,0.00011229515075683594
353,57,40,0.00010895729064941406
354,58,40,0.00011110305786132812
355,59,40,0.00011205673217773438
356,60,40,0.00010538101196289062
357,61,40,0.0001289844512939453
358,62,40,0.00010800361633300781
359,63,40,9.989738464355469e-05
360,64,40,0.00010800361633300781
361,65,40,0.00010323524475097656
362,66,40,0.00010895729064941406
363,67,40,0.0001308917999267578
364,68,40,0.00013685226440429688
365,69,40,8.916854858398438e-05
366,70,40,9.512901306152344e-05
367,71,40,0.00010991096496582031
368,72,40,9.608268737792969e-05
369,73,40,0.000102996826171875
370,74,40,0.0001049041748046875
371,75,40,0.00013327598571777344
372,76,40,9.489059448242188e-05
373,77,40,9.822845458984375e-05
374,78,40,9.322166442871094e-05
375,79,40,0.0001049041748046875
376,80,40,0.00010442733764648438
377,81,40,0.00010013580322265625
378,82,40,9.179115295410156e-05
379,83,40,8.869171142578125e-05
380,84,40,0.00013184547424316406
381,85,40,8.606910705566406e-05
382,86,40,8.893013000488281e-05
383,87,40,0.0001270771026611328
384,88,40,9.179115295410156e-05
385,89,40,7.390975952148438e-05
386,90,40,0.0001220703125
387,91,40,0.00011014938354492188
388,92,40,8.296966552734375e-05
389,93,40,8.392333984375e-05
390,94,40,8.0108642578125e-05
391,95,40,8.273124694824219e-05
392,96,40,8.20159912109375e-05
393,97,40,9.322166442871094e-05
394,98,40,0.00010800361633300781
395,99,40,7.891654968261719e-05
396,1,50,0.0006830692291259766
397,2,50,0.0005221366882324219
398,3,50,0.0005393028259277344
399,4,50,0.0005257129669189453
400,5,50,0.00039005279541015625
401,6,50,0.0003521442413330078
402,7,50,0.0003409385681152344
403,8,50,0.00034999847412109375
404,9,50,0.00030493736267089844
405,10,50,0.00037479400634765625
406,11,50,0.00033283233642578125
407,12,50,0.0003008842468261719
408,13,50,0.0002999305725097656
409,14,50,0.0002448558807373047
410,15,50,0.0002720355987548828
411,16,50,0.0002460479736328125
412,17,50,0.00026702880859375
413,18,50,0.00023698806762695312
414,19,50,0.00028634071350097656
415,20,50,0.0002129077911376953
416,21,50,0.00024509429931640625
417,22,50,0.00020194053649902344
418,23,50,0.0002148151397705078
419,24,50,0.0002617835998535156
420,25,50,0.0002009868621826172
421,26,50,0.00021386146545410156
422,27,50,0.00020194053649902344
423,28,50,0.0001957416534423828
424,29,50,0.00019502639770507812
425,30,50,0.00022721290588378906
426,31,50,0.0001709461212158203
427,32,50,0.0002009868621826172
428,33,50,0.0002491474151611328
429,34,50,0.0002028942108154297
430,35,50,0.0001747608184814453
431,36,50,0.000186920166015625
432,37,50,0.00017714500427246094
433,38,50,0.000179290771484375
434,39,50,0.00016117095947265625
435,40,50,0.00016808509826660156
436,41,50,0.00013399124145507812
437,42,50,0.00015997886657714844
438,43,50,0.00015020370483398438
439,44,50,0.00014591217041015625
440,45,50,0.00015807151794433594
441,46,50,0.00015592575073242188
442,47,50,0.0001430511474609375
443,48,50,0.00015616416931152344
444,49,50,0.0001819133758544922
445,50,50,0.0001499652862548828
446,51,50,0.00020313262939453125
447,52,50,0.00015616416931152344
448,53,50,0.0001468658447265625
449,54,50,0.0001308917999267578
450,55,50,0.0001499652862548828
451,56,50,0.0001327991485595703
452,57,50,0.00012803077697753906
453,58,50,0.00013589859008789062
454,59,50,0.00013375282287597656
455,60,50,0.00020503997802734375
456,61,50,0.00012612342834472656
457,62,50,0.0001308917999267578
458,63,50,0.00018215179443359375
459,64,50,0.00018286705017089844
460,65,50,0.00014495849609375
461,66,50,0.00014400482177734375
462,67,50,0.00014495849609375
463,68,50,0.00013399124145507812
464,69,50,0.0001437664031982422
465,70,50,0.00013303756713867188
466,71,50,0.00013518333435058594
467,72,50,0.0001430511474609375
468,73,50,0.0001518726348876953
469,74,50,0.00015115737915039062
470,75,50,0.00011610984802246094
471,76,50,0.000125885009765625
472,77,50,0.0001430511474609375
473,78,50,0.00012636184692382812
474,79,50,0.00015282630920410156
475,80,50,0.00013899803161621094
476,81,50,0.00013399124145507812
477,82,50,0.0001380443572998047
478,83,50,0.00013899803161621094
479,84,50,0.00012111663818359375
480,85,50,0.00011181831359863281
481,86,50,0.00013208389282226562
482,87,50,0.0001971721649169922
483,88,50,0.00012803077697753906
484,89,50,0.0001220703125
485,90,50,0.00011682510375976562
486,91,50,0.00012111663818359375
487,92,50,0.00010895729064941406
488,93,50,0.00011920928955078125
489,94,50,0.00011396408081054688
490,95,50,9.918212890625e-05
491,96,50,0.00011587142944335938
492,97,50,0.00010800361633300781
493,98,50,0.00011205673217773438
494,99,50,0.00011920928955078125
495,1,60,0.0009670257568359375
496,2,60,0.0006921291351318359
497,3,60,0.0006253719329833984
498,4,60,0.0006341934204101562
499,5,60,0.0005266666412353516
500,6,60,0.0006000995635986328
501,7,60,0.0005419254302978516
502,8,60,0.00042176246643066406
503,9,60,0.0005130767822265625
504,10,60,0.00042700767517089844
505,11,60,0.0004291534423828125
506,12,60,0.00043010711669921875
507,13,60,0.00039124488830566406
508,14,60,0.00035309791564941406
509,15,60,0.0003409385681152344
510,16,60,0.0004181861877441406
511,17,60,0.0003809928894042969
512,18,60,0.0003178119659423828
513,19,60,0.0003509521484375
514,20,60,0.0002758502960205078
515,21,60,0.0003070831298828125
516,22,60,0.0002758502960205078
517,23,60,0.0002758502960205078
518,24,60,0.00031113624572753906
519,25,60,0.000244140625
520,26,60,0.0002541542053222656
521,27,60,0.00023818016052246094
522,28,60,0.00022792816162109375
523,29,60,0.0002429485321044922
524,30,60,0.000247955322265625
525,31,60,0.0002288818359375
526,32,60,0.0002617835998535156
527,33,60,0.00026917457580566406
528,34,60,0.00021386146545410156
529,35,60,0.0002319812774658203
530,36,60,0.00023508071899414062
531,37,60,0.0002040863037109375
532,38,60,0.0002231597900390625
533,39,60,0.0002181529998779297
534,40,60,0.0001990795135498047
535,41,60,0.0002429485321044922
536,42,60,0.0002090930938720703
537,43,60,0.0002181529998779297
538,44,60,0.00022125244140625
539,45,60,0.00021886825561523438
540,46,60,0.00017404556274414062
541,47,60,0.00021409988403320312
542,48,60,0.00022077560424804688
543,49,60,0.00022983551025390625
544,50,60,0.00023174285888671875
545,51,60,0.00017404556274414062
546,52,60,0.00022983551025390625
547,53,60,0.00021028518676757812
548,54,60,0.0001881122589111328
549,55,60,0.0001742839813232422
550,56,60,0.00015783309936523438
551,57,60,0.0001709461212158203
552,58,60,0.00019621849060058594
553,59,60,0.00021409988403320312
554,60,60,0.0001537799835205078
555,61,60,0.00015401840209960938
556,62,60,0.0001628398895263672
557,63,60,0.0001552104949951172
558,64,60,0.00018215179443359375
559,65,60,0.00018405914306640625
560,66,60,0.00021409988403320312
561,67,60,0.0002048015594482422
562,68,60,0.00013208389282226562
563,69,60,0.0001380443572998047
564,70,60,0.00018095970153808594
565,71,60,0.0001518726348876953
566,72,60,0.00014710426330566406
567,73,60,0.00013899803161621094
568,74,60,0.0001373291015625
569,75,60,0.0001747608184814453
570,76,60,0.00019311904907226562
571,77,60,0.00014901161193847656
572,78,60,0.00019884109497070312
573,79,60,0.00016164779663085938
574,80,60,0.0001971721649169922
575,81,60,0.00015401840209960938
576,82,60,0.00020003318786621094
577,83,60,0.00013494491577148438
578,84,60,0.00017499923706054688
579,85,60,0.00019407272338867188
580,86,60,0.00015115737915039062
581,87,60,0.00020074844360351562
582,88,60,0.00012302398681640625
583,89,60,0.0001437664031982422
584,90,60,0.00014090538024902344
585,91,60,0.00012969970703125
586,92,60,0.00017714500427246094
587,93,60,0.0001819133758544922
588,94,60,0.00015425682067871094
589,95,60,0.00015997886657714844
590,96,60,0.0001461505889892578
591,97,60,0.0001361370086669922
592,98,60,0.0001678466796875
593,99,60,0.00014019012451171875
594,1,70,0.0012438297271728516
595,2,70,0.0009522438049316406
596,3,70,0.0008270740509033203
597,4,70,0.0007340908050537109
598,5,70,0.0008490085601806641
599,6,70,0.0006668567657470703
600,7,70,0.0007231235504150391
601,8,70,0.0006830692291259766
602,9,70,0.0006105899810791016
603,10,70,0.0005681514739990234
604,11,70,0.0005440711975097656
605,12,70,0.0005910396575927734
606,13,70,0.0005004405975341797
607,14,70,0.0006430149078369141
608,15,70,0.000438690185546875
609,16,70,0.0004930496215820312
610,17,70,0.00043201446533203125
611,18,70,0.0004050731658935547
612,19,70,0.000392913818359375
613,20,70,0.0003941059112548828
614,21,70,0.0003771781921386719
615,22,70,0.0003840923309326172
616,23,70,0.0003769397735595703
617,24,70,0.0004067420959472656
618,25,70,0.0003361701965332031
619,26,70,0.0003032684326171875
620,27,70,0.00033283233642578125
621,28,70,0.0003509521484375
622,29,70,0.00033211708068847656
623,30,70,0.0003399848937988281
624,31,70,0.0003161430358886719
625,32,70,0.0003330707550048828
626,33,70,0.0003368854522705078
627,34,70,0.0002989768981933594
628,35,70,0.0002598762512207031
629,36,70,0.000335693359375
630,37,70,0.0002498626708984375
631,38,70,0.0002789497375488281
632,39,70,0.0002541542053222656
633,40,70,0.00027298927307128906
634,41,70,0.0002651214599609375
635,42,70,0.00027108192443847656
636,43,70,0.00026798248291015625
637,44,70,0.0002570152282714844
638,45,70,0.0002751350402832031
639,46,70,0.0002532005310058594
640,47,70,0.00029015541076660156
641,48,70,0.0002319812774658203
642,49,70,0.0002868175506591797
643,50,70,0.0002930164337158203
644,51,70,0.0002911090850830078
645,52,70,0.00029087066650390625
646,53,70,0.0002639293670654297
647,54,70,0.00021505355834960938
648,55,70,0.0002429485321044922
649,56,70,0.00021505355834960938
650,57,70,0.00023674964904785156
651,58,70,0.00019812583923339844
652,59,70,0.0002410411834716797
653,60,70,0.00022077560424804688
654,61,70,0.00022411346435546875
655,62,70,0.00023412704467773438
656,63,70,0.00024199485778808594
657,64,70,0.00019097328186035156
658,65,70,0.00023484230041503906
659,66,70,0.00019693374633789062
660,67,70,0.00025391578674316406
661,68,70,0.00018787384033203125
662,69,70,0.00020503997802734375
663,70,70,0.0002090930938720703
664,71,70,0.000225067138671875
665,72,70,0.0001857280731201172
666,73,70,0.0002429485321044922
667,74,70,0.0002028942108154297
668,75,70,0.0002110004425048828
669,76,70,0.0002129077911376953
670,77,70,0.0001647472381591797
671,78,70,0.00021409988403320312
672,79,70,0.0001990795135498047
673,80,70,0.00017905235290527344
674,81,70,0.0002219676971435547
675,82,70,0.00018215179443359375
676,83,70,0.0001800060272216797
677,84,70,0.00017976760864257812
678,85,70,0.00017309188842773438
679,86,70,0.00017976760864257812
680,87,70,0.000202178955078125
681,88,70,0.0001690387725830078
682,89,70,0.0002040863037109375
683,90,70,0.00018715858459472656
684,91,70,0.00019884109497070312
685,92,70,0.00018405914306640625
686,93,70,0.00021791458129882812
687,94,70,0.00019884109497070312
688,95,70,0.00020003318786621094
689,96,70,0.00023484230041503906
690,97,70,0.0001838207244873047
691,98,70,0.00021886825561523438
692,99,70,0.00020623207092285156
693,1,80,0.001329183578491211
694,2,80,0.0010750293731689453
695,3,80,0.0008959770202636719
696,4,80,0.0009059906005859375
697,5,80,0.0009558200836181641
698,6,80,0.0007948875427246094
699,7,80,0.0007779598236083984
700,8,80,0.0007979869842529297
701,9,80,0.0006961822509765625
702,10,80,0.0006961822509765625
703,11,80,0.0006787776947021484
704,12,80,0.0007030963897705078
705,13,80,0.0006070137023925781
706,14,80,0.0006079673767089844
707,15,80,0.0005881786346435547
708,16,80,0.00061798095703125
709,17,80,0.0005939006805419922
710,18,80,0.0005781650543212891
711,19,80,0.0005538463592529297
712,20,80,0.00047898292541503906
713,21,80,0.0005059242248535156
714,22,80,0.00043702125549316406
715,23,80,0.00045013427734375
716,24,80,0.00045990943908691406
717,25,80,0.0004258155822753906
718,26,80,0.000392913818359375
719,27,80,0.0004131793975830078
720,28,80,0.0003809928894042969
721,29,80,0.0003731250762939453
722,30,80,0.00037407875061035156
723,31,80,0.00036787986755371094
724,32,80,0.0003771781921386719
725,33,80,0.0003209114074707031
726,34,80,0.0003330707550048828
727,35,80,0.000331878662109375
728,36,80,0.0003390312194824219
729,37,80,0.0003249645233154297
730,38,80,0.0003490447998046875
731,39,80,0.00034618377685546875
732,40,80,0.00031304359436035156
733,41,80,0.00030684471130371094
734,42,80,0.0003349781036376953
735,43,80,0.00035190582275390625
736,44,80,0.00033926963806152344
737,45,80,0.00030303001403808594
738,46,80,0.0002799034118652344
739,47,80,0.0002930164337158203
740,48,80,0.0003001689910888672
741,49,80,0.00028896331787109375
742,50,80,0.0002779960632324219
743,51,80,0.0002810955047607422
744,52,80,0.0003199577331542969
745,53,80,0.0002849102020263672
746,54,80,0.00032782554626464844
747,55,80,0.0002722740173339844
748,56,80,0.0002796649932861328
749,57,80,0.00026798248291015625
750,58,80,0.0002689361572265625
751,59,80,0.00026798248291015625
752,60,80,0.0002582073211669922
753,61,80,0.00025963783264160156
754,62,80,0.00035572052001953125
755,63,80,0.00024390220642089844
756,64,80,0.00028896331787109375
757,65,80,0.00024390220642089844
758,66,80,0.000263214111328125
759,67,80,0.00026226043701171875
760,68,80,0.00024390220642089844
761,69,80,0.00028705596923828125
762,70,80,0.00025582313537597656
763,71,80,0.00023221969604492188
764,72,80,0.0002880096435546875
765,73,80,0.00019407272338867188
766,74,80,0.00021386146545410156
767,75,80,0.0002601146697998047
768,76,80,0.0002491474151611328
769,77,80,0.0002219676971435547
770,78,80,0.00032806396484375
771,79,80,0.00026607513427734375
772,80,80,0.0002849102020263672
773,81,80,0.00021195411682128906
774,82,80,0.0002257823944091797
775,83,80,0.00026416778564453125
776,84,80,0.0002467632293701172
777,85,80,0.000270843505859375
778,86,80,0.00020885467529296875
779,87,80,0.00028896331787109375
780,88,80,0.00021195411682128906
781,89,80,0.0002129077911376953
782,90,80,0.00025200843811035156
783,91,80,0.0002288818359375
784,92,80,0.0002560615539550781
785,93,80,0.0001957416534423828
786,94,80,0.0002219676971435547
787,95,80,0.00021314620971679688
788,96,80,0.0001957416534423828
789,97,80,0.00019788742065429688
790,98,80,0.0002582073211669922
791,99,80,0.0002200603485107422
792,1,90,0.002064228057861328
793,2,90,0.0015430450439453125
794,3,90,0.0014638900756835938
795,4,90,0.0011279582977294922
796,5,90,0.0011010169982910156
797,6,90,0.0011250972747802734
798,7,90,0.000993967056274414
799,8,90,0.0009238719940185547
800,9,90,0.0009601116180419922
801,10,90,0.0008702278137207031
802,11,90,0.0008237361907958984
803,12,90,0.0007879734039306641
804,13,90,0.0007607936859130859
805,14,90,0.0007131099700927734
806,15,90,0.0006971359252929688
807,16,90,0.0007138252258300781
808,17,90,0.0006651878356933594
809,18,90,0.0006220340728759766
810,19,90,0.0006389617919921875
811,20,90,0.0006167888641357422
812,21,90,0.0005869865417480469
813,22,90,0.0006170272827148438
814,23,90,0.0005240440368652344
815,24,90,0.000530242919921875
816,25,90,0.0004968643188476562
817,26,90,0.0005700588226318359
818,27,90,0.0004830360412597656
819,28,90,0.00047588348388671875
820,29,90,0.0005247592926025391
821,30,90,0.000453948974609375
822,31,90,0.00043702125549316406
823,32,90,0.00047469139099121094
824,33,90,0.0004010200500488281
825,34,90,0.00040602684020996094
826,35,90,0.0003819465637207031
827,36,90,0.001936197280883789
828,37,90,0.00039386749267578125
829,38,90,0.00046062469482421875
830,39,90,0.00043511390686035156
831,40,90,0.0003600120544433594
832,41,90,0.00038814544677734375
833,42,90,0.005136013031005859
834,43,90,0.0003521442413330078
835,44,90,0.00038909912109375
836,45,90,0.0003991127014160156
837,46,90,0.00035500526428222656
838,47,90,0.0003440380096435547
839,48,90,0.0003719329833984375
840,49,90,0.0004038810729980469
841,50,90,0.00034499168395996094
842,51,90,0.0003178119659423828
843,52,90,0.00031185150146484375
844,53,90,0.00031185150146484375
845,54,90,0.0003361701965332031
846,55,90,0.00030803680419921875
847,56,90,0.00028228759765625
848,57,90,0.0003490447998046875
849,58,90,0.0004210472106933594
850,59,90,0.0003027915954589844
851,60,90,0.0003218650817871094
852,61,90,0.010220050811767578
853,62,90,0.0003299713134765625
854,63,90,0.0002880096435546875
855,64,90,0.00032901763916015625
856,65,90,0.0002818107604980469
857,66,90,0.00035190582275390625
858,67,90,0.0002739429473876953
859,68,90,0.0002601146697998047
860,69,90,0.0002753734588623047
861,70,90,0.0003750324249267578
862,71,90,0.00028705596923828125
863,72,90,0.00029587745666503906
864,73,90,0.00023984909057617188
865,74,90,0.0003352165222167969
866,75,90,0.00026702880859375
867,76,90,0.0002460479736328125
868,77,90,0.00026869773864746094
869,78,90,0.00026226043701171875
870,79,90,0.00023412704467773438
871,80,90,0.00031375885009765625
872,81,90,0.0003299713134765625
873,82,90,0.0002899169921875
874,83,90,0.0002510547637939453
875,84,90,0.0002601146697998047
876,85,90,0.00029730796813964844
877,86,90,0.0002613067626953125
878,87,90,0.00023603439331054688
879,88,90,0.00024580955505371094
880,89,90,0.00023818016052246094
881,90,90,0.0002338886260986328
882,91,90,0.00026702880859375
883,92,90,0.0003037452697753906
884,93,90,0.0002238750457763672
885,94,90,0.00028705596923828125
886,95,90,0.0002799034118652344
887,96,90,0.00021409988403320312
888,97,90,0.00026297569274902344
889,98,90,0.0002429485321044922
890,99,90,0.00024008750915527344
891,1,100,0.010866880416870117
892,2,100,0.002137899398803711
893,3,100,0.0019021034240722656
894,4,100,0.0013430118560791016
895,5,100,0.0015339851379394531
896,6,100,0.0013308525085449219
897,7,100,0.0011851787567138672
898,8,100,0.0011210441589355469
899,9,100,0.0011000633239746094
900,10,100,0.0010368824005126953
901,11,100,0.0011179447174072266
902,12,100,0.0009591579437255859
903,13,100,0.0008788108825683594
904,14,100,0.0008718967437744141
905,15,100,0.0009059906005859375
906,16,100,0.000823974609375
907,17,100,0.0007698535919189453
908,18,100,0.0008401870727539062
909,19,100,0.0008420944213867188
910,20,100,0.0007300376892089844
911,21,100,0.0007088184356689453
912,22,100,0.0007159709930419922
913,23,100,0.0006809234619140625
914,24,100,0.0006327629089355469
915,25,100,0.0006897449493408203
916,26,100,0.0005819797515869141
917,27,100,0.0005841255187988281
918,28,100,0.0005352497100830078
919,29,100,0.0006320476531982422
920,30,100,0.0005502700805664062
921,31,100,0.0005269050598144531
922,32,100,0.0004940032958984375
923,33,100,0.0005171298980712891
924,34,100,0.0004868507385253906
925,35,100,0.00045299530029296875
926,36,100,0.00047707557678222656
927,37,100,0.0004849433898925781
928,38,100,0.00040602684020996094
929,39,100,0.00043010711669921875
930,40,100,0.0004987716674804688
931,41,100,0.00043320655822753906
932,42,100,0.0004138946533203125
933,43,100,0.0005080699920654297
934,44,100,0.0004990100860595703
935,45,100,0.0004837512969970703
936,46,100,0.0004379749298095703
937,47,100,0.00040435791015625
938,48,100,0.0003819465637207031
939,49,100,0.0004858970642089844
940,50,100,0.0003979206085205078
941,51,100,0.00039196014404296875
942,52,100,0.00038504600524902344
943,53,100,0.0003750324249267578
944,54,100,0.00036716461181640625
945,55,100,0.0003960132598876953
946,56,100,0.000431060791015625
947,57,100,0.00043487548828125
948,58,100,0.0003590583801269531
949,59,100,0.0003788471221923828
950,60,100,0.00041794776916503906
951,61,100,0.0004200935363769531
952,62,100,0.0004067420959472656
953,63,100,0.00037288665771484375
954,64,100,0.0003807544708251953
955,65,100,0.0003960132598876953
956,66,100,0.00041604042053222656
957,67,100,0.00037288665771484375
958,68,100,0.0003986358642578125
959,69,100,0.0003299713134765625
960,70,100,0.0003447532653808594
961,71,100,0.0003249645233154297
962,72,100,0.0003521442413330078
963,73,100,0.00036406517028808594
964,74,100,0.0003879070281982422
965,75,100,0.00031304359436035156
966,76,100,0.0004532337188720703
967,77,100,0.00038909912109375
968,78,100,0.0003268718719482422
969,79,100,0.00039386749267578125
970,80,100,0.0002849102020263672
971,81,100,0.00033211708068847656
972,82,100,0.0003731250762939453
973,83,100,0.0003628730773925781
974,84,100,0.00030112266540527344
975,85,100,0.00035500526428222656
976,86,100,0.000308990478515625
977,87,100,0.0003440380096435547
978,88,100,0.0002779960632324219
979,89,100,0.000286102294921875
980,90,100,0.00029277801513671875
981,91,100,0.0003540515899658203
982,92,100,0.0003008842468261719
983,93,100,0.0002830028533935547
984,94,100,0.0002727508544921875
985,95,100,0.0002548694610595703
986,96,100,0.0002689361572265625
987,97,100,0.00035190582275390625
988,98,100,0.00033092498779296875
989,99,100,0.00026106834411621094
990,1,110,0.002830982208251953
991,2,110,0.0022530555725097656
992,3,110,0.0018260478973388672
993,4,110,0.004470109939575195
994,5,110,0.0018429756164550781
995,6,110,0.0014309883117675781
996,7,110,0.0014300346374511719
997,8,110,0.0013849735260009766
998,9,110,0.0012621879577636719
999,10,110,0.001447916030883789
1000,11,110,0.0012359619140625
1001,12,110,0.0011601448059082031
1002,13,110,0.0011398792266845703
1003,14,110,0.0010297298431396484
1004,15,110,0.0010159015655517578
1005,16,110,0.0009737014770507812
1006,17,110,0.0009510517120361328
1007,18,110,0.0009889602661132812
1008,19,110,0.0009572505950927734
1009,20,110,0.0008978843688964844
1010,21,110,0.0009009838104248047
1011,22,110,0.0007648468017578125
1012,23,110,0.0007789134979248047
1013,24,110,0.0007450580596923828
1014,25,110,0.0008268356323242188
1015,26,110,0.0007166862487792969
1016,27,110,0.0008051395416259766
1017,28,110,0.0007448196411132812
1018,29,110,0.0007390975952148438
1019,30,110,0.0006711483001708984
1020,31,110,0.0007050037384033203
1021,32,110,0.0006799697875976562
1022,33,110,0.0008559226989746094
1023,34,110,0.0006010532379150391
1024,35,110,0.0006721019744873047
1025,36,110,0.0005841255187988281
1026,37,110,0.0005538463592529297
1027,38,110,0.000659942626953125
1028,39,110,0.0006358623504638672
1029,40,110,0.0005040168762207031
1030,41,110,0.0006089210510253906
1031,42,110,0.0004949569702148438
1032,43,110,0.0006279945373535156
1033,44,110,0.0005838871002197266
1034,45,110,0.0007359981536865234
1035,46,110,0.0006988048553466797
1036,47,110,0.0005729198455810547
1037,48,110,0.0005319118499755859
1038,49,110,0.00042700767517089844
1039,50,110,0.0006000995635986328
1040,51,110,0.0004611015319824219
1041,52,110,0.0005118846893310547
1042,53,110,0.000553131103515625
1043,54,110,0.0005130767822265625
1044,55,110,0.0004699230194091797
1045,56,110,0.0006079673767089844
1046,57,110,0.0005640983581542969
1047,58,110,0.0005025863647460938
1048,59,110,0.0004909038543701172
1049,60,110,0.0005080699920654297
1050,61,110,0.0004239082336425781
1051,62,110,0.0004909038543701172
1052,63,110,0.00047206878662109375
1053,64,110,0.0004899501800537109
1054,65,110,0.0004470348358154297
1055,66,110,0.0003840923309326172
1056,67,110,0.000370025634765625
1057,68,110,0.0004589557647705078
1058,69,110,0.0003845691680908203
1059,70,110,0.0004730224609375
1060,71,110,0.0003669261932373047
1061,72,110,0.0004439353942871094
1062,73,110,0.0003719329833984375
1063,74,110,0.0003750324249267578
1064,75,110,0.0004031658172607422
1065,76,110,0.0004248619079589844
1066,77,110,0.0004277229309082031
1067,78,110,0.0004677772521972656
1068,79,110,0.00036907196044921875
1069,80,110,0.0004878044128417969
1070,81,110,0.0003619194030761719
1071,82,110,0.0003609657287597656
1072,83,110,0.00035381317138671875
1073,84,110,0.00034689903259277344
1074,85,110,0.00038313865661621094
1075,86,110,0.0003657341003417969
1076,87,110,0.0003361701965332031
1077,88,110,0.00034809112548828125
1078,89,110,0.010119199752807617
1079,90,110,0.010230064392089844
1080,91,110,0.00042700767517089844
1081,92,110,0.0004229545593261719
1082,93,110,0.0004429817199707031
1083,94,110,0.00039196014404296875
1084,95,110,0.0003437995910644531
1085,96,110,0.00033211708068847656
1086,97,110,0.0003190040588378906
1087,98,110,0.0003838539123535156
1088,99,110,0.0004050731658935547
1089,1,120,0.0037450790405273438
1090,2,120,0.0025339126586914062
1091,3,120,0.0019199848175048828
1092,4,120,0.002347230911254883
1093,5,120,0.0018382072448730469
1094,6,120,0.0019462108612060547
1095,7,120,0.0016758441925048828
1096,8,120,0.0022771358489990234
1097,9,120,0.007988929748535156
1098,10,120,0.007673740386962891
1099,11,120,0.0014688968658447266
1100,12,120,0.0013880729675292969
1101,13,120,0.0013151168823242188
1102,14,120,0.0012700557708740234
1103,15,120,0.0011792182922363281
1104,16,120,0.0011377334594726562
1105,17,120,0.0011210441589355469
1106,18,120,0.0010738372802734375
1107,19,120,0.0010211467742919922
1108,20,120,0.001215219497680664
1109,21,120,0.0009539127349853516
1110,22,120,0.0010478496551513672
1111,23,120,0.0008809566497802734
1112,24,120,0.0010120868682861328
1113,25,120,0.0009918212890625
1114,26,120,0.0009100437164306641
1115,27,120,0.0009107589721679688
1116,28,120,0.0008943080902099609
1117,29,120,0.00092315673828125
1118,30,120,0.0007486343383789062
1119,31,120,0.0007047653198242188
1120,32,120,0.0008261203765869141
1121,33,120,0.0008440017700195312
1122,34,120,0.0007219314575195312
1123,35,120,0.0008919239044189453
1124,36,120,0.0007238388061523438
1125,37,120,0.0007443428039550781
1126,38,120,0.0006051063537597656
1127,39,120,0.0007271766662597656
1128,40,120,0.0006158351898193359
1129,41,120,0.0006747245788574219
1130,42,120,0.0006148815155029297
1131,43,120,0.0005998611450195312
1132,44,120,0.0005469322204589844
1133,45,120,0.0006122589111328125
1134,46,120,0.0005450248718261719
1135,47,120,0.0005161762237548828
1136,48,120,0.0006628036499023438
1137,49,120,0.0005290508270263672
1138,50,120,0.0005900859832763672
1139,51,120,0.0005748271942138672
1140,52,120,0.0005860328674316406
1141,53,120,0.0005140304565429688
1142,54,120,0.0005838871002197266
1143,55,120,0.0005860328674316406
1144,56,120,0.0005970001220703125
1145,57,120,0.00055694580078125
1146,58,120,0.0006127357482910156
1147,59,120,0.0006070137023925781
1148,60,120,0.0006227493286132812
1149,61,120,0.0005860328674316406
1150,62,120,0.0004830360412597656
1151,63,120,0.00045800209045410156
1152,64,120,0.0005781650543212891
1153,65,120,0.00045609474182128906
1154,66,120,0.0005779266357421875
1155,67,120,0.0006089210510253906
1156,68,120,0.0004570484161376953
1157,69,120,0.0005140304565429688
1158,70,120,0.00043082237243652344
1159,71,120,0.0004889965057373047
1160,72,120,0.0004930496215820312
1161,73,120,0.0005509853363037109
1162,74,120,0.0004489421844482422
1163,75,120,0.0005502700805664062
1164,76,120,0.0005488395690917969
1165,77,120,0.0005438327789306641
1166,78,120,0.00046896934509277344
1167,79,120,0.00047707557678222656
1168,80,120,0.0004470348358154297
1169,81,120,0.00045108795166015625
1170,82,120,0.0004911422729492188
1171,83,120,0.000492095947265625
1172,84,120,0.0004642009735107422
1173,85,120,0.0005240440368652344
1174,86,120,0.0005362033843994141
1175,87,120,0.0004191398620605469
1176,88,120,0.0005061626434326172
1177,89,120,0.0004208087921142578
1178,90,120,0.0004050731658935547
1179,91,120,0.0004107952117919922
1180,92,120,0.0004930496215820312
1181,93,120,0.0004811286926269531
1182,94,120,0.0004980564117431641
1183,95,120,0.0003750324249267578
1184,96,120,0.0003769397735595703
1185,97,120,0.0003650188446044922
1186,98,120,0.0004191398620605469
1187,99,120,0.00037384033203125
1188,1,130,0.003648042678833008
1189,2,130,0.0033910274505615234
1190,3,130,0.0040590763092041016
1191,4,130,0.003422975540161133
1192,5,130,0.002994060516357422
1193,6,130,0.0022668838500976562
1194,7,130,0.002074003219604492
1195,8,130,0.0018999576568603516
1196,9,130,0.0018110275268554688
1197,10,130,0.001708984375
1198,11,130,0.0018870830535888672
1199,12,130,0.001608133316040039
1200,13,130,0.010396003723144531
1201,14,130,0.0015690326690673828
1202,15,130,0.0014710426330566406
1203,16,130,0.0014181137084960938
1204,17,130,0.0013990402221679688
1205,18,130,0.0012569427490234375
1206,19,130,0.01042318344116211
1207,20,130,0.0012691020965576172
1208,21,130,0.0011410713195800781
1209,22,130,0.0011081695556640625
1210,23,130,0.0010309219360351562
1211,24,130,0.0011000633239746094
1212,25,130,0.0009539127349853516
1213,26,130,0.0009469985961914062
1214,27,130,0.0009350776672363281
1215,28,130,0.0009810924530029297
1216,29,130,0.0010840892791748047
1217,30,130,0.0008730888366699219
1218,31,130,0.0009579658508300781
1219,32,130,0.0009710788726806641
1220,33,130,0.0008051395416259766
1221,34,130,0.0007870197296142578
1222,35,130,0.000865936279296875
1223,36,130,0.0007801055908203125
1224,37,130,0.0008528232574462891
1225,38,130,0.0007290840148925781
1226,39,130,0.0008022785186767578
1227,40,130,0.0008161067962646484
1228,41,130,0.0007729530334472656
1229,42,130,0.0006921291351318359
1230,43,130,0.0008389949798583984
1231,44,130,0.0006611347198486328
1232,45,130,0.0008401870727539062
1233,46,130,0.0006430149078369141
1234,47,130,0.0006372928619384766
1235,48,130,0.0007309913635253906
1236,49,130,0.0007600784301757812
1237,50,130,0.0007221698760986328
1238,51,130,0.0005831718444824219
1239,52,130,0.0007269382476806641
1240,53,130,0.0007672309875488281
1241,54,130,0.0007328987121582031
1242,55,130,0.0006792545318603516
1243,56,130,0.0005848407745361328
1244,57,130,0.0005819797515869141
1245,58,130,0.0006589889526367188
1246,59,130,0.0006961822509765625
1247,60,130,0.0006518363952636719
1248,61,130,0.0007350444793701172
1249,62,130,0.0006508827209472656
1250,63,130,0.0007140636444091797
1251,64,130,0.0006799697875976562
1252,65,130,0.0007481575012207031
1253,66,130,0.0006971359252929688
1254,67,130,0.0005309581756591797
1255,68,130,0.0006208419799804688
1256,69,130,0.0006120204925537109
1257,70,130,0.0006058216094970703
1258,71,130,0.0006582736968994141
1259,72,130,0.007617950439453125
1260,73,130,0.0007078647613525391
1261,74,130,0.0004711151123046875
1262,75,130,0.0005729198455810547
1263,76,130,0.0006268024444580078
1264,77,130,0.0006170272827148438
1265,78,130,0.0006098747253417969
1266,79,130,0.00047516822814941406
1267,80,130,0.0006170272827148438
1268,81,130,0.004148006439208984
1269,82,130,0.0006480216979980469
1270,83,130,0.0005807876586914062
1271,84,130,0.0004661083221435547
1272,85,130,0.0005240440368652344
1273,86,130,0.0006022453308105469
1274,87,130,0.00046372413635253906
1275,88,130,0.00044918060302734375
1276,89,130,0.0004749298095703125
1277,90,130,0.0005960464477539062
1278,91,130,0.0005900859832763672
1279,92,130,0.0005888938903808594
1280,93,130,0.0005648136138916016
1281,94,130,0.0005500316619873047
1282,95,130,0.0005738735198974609
1283,96,130,0.00045490264892578125
1284,97,130,0.00042510032653808594
1285,98,130,0.00046515464782714844
1286,99,130,0.0004298686981201172
1287,1,140,0.01161503791809082
1288,2,140,0.003925800323486328
1289,3,140,0.003454923629760742
1290,4,140,0.0026807785034179688
1291,5,140,0.0024938583374023438
1292,6,140,0.0028717517852783203
1293,7,140,0.01031494140625
1294,8,140,0.002162933349609375
1295,9,140,0.007934808731079102
1296,10,140,0.002104043960571289
1297,11,140,0.0018689632415771484
1298,12,140,0.0019562244415283203
1299,13,140,0.010461807250976562
1300,14,140,0.0018587112426757812
1301,15,140,0.001748800277709961
1302,16,140,0.00150299072265625
1303,17,140,0.001500844955444336
1304,18,140,0.0013997554779052734
1305,19,140,0.0013320446014404297
1306,20,140,0.0014140605926513672
1307,21,140,0.0013599395751953125
1308,22,140,0.0011959075927734375
1309,23,140,0.0011920928955078125
1310,24,140,0.0010890960693359375
1311,25,140,0.0010650157928466797
1312,26,140,0.0011892318725585938
1313,27,140,0.001168966293334961
1314,28,140,0.00115203857421875
1315,29,140,0.0009942054748535156
1316,30,140,0.0010707378387451172
1317,31,140,0.0009799003601074219
1318,32,140,0.0009541511535644531
1319,33,140,0.001043081283569336
1320,34,140,0.0009350776672363281
1321,35,140,0.0009086132049560547
1322,36,140,0.001007080078125
1323,37,140,0.0008521080017089844
1324,38,140,0.0010061264038085938
1325,39,140,0.0009636878967285156
1326,40,140,0.0046253204345703125
1327,41,140,0.0009839534759521484
1328,42,140,0.0009200572967529297
1329,43,140,0.0007729530334472656
1330,44,140,0.0007762908935546875
1331,45,140,0.0007369518280029297
1332,46,140,0.0010349750518798828
1333,47,140,0.0007190704345703125
1334,48,140,0.0008518695831298828
1335,49,140,0.0007836818695068359
1336,50,140,0.0008780956268310547
1337,51,140,0.0006966590881347656
1338,52,140,0.0006577968597412109
1339,53,140,0.0007600784301757812
1340,54,140,0.000621795654296875
1341,55,140,0.0008251667022705078
1342,56,140,0.0007719993591308594
1343,57,140,0.0008950233459472656
1344,58,140,0.0007829666137695312
1345,59,140,0.0007910728454589844
1346,60,140,0.0009307861328125
1347,61,140,0.0007390975952148438
1348,62,140,0.0009219646453857422
1349,63,140,0.0009570121765136719
1350,64,140,0.0007221698760986328
1351,65,140,0.0007100105285644531
1352,66,140,0.0007398128509521484
1353,67,140,0.0007448196411132812
1354,68,140,0.0005629062652587891
1355,69,140,0.0005772113800048828
1356,70,140,0.0005669593811035156
1357,71,140,0.0007250308990478516
1358,72,140,0.0006811618804931641
1359,73,140,0.0007121562957763672
1360,74,140,0.0007441043853759766
1361,75,140,0.0005350112915039062
1362,76,140,0.0005598068237304688
1363,77,140,0.0007038116455078125
1364,78,140,0.0006530284881591797
1365,79,140,0.0005202293395996094
1366,80,140,0.0005288124084472656
1367,81,140,0.0006661415100097656
1368,82,140,0.0018150806427001953
1369,83,140,0.0005030632019042969
1370,84,140,0.0005319118499755859
1371,85,140,0.010186910629272461
1372,86,140,0.0005598068237304688
1373,87,140,0.0006237030029296875
1374,88,140,0.0005838871002197266
1375,89,140,0.0004661083221435547
1376,90,140,0.0005869865417480469
1377,91,140,0.0004639625549316406
1378,92,140,0.0005009174346923828
1379,93,140,0.0004868507385253906
1380,94,140,0.00048804283142089844
1381,95,140,0.0005047321319580078
1382,96,140,0.0005540847778320312
1383,97,140,0.0004980564117431641
1384,98,140,0.0005381107330322266
1385,99,140,0.00048804283142089844
1386,1,150,0.0052111148834228516
1387,2,150,0.004370212554931641
1388,3,150,0.003556966781616211
1389,4,150,0.003665924072265625
1390,5,150,0.01114797592163086
1391,6,150,0.0026319026947021484
1392,7,150,0.0025589466094970703
1393,8,150,0.0025017261505126953
1394,9,150,0.004022121429443359
1395,10,150,0.0024611949920654297
1396,11,150,0.002458810806274414
1397,12,150,0.0020520687103271484
1398,13,150,0.0021958351135253906
1399,14,150,0.0019881725311279297
1400,15,150,0.001789093017578125
1401,16,150,0.0019109249114990234
1402,17,150,0.0018761157989501953
1403,18,150,0.0015969276428222656
1404,19,150,0.001542806625366211
1405,20,150,0.0015900135040283203
1406,21,150,0.0014500617980957031
1407,22,150,0.0015108585357666016
1408,23,150,0.001390218734741211
1409,24,150,0.0014719963073730469
1410,25,150,0.0030128955841064453
1411,26,150,0.0013089179992675781
1412,27,150,0.0011570453643798828
1413,28,150,0.0011730194091796875
1414,29,150,0.0011298656463623047
1415,30,150,0.008749008178710938
1416,31,150,0.0016779899597167969
1417,32,150,0.0010759830474853516
1418,33,150,0.0011799335479736328
1419,34,150,0.0012118816375732422
1420,35,150,0.0011949539184570312
1421,36,150,0.0011820793151855469
1422,37,150,0.0009758472442626953
1423,38,150,0.0009281635284423828
1424,39,150,0.0010950565338134766
1425,40,150,0.0008897781372070312
1426,41,150,0.0010650157928466797
1427,42,150,0.0010037422180175781
1428,43,150,0.0011019706726074219
1429,44,150,0.0008800029754638672
1430,45,150,0.0009918212890625
1431,46,150,0.0008237361907958984
1432,47,150,0.0008080005645751953
1433,48,150,0.0007941722869873047
1434,49,150,0.0009279251098632812
1435,50,150,0.0009260177612304688
1436,51,150,0.0007460117340087891
1437,52,150,0.0009148120880126953
1438,53,150,0.0007691383361816406
1439,54,150,0.0007579326629638672
1440,55,150,0.0008120536804199219
1441,56,150,0.0007140636444091797
1442,57,150,0.0007140636444091797
1443,58,150,0.0006880760192871094
1444,59,150,0.0008099079132080078
1445,60,150,0.0008218288421630859
1446,61,150,0.000682830810546875
1447,62,150,0.0008823871612548828
1448,63,150,0.0008008480072021484
1449,64,150,0.0007789134979248047
1450,65,150,0.0008399486541748047
1451,66,150,0.0006768703460693359
1452,67,150,0.0006499290466308594
1453,68,150,0.0010311603546142578
1454,69,150,0.0008320808410644531
1455,70,150,0.00983119010925293
1456,71,150,0.0007200241088867188
1457,72,150,0.0007650852203369141
1458,73,150,0.0007731914520263672
1459,74,150,0.0006310939788818359
1460,75,150,0.0006160736083984375
1461,76,150,0.0007390975952148438
1462,77,150,0.0005948543548583984
1463,78,150,0.0007090568542480469
1464,79,150,0.0007851123809814453
1465,80,150,0.0007140636444091797
1466,81,150,0.0006358623504638672
1467,82,150,0.0006017684936523438
1468,83,150,0.0005900859832763672
1469,84,150,0.0006780624389648438
1470,85,150,0.0006921291351318359
1471,86,150,0.0006041526794433594
1472,87,150,0.0005729198455810547
1473,88,150,0.0006639957427978516
1474,89,150,0.0005748271942138672
1475,90,150,0.0006940364837646484
1476,91,150,0.0005440711975097656
1477,92,150,0.0006511211395263672
1478,93,150,0.0005488395690917969
1479,94,150,0.0005388259887695312
1480,95,150,0.0006949901580810547
1481,96,150,0.0006301403045654297
1482,97,150,0.0005769729614257812
1483,98,150,0.0006380081176757812
1484,99,150,0.000576019287109375
1485,1,160,0.005576133728027344
1486,2,160,0.004731893539428711
1487,3,160,0.003828763961791992
1488,4,160,0.003570079803466797
1489,5,160,0.00360107421875
1490,6,160,0.003354787826538086
1491,7,160,0.003204822540283203
1492,8,160,0.0028650760650634766
1493,9,160,0.0026102066040039062
1494,10,160,0.0029299259185791016
1495,11,160,0.0029649734497070312
1496,12,160,0.0025742053985595703
1497,13,160,0.0022268295288085938
1498,14,160,0.0022199153900146484
1499,15,160,0.0020029544830322266
1500,16,160,0.002212047576904297
1501,17,160,0.0018801689147949219
1502,18,160,0.0025937557220458984
1503,19,160,0.0017840862274169922
1504,20,160,0.010318994522094727
1505,21,160,0.001695871353149414
1506,22,160,0.001728057861328125
1507,23,160,0.0017058849334716797
1508,24,160,0.0016641616821289062
1509,25,160,0.0013880729675292969
1510,26,160,0.0015339851379394531
1511,27,160,0.0015039443969726562
1512,28,160,0.001422882080078125
1513,29,160,0.0014541149139404297
1514,30,160,0.00644683837890625
1515,31,160,0.0012569427490234375
1516,32,160,0.010293960571289062
1517,33,160,0.0013842582702636719
1518,34,160,0.001287221908569336
1519,35,160,0.0013320446014404297
1520,36,160,0.0012867450714111328
1521,37,160,0.001283884048461914
1522,38,160,0.001088857650756836
1523,39,160,0.0011827945709228516
1524,40,160,0.0010349750518798828
1525,41,160,0.0011448860168457031
1526,42,160,0.0010089874267578125
1527,43,160,0.0009610652923583984
1528,44,160,0.0009610652923583984
1529,45,160,0.0008990764617919922
1530,46,160,0.0010619163513183594
1531,47,160,0.0011241436004638672
1532,48,160,0.001071929931640625
1533,49,160,0.0008771419525146484
1534,50,160,0.0010569095611572266
1535,51,160,0.0009720325469970703
1536,52,160,0.0008459091186523438
1537,53,160,0.0010340213775634766
1538,54,160,0.0008840560913085938
1539,55,160,0.0008399486541748047
1540,56,160,0.0009620189666748047
1541,57,160,0.0008261203765869141
1542,58,160,0.0007860660552978516
1543,59,160,0.000782012939453125
1544,60,160,0.0009090900421142578
1545,61,160,0.0008990764617919922
1546,62,160,0.0007472038269042969
1547,63,160,0.0007529258728027344
1548,64,160,0.0007600784301757812
1549,65,160,0.0008749961853027344
1550,66,160,0.0008778572082519531
1551,67,160,0.0008697509765625
1552,68,160,0.0009090900421142578
1553,69,160,0.000743865966796875
1554,70,160,0.0007328987121582031
1555,71,160,0.0007338523864746094
1556,72,160,0.0007312297821044922
1557,73,160,0.0006909370422363281
1558,74,160,0.0008733272552490234
1559,75,160,0.0008502006530761719
1560,76,160,0.0006747245788574219
1561,77,160,0.0006918907165527344
1562,78,160,0.0007011890411376953
1563,79,160,0.0006861686706542969
1564,80,160,0.0006527900695800781
1565,81,160,0.0006768703460693359
1566,82,160,0.0007889270782470703
1567,83,160,0.0006849765777587891
1568,84,160,0.0006558895111083984
1569,85,160,0.0006489753723144531
1570,86,160,0.0007359981536865234
1571,87,160,0.0006420612335205078
1572,88,160,0.0008218288421630859
1573,89,160,0.0008161067962646484
1574,90,160,0.0006291866302490234
1575,91,160,0.0007679462432861328
1576,92,160,0.0006041526794433594
1577,93,160,0.0007190704345703125
1578,94,160,0.0006191730499267578
1579,95,160,0.0006060600280761719
1580,96,160,0.0006158351898193359
1581,97,160,0.0006148815155029297
1582,98,160,0.004514217376708984
1583,99,160,0.0006158351898193359
1584,1,170,0.00674891471862793
1585,2,170,0.005288124084472656
1586,3,170,0.004065990447998047
1587,4,170,0.00401616096496582
1588,5,170,0.0038292407989501953
1589,6,170,0.0033431053161621094
1590,7,170,0.0035140514373779297
1591,8,170,0.0033080577850341797
1592,9,170,0.00304412841796875
1593,10,170,0.0028989315032958984
1594,11,170,0.0030231475830078125
1595,12,170,0.0027000904083251953
1596,13,170,0.0027000904083251953
1597,14,170,0.0024678707122802734
1598,15,170,0.002562999725341797
1599,16,170,0.0022089481353759766
1600,17,170,0.002393007278442383
1601,18,170,0.0036420822143554688
1602,19,170,0.0019729137420654297
1603,20,170,0.0019071102142333984
1604,21,170,0.0020079612731933594
1605,22,170,0.0017290115356445312
1606,23,170,0.0018970966339111328
1607,24,170,0.0019459724426269531
1608,25,170,0.010304927825927734
1609,26,170,0.0016219615936279297
1610,27,170,0.0016529560089111328
1611,28,170,0.001458883285522461
1612,29,170,0.0014111995697021484
1613,30,170,0.0013799667358398438
1614,31,170,0.0015230178833007812
1615,32,170,0.0013167858123779297
1616,33,170,0.0013189315795898438
1617,34,170,0.0014891624450683594
1618,35,170,0.0013811588287353516
1619,36,170,0.0013997554779052734
1620,37,170,0.0013539791107177734
1621,38,170,0.0012431144714355469
1622,39,170,0.0013432502746582031
1623,40,170,0.001123666763305664
1624,41,170,0.0013120174407958984
1625,42,170,0.0011141300201416016
1626,43,170,0.001065969467163086
1627,44,170,0.0010521411895751953
1628,45,170,0.0010607242584228516
1629,46,170,0.0011959075927734375
1630,47,170,0.0011980533599853516
1631,48,170,0.0011780261993408203
1632,49,170,0.0009729862213134766
1633,50,170,0.000993967056274414
1634,51,170,0.0012290477752685547
1635,52,170,0.0011050701141357422
1636,53,170,0.0009791851043701172
1637,54,170,0.0009160041809082031
1638,55,170,0.0009222030639648438
1639,56,170,0.0009169578552246094
1640,57,170,0.0011487007141113281
1641,58,170,0.001104116439819336
1642,59,170,0.0009112358093261719
1643,60,170,0.000885009765625
1644,61,170,0.0010728836059570312
1645,62,170,0.0009701251983642578
1646,63,170,0.0023899078369140625
1647,64,170,0.0010428428649902344
1648,65,170,0.0009989738464355469
1649,66,170,0.0007681846618652344
1650,67,170,0.0009818077087402344
1651,68,170,0.0007810592651367188
1652,69,170,0.0007758140563964844
1653,70,170,0.0007588863372802734
1654,71,170,0.0007801055908203125
1655,72,170,0.0007710456848144531
1656,73,170,0.007877826690673828
1657,74,170,0.0008120536804199219
1658,75,170,0.000804901123046875
1659,76,170,0.0007758140563964844
1660,77,170,0.0007560253143310547
1661,78,170,0.0009398460388183594
1662,79,170,0.0007758140563964844
1663,80,170,0.0007731914520263672
1664,81,170,0.0009958744049072266
1665,82,170,0.0007419586181640625
1666,83,170,0.0007328987121582031
1667,84,170,0.0009300708770751953
1668,85,170,0.0008807182312011719
1669,86,170,0.0007340908050537109
1670,87,170,0.0009350776672363281
1671,88,170,0.0007178783416748047
1672,89,170,0.010282039642333984
1673,90,170,0.0008881092071533203
1674,91,170,0.0009677410125732422
1675,92,170,0.0008549690246582031
1676,93,170,0.0009579658508300781
1677,94,170,0.0006802082061767578
1678,95,170,0.0008921623229980469
1679,96,170,0.0007522106170654297
1680,97,170,0.0007491111755371094
1681,98,170,0.0006630420684814453
1682,99,170,0.000759124755859375
1683,1,180,0.013477802276611328
1684,2,180,0.004930973052978516
1685,3,180,0.0055081844329833984
1686,4,180,0.010944128036499023
1687,5,180,0.010869979858398438
1688,6,180,0.003718852996826172
1689,7,180,0.0037698745727539062
1690,8,180,0.003509044647216797
1691,9,180,0.003278970718383789
1692,10,180,0.0032129287719726562
1693,11,180,0.003399372100830078
1694,12,180,0.0031468868255615234
1695,13,180,0.0027370452880859375
1696,14,180,0.0027730464935302734
1697,15,180,0.0054509639739990234
1698,16,180,0.0024940967559814453
1699,17,180,0.002428293228149414
1700,18,180,0.002660036087036133
1701,19,180,0.0025832653045654297
1702,20,180,0.002624988555908203
1703,21,180,0.0024750232696533203
1704,22,180,0.0022268295288085938
1705,23,180,0.0022149085998535156
1706,24,180,0.003898143768310547
1707,25,180,0.0021581649780273438
1708,26,180,0.0020568370819091797
1709,27,180,0.0020389556884765625
1710,28,180,0.0019807815551757812
1711,29,180,0.010711669921875
1712,30,180,0.001852273941040039
1713,31,180,0.001950979232788086
1714,32,180,0.001725912094116211
1715,33,180,0.0017819404602050781
1716,34,180,0.0014297962188720703
1717,35,180,0.0013718605041503906
1718,36,180,0.0016078948974609375
1719,37,180,0.001708984375
1720,38,180,0.00133514404296875
1721,39,180,0.0015728473663330078
1722,40,180,0.0014951229095458984
1723,41,180,0.0014939308166503906
1724,42,180,0.0014548301696777344
1725,43,180,0.0015196800231933594
1726,44,180,0.0014829635620117188
1727,45,180,0.0012311935424804688
1728,46,180,0.001474142074584961
1729,47,180,0.0013430118560791016
1730,48,180,0.0013408660888671875
1731,49,180,0.001344919204711914
1732,50,180,0.0012621879577636719
1733,51,180,0.001068115234375
1734,52,180,0.0012829303741455078
1735,53,180,0.0013031959533691406
1736,54,180,0.0010428428649902344
1737,55,180,0.0012259483337402344
1738,56,180,0.0009970664978027344
1739,57,180,0.0012521743774414062
1740,58,180,0.0009737014770507812
1741,59,180,0.0011432170867919922
1742,60,180,0.0012161731719970703
1743,61,180,0.0012297630310058594
1744,62,180,0.0010950565338134766
1745,63,180,0.0009047985076904297
1746,64,180,0.0011649131774902344
1747,65,180,0.010445117950439453
1748,66,180,0.0011448860168457031
1749,67,180,0.0009109973907470703
1750,68,180,0.0008540153503417969
1751,69,180,0.0008678436279296875
1752,70,180,0.0010199546813964844
1753,71,180,0.00102996826171875
1754,72,180,0.001146078109741211
1755,73,180,0.0011229515075683594
1756,74,180,0.001035928726196289
1757,75,180,0.001068115234375
1758,76,180,0.001001119613647461
1759,77,180,0.0011310577392578125
1760,78,180,0.0008502006530761719
1761,79,180,0.0008261203765869141
1762,80,180,0.004272937774658203
1763,81,180,0.0011577606201171875
1764,82,180,0.001013040542602539
1765,83,180,0.010557174682617188
1766,84,180,0.0010120868682861328
1767,85,180,0.0008251667022705078
1768,86,180,0.000997304916381836
1769,87,180,0.0008032321929931641
1770,88,180,0.0008139610290527344
1771,89,180,0.0008189678192138672
1772,90,180,0.0008111000061035156
1773,91,180,0.0007922649383544922
1774,92,180,0.0010280609130859375
1775,93,180,0.0008020401000976562
1776,94,180,0.0007588863372802734
1777,95,180,0.0008530616760253906
1778,96,180,0.0007259845733642578
1779,97,180,0.0008740425109863281
1780,98,180,0.0008440017700195312
1781,99,180,0.0007638931274414062
1782,1,190,0.009081840515136719
1783,2,190,0.007158994674682617
1784,3,190,0.006902933120727539
1785,4,190,0.006255149841308594
1786,5,190,0.004816293716430664
1787,6,190,0.00509190559387207
1788,7,190,0.0042417049407958984
1789,8,190,0.004132986068725586
1790,9,190,0.004129648208618164
1791,10,190,0.003927946090698242
1792,11,190,0.0037720203399658203
1793,12,190,0.0033409595489501953
1794,13,190,0.0031752586364746094
1795,14,190,0.0031702518463134766
1796,15,190,0.010432004928588867
1797,16,190,0.002719879150390625
1798,17,190,0.003525972366333008
1799,18,190,0.0025620460510253906
1800,19,190,0.010434865951538086
1801,20,190,0.0075190067291259766
1802,21,190,0.002637147903442383
1803,22,190,0.0022161006927490234
1804,23,190,0.002173900604248047
1805,24,190,0.0021262168884277344
1806,25,190,0.0022211074829101562
1807,26,190,0.0019190311431884766
1808,27,190,0.0021851062774658203
1809,28,190,0.0018191337585449219
1810,29,190,0.0020580291748046875
1811,30,190,0.0017521381378173828
1812,31,190,0.0016930103302001953
1813,32,190,0.001814126968383789
1814,33,190,0.0015752315521240234
1815,34,190,0.0018167495727539062
1816,35,190,0.0015590190887451172
1817,36,190,0.0014867782592773438
1818,37,190,0.0014677047729492188
1819,38,190,0.0016968250274658203
1820,39,190,0.0016279220581054688
1821,40,190,0.0016169548034667969
1822,41,190,0.001558065414428711
1823,42,190,0.0013492107391357422
1824,43,190,0.0015649795532226562
1825,44,190,0.0013608932495117188
1826,45,190,0.0015251636505126953
1827,46,190,0.0015189647674560547
1828,47,190,0.0014891624450683594
1829,48,190,0.001260995864868164
1830,49,190,0.0014259815216064453
1831,50,190,0.0012531280517578125
1832,51,190,0.0011761188507080078
1833,52,190,0.0014767646789550781
1834,53,190,0.001486063003540039
1835,54,190,0.0010828971862792969
1836,55,190,0.0011627674102783203
1837,56,190,0.0014438629150390625
1838,57,190,0.0011458396911621094
1839,58,190,0.0034210681915283203
1840,59,190,0.0013070106506347656
1841,60,190,0.0014100074768066406
1842,61,190,0.0013148784637451172
1843,62,190,0.0013430118560791016
1844,63,190,0.0013489723205566406
1845,64,190,0.0013837814331054688
1846,65,190,0.0013489723205566406
1847,66,190,0.001344919204711914
1848,67,190,0.0012881755828857422
1849,68,190,0.0010311603546142578
1850,69,190,0.0010161399841308594
1851,70,190,0.0012788772583007812
1852,71,190,0.0013530254364013672
1853,72,190,0.0009100437164306641
1854,73,190,0.00125885009765625
1855,74,190,0.0009000301361083984
1856,75,190,0.009842872619628906
1857,76,190,0.0012097358703613281
1858,77,190,0.0009229183197021484
1859,78,190,0.001110076904296875
1860,79,190,0.0009112358093261719
1861,80,190,0.0010821819305419922
1862,81,190,0.0009031295776367188
1863,82,190,0.0012233257293701172
1864,83,190,0.0011818408966064453
1865,84,190,0.010657072067260742
1866,85,190,0.0012080669403076172
1867,86,190,0.0008780956268310547
1868,87,190,0.001096963882446289
1869,88,190,0.0011332035064697266
1870,89,190,0.0010759830474853516
1871,90,190,0.001065969467163086
1872,91,190,0.0008568763732910156
1873,92,190,0.0026428699493408203
1874,93,190,0.0008580684661865234
1875,94,190,0.0008769035339355469
1876,95,190,0.0010921955108642578
1877,96,190,0.000982046127319336
1878,97,190,0.000993967056274414
1879,98,190,0.0009107589721679688
1880,99,190,0.0009429454803466797
1881,1,200,0.011087656021118164
1882,2,200,0.0070760250091552734
1883,3,200,0.00683903694152832
1884,4,200,0.005335092544555664
1885,5,200,0.005803108215332031
1886,6,200,0.010729789733886719
1887,7,200,0.004567146301269531
1888,8,200,0.004538774490356445
1889,9,200,0.004174947738647461
1890,10,200,0.004060983657836914
1891,11,200,0.003860950469970703
1892,12,200,0.003983974456787109
1893,13,200,0.0036368370056152344
1894,14,200,0.003503084182739258
1895,15,200,0.003468036651611328
1896,16,200,0.003013134002685547
1897,17,200,0.0032927989959716797
1898,18,200,0.0027840137481689453
1899,19,200,0.0026831626892089844
1900,20,200,0.002637147903442383
1901,21,200,0.002868175506591797
1902,22,200,0.0027060508728027344
1903,23,200,0.002725839614868164
1904,24,200,0.0024139881134033203
1905,25,200,0.007436990737915039
1906,26,200,0.0022630691528320312
1907,27,200,0.005491971969604492
1908,28,200,0.0020248889923095703
1909,29,200,0.0037000179290771484
1910,30,200,0.001895904541015625
1911,31,200,0.002463102340698242
1912,32,200,0.010512113571166992
1913,33,200,0.0018520355224609375
1914,34,200,0.0019390583038330078
1915,35,200,0.0016601085662841797
1916,36,200,0.001959085464477539
1917,37,200,0.0015990734100341797
1918,38,200,0.0015606880187988281
1919,39,200,0.0018100738525390625
1920,40,200,0.001850128173828125
1921,41,200,0.0017180442810058594
1922,42,200,0.0018432140350341797
1923,43,200,0.001458883285522461
1924,44,200,0.0014481544494628906
1925,45,200,0.0017311573028564453
1926,46,200,0.0016560554504394531
1927,47,200,0.0017039775848388672
1928,48,200,0.0017018318176269531
1929,49,200,0.0016179084777832031
1930,50,200,0.0013408660888671875
1931,51,200,0.001531839370727539
1932,52,200,0.0012707710266113281
1933,53,200,0.001516103744506836
1934,54,200,0.0016040802001953125
1935,55,200,0.001558065414428711
1936,56,200,0.0012028217315673828
1937,57,200,0.0011792182922363281
1938,58,200,0.0014462471008300781
1939,59,200,0.001413106918334961
1940,60,200,0.0014147758483886719
1941,61,200,0.0013959407806396484
1942,62,200,0.0013918876647949219
1943,63,200,0.0013380050659179688
1944,64,200,0.0011148452758789062
1945,65,200,0.0014557838439941406
1946,66,200,0.0011179447174072266
1947,67,200,0.0014581680297851562
1948,68,200,0.010471820831298828
1949,69,200,0.0013473033905029297
1950,70,200,0.0010497570037841797
1951,71,200,0.0013170242309570312
1952,72,200,0.0013408660888671875
1953,73,200,0.0010600090026855469
1954,74,200,0.0010297298431396484
1955,75,200,0.0013802051544189453
1956,76,200,0.0013151168823242188
1957,77,200,0.0009829998016357422
1958,78,200,0.0009632110595703125
1959,79,200,0.0012857913970947266
1960,80,200,0.0012509822845458984
1961,81,200,0.0009710788726806641
1962,82,200,0.0013358592987060547
1963,83,200,0.001241922378540039
1964,84,200,0.0011658668518066406
1965,85,200,0.0009391307830810547
1966,86,200,0.001293182373046875
1967,87,200,0.0012891292572021484
1968,88,200,0.0012829303741455078
1969,89,200,0.0011479854583740234
1970,90,200,0.0011527538299560547
1971,91,200,0.0011010169982910156
1972,92,200,0.0009341239929199219
1973,93,200,0.0012249946594238281
1974,94,200,0.0010499954223632812
1975,95,200,0.0011401176452636719
1976,96,200,0.0009138584136962891
1977,97,200,0.0009119510650634766
1978,98,200,0.0011088848114013672
1979,99,200,0.0009481906890869141
1980,1,210,0.010497093200683594
1981,2,210,0.008796215057373047
1982,3,210,0.0057468414306640625
1983,4,210,0.006967067718505859
1984,5,210,0.0065250396728515625
1985,6,210,0.005076885223388672
1986,7,210,0.0052340030670166016
1987,8,210,0.00509190559387207
1988,9,210,0.004782915115356445
1989,10,210,0.004393815994262695
1990,11,210,0.004180908203125
1991,12,210,0.004235982894897461
1992,13,210,0.00997304916381836
1993,14,210,0.0037338733673095703
1994,15,210,0.0034601688385009766
1995,16,210,0.0032541751861572266
1996,17,210,0.003493070602416992
1997,18,210,0.006469011306762695
1998,19,210,0.0029528141021728516
1999,20,210,0.003139019012451172
2000,21,210,0.003200054168701172
2001,22,210,0.002665281295776367
2002,23,210,0.0029671192169189453
2003,24,210,0.0025110244750976562
2004,25,210,0.0028340816497802734
2005,26,210,0.0026390552520751953
2006,27,210,0.0025436878204345703
2007,28,210,0.0025339126586914062
2008,29,210,0.0021581649780273438
2009,30,210,0.010486125946044922
2010,31,210,0.002301931381225586
2011,32,210,0.0022430419921875
2012,33,210,0.0022721290588378906
2013,34,210,0.0023050308227539062
2014,35,210,0.002196788787841797
2015,36,210,0.0017752647399902344
2016,37,210,0.002138853073120117
2017,38,210,0.0017001628875732422
2018,39,210,0.0016841888427734375
2019,40,210,0.0019571781158447266
2020,41,210,0.0016541481018066406
2021,42,210,0.0016672611236572266
2022,43,210,0.0016448497772216797
2023,44,210,0.0018401145935058594
2024,45,210,0.0018451213836669922
2025,46,210,0.0015597343444824219
2026,47,210,0.0019419193267822266
2027,48,210,0.0015380382537841797
2028,49,210,0.0015730857849121094
2029,50,210,0.0018451213836669922
2030,51,210,0.0015287399291992188
2031,52,210,0.0014252662658691406
2032,53,210,0.001753091812133789
2033,54,210,0.0014159679412841797
2034,55,210,0.0018203258514404297
2035,56,210,0.0013692378997802734
2036,57,210,0.0017049312591552734
2037,58,210,0.0015950202941894531
2038,59,210,0.0016868114471435547
2039,60,210,0.0012900829315185547
2040,61,210,0.001352071762084961
2041,62,210,0.0016508102416992188
2042,63,210,0.0016222000122070312
2043,64,210,0.0016498565673828125
2044,65,210,0.0014770030975341797
2045,66,210,0.010893106460571289
2046,67,210,0.0013060569763183594
2047,68,210,0.0011720657348632812
2048,69,210,0.0012469291687011719
2049,70,210,0.0011899471282958984
2050,71,210,0.0012102127075195312
2051,72,210,0.0014820098876953125
2052,73,210,0.00115203857421875
2053,74,210,0.0011630058288574219
2054,75,210,0.0011529922485351562
2055,76,210,0.0018622875213623047
2056,77,210,0.0018339157104492188
2057,78,210,0.001127004623413086
2058,79,210,0.0014500617980957031
2059,80,210,0.0013718605041503906
2060,81,210,0.001413106918334961
2061,82,210,0.0012516975402832031
2062,83,210,0.00457000732421875
2063,84,210,0.0012969970703125
2064,85,210,0.0010449886322021484
2065,86,210,0.001264333724975586
2066,87,210,0.0013039112091064453
2067,88,210,0.0014069080352783203
2068,89,210,0.001020193099975586
2069,90,210,0.0013833045959472656
2070,91,210,0.0009970664978027344
2071,92,210,0.0013871192932128906
2072,93,210,0.0013210773468017578
2073,94,210,0.0009851455688476562
2074,95,210,0.0011661052703857422
2075,96,210,0.0012180805206298828
2076,97,210,0.000997781753540039
2077,98,210,0.001317739486694336
2078,99,210,0.0011601448059082031
2079,1,220,0.011961936950683594
2080,2,220,0.009029150009155273
2081,3,220,0.0063359737396240234
2082,4,220,0.0077550411224365234
2083,5,220,0.011302947998046875
2084,6,220,0.005986690521240234
2085,7,220,0.00570988655090332
2086,8,220,0.0054471492767333984
2087,9,220,0.005439043045043945
2088,10,220,0.0051000118255615234
2089,11,220,0.00463414192199707
2090,12,220,0.004755973815917969
2091,13,220,0.0044558048248291016
2092,14,220,0.004300832748413086
2093,15,220,0.003757953643798828
2094,16,220,0.0036139488220214844
2095,17,220,0.0035321712493896484
2096,18,220,0.0036911964416503906
2097,19,220,0.010483980178833008
2098,20,220,0.0035257339477539062
2099,21,220,0.003072977066040039
2100,22,220,0.0029709339141845703
2101,23,220,0.002843141555786133
2102,24,220,0.0027599334716796875
2103,25,220,0.003078937530517578
2104,26,220,0.0030150413513183594
2105,27,220,0.002516031265258789
2106,28,220,0.0027039051055908203
2107,29,220,0.0023641586303710938
2108,30,220,0.0023496150970458984
2109,31,220,0.002566099166870117
2110,32,220,0.0025200843811035156
2111,33,220,0.002156972885131836
2112,34,220,0.002084016799926758
2113,35,220,0.002424001693725586
2114,36,220,0.0023970603942871094
2115,37,220,0.0023369789123535156
2116,38,220,0.0019030570983886719
2117,39,220,0.0022258758544921875
2118,40,220,0.0023107528686523438
2119,41,220,0.0076982975006103516
2120,42,220,0.0021300315856933594
2121,43,220,0.0021431446075439453
2122,44,220,0.0017333030700683594
2123,45,220,0.0021288394927978516
2124,46,220,0.0016891956329345703
2125,47,220,0.010555267333984375
2126,48,220,0.00935816764831543
2127,49,220,0.0021479129791259766
2128,50,220,0.0020308494567871094
2129,51,220,0.0016319751739501953
2130,52,220,0.001958131790161133
2131,53,220,0.0015609264373779297
2132,54,220,0.0015392303466796875
2133,55,220,0.0015151500701904297
2134,56,220,0.0019490718841552734
2135,57,220,0.0019059181213378906
2136,58,220,0.0014781951904296875
2137,59,220,0.0014309883117675781
2138,60,220,0.0018050670623779297
2139,61,220,0.001413106918334961
2140,62,220,0.0017788410186767578
2141,63,220,0.0017812252044677734
2142,64,220,0.0017502307891845703
2143,65,220,0.0013642311096191406
2144,66,220,0.0013480186462402344
2145,67,220,0.0017399787902832031
2146,68,220,0.0013058185577392578
2147,69,220,0.0012791156768798828
2148,70,220,0.0015268325805664062
2149,71,220,0.0015158653259277344
2150,72,220,0.0012922286987304688
2151,73,220,0.0015039443969726562
2152,74,220,0.0015211105346679688
2153,75,220,0.001249074935913086
2154,76,220,0.0017549991607666016
2155,77,220,0.0016558170318603516
2156,78,220,0.0012001991271972656
2157,79,220,0.0012412071228027344
2158,80,220,0.0015108585357666016
2159,81,220,0.0011830329895019531
2160,82,220,0.0011768341064453125
2161,83,220,0.0015721321105957031
2162,84,220,0.0015311241149902344
2163,85,220,0.001104116439819336
2164,86,220,0.001049041748046875
2165,87,220,0.0011250972747802734
2166,88,220,0.001367807388305664
2167,89,220,0.0010952949523925781
2168,90,220,0.001322031021118164
2169,91,220,0.001069784164428711
2170,92,220,0.0015139579772949219
2171,93,220,0.0010979175567626953
2172,94,220,0.0010869503021240234
2173,95,220,0.0010762214660644531
2174,96,220,0.0012671947479248047
2175,97,220,0.001316070556640625
2176,98,220,0.0032880306243896484
2177,99,220,0.001050710678100586
2178,1,230,0.013393878936767578
2179,2,230,0.008353948593139648
2180,3,230,0.00916600227355957
2181,4,230,0.008150100708007812
2182,5,230,0.010193109512329102
2183,6,230,0.0068359375
2184,7,230,0.0061571598052978516
2185,8,230,0.0058290958404541016
2186,9,230,0.011031866073608398
2187,10,230,0.0055429935455322266
2188,11,230,0.010554075241088867
2189,12,230,0.004949808120727539
2190,13,230,0.011035919189453125
2191,14,230,0.0044519901275634766
2192,15,230,0.004442930221557617
2193,16,230,0.004477977752685547
2194,17,230,0.0038700103759765625
2195,18,230,0.004127979278564453
2196,19,230,0.0037620067596435547
2197,20,230,0.0034279823303222656
2198,21,230,0.0033080577850341797
2199,22,230,0.003651142120361328
2200,23,230,0.00305938720703125
2201,24,230,0.0029976367950439453
2202,25,230,0.0029418468475341797
2203,26,230,0.0027980804443359375
2204,27,230,0.010547876358032227
2205,28,230,0.002725839614868164
2206,29,230,0.0029230117797851562
2207,30,230,0.0024178028106689453
2208,31,230,0.0024530887603759766
2209,32,230,0.0026712417602539062
2210,33,230,0.0027570724487304688
2211,34,230,0.0027570724487304688
2212,35,230,0.010605096817016602
2213,36,230,0.002635955810546875
2214,37,230,0.0021638870239257812
2215,38,230,0.002088308334350586
2216,39,230,0.0024559497833251953
2217,40,230,0.0024480819702148438
2218,41,230,0.0018990039825439453
2219,42,230,0.0019021034240722656
2220,43,230,0.002193927764892578
2221,44,230,0.0018990039825439453
2222,45,230,0.0018010139465332031
2223,46,230,0.0018191337585449219
2224,47,230,0.0018107891082763672
2225,48,230,0.0017819404602050781
2226,49,230,0.0017840862274169922
2227,50,230,0.0017383098602294922
2228,51,230,0.001734018325805664
2229,52,230,0.004797935485839844
2230,53,230,0.0017070770263671875
2231,54,230,0.0019941329956054688
2232,55,230,0.002112865447998047
2233,56,230,0.001650094985961914
2234,57,230,0.0020608901977539062
2235,58,230,0.0015981197357177734
2236,59,230,0.0019919872283935547
2237,60,230,0.0019528865814208984
2238,61,230,0.008931875228881836
2239,62,230,0.0016078948974609375
2240,63,230,0.001508951187133789
2241,64,230,0.0019268989562988281
2242,65,230,0.0014710426330566406
2243,66,230,0.0014319419860839844
2244,67,230,0.0017497539520263672
2245,68,230,0.0019032955169677734
2246,69,230,0.0014536380767822266
2247,70,230,0.0014040470123291016
2248,71,230,0.001422882080078125
2249,72,230,0.0025701522827148438
2250,73,230,0.0013623237609863281
2251,74,230,0.0017342567443847656
2252,75,230,0.002480030059814453
2253,76,230,0.0013251304626464844
2254,77,230,0.010544061660766602
2255,78,230,0.0013952255249023438
2256,79,230,0.0012853145599365234
2257,80,230,0.0016617774963378906
2258,81,230,0.0017518997192382812
2259,82,230,0.0015609264373779297
2260,83,230,0.001293182373046875
2261,84,230,0.0015039443969726562
2262,85,230,0.009823083877563477
2263,86,230,0.0016362667083740234
2264,87,230,0.0011930465698242188
2265,88,230,0.0011620521545410156
2266,89,230,0.0011439323425292969
2267,90,230,0.0013649463653564453
2268,91,230,0.0015799999237060547
2269,92,230,0.0011668205261230469
2270,93,230,0.0011730194091796875
2271,94,230,0.0011267662048339844
2272,95,230,0.0013508796691894531
2273,96,230,0.0013320446014404297
2274,97,230,0.0011510848999023438
2275,98,230,0.001194000244140625
2276,99,230,0.0011713504791259766
2277,1,240,0.014611005783081055
2278,2,240,0.008841991424560547
2279,3,240,0.008527278900146484
2280,4,240,0.007795095443725586
2281,5,240,0.008210182189941406
2282,6,240,0.006622791290283203
2283,7,240,0.006822109222412109
2284,8,240,0.006312847137451172
2285,9,240,0.005991935729980469
2286,10,240,0.005686044692993164
2287,11,240,0.005536079406738281
2288,12,240,0.005490779876708984
2289,13,240,0.005386829376220703
2290,14,240,0.005043983459472656
2291,15,240,0.01060795783996582
2292,16,240,0.004252910614013672
2293,17,240,0.0045278072357177734
2294,18,240,0.004485130310058594
2295,19,240,0.003793954849243164
2296,20,240,0.003638744354248047
2297,21,240,0.0035810470581054688
2298,22,240,0.003406047821044922
2299,23,240,0.0036399364471435547
2300,24,240,0.003610849380493164
2301,25,240,0.0031769275665283203
2302,26,240,0.0029990673065185547
2303,27,240,0.0029850006103515625
2304,28,240,0.002774953842163086
2305,29,240,0.003095865249633789
2306,30,240,0.002718210220336914
2307,31,240,0.0028929710388183594
2308,32,240,0.002602100372314453
2309,33,240,0.0025496482849121094
2310,34,240,0.00251007080078125
2311,35,240,0.0024137496948242188
2312,36,240,0.0023431777954101562
2313,37,240,0.0024890899658203125
2314,38,240,0.00228118896484375
2315,39,240,0.0022590160369873047
2316,40,240,0.01061105728149414
2317,41,240,0.002218008041381836
2318,42,240,0.002107858657836914
2319,43,240,0.002610921859741211
2320,44,240,0.002534151077270508
2321,45,240,0.0024940967559814453
2322,46,240,0.002395153045654297
2323,47,240,0.002218961715698242
2324,48,240,0.0020051002502441406
2325,49,240,0.0019130706787109375
2326,50,240,0.0020279884338378906
2327,51,240,0.002246856689453125
2328,52,240,0.0018239021301269531
2329,53,240,0.0018417835235595703
2330,54,240,0.0018532276153564453
2331,55,240,0.0018651485443115234
2332,56,240,0.0022270679473876953
2333,57,240,0.002134084701538086
2334,58,240,0.0021371841430664062
2335,59,240,0.002081155776977539
2336,60,240,0.010987997055053711
2337,61,240,0.0017142295837402344
2338,62,240,0.0017249584197998047
2339,63,240,0.0021789073944091797
2340,64,240,0.002035856246948242
2341,65,240,0.0015881061553955078
2342,66,240,0.0015559196472167969
2343,67,240,0.0020017623901367188
2344,68,240,0.010581016540527344
2345,69,240,0.001558065414428711
2346,70,240,0.001522064208984375
2347,71,240,0.0015709400177001953
2348,72,240,0.0018110275268554688
2349,73,240,0.0014770030975341797
2350,74,240,0.0019161701202392578
2351,75,240,0.0019979476928710938
2352,76,240,0.0019140243530273438
2353,77,240,0.0014040470123291016
2354,78,240,0.0018460750579833984
2355,79,240,0.0018389225006103516
2356,80,240,0.0013985633850097656
2357,81,240,0.0014219284057617188
2358,82,240,0.0014598369598388672
2359,83,240,0.0017609596252441406
2360,84,240,0.0013780593872070312
2361,85,240,0.0017788410186767578
2362,86,240,0.0013818740844726562
2363,87,240,0.0013310909271240234
2364,88,240,0.001692056655883789
2365,89,240,0.001619100570678711
2366,90,240,0.0015978813171386719
2367,91,240,0.001596212387084961
2368,92,240,0.0015628337860107422
2369,93,240,0.001708984375
2370,94,240,0.0016510486602783203
2371,95,240,0.0012881755828857422
2372,96,240,0.0012352466583251953
2373,97,240,0.0012421607971191406
2374,98,240,0.0016329288482666016
2375,99,240,0.0012559890747070312
2376,1,250,0.014997005462646484
2377,2,250,0.012609004974365234
2378,3,250,0.01095890998840332
2379,4,250,0.00860905647277832
2380,5,250,0.007833003997802734
2381,6,250,0.011971712112426758
2382,7,250,0.010689973831176758
2383,8,250,0.00686192512512207
2384,9,250,0.006903886795043945
2385,10,250,0.006100893020629883
2386,11,250,0.0064661502838134766
2387,12,250,0.006022930145263672
2388,13,250,0.005637168884277344
2389,14,250,0.01065206527709961
2390,15,250,0.005276203155517578
2391,16,250,0.0051310062408447266
2392,17,250,0.005057811737060547
2393,18,250,0.004431009292602539
2394,19,250,0.004669904708862305
2395,20,250,0.0043528079986572266
2396,21,250,0.004174947738647461
2397,22,250,0.0039141178131103516
2398,23,250,0.003924131393432617
2399,24,250,0.00347900390625
2400,25,250,0.0038309097290039062
2401,26,250,0.0037491321563720703
2402,27,250,0.003582000732421875
2403,28,250,0.0035600662231445312
2404,29,250,0.003608226776123047
2405,30,250,0.0035610198974609375
2406,31,250,0.0028967857360839844
2407,32,250,0.0032150745391845703
2408,33,250,0.0027348995208740234
2409,34,250,0.003209352493286133
2410,35,250,0.003045797348022461
2411,36,250,0.0031490325927734375
2412,37,250,0.0030908584594726562
2413,38,250,0.002950906753540039
2414,39,250,0.002434968948364258
2415,40,250,0.0029120445251464844
2416,41,250,0.011235952377319336
2417,42,250,0.0023012161254882812
2418,43,250,0.002708911895751953
2419,44,250,0.0022041797637939453
2420,45,250,0.0026760101318359375
2421,46,250,0.002628803253173828
2422,47,250,0.0021309852600097656
2423,48,250,0.0021109580993652344
2424,49,250,0.0020580291748046875
2425,50,250,0.002595186233520508
2426,51,250,0.0023779869079589844
2427,52,250,0.001995086669921875
2428,53,250,0.0024890899658203125
2429,54,250,0.0023779869079589844
2430,55,250,0.0019559860229492188
2431,56,250,0.002516031265258789
2432,57,250,0.0024368762969970703
2433,58,250,0.001889944076538086
2434,59,250,0.0018508434295654297
2435,60,250,0.0018889904022216797
2436,61,250,0.001847982406616211
2437,62,250,0.0021560192108154297
2438,63,250,0.0022389888763427734
2439,64,250,0.0022461414337158203
2440,65,250,0.0018100738525390625
2441,66,250,0.002277851104736328
2442,67,250,0.0017018318176269531
2443,68,250,0.002138853073120117
2444,69,250,0.0021088123321533203
2445,70,250,0.002201080322265625
2446,71,250,0.0019087791442871094
2447,72,250,0.0020017623901367188
2448,73,250,0.0019822120666503906
2449,74,250,0.0016531944274902344
2450,75,250,0.0016179084777832031
2451,76,250,0.0015869140625
2452,77,250,0.00202178955078125
2453,78,250,0.0018529891967773438
2454,79,250,0.0015270709991455078
2455,80,250,0.0018839836120605469
2456,81,250,0.0018498897552490234
2457,82,250,0.0017719268798828125
2458,83,250,0.00174713134765625
2459,84,250,0.0015208721160888672
2460,85,250,0.0017559528350830078
2461,86,250,0.0018129348754882812
2462,87,250,0.0014748573303222656
2463,88,250,0.0013740062713623047
2464,89,250,0.0014510154724121094
2465,90,250,0.0014269351959228516
2466,91,250,0.0014078617095947266
2467,92,250,0.0013828277587890625
2468,93,250,0.0013630390167236328
2469,94,250,0.0016620159149169922
2470,95,250,0.0013208389282226562
2471,96,250,0.001638174057006836
2472,97,250,0.0016069412231445312
2473,98,250,0.001538991928100586
2474,99,250,0.001348733901977539
2475,1,260,0.016413211822509766
2476,2,260,0.011746883392333984
2477,3,260,0.010920047760009766
2478,4,260,0.009251832962036133
2479,5,260,0.00859689712524414
2480,6,260,0.009123086929321289
2481,7,260,0.008095979690551758
2482,8,260,0.007475137710571289
2483,9,260,0.006947040557861328
2484,10,260,0.008546829223632812
2485,11,260,0.010693788528442383
2486,12,260,0.006000041961669922
2487,13,260,0.0061490535736083984
2488,14,260,0.005778074264526367
2489,15,260,0.0051882266998291016
2490,16,260,0.0048828125
2491,17,260,0.00487518310546875
2492,18,260,0.0046749114990234375
2493,19,260,0.010723114013671875
2494,20,260,0.004370927810668945
2495,21,260,0.00428318977355957
2496,22,260,0.0045549869537353516
2497,23,260,0.010778188705444336
2498,24,260,0.004367828369140625
2499,25,260,0.003760814666748047
2500,26,260,0.00425410270690918
2501,27,260,0.010738134384155273
2502,28,260,0.003902912139892578
2503,29,260,0.003325223922729492
2504,30,260,0.0035140514373779297
2505,31,260,0.010720014572143555
2506,32,260,0.0033218860626220703
2507,33,260,0.01079106330871582
2508,34,260,0.0029540061950683594
2509,35,260,0.003002166748046875
2510,36,260,0.002807140350341797
2511,37,260,0.002794027328491211
2512,38,260,0.0031118392944335938
2513,39,260,0.0026361942291259766
2514,40,260,0.002566099166870117
2515,41,260,0.002634763717651367
2516,42,260,0.003172159194946289
2517,43,260,0.0031757354736328125
2518,44,260,0.0024831295013427734
2519,45,260,0.002835988998413086
2520,46,260,0.0022940635681152344
2521,47,260,0.0028700828552246094
2522,48,260,0.002476930618286133
2523,49,260,0.0023200511932373047
2524,50,260,0.011360645294189453
2525,51,260,0.0025060176849365234
2526,52,260,0.0021440982818603516
2527,53,260,0.0021812915802001953
2528,54,260,0.002613067626953125
2529,55,260,0.002079010009765625
2530,56,260,0.002017974853515625
2531,57,260,0.0025510787963867188
2532,58,260,0.0020389556884765625
2533,59,260,0.001986980438232422
2534,60,260,0.001970052719116211
2535,61,260,0.0024809837341308594
2536,62,260,0.0024569034576416016
2537,63,260,0.0021920204162597656
2538,64,260,0.002414226531982422
2539,65,260,0.0022118091583251953
2540,66,260,0.0018630027770996094
2541,67,260,0.0023660659790039062
2542,68,260,0.0023589134216308594
2543,69,260,0.0023620128631591797
2544,70,260,0.0017628669738769531
2545,71,260,0.0019359588623046875
2546,72,260,0.010736942291259766
2547,73,260,0.0017480850219726562
2548,74,260,0.002143383026123047
2549,75,260,0.010689020156860352
2550,76,260,0.001967191696166992
2551,77,260,0.0017762184143066406
2552,78,260,0.0020830631256103516
2553,79,260,0.0016672611236572266
2554,80,260,0.002274036407470703
2555,81,260,0.0016269683837890625
2556,82,260,0.0016040802001953125
2557,83,260,0.0016019344329833984
2558,84,260,0.0015938282012939453
2559,85,260,0.0019669532775878906
2560,86,260,0.001728057861328125
2561,87,260,0.001592874526977539
2562,88,260,0.002173900604248047
2563,89,260,0.0015728473663330078
2564,90,260,0.0015797615051269531
2565,91,260,0.001558065414428711
2566,92,260,0.0018718242645263672
2567,93,260,0.0014851093292236328
2568,94,260,0.0019860267639160156
2569,95,260,0.0019369125366210938
2570,96,260,0.01098012924194336
2571,97,260,0.001708984375
2572,98,260,0.0014159679412841797
2573,99,260,0.010401010513305664
2574,1,270,0.01665520668029785
2575,2,270,0.015279054641723633
2576,3,270,0.013594865798950195
2577,4,270,0.014594078063964844
2578,5,270,0.013787031173706055
2579,6,270,0.009768009185791016
2580,7,270,0.00853109359741211
2581,8,270,0.011426687240600586
2582,9,270,0.011499166488647461
2583,10,270,0.00722193717956543
2584,11,270,0.007452964782714844
2585,12,270,0.006782054901123047
2586,13,270,0.006670236587524414
2587,14,270,0.00596308708190918
2588,15,270,0.006250858306884766
2589,16,270,0.005488872528076172
2590,17,270,0.005795001983642578
2591,18,270,0.005609989166259766
2592,19,270,0.0052490234375
2593,20,270,0.004743099212646484
2594,21,270,0.005568981170654297
2595,22,270,0.004349946975708008
2596,23,270,0.004393100738525391
2597,24,270,0.004108905792236328
2598,25,270,0.003859996795654297
2599,26,270,0.0039920806884765625
2600,27,270,0.004317045211791992
2601,28,270,0.0042743682861328125
2602,29,270,0.003587007522583008
2603,30,270,0.0035622119903564453
2604,31,270,0.0034999847412109375
2605,32,270,0.004001140594482422
2606,33,270,0.0035402774810791016
2607,34,270,0.0037741661071777344
2608,35,270,0.011466026306152344
2609,36,270,0.0039539337158203125
2610,37,270,0.0029273033142089844
2611,38,270,0.0032939910888671875
2612,39,270,0.00321197509765625
2613,40,270,0.0027992725372314453
2614,41,270,0.0030450820922851562
2615,42,270,0.010792255401611328
2616,43,270,0.0037119388580322266
2617,44,270,0.002864837646484375
2618,45,270,0.0032548904418945312
2619,46,270,0.003074169158935547
2620,47,270,0.0029668807983398438
2621,48,270,0.0030181407928466797
2622,49,270,0.002420186996459961
2623,50,270,0.0029802322387695312
2624,51,270,0.0034132003784179688
2625,52,270,0.0023899078369140625
2626,53,270,0.0025641918182373047
2627,54,270,0.0029048919677734375
2628,55,270,0.0023741722106933594
2629,56,270,0.0026443004608154297
2630,57,270,0.0027420520782470703
2631,58,270,0.00273895263671875
2632,59,270,0.0028810501098632812
2633,60,270,0.002699136734008789
2634,61,270,0.0027060508728027344
2635,62,270,0.0026597976684570312
2636,63,270,0.0022950172424316406
2637,64,270,0.002530813217163086
2638,65,270,0.002405881881713867
2639,66,270,0.002526998519897461
2640,67,270,0.001984119415283203
2641,68,270,0.0019609928131103516
2642,69,270,0.0019156932830810547
2643,70,270,0.001917123794555664
2644,71,270,0.0022630691528320312
2645,72,270,0.0019047260284423828
2646,73,270,0.0018832683563232422
2647,74,270,0.0018548965454101562
2648,75,270,0.0018687248229980469
2649,76,270,0.00180816650390625
2650,77,270,0.0019621849060058594
2651,78,270,0.002486705780029297
2652,79,270,0.0019719600677490234
2653,80,270,0.0024220943450927734
2654,81,270,0.0018019676208496094
2655,82,270,0.0017516613006591797
2656,83,270,0.010706901550292969
2657,84,270,0.001767873764038086
2658,85,270,0.002231121063232422
2659,86,270,0.010643243789672852
2660,87,270,0.0017180442810058594
2661,88,270,0.001669168472290039
2662,89,270,0.0017020702362060547
2663,90,270,0.0016880035400390625
2664,91,270,0.011257171630859375
2665,92,270,0.0021009445190429688
2666,93,270,0.0018761157989501953
2667,94,270,0.0016880035400390625
2668,95,270,0.0019292831420898438
2669,96,270,0.0015492439270019531
2670,97,270,0.0016710758209228516
2671,98,270,0.002032756805419922
2672,99,270,0.001965045928955078
2673,1,280,0.016032934188842773
2674,2,280,0.01353597640991211
2675,3,280,0.011760950088500977
2676,4,280,0.010651826858520508
2677,5,280,0.009915828704833984
2678,6,280,0.013669967651367188
2679,7,280,0.009743928909301758
2680,8,280,0.009040117263793945
2681,9,280,0.010232210159301758
2682,10,280,0.024204254150390625
2683,11,280,0.01092982292175293
2684,12,280,0.008536100387573242
2685,13,280,0.006662845611572266
2686,14,280,0.007776975631713867
2687,15,280,0.007477998733520508
2688,16,280,0.052300214767456055
2689,17,280,0.009352922439575195
2690,18,280,0.007885217666625977
2691,19,280,0.006402015686035156
2692,20,280,0.005835056304931641
2693,21,280,0.00624394416809082
2694,22,280,0.00634765625
2695,23,280,0.0054700374603271484
2696,24,280,0.005716085433959961
2697,25,280,0.0060122013092041016
2698,26,280,0.005146026611328125
2699,27,280,0.004112958908081055
2700,28,280,0.004664897918701172
2701,29,280,0.004505157470703125
2702,30,280,0.003695964813232422
2703,31,280,0.003770112991333008
2704,32,280,0.004458189010620117
2705,33,280,0.004133939743041992
2706,34,280,0.003464937210083008
2707,35,280,0.004372119903564453
2708,36,280,0.003870248794555664
2709,37,280,0.0033102035522460938
2710,38,280,0.0037310123443603516
2711,39,280,0.0032770633697509766
2712,40,280,0.003626108169555664
2713,41,280,0.003338336944580078
2714,42,280,0.003554821014404297
2715,43,280,0.003014087677001953
2716,44,280,0.0034770965576171875
2717,45,280,0.0034551620483398438
2718,46,280,0.0033690929412841797
2719,47,280,0.0033369064331054688
2720,48,280,0.003323793411254883
2721,49,280,0.003103017807006836
2722,50,280,0.0031540393829345703
2723,51,280,0.003119945526123047
2724,52,280,0.0033941268920898438
2725,53,280,0.0024950504302978516
2726,54,280,0.0031337738037109375
2727,55,280,0.003175973892211914
2728,56,280,0.0030121803283691406
2729,57,280,0.003545999526977539
2730,58,280,0.002290964126586914
2731,59,280,0.0029649734497070312
2732,60,280,0.0022580623626708984
2733,61,280,0.002205371856689453
2734,62,280,0.002816915512084961
2735,63,280,0.0024650096893310547
2736,64,280,0.002856016159057617
2737,65,280,0.002218008041381836
2738,66,280,0.002763986587524414
2739,67,280,0.0021419525146484375
2740,68,280,0.0021169185638427734
2741,69,280,0.0027832984924316406
2742,70,280,0.0027141571044921875
2743,71,280,0.002103090286254883
2744,72,280,0.0026831626892089844
2745,73,280,0.001961946487426758
2746,74,280,0.0028150081634521484
2747,75,280,0.0029578208923339844
2748,76,280,0.002657175064086914
2749,77,280,0.0019829273223876953
2750,78,280,0.0019309520721435547
2751,79,280,0.002644062042236328
2752,80,280,0.0019037723541259766
2753,81,280,0.0019578933715820312
2754,82,280,0.0019469261169433594
2755,83,280,0.0026819705963134766
2756,84,280,0.0026857852935791016
2757,85,280,0.002579927444458008
2758,86,280,0.0025763511657714844
2759,87,280,0.002260923385620117
2760,88,280,0.0025098323822021484
2761,89,280,0.0017871856689453125
2762,90,280,0.0017693042755126953
2763,91,280,0.0017960071563720703
2764,92,280,0.0017390251159667969
2765,93,280,0.002103090286254883
2766,94,280,0.002151012420654297
2767,95,280,0.0017251968383789062
2768,96,280,0.0017027854919433594
2769,97,280,0.002009153366088867
2770,98,280,0.001661062240600586
2771,99,280,0.0016219615936279297
2772,1,290,0.02063298225402832
2773,2,290,0.01431417465209961
2774,3,290,0.013978958129882812
2775,4,290,0.01136016845703125
2776,5,290,0.012329816818237305
2777,6,290,0.010672807693481445
2778,7,290,0.00982809066772461
2779,8,290,0.009360074996948242
2780,9,290,0.009325027465820312
2781,10,290,0.008935928344726562
2782,11,290,0.00872182846069336
2783,12,290,0.007543087005615234
2784,13,290,0.0075719356536865234
2785,14,290,0.007374286651611328
2786,15,290,0.007174968719482422
2787,16,290,0.00628209114074707
2788,17,290,0.006654024124145508
2789,18,290,0.005896091461181641
2790,19,290,0.006164073944091797
2791,20,290,0.005937814712524414
2792,21,290,0.005908012390136719
2793,22,290,0.005640983581542969
2794,23,290,0.005848884582519531
2795,24,290,0.009540081024169922
2796,25,290,0.006160259246826172
2797,26,290,0.011191844940185547
2798,27,290,0.0051538944244384766
2799,28,290,0.0058901309967041016
2800,29,290,0.005333900451660156
2801,30,290,0.005693912506103516
2802,31,290,0.004091739654541016
2803,32,290,0.0045392513275146484
2804,33,290,0.0043909549713134766
2805,34,290,0.004366636276245117
2806,35,290,0.004336118698120117
2807,36,290,0.004356861114501953
2808,37,290,0.004321098327636719
2809,38,290,0.004003047943115234
2810,39,290,0.003995180130004883
2811,40,290,0.0038242340087890625
2812,41,290,0.004078865051269531
2813,42,290,0.00304412841796875
2814,43,290,0.0031991004943847656
2815,44,290,0.0030040740966796875
2816,45,290,0.002916097640991211
2817,46,290,0.0030019283294677734
2818,47,290,0.002859830856323242
2819,48,290,0.002823352813720703
2820,49,290,0.003509044647216797
2821,50,290,0.0033550262451171875
2822,51,290,0.0025620460510253906
2823,52,290,0.0025789737701416016
2824,53,290,0.0032367706298828125
2825,54,290,0.002521038055419922
2826,55,290,0.002585887908935547
2827,56,290,0.0028319358825683594
2828,57,290,0.0032050609588623047
2829,58,290,0.00315093994140625
2830,59,290,0.003152132034301758
2831,60,290,0.002418041229248047
2832,61,290,0.0023679733276367188
2833,62,290,0.0031201839447021484
2834,63,290,0.003094911575317383
2835,64,290,0.0030362606048583984
2836,65,290,0.0029299259185791016
2837,66,290,0.002569437026977539
2838,67,290,0.0031080245971679688
2839,68,290,0.003571033477783203
2840,69,290,0.0029120445251464844
2841,70,290,0.002390146255493164
2842,71,290,0.0029299259185791016
2843,72,290,0.0037450790405273438
2844,73,290,0.0047359466552734375
2845,74,290,0.0022721290588378906
2846,75,290,0.004309892654418945
2847,76,290,0.008661985397338867
2848,77,290,0.01524806022644043
2849,78,290,0.004409074783325195
2850,79,290,0.003459930419921875
2851,80,290,0.0043528079986572266
2852,81,290,0.0043048858642578125
2853,82,290,0.003968000411987305
2854,83,290,0.0032579898834228516
2855,84,290,0.0031349658966064453
2856,85,290,0.0027320384979248047
2857,86,290,0.003129720687866211
2858,87,290,0.0034918785095214844
2859,88,290,0.0031380653381347656
2860,89,290,0.0025408267974853516
2861,90,290,0.002646923065185547
2862,91,290,0.0024368762969970703
2863,92,290,0.002421855926513672
2864,93,290,0.0019021034240722656
2865,94,290,0.0021800994873046875
2866,95,290,0.0025949478149414062
2867,96,290,0.0025870800018310547
2868,97,290,0.0025551319122314453
2869,98,290,0.0022139549255371094
2870,99,290,0.0021741390228271484
2871,1,300,0.032731056213378906
2872,2,300,0.034413814544677734
2873,3,300,0.01313471794128418
2874,4,300,0.01924610137939453
2875,5,300,0.011873006820678711
2876,6,300,0.011333942413330078
2877,7,300,0.012364625930786133
2878,8,300,0.01001119613647461
2879,9,300,0.011104106903076172
2880,10,300,0.008898735046386719
2881,11,300,0.008526086807250977
2882,12,300,0.008144140243530273
2883,13,300,0.007922172546386719
2884,14,300,0.007632732391357422
2885,15,300,0.007016897201538086
2886,16,300,0.006807088851928711
2887,17,300,0.0065648555755615234
2888,18,300,0.006800174713134766
2889,19,300,0.006732940673828125
2890,20,300,0.005838871002197266
2891,21,300,0.006139039993286133
2892,22,300,0.005286216735839844
2893,23,300,0.005903720855712891
2894,24,300,0.004935026168823242
2895,25,300,0.004869222640991211
2896,26,300,0.005398988723754883
2897,27,300,0.004603147506713867
2898,28,300,0.005037069320678711
2899,29,300,0.004375934600830078
2900,30,300,0.00488591194152832
2901,31,300,0.00492405891418457
2902,32,300,0.0040738582611083984
2903,33,300,0.004988908767700195
2904,34,300,0.0040760040283203125
2905,35,300,0.004511833190917969
2906,36,300,0.0037119388580322266
2907,37,300,0.0035750865936279297
2908,38,300,0.004117012023925781
2909,39,300,0.004091024398803711
2910,40,300,0.004167079925537109
2911,41,300,0.003326892852783203
2912,42,300,0.00438237190246582
2913,43,300,0.004673957824707031
2914,44,300,0.005944013595581055
2915,45,300,0.004925251007080078
2916,46,300,0.0073699951171875
2917,47,300,0.0061490535736083984
2918,48,300,0.009807825088500977
2919,49,300,0.005849123001098633
2920,50,300,0.0030930042266845703
2921,51,300,0.0036721229553222656
2922,52,300,0.0030829906463623047
2923,53,300,0.002763032913208008
2924,54,300,0.0034978389739990234
2925,55,300,0.003512859344482422
2926,56,300,0.003473997116088867
2927,57,300,0.0034132003784179688
2928,58,300,0.0033457279205322266
2929,59,300,0.003261089324951172
2930,60,300,0.002557992935180664
2931,61,300,0.0033407211303710938
2932,62,300,0.0033071041107177734
2933,63,300,0.0032410621643066406
2934,64,300,0.0028200149536132812
2935,65,300,0.002528667449951172
2936,66,300,0.003137826919555664
2937,67,300,0.0031881332397460938
2938,68,300,0.0032889842987060547
2939,69,300,0.002402067184448242
2940,70,300,0.002357006072998047
2941,71,300,0.0023250579833984375
2942,72,300,0.0031440258026123047
2943,73,300,0.0023212432861328125
2944,74,300,0.0023031234741210938
2945,75,300,0.0023839473724365234
2946,76,300,0.0023238658905029297
2947,77,300,0.003020048141479492
2948,78,300,0.0031337738037109375
2949,79,300,0.002981901168823242
2950,80,300,0.0023908615112304688
2951,81,300,0.0029060840606689453
2952,82,300,0.002892017364501953
2953,83,300,0.002735137939453125
2954,84,300,0.0027132034301757812
2955,85,300,0.0023469924926757812
2956,86,300,0.0024318695068359375
2957,87,300,0.0020711421966552734
2958,88,300,0.0028591156005859375
2959,89,300,0.002568960189819336
2960,90,300,0.0020411014556884766
2961,91,300,0.002168893814086914
2962,92,300,0.002567768096923828
2963,93,300,0.0019659996032714844
2964,94,300,0.0020160675048828125
2965,95,300,0.0019881725311279297
2966,96,300,0.0023539066314697266
2967,97,300,0.001895904541015625
2968,98,300,0.0019731521606445312
2969,99,300,0.0022928714752197266
2970,1,310,0.02359175682067871
2971,2,310,0.017852067947387695
2972,3,310,0.019710063934326172
2973,4,310,0.017132997512817383
2974,5,310,0.011846780776977539
2975,6,310,0.012533903121948242
2976,7,310,0.010925054550170898
2977,8,310,0.010429859161376953
2978,9,310,0.03937983512878418
2979,10,310,0.01608872413635254
2980,11,310,0.00968313217163086
2981,12,310,0.008557796478271484
2982,13,310,0.008162975311279297
2983,14,310,0.007874727249145508
2984,15,310,0.008073091506958008
2985,16,310,0.007062196731567383
2986,17,310,0.007844924926757812
2987,18,310,0.006590843200683594
2988,19,310,0.0069429874420166016
2989,20,310,0.0061681270599365234
2990,21,310,0.006193876266479492
2991,22,310,0.06046104431152344
2992,23,310,0.018185138702392578
2993,24,310,0.006745815277099609
2994,25,310,0.005430936813354492
2995,26,310,0.006000041961669922
2996,27,310,0.0060138702392578125
2997,28,310,0.005320072174072266
2998,29,310,0.005038022994995117
2999,30,310,0.005821943283081055
3000,31,310,0.006910085678100586
3001,32,310,0.004766941070556641
3002,33,310,0.0041768550872802734
3003,34,310,0.005150318145751953
3004,35,310,0.0042858123779296875
3005,36,310,0.004850149154663086
3006,37,310,0.004831075668334961
3007,38,310,0.004637002944946289
3008,39,310,0.004389047622680664
3009,40,310,0.004685163497924805
3010,41,310,0.004461050033569336
3011,42,310,0.004550933837890625
3012,43,310,0.004477024078369141
3013,44,310,0.01822185516357422
3014,45,310,0.0074307918548583984
3015,46,310,0.006322383880615234
3016,47,310,0.0052509307861328125
3017,48,310,0.005700826644897461
3018,49,310,0.003954887390136719
3019,50,310,0.004057884216308594
3020,51,310,0.0038411617279052734
3021,52,310,0.003454923629760742
3022,53,310,0.0031571388244628906
3023,54,310,0.0029692649841308594
3024,55,310,0.003673076629638672
3025,56,310,0.0036361217498779297
3026,57,310,0.003599882125854492
3027,58,310,0.002808094024658203
3028,59,310,0.0028061866760253906
3029,60,310,0.002730846405029297
3030,61,310,0.003221750259399414
3031,62,310,0.0026628971099853516
3032,63,310,0.0032219886779785156
3033,64,310,0.0033698081970214844
3034,65,310,0.003443002700805664
3035,66,310,0.0026481151580810547
3036,67,310,0.00321197509765625
3037,68,310,0.002538919448852539
3038,69,310,0.0033271312713623047
3039,70,310,0.003406047821044922
3040,71,310,0.003398895263671875
3041,72,310,0.0034210681915283203
3042,73,310,0.0033750534057617188
3043,74,310,0.0024499893188476562
3044,75,310,0.0034890174865722656
3045,76,310,0.003256082534790039
3046,77,310,0.003268003463745117
3047,78,310,0.003156900405883789
3048,79,310,0.003251791000366211
3049,80,310,0.0033311843872070312
3050,81,310,0.0031769275665283203
3051,82,310,0.0025548934936523438
3052,83,310,0.003941774368286133
3053,84,310,0.002895832061767578
3054,85,310,0.0022459030151367188
3055,86,310,0.002257823944091797
3056,87,310,0.003075122833251953
3057,88,310,0.0030510425567626953
3058,89,310,0.0025458335876464844
3059,90,310,0.002774953842163086
3060,91,310,0.0022559165954589844
3061,92,310,0.0021429061889648438
3062,93,310,0.0026979446411132812
3063,94,310,0.002128124237060547
3064,95,310,0.0025720596313476562
3065,96,310,0.002126932144165039
3066,97,310,0.0025441646575927734
3067,98,310,0.0020198822021484375
3068,99,310,0.0026569366455078125
3069,1,320,0.02594304084777832
3070,2,320,0.021197080612182617
3071,3,320,0.015316963195800781
3072,4,320,0.016530990600585938
3073,5,320,0.01556086540222168
3074,6,320,0.015110015869140625
3075,7,320,0.027801036834716797
3076,8,320,0.014317035675048828
3077,9,320,0.012154817581176758
3078,10,320,0.011131763458251953
3079,11,320,0.01014089584350586
3080,12,320,0.010286808013916016
3081,13,320,0.009690999984741211
3082,14,320,0.008796930313110352
3083,15,320,0.008314132690429688
3084,16,320,0.008222103118896484
3085,17,320,0.009238004684448242
3086,18,320,0.008270978927612305
3087,19,320,0.008067131042480469
3088,20,320,0.007800102233886719
3089,21,320,0.006676197052001953
3090,22,320,0.0067059993743896484
3091,23,320,0.0068950653076171875
3092,24,320,0.006826877593994141
3093,25,320,0.005558013916015625
3094,26,320,0.005331993103027344
3095,27,320,0.005387067794799805
3096,28,320,0.0058362483978271484
3097,29,320,0.004866123199462891
3098,30,320,0.005616188049316406
3099,31,320,0.0054590702056884766
3100,32,320,0.00523686408996582
3101,33,320,0.005487203598022461
3102,34,320,0.005307912826538086
3103,35,320,0.004402875900268555
3104,36,320,0.00426793098449707
3105,37,320,0.004108905792236328
3106,38,320,0.004101276397705078
3107,39,320,0.004948854446411133
3108,40,320,0.005585908889770508
3109,41,320,0.0045337677001953125
3110,42,320,0.0037016868591308594
3111,43,320,0.004261016845703125
3112,44,320,0.0036149024963378906
3113,45,320,0.01105809211730957
3114,46,320,0.01101994514465332
3115,47,320,0.003437042236328125
3116,48,320,0.003931760787963867
3117,49,320,0.0033838748931884766
3118,50,320,0.003408193588256836
3119,51,320,0.0034029483795166016
3120,52,320,0.003344297409057617
3121,53,320,0.004121065139770508
3122,54,320,0.0040280818939208984
3123,55,320,0.004109859466552734
3124,56,320,0.003942012786865234
3125,57,320,0.0036869049072265625
3126,58,320,0.0029540061950683594
3127,59,320,0.0038352012634277344
3128,60,320,0.003359079360961914
3129,61,320,0.0036859512329101562
3130,62,320,0.0038521289825439453
3131,63,320,0.002817869186401367
3132,64,320,0.012019872665405273
3133,65,320,0.003056049346923828
3134,66,320,0.002791881561279297
3135,67,320,0.003609895706176758
3136,68,320,0.0035991668701171875
3137,69,320,0.0027132034301757812
3138,70,320,0.0035278797149658203
3139,71,320,0.0027167797088623047
3140,72,320,0.012053966522216797
3141,73,320,0.0035419464111328125
3142,74,320,0.0035140514373779297
3143,75,320,0.0035860538482666016
3144,76,320,0.003557920455932617
3145,77,320,0.0035250186920166016
3146,78,320,0.0034461021423339844
3147,79,320,0.0032792091369628906
3148,80,320,0.0033898353576660156
3149,81,320,0.0037200450897216797
3150,82,320,0.00360107421875
3151,83,320,0.0038552284240722656
3152,84,320,0.0033071041107177734
3153,85,320,0.0027289390563964844
3154,86,320,0.0030961036682128906
3155,87,320,0.0036590099334716797
3156,88,320,0.0034246444702148438
3157,89,320,0.002695798873901367
3158,90,320,0.002904176712036133
3159,91,320,0.0031807422637939453
3160,92,320,0.002421140670776367
3161,93,320,0.002312898635864258
3162,94,320,0.002946138381958008
3163,95,320,0.003020048141479492
3164,96,320,0.003020048141479492
3165,97,320,0.0032050609588623047
3166,98,320,0.0027761459350585938
3167,99,320,0.0026569366455078125
3168,1,330,0.025974035263061523
3169,2,330,0.02321624755859375
3170,3,330,0.018867015838623047
3171,4,330,0.016247987747192383
3172,5,330,0.019474029541015625
3173,6,330,0.01494598388671875
3174,7,330,0.013873100280761719
3175,8,330,0.014185905456542969
3176,9,330,0.012068033218383789
3177,10,330,0.011636018753051758
3178,11,330,0.011175155639648438
3179,12,330,0.010425090789794922
3180,13,330,0.009370088577270508
3181,14,330,0.012101888656616211
3182,15,330,0.008647918701171875
3183,16,330,0.012258052825927734
3184,17,330,0.009129047393798828
3185,18,330,0.008690834045410156
3186,19,330,0.00805807113647461
3187,20,330,0.0077686309814453125
3188,21,330,0.0075991153717041016
3189,22,330,0.006449222564697266
3190,23,330,0.006262063980102539
3191,24,330,0.007100105285644531
3192,25,330,0.006011009216308594
3193,26,330,0.00652313232421875
3194,27,330,0.006457805633544922
3195,28,330,0.0065441131591796875
3196,29,330,0.006506919860839844
3197,30,330,0.0068018436431884766
3198,31,330,0.005645036697387695
3199,32,330,0.005781888961791992
3200,33,330,0.0048427581787109375
3201,34,330,0.004634857177734375
3202,35,330,0.005387067794799805
3203,36,330,0.012122869491577148
3204,37,330,0.004400014877319336
3205,38,330,0.012105941772460938
3206,39,330,0.011136054992675781
3207,40,330,0.004157304763793945
3208,41,330,0.0044977664947509766
3209,42,330,0.004765987396240234
3210,43,330,0.003843069076538086
3211,44,330,0.0047397613525390625
3212,45,330,0.004214048385620117
3213,46,330,0.004576921463012695
3214,47,330,0.004505157470703125
3215,48,330,0.0043451786041259766
3216,49,330,0.00360107421875
3217,50,330,0.003500223159790039
3218,51,330,0.003487110137939453
3219,52,330,0.004361867904663086
3220,53,330,0.003458738327026367
3221,54,330,0.0032911300659179688
3222,55,330,0.004121065139770508
3223,56,330,0.0034551620483398438
3224,57,330,0.0031549930572509766
3225,58,330,0.003173828125
3226,59,330,0.0031280517578125
3227,60,330,0.0030629634857177734
3228,61,330,0.003553152084350586
3229,62,330,0.003016233444213867
3230,63,330,0.003908872604370117
3231,64,330,0.0029549598693847656
3232,65,330,0.01109004020690918
3233,66,330,0.011156320571899414
3234,67,330,0.011082172393798828
3235,68,330,0.004032135009765625
3236,69,330,0.0029549598693847656
3237,70,330,0.003560304641723633
3238,71,330,0.002797842025756836
3239,72,330,0.003567934036254883
3240,73,330,0.0033578872680664062
3241,74,330,0.0036499500274658203
3242,75,330,0.0036950111389160156
3243,76,330,0.00356292724609375
3244,77,330,0.0026769638061523438
3245,78,330,0.002666950225830078
3246,79,330,0.0034139156341552734
3247,80,330,0.002691984176635742
3248,81,330,0.010930061340332031
3249,82,330,0.010930061340332031
3250,83,330,0.003359079360961914
3251,84,330,0.002585887908935547
3252,85,330,0.002563953399658203
3253,86,330,0.0028290748596191406
3254,87,330,0.002521991729736328
3255,88,330,0.002750873565673828
3256,89,330,0.0031180381774902344
3257,90,330,0.0024170875549316406
3258,91,330,0.002468109130859375
3259,92,330,0.002981901168823242
3260,93,330,0.0031769275665283203
3261,94,330,0.00308990478515625
3262,95,330,0.0023360252380371094
3263,96,330,0.0028429031372070312
3264,97,330,0.01068115234375
3265,98,330,0.003170013427734375
3266,99,330,0.0023488998413085938
3267,1,340,0.027077913284301758
3268,2,340,0.023454904556274414
3269,3,340,0.018340110778808594
3270,4,340,0.017966032028198242
3271,5,340,0.016895055770874023
3272,6,340,0.015941858291625977
3273,7,340,0.013248682022094727
3274,8,340,0.012872934341430664
3275,9,340,0.01226186752319336
3276,10,340,0.01237797737121582
3277,11,340,0.012063980102539062
3278,12,340,0.01026296615600586
3279,13,340,0.010279178619384766
3280,14,340,0.009634971618652344
3281,15,340,0.008990049362182617
3282,16,340,0.00912928581237793
3283,17,340,0.008150100708007812
3284,18,340,0.008767127990722656
3285,19,340,0.007753849029541016
3286,20,340,0.008186101913452148
3287,21,340,0.011155128479003906
3288,22,340,0.01120305061340332
3289,23,340,0.007810831069946289
3290,24,340,0.0074841976165771484
3291,25,340,0.011131048202514648
3292,26,340,0.006535053253173828
3293,27,340,0.005894899368286133
3294,28,340,0.006526947021484375
3295,29,340,0.005443096160888672
3296,30,340,0.005549192428588867
3297,31,340,0.005196094512939453
3298,32,340,0.004984140396118164
3299,33,340,0.00560307502746582
3300,34,340,0.005800008773803711
3301,35,340,0.004675626754760742
3302,36,340,0.005539894104003906
3303,37,340,0.0045850276947021484
3304,38,340,0.004513978958129883
3305,39,340,0.004411935806274414
3306,40,340,0.004454851150512695
3307,41,340,0.004998207092285156
3308,42,340,0.004807233810424805
3309,43,340,0.0040662288665771484
3310,44,340,0.003953218460083008
3311,45,340,0.003998994827270508
3312,46,340,0.004910945892333984
3313,47,340,0.0049591064453125
3314,48,340,0.004442930221557617
3315,49,340,0.004801034927368164
3316,50,340,0.003751993179321289
3317,51,340,0.004256010055541992
3318,52,340,0.0036270618438720703
3319,53,340,0.0035431385040283203
3320,54,340,0.0035331249237060547
3321,55,340,0.004503011703491211
3322,56,340,0.00357818603515625
3323,57,340,0.0033469200134277344
3324,58,340,0.004235029220581055
3325,59,340,0.0032019615173339844
3326,60,340,0.0032148361206054688
3327,61,340,0.004075050354003906
3328,62,340,0.004096031188964844
3329,63,340,0.0038881301879882812
3330,64,340,0.00316619873046875
3331,65,340,0.004033803939819336
3332,66,340,0.0030870437622070312
3333,67,340,0.004005908966064453
3334,68,340,0.003020048141479492
3335,69,340,0.003264188766479492
3336,70,340,0.00402379035949707
3337,71,340,0.003996133804321289
3338,72,340,0.003268718719482422
3339,73,340,0.002936124801635742
3340,74,340,0.003231048583984375
3341,75,340,0.0033042430877685547
3342,76,340,0.003859996795654297
3343,77,340,0.003762960433959961
3344,78,340,0.0031943321228027344
3345,79,340,0.002885103225708008
3346,80,340,0.002849102020263672
3347,81,340,0.0029256343841552734
3348,82,340,0.0036039352416992188
3349,83,340,0.002788066864013672
3350,84,340,0.0027430057525634766
3351,85,340,0.0032758712768554688
3352,86,340,0.002888917922973633
3353,87,340,0.0031490325927734375
3354,88,340,0.0026209354400634766
3355,89,340,0.002578258514404297
3356,90,340,0.002624034881591797
3357,91,340,0.0026297569274902344
3358,92,340,0.0025398731231689453
3359,93,340,0.0040531158447265625
3360,94,340,0.0025811195373535156
3361,95,340,0.002498149871826172
3362,96,340,0.003108978271484375
3363,97,340,0.0025391578674316406
3364,98,340,0.0030641555786132812
3365,99,340,0.0028836727142333984
3366,1,350,0.031048059463500977
3367,2,350,0.020904064178466797
3368,3,350,0.01986098289489746
3369,4,350,0.017429113388061523
3370,5,350,0.015299081802368164
3371,6,350,0.015397071838378906
3372,7,350,0.013985872268676758
3373,8,350,0.013628959655761719
3374,9,350,0.01262807846069336
3375,10,350,0.012664079666137695
3376,11,350,0.01273798942565918
3377,12,350,0.010776042938232422
3378,13,350,0.010131120681762695
3379,14,350,0.009921789169311523
3380,15,350,0.009849071502685547
3381,16,350,0.009096860885620117
3382,17,350,0.010133981704711914
3383,18,350,0.011380910873413086
3384,19,350,0.008143186569213867
3385,20,350,0.008595943450927734
3386,21,350,0.011720895767211914
3387,22,350,0.008222818374633789
3388,23,350,0.007118940353393555
3389,24,350,0.0075719356536865234
3390,25,350,0.007577180862426758
3391,26,350,0.01120305061340332
3392,27,350,0.00716710090637207
3393,28,350,0.006006002426147461
3394,29,350,0.005722999572753906
3395,30,350,0.006696939468383789
3396,31,350,0.005692005157470703
3397,32,350,0.006237983703613281
3398,33,350,0.006192684173583984
3399,34,350,0.012315988540649414
3400,35,350,0.011178970336914062
3401,36,350,0.0060329437255859375
3402,37,350,0.005499124526977539
3403,38,350,0.0047719478607177734
3404,39,350,0.008961915969848633
3405,40,350,0.005614042282104492
3406,41,350,0.005568027496337891
3407,42,350,0.004722118377685547
3408,43,350,0.004400968551635742
3409,44,350,0.004303932189941406
3410,45,350,0.0042841434478759766
3411,46,350,0.005170106887817383
3412,47,350,0.004778861999511719
3413,48,350,0.005134105682373047
3414,49,350,0.004939079284667969
3415,50,350,0.003932952880859375
3416,51,350,0.0050449371337890625
3417,52,350,0.011707782745361328
3418,53,350,0.004609823226928711
3419,54,350,0.0037250518798828125
3420,55,350,0.004703044891357422
3421,56,350,0.003659963607788086
3422,57,350,0.004743814468383789
3423,58,350,0.004778146743774414
3424,59,350,0.003509998321533203
3425,60,350,0.0045168399810791016
3426,61,350,0.004449129104614258
3427,62,350,0.0033681392669677734
3428,63,350,0.004343271255493164
3429,64,350,0.003304004669189453
3430,65,350,0.004384040832519531
3431,66,350,0.003325939178466797
3432,67,350,0.003469705581665039
3433,68,350,0.0038721561431884766
3434,69,350,0.003192901611328125
3435,70,350,0.0031418800354003906
3436,71,350,0.0031359195709228516
3437,72,350,0.003688812255859375
3438,73,350,0.0030868053436279297
3439,74,350,0.0034770965576171875
3440,75,350,0.0030608177185058594
3441,76,350,0.003982067108154297
3442,77,350,0.0031468868255615234
3443,78,350,0.003011941909790039
3444,79,350,0.0029761791229248047
3445,80,350,0.003941059112548828
3446,81,350,0.0029921531677246094
3447,82,350,0.004008054733276367
3448,83,350,0.0029010772705078125
3449,84,350,0.003993034362792969
3450,85,350,0.00286102294921875
3451,86,350,0.003759145736694336
3452,87,350,0.0034792423248291016
3453,88,350,0.002753019332885742
3454,89,350,0.0027539730072021484
3455,90,350,0.003400087356567383
3456,91,350,0.0027451515197753906
3457,92,350,0.0026879310607910156
3458,93,350,0.0034401416778564453
3459,94,350,0.0026962757110595703
3460,95,350,0.002618074417114258
3461,96,350,0.010772228240966797
3462,97,350,0.0032188892364501953
3463,98,350,0.0025911331176757812
3464,99,350,0.002602100372314453
3465,1,360,0.03036212921142578
3466,2,360,0.026607275009155273
3467,3,360,0.020779132843017578
3468,4,360,0.018618106842041016
3469,5,360,0.01629805564880371
3470,6,360,0.016569137573242188
3471,7,360,0.014870643615722656
3472,8,360,0.01419210433959961
3473,9,360,0.014279842376708984
3474,10,360,0.012702226638793945
3475,11,360,0.012258768081665039
3476,12,360,0.011439085006713867
3477,13,360,0.011440753936767578
3478,14,360,0.010766983032226562
3479,15,360,0.009997129440307617
3480,16,360,0.009758949279785156
3481,17,360,0.010030984878540039
3482,18,360,0.011273860931396484
3483,19,360,0.009077072143554688
3484,20,360,0.008310079574584961
3485,21,360,0.008965015411376953
3486,22,360,0.008310079574584961
3487,23,360,0.007752895355224609
3488,24,360,0.007398843765258789
3489,25,360,0.0069272518157958984
3490,26,360,0.007663726806640625
3491,27,360,0.007748842239379883
3492,28,360,0.0069768428802490234
3493,29,360,0.0072460174560546875
3494,30,360,0.006057024002075195
3495,31,360,0.006541252136230469
3496,32,360,0.006011009216308594
3497,33,360,0.006422996520996094
3498,34,360,0.00609898567199707
3499,35,360,0.00638890266418457
3500,36,360,0.005881071090698242
3501,37,360,0.005921125411987305
3502,38,360,0.005818843841552734
3503,39,360,0.004904031753540039
3504,40,360,0.0048367977142333984
3505,41,360,0.005855083465576172
3506,42,360,0.004631757736206055
3507,43,360,0.0046041011810302734
3508,44,360,0.005536794662475586
3509,45,360,0.011313915252685547
3510,46,360,0.005503177642822266
3511,47,360,0.011276960372924805
3512,48,360,0.004348278045654297
3513,49,360,0.004186868667602539
3514,50,360,0.01226806640625
3515,51,360,0.005074262619018555
3516,52,360,0.01131892204284668
3517,53,360,0.0040400028228759766
3518,54,360,0.003928184509277344
3519,55,360,0.004601955413818359
3520,56,360,0.0038421154022216797
3521,57,360,0.012497901916503906
3522,58,360,0.004923105239868164
3523,59,360,0.003775358200073242
3524,60,360,0.003674030303955078
3525,61,360,0.003771066665649414
3526,62,360,0.0035257339477539062
3527,63,360,0.003498077392578125
3528,64,360,0.0034019947052001953
3529,65,360,0.0034449100494384766
3530,66,360,0.004561901092529297
3531,67,360,0.011254072189331055
3532,68,360,0.003551006317138672
3533,69,360,0.003443002700805664
3534,70,360,0.004169940948486328
3535,71,360,0.0045318603515625
3536,72,360,0.003468036651611328
3537,73,360,0.004529237747192383
3538,74,360,0.004127979278564453
3539,75,360,0.0040740966796875
3540,76,360,0.004246950149536133
3541,77,360,0.004158973693847656
3542,78,360,0.0031728744506835938
3543,79,360,0.0036361217498779297
3544,80,360,0.004137754440307617
3545,81,360,0.004063129425048828
3546,82,360,0.003107786178588867
3547,83,360,0.004001140594482422
3548,84,360,0.0030701160430908203
3549,85,360,0.011306047439575195
3550,86,360,0.00691986083984375
3551,87,360,0.0030488967895507812
3552,88,360,0.0030977725982666016
3553,89,360,0.010921955108642578
3554,90,360,0.0037848949432373047
3555,91,360,0.008955955505371094
3556,92,360,0.0029799938201904297
3557,93,360,0.0036149024963378906
3558,94,360,0.0034449100494384766
3559,95,360,0.003859996795654297
3560,96,360,0.002856016159057617
3561,97,360,0.0037870407104492188
3562,98,360,0.0028078556060791016
3563,99,360,0.003282785415649414
3564,1,370,0.027666091918945312
3565,2,370,0.02387094497680664
3566,3,370,0.02202606201171875
3567,4,370,0.024023056030273438
3568,5,370,0.01843118667602539
3569,6,370,0.021075010299682617
3570,7,370,0.01728367805480957
3571,8,370,0.015578031539916992
3572,9,370,0.014422178268432617
3573,10,370,0.014003992080688477
3574,11,370,0.013512849807739258
3575,12,370,0.013235092163085938
3576,13,370,0.012049198150634766
3577,14,370,0.012146949768066406
3578,15,370,0.010833024978637695
3579,16,370,0.01138615608215332
3580,17,370,0.010720014572143555
3581,18,370,0.010567903518676758
3582,19,370,0.009486913681030273
3583,20,370,0.00929403305053711
3584,21,370,0.008733034133911133
3585,22,370,0.008143901824951172
3586,23,370,0.007894039154052734
3587,24,370,0.008971929550170898
3588,25,370,0.007450103759765625
3589,26,370,0.007340669631958008
3590,27,370,0.007014751434326172
3591,28,370,0.007302045822143555
3592,29,370,0.006973981857299805
3593,30,370,0.007478237152099609
3594,31,370,0.006243705749511719
3595,32,370,0.006680011749267578
3596,33,370,0.0067632198333740234
3597,34,370,0.00613093376159668
3598,35,370,0.006793022155761719
3599,36,370,0.006888866424560547
3600,37,370,0.005640983581542969
3601,38,370,0.005343914031982422
3602,39,370,0.005777835845947266
3603,40,370,0.005733966827392578
3604,41,370,0.006222963333129883
3605,42,370,0.006127834320068359
3606,43,370,0.0048482418060302734
3607,44,370,0.0055768489837646484
3608,45,370,0.005149364471435547
3609,46,370,0.004734039306640625
3610,47,370,0.005280017852783203
3611,48,370,0.005327939987182617
3612,49,370,0.004513978958129883
3613,50,370,0.005023002624511719
3614,51,370,0.0044667720794677734
3615,52,370,0.008542060852050781
3616,53,370,0.004199981689453125
3617,54,370,0.004444122314453125
3618,55,370,0.005323886871337891
3619,56,370,0.0047092437744140625
3620,57,370,0.0048449039459228516
3621,58,370,0.005326032638549805
3622,59,370,0.004511117935180664
3623,60,370,0.003957986831665039
3624,61,370,0.00464630126953125
3625,62,370,0.004106998443603516
3626,63,370,0.00494074821472168
3627,64,370,0.005913972854614258
3628,65,370,0.004944801330566406
3629,66,370,0.004001140594482422
3630,67,370,0.005096912384033203
3631,68,370,0.005428791046142578
3632,69,370,0.004690885543823242
3633,70,370,0.004832029342651367
3634,71,370,0.004445791244506836
3635,72,370,0.0037539005279541016
3636,73,370,0.0035550594329833984
3637,74,370,0.0034508705139160156
3638,75,370,0.0045299530029296875
3639,76,370,0.003573894500732422
3640,77,370,0.004686117172241211
3641,78,370,0.0040988922119140625
3642,79,370,0.0034050941467285156
3643,80,370,0.003701925277709961
3644,81,370,0.003785371780395508
3645,82,370,0.004085063934326172
3646,83,370,0.0037140846252441406
3647,84,370,0.003178119659423828
3648,85,370,0.004077911376953125
3649,86,370,0.003408193588256836
3650,87,370,0.011108875274658203
3651,88,370,0.011014938354492188
3652,89,370,0.008131980895996094
3653,90,370,0.004067182540893555
3654,91,370,0.004235029220581055
3655,92,370,0.0030999183654785156
3656,93,370,0.003062009811401367
3657,94,370,0.003052949905395508
3658,95,370,0.0035479068756103516
3659,96,370,0.00362396240234375
3660,97,370,0.0032868385314941406
3661,98,370,0.011101961135864258
3662,99,370,0.0029888153076171875
3663,1,380,0.03469204902648926
3664,2,380,0.026997089385986328
3665,3,380,0.02389693260192871
3666,4,380,0.02208113670349121
3667,5,380,0.021743059158325195
3668,6,380,0.018234968185424805
3669,7,380,0.016801118850708008
3670,8,380,0.016028881072998047
3671,9,380,0.015057802200317383
3672,10,380,0.01590108871459961
3673,11,380,0.014070987701416016
3674,12,380,0.01409006118774414
3675,13,380,0.013365983963012695
3676,14,380,0.013079166412353516
3677,15,380,0.01840996742248535
3678,16,380,0.02069401741027832
3679,17,380,0.015215873718261719
3680,18,380,0.012746810913085938
3681,19,380,0.012006282806396484
3682,20,380,0.010154008865356445
3683,21,380,0.010226964950561523
3684,22,380,0.009386062622070312
3685,23,380,0.009454965591430664
3686,24,380,0.008659124374389648
3687,25,380,0.00780177116394043
3688,26,380,0.007503986358642578
3689,27,380,0.007447957992553711
3690,28,380,0.008137226104736328
3691,29,380,0.008069276809692383
3692,30,380,0.006646871566772461
3693,31,380,0.006396770477294922
3694,32,380,0.0067729949951171875
3695,33,380,0.007504940032958984
3696,34,380,0.006718873977661133
3697,35,380,0.007002115249633789
3698,36,380,0.005968332290649414
3699,37,380,0.006890058517456055
3700,38,380,0.0059778690338134766
3701,39,380,0.00596308708190918
3702,40,380,0.005493879318237305
3703,41,380,0.005308866500854492
3704,42,380,0.006289243698120117
3705,43,380,0.006372690200805664
3706,44,380,0.0060770511627197266
3707,45,380,0.005455970764160156
3708,46,380,0.0056781768798828125
3709,47,380,0.006034374237060547
3710,48,380,0.005318880081176758
3711,49,380,0.0046579837799072266
3712,50,380,0.005775928497314453
3713,51,380,0.005724906921386719
3714,52,380,0.00728607177734375
3715,53,380,0.0046079158782958984
3716,54,380,0.005059242248535156
3717,55,380,0.0055179595947265625
3718,56,380,0.00466465950012207
3719,57,380,0.004387855529785156
3720,58,380,0.005421161651611328
3721,59,380,0.004194021224975586
3722,60,380,0.004155158996582031
3723,61,380,0.004090070724487305
3724,62,380,0.004068851470947266
3725,63,380,0.0051250457763671875
3726,64,380,0.003968000411987305
3727,65,380,0.004812002182006836
3728,66,380,0.003924131393432617
3729,67,380,0.005015850067138672
3730,68,380,0.0037622451782226562
3731,69,380,0.004961967468261719
3732,70,380,0.011451959609985352
3733,71,380,0.004986763000488281
3734,72,380,0.003615856170654297
3735,73,380,0.00453495979309082
3736,74,380,0.0036301612854003906
3737,75,380,0.00471186637878418
3738,76,380,0.0038909912109375
3739,77,380,0.004704952239990234
3740,78,380,0.004641056060791016
3741,79,380,0.0034313201904296875
3742,80,380,0.0033791065216064453
3743,81,380,0.0034627914428710938
3744,82,380,0.004441976547241211
3745,83,380,0.004319906234741211
3746,84,380,0.004618167877197266
3747,85,380,0.0045318603515625
3748,86,380,0.003962039947509766
3749,87,380,0.004020214080810547
3750,88,380,0.0044710636138916016
3751,89,380,0.0032770633697509766
3752,90,380,0.0033299922943115234
3753,91,380,0.0035789012908935547
3754,92,380,0.003796815872192383
3755,93,380,0.0032088756561279297
3756,94,380,0.0044269561767578125
3757,95,380,0.0041048526763916016
3758,96,380,0.003854036331176758
3759,97,380,0.004199981689453125
3760,98,380,0.004208087921142578
3761,99,380,0.003441333770751953
3762,1,390,0.04301810264587402
3763,2,390,0.028388023376464844
3764,3,390,0.025893688201904297
3765,4,390,0.023039817810058594
3766,5,390,0.024447917938232422
3767,6,390,0.02062702178955078
3768,7,390,0.01786971092224121
3769,8,390,0.018384218215942383
3770,9,390,0.01675701141357422
3771,10,390,0.016347169876098633
3772,11,390,0.01600790023803711
3773,12,390,0.016283273696899414
3774,13,390,0.013923883438110352
3775,14,390,0.01298213005065918
3776,15,390,0.012068033218383789
3777,16,390,0.012528181076049805
3778,17,390,0.011080265045166016
3779,18,390,0.011992692947387695
3780,19,390,0.011281967163085938
3781,20,390,0.011525869369506836
3782,21,390,0.010603189468383789
3783,22,390,0.009032964706420898
3784,23,390,0.010486125946044922
3785,24,390,0.00983428955078125
3786,25,390,0.008430719375610352
3787,26,390,0.007989883422851562
3788,27,390,0.007885217666625977
3789,28,390,0.008300065994262695
3790,29,390,0.007421970367431641
3791,30,390,0.007865190505981445
3792,31,390,0.00772404670715332
3793,32,390,0.006760835647583008
3794,33,390,0.006787776947021484
3795,34,390,0.007783174514770508
3796,35,390,0.007111072540283203
3797,36,390,0.007403135299682617
3798,37,390,0.006021022796630859
3799,38,390,0.005983114242553711
3800,39,390,0.00658106803894043
3801,40,390,0.005659818649291992
3802,41,390,0.005548715591430664
3803,42,390,0.0053789615631103516
3804,43,390,0.005387067794799805
3805,44,390,0.005207061767578125
3806,45,390,0.006403684616088867
3807,46,390,0.006466865539550781
3808,47,390,0.005103111267089844
3809,48,390,0.004939079284667969
3810,49,390,0.004981040954589844
3811,50,390,0.011485099792480469
3812,51,390,0.005993843078613281
3813,52,390,0.0055522918701171875
3814,53,390,0.005033969879150391
3815,54,390,0.0047206878662109375
3816,55,390,0.004693031311035156
3817,56,390,0.004652976989746094
3818,57,390,0.004461765289306641
3819,58,390,0.005677223205566406
3820,59,390,0.004783153533935547
3821,60,390,0.005713939666748047
3822,61,390,0.004395008087158203
3823,62,390,0.005117177963256836
3824,63,390,0.004378318786621094
3825,64,390,0.004194021224975586
3826,65,390,0.005560636520385742
3827,66,390,0.0054318904876708984
3828,67,390,0.0052678585052490234
3829,68,390,0.003986835479736328
3830,69,390,0.0053539276123046875
3831,70,390,0.004945993423461914
3832,71,390,0.0038950443267822266
3833,72,390,0.00510406494140625
3834,73,390,0.007239818572998047
3835,74,390,0.003895998001098633
3836,75,390,0.0037622451782226562
3837,76,390,0.004955768585205078
3838,77,390,0.0047223567962646484
3839,78,390,0.0037240982055664062
3840,79,390,0.004869937896728516
3841,80,390,0.004764080047607422
3842,81,390,0.004945278167724609
3843,82,390,0.0066449642181396484
3844,83,390,0.003587961196899414
3845,84,390,0.004528045654296875
3846,85,390,0.003519296646118164
3847,86,390,0.004110097885131836
3848,87,390,0.004350900650024414
3849,88,390,0.012443304061889648
3850,89,390,0.003468036651611328
3851,90,390,0.0034041404724121094
3852,91,390,0.003350973129272461
3853,92,390,0.004024028778076172
3854,93,390,0.0033228397369384766
3855,94,390,0.00405573844909668
3856,95,390,0.003371000289916992
3857,96,390,0.00732111930847168
3858,97,390,0.010210037231445312
3859,98,390,0.00423884391784668
3860,99,390,0.003818035125732422
3861,1,400,0.04031515121459961
3862,2,400,0.0299680233001709
3863,3,400,0.02318263053894043
3864,4,400,0.02560901641845703
3865,5,400,0.022101879119873047
3866,6,400,0.02014899253845215
3867,7,400,0.01839900016784668
3868,8,400,0.018857955932617188
3869,9,400,0.017984867095947266
3870,10,400,0.01739501953125
3871,11,400,0.01585102081298828
3872,12,400,0.014851093292236328
3873,13,400,0.014677047729492188
3874,14,400,0.015217065811157227
3875,15,400,0.015112161636352539
3876,16,400,0.013335943222045898
3877,17,400,0.01262807846069336
3878,18,400,0.012300968170166016
3879,19,400,0.011913061141967773
3880,20,400,0.010514974594116211
3881,21,400,0.01071786880493164
3882,22,400,0.010570049285888672
3883,23,400,0.009109973907470703
3884,24,400,0.011584997177124023
3885,25,400,0.009268999099731445
3886,26,400,0.009241104125976562
3887,27,400,0.008739948272705078
3888,28,400,0.008043050765991211
3889,29,400,0.00790095329284668
3890,30,400,0.01012420654296875
3891,31,400,0.00909280776977539
3892,32,400,0.008632183074951172
3893,33,400,0.0071718692779541016
3894,34,400,0.006951093673706055
3895,35,400,0.007298946380615234
3896,36,400,0.006588935852050781
3897,37,400,0.006554126739501953
3898,38,400,0.011661052703857422
3899,39,400,0.011571884155273438
3900,40,400,0.005988121032714844
3901,41,400,0.007279157638549805
3902,42,400,0.006125211715698242
3903,43,400,0.00638890266418457
3904,44,400,0.0064411163330078125
3905,45,400,0.005483150482177734
3906,46,400,0.005365848541259766
3907,47,400,0.0061321258544921875
3908,48,400,0.005204916000366211
3909,49,400,0.005474090576171875
3910,50,400,0.006255149841308594
3911,51,400,0.005011796951293945
3912,52,400,0.006192922592163086
3913,53,400,0.005645036697387695
3914,54,400,0.005179166793823242
3915,55,400,0.0062961578369140625
3916,56,400,0.0047609806060791016
3917,57,400,0.004764080047607422
3918,58,400,0.005344867706298828
3919,59,400,0.0057048797607421875
3920,60,400,0.0059261322021484375
3921,61,400,0.005305051803588867
3922,62,400,0.0049457550048828125
3923,63,400,0.004430055618286133
3924,64,400,0.005192279815673828
3925,65,400,0.0054967403411865234
3926,66,400,0.0058879852294921875
3927,67,400,0.0043447017669677734
3928,68,400,0.0044667720794677734
3929,69,400,0.005403995513916016
3930,70,400,0.011609077453613281
3931,71,400,0.005719184875488281
3932,72,400,0.0041310787200927734
3933,73,400,0.004930734634399414
3934,74,400,0.006481170654296875
3935,75,400,0.004080057144165039
3936,76,400,0.003906726837158203
3937,77,400,0.0046198368072509766
3938,78,400,0.005241870880126953
3939,79,400,0.003778219223022461
3940,80,400,0.0055255889892578125
3941,81,400,0.005316019058227539
3942,82,400,0.004561901092529297
3943,83,400,0.004663944244384766
3944,84,400,0.003660917282104492
3945,85,400,0.004668235778808594
3946,86,400,0.005053997039794922
3947,87,400,0.012320995330810547
3948,88,400,0.004664182662963867
3949,89,400,0.0047109127044677734
3950,90,400,0.003625154495239258
3951,91,400,0.003885984420776367
3952,92,400,0.004213094711303711
3953,93,400,0.004474163055419922
3954,94,400,0.0046939849853515625
3955,95,400,0.003921031951904297
3956,96,400,0.003542661666870117
3957,97,400,0.004367828369140625
3958,98,400,0.003744840621948242
3959,99,400,0.00590205192565918
3960,1,410,0.03764081001281738
3961,2,410,0.04746294021606445
3962,3,410,0.031517982482910156
3963,4,410,0.025359153747558594
3964,5,410,0.02104496955871582
3965,6,410,0.023162126541137695
3966,7,410,0.019876718521118164
3967,8,410,0.018805980682373047
3968,9,410,0.0174558162689209
3969,10,410,0.018204927444458008
3970,11,410,0.01910400390625
3971,12,410,0.017377138137817383
3972,13,410,0.01459503173828125
3973,14,410,0.015858173370361328
3974,15,410,0.014165163040161133
3975,16,410,0.013497114181518555
3976,17,410,0.012723922729492188
3977,18,410,0.01226186752319336
3978,19,410,0.02170395851135254
3979,20,410,0.012972831726074219
3980,21,410,0.012033939361572266
3981,22,410,0.011770009994506836
3982,23,410,0.009689092636108398
3983,24,410,0.009327173233032227
3984,25,410,0.010285139083862305
3985,26,410,0.011679887771606445
3986,27,410,0.00962519645690918
3987,28,410,0.009638071060180664
3988,29,410,0.008090019226074219
3989,30,410,0.009150981903076172
3990,31,410,0.008865118026733398
3991,32,410,0.008366107940673828
3992,33,410,0.008707046508789062
3993,34,410,0.00842595100402832
3994,35,410,0.008848905563354492
3995,36,410,0.008025169372558594
3996,37,410,0.007603168487548828
3997,38,410,0.006476163864135742
3998,39,410,0.007118701934814453
3999,40,410,0.010433197021484375
4000,41,410,0.0069980621337890625
4001,42,410,0.006700992584228516
4002,43,410,0.012455224990844727
4003,44,410,0.007431983947753906
4004,45,410,0.005903005599975586
4005,46,410,0.005834102630615234
4006,47,410,0.006467103958129883
4007,48,410,0.005465984344482422
4008,49,410,0.011656761169433594
4009,50,410,0.00632476806640625
4010,51,410,0.005228996276855469
4011,52,410,0.00623321533203125
4012,53,410,0.006506919860839844
4013,54,410,0.006430149078369141
4014,55,410,0.0065348148345947266
4015,56,410,0.005894899368286133
4016,57,410,0.005125761032104492
4017,58,410,0.005266904830932617
4018,59,410,0.006104946136474609
4019,60,410,0.004776954650878906
4020,61,410,0.0047152042388916016
4021,62,410,0.006308317184448242
4022,63,410,0.005430936813354492
4023,64,410,0.005991935729980469
4024,65,410,0.004518747329711914
4025,66,410,0.005001068115234375
4026,67,410,0.004590272903442383
4027,68,410,0.005252838134765625
4028,69,410,0.004357099533081055
4029,70,410,0.00435185432434082
4030,71,410,0.004228115081787109
4031,72,410,0.005221128463745117
4032,73,410,0.005464792251586914
4033,74,410,0.0042340755462646484
4034,75,410,0.0040738582611083984
4035,76,410,0.0049343109130859375
4036,77,410,0.00452423095703125
4037,78,410,0.005070686340332031
4038,79,410,0.00533294677734375
4039,80,410,0.00396275520324707
4040,81,410,0.004784822463989258
4041,82,410,0.004945993423461914
4042,83,410,0.005058765411376953
4043,84,410,0.00452423095703125
4044,85,410,0.004622936248779297
4045,86,410,0.0039048194885253906
4046,87,410,0.0038352012634277344
4047,88,410,0.004593849182128906
4048,89,410,0.0037369728088378906
4049,90,410,0.003772258758544922
4050,91,410,0.0043027400970458984
4051,92,410,0.0037441253662109375
4052,93,410,0.004527091979980469
4053,94,410,0.0051119327545166016
4054,95,410,0.004555940628051758
4055,96,410,0.00441288948059082
4056,97,410,0.003907680511474609
4057,98,410,0.0035581588745117188
4058,99,410,0.003596067428588867
4059,1,420,0.03747677803039551
4060,2,420,0.031015872955322266
4061,3,420,0.02688002586364746
4062,4,420,0.02696990966796875
4063,5,420,0.021991968154907227
4064,6,420,0.022579193115234375
4065,7,420,0.019951820373535156
4066,8,420,0.0192110538482666
4067,9,420,0.018855810165405273
4068,10,420,0.017830848693847656
4069,11,420,0.018503189086914062
4070,12,420,0.015953779220581055
4071,13,420,0.015336036682128906
4072,14,420,0.01477193832397461
4073,15,420,0.015058040618896484
4074,16,420,0.013044118881225586
4075,17,420,0.013499975204467773
4076,18,420,0.01238393783569336
4077,19,420,0.012954950332641602
4078,20,420,0.012682914733886719
4079,21,420,0.01226496696472168
4080,22,420,0.011909008026123047
4081,23,420,0.011509895324707031
4082,24,420,0.010597944259643555
4083,25,420,0.01024627685546875
4084,26,420,0.009912967681884766
4085,27,420,0.010214090347290039
4086,28,420,0.010358095169067383
4087,29,420,0.010217905044555664
4088,30,420,0.009382963180541992
4089,31,420,0.008077144622802734
4090,32,420,0.007841110229492188
4091,33,420,0.009155035018920898
4092,34,420,0.008356094360351562
4093,35,420,0.007187843322753906
4094,36,420,0.007187843322753906
4095,37,420,0.00794076919555664
4096,38,420,0.00678706169128418
4097,39,420,0.006688117980957031
4098,40,420,0.008079767227172852
4099,41,420,0.007981061935424805
4100,42,420,0.006291866302490234
4101,43,420,0.007400989532470703
4102,44,420,0.011719226837158203
4103,45,420,0.006245851516723633
4104,46,420,0.006844282150268555
4105,47,420,0.00595402717590332
4106,48,420,0.00573420524597168
4107,49,420,0.005802154541015625
4108,50,420,0.007271766662597656
4109,51,420,0.0063478946685791016
4110,52,420,0.005474090576171875
4111,53,420,0.005457162857055664
4112,54,420,0.005398988723754883
4113,55,420,0.005825996398925781
4114,56,420,0.006304025650024414
4115,57,420,0.006145954132080078
4116,58,420,0.006185293197631836
4117,59,420,0.006413936614990234
4118,60,420,0.004930257797241211
4119,61,420,0.006505250930786133
4120,62,420,0.011698722839355469
4121,63,420,0.0048160552978515625
4122,64,420,0.0047419071197509766
4123,65,420,0.004717111587524414
4124,66,420,0.0058917999267578125
4125,67,420,0.004629850387573242
4126,68,420,0.004561901092529297
4127,69,420,0.0053479671478271484
4128,70,420,0.004529237747192383
4129,71,420,0.004537105560302734
4130,72,420,0.0043790340423583984
4131,73,420,0.004611968994140625
4132,74,420,0.004499912261962891
4133,75,420,0.0042819976806640625
4134,76,420,0.0056400299072265625
4135,77,420,0.004277944564819336
4136,78,420,0.004189014434814453
4137,79,420,0.004351139068603516
4138,80,420,0.009090900421142578
4139,81,420,0.004878044128417969
4140,82,420,0.004189968109130859
4141,83,420,0.005363941192626953
4142,84,420,0.005110025405883789
4143,85,420,0.0040509700775146484
4144,86,420,0.004918098449707031
4145,87,420,0.004029989242553711
4146,88,420,0.004956960678100586
4147,89,420,0.0047757625579833984
4148,90,420,0.004509925842285156
4149,91,420,0.005421876907348633
4150,92,420,0.003838062286376953
4151,93,420,0.0046961307525634766
4152,94,420,0.004951000213623047
4153,95,420,0.004703998565673828
4154,96,420,0.003805875778198242
4155,97,420,0.011012792587280273
4156,98,420,0.003755807876586914
4157,99,420,0.003760814666748047
4158,1,430,0.040529727935791016
4159,2,430,0.03390216827392578
4160,3,430,0.02543020248413086
4161,4,430,0.0261538028717041
4162,5,430,0.02749800682067871
4163,6,430,0.021552085876464844
4164,7,430,0.021722078323364258
4165,8,430,0.020794153213500977
4166,9,430,0.01927328109741211
4167,10,430,0.018852710723876953
4168,11,430,0.018004894256591797
4169,12,430,0.01824212074279785
4170,13,430,0.017228126525878906
4171,14,430,0.015414714813232422
4172,15,430,0.014612913131713867
4173,16,430,0.014429807662963867
4174,17,430,0.013811826705932617
4175,18,430,0.014952898025512695
4176,19,430,0.013592004776000977
4177,20,430,0.013443946838378906
4178,21,430,0.01337289810180664
4179,22,430,0.012651920318603516
4180,23,430,0.012323141098022461
4181,24,430,0.012063980102539062
4182,25,430,0.011453866958618164
4183,26,430,0.009968996047973633
4184,27,430,0.010498046875
4185,28,430,0.010714054107666016
4186,29,430,0.009827136993408203
4187,30,430,0.010111808776855469
4188,31,430,0.009955167770385742
4189,32,430,0.009214162826538086
4190,33,430,0.008787870407104492
4191,34,430,0.009345054626464844
4192,35,430,0.009346961975097656
4193,36,430,0.008186101913452148
4194,37,430,0.0077381134033203125
4195,38,430,0.007645845413208008
4196,39,430,0.008102178573608398
4197,40,430,0.0074422359466552734
4198,41,430,0.00699305534362793
4199,42,430,0.011821985244750977
4200,43,430,0.011807918548583984
4201,44,430,0.00747990608215332
4202,45,430,0.008456945419311523
4203,46,430,0.007183074951171875
4204,47,430,0.007121086120605469
4205,48,430,0.006251096725463867
4206,49,430,0.006017208099365234
4207,50,430,0.005864381790161133
4208,51,430,0.0075609683990478516
4209,52,430,0.005850791931152344
4210,53,430,0.0058460235595703125
4211,54,430,0.0118408203125
4212,55,430,0.005357265472412109
4213,56,430,0.007097959518432617
4214,57,430,0.0057752132415771484
4215,58,430,0.006743907928466797
4216,59,430,0.008455276489257812
4217,60,430,0.0064449310302734375
4218,61,430,0.0063893795013427734
4219,62,430,0.005242109298706055
4220,63,430,0.005123138427734375
4221,64,430,0.0065610408782958984
4222,65,430,0.0056340694427490234
4223,66,430,0.005049943923950195
4224,67,430,0.009003162384033203
4225,68,430,0.004827976226806641
4226,69,430,0.004827976226806641
4227,70,430,0.005551815032958984
4228,71,430,0.006357908248901367
4229,72,430,0.011249065399169922
4230,73,430,0.006109952926635742
4231,74,430,0.006565093994140625
4232,75,430,0.006139039993286133
4233,76,430,0.005365848541259766
4234,77,430,0.005239963531494141
4235,78,430,0.005758047103881836
4236,79,430,0.007332801818847656
4237,80,430,0.0047969818115234375
4238,81,430,0.004377126693725586
4239,82,430,0.004385948181152344
4240,83,430,0.005155086517333984
4241,84,430,0.0043239593505859375
4242,85,430,0.004194736480712891
4243,86,430,0.0042231082916259766
4244,87,430,0.005407094955444336
4245,88,430,0.0056650638580322266
4246,89,430,0.00426793098449707
4247,90,430,0.0041828155517578125
4248,91,430,0.00409388542175293
4249,92,430,0.0040929317474365234
4250,93,430,0.0040700435638427734
4251,94,430,0.003971099853515625
4252,95,430,0.004873037338256836
4253,96,430,0.005290985107421875
4254,97,430,0.004189252853393555
4255,98,430,0.005285024642944336
4256,99,430,0.004035234451293945
4257,1,440,0.04232311248779297
4258,2,440,0.03371906280517578
4259,3,440,0.029764175415039062
4260,4,440,0.029835939407348633
4261,5,440,0.024008989334106445
4262,6,440,0.025238037109375
4263,7,440,0.022471904754638672
4264,8,440,0.021203994750976562
4265,9,440,0.021996736526489258
4266,10,440,0.019243955612182617
4267,11,440,0.018687009811401367
4268,12,440,0.01908111572265625
4269,13,440,0.016764163970947266
4270,14,440,0.01636195182800293
4271,15,440,0.015075922012329102
4272,16,440,0.015716075897216797
4273,17,440,0.013875961303710938
4274,18,440,0.013426065444946289
4275,19,440,0.014577150344848633
4276,20,440,0.013616800308227539
4277,21,440,0.01357579231262207
4278,22,440,0.013274192810058594
4279,23,440,0.010949850082397461
4280,24,440,0.012714147567749023
4281,25,440,0.011317014694213867
4282,26,440,0.010015010833740234
4283,27,440,0.011145830154418945
4284,28,440,0.009682178497314453
4285,29,440,0.010892152786254883
4286,30,440,0.010612010955810547
4287,31,440,0.009123802185058594
4288,32,440,0.010118961334228516
4289,33,440,0.008401870727539062
4290,34,440,0.008174896240234375
4291,35,440,0.007816076278686523
4292,36,440,0.007744789123535156
4293,37,440,0.009133100509643555
4294,38,440,0.007477998733520508
4295,39,440,0.00867009162902832
4296,40,440,0.00716710090637207
4297,41,440,0.008595943450927734
4298,42,440,0.008087873458862305
4299,43,440,0.006927013397216797
4300,44,440,0.007889986038208008
4301,45,440,0.006658077239990234
4302,46,440,0.007267951965332031
4303,47,440,0.006453990936279297
4304,48,440,0.0063250064849853516
4305,49,440,0.007986783981323242
4306,50,440,0.006226062774658203
4307,51,440,0.0061969757080078125
4308,52,440,0.006983757019042969
4309,53,440,0.005987882614135742
4310,54,440,0.006968021392822266
4311,55,440,0.006936073303222656
4312,56,440,0.005700111389160156
4313,57,440,0.006610870361328125
4314,58,440,0.0068738460540771484
4315,59,440,0.005486965179443359
4316,60,440,0.006325960159301758
4317,61,440,0.006634950637817383
4318,62,440,0.006504058837890625
4319,63,440,0.006305217742919922
4320,64,440,0.00639796257019043
4321,65,440,0.005403995513916016
4322,66,440,0.005148172378540039
4323,67,440,0.008859872817993164
4324,68,440,0.006604194641113281
4325,69,440,0.0065119266510009766
4326,70,440,0.004917144775390625
4327,71,440,0.0059680938720703125
4328,72,440,0.006494998931884766
4329,73,440,0.0063898563385009766
4330,74,440,0.005552053451538086
4331,75,440,0.006317138671875
4332,76,440,0.005970001220703125
4333,77,440,0.01177072525024414
4334,78,440,0.0045430660247802734
4335,79,440,0.0048639774322509766
4336,80,440,0.005983829498291016
4337,81,440,0.006203174591064453
4338,82,440,0.0047359466552734375
4339,83,440,0.004606962203979492
4340,84,440,0.0047419071197509766
4341,85,440,0.005236148834228516
4342,86,440,0.005049943923950195
4343,87,440,0.0043487548828125
4344,88,440,0.005588054656982422
4345,89,440,0.004481077194213867
4346,90,440,0.004470109939575195
4347,91,440,0.005583047866821289
4348,92,440,0.00498199462890625
4349,93,440,0.005239009857177734
4350,94,440,0.004284858703613281
4351,95,440,0.004249095916748047
4352,96,440,0.00467991828918457
4353,97,440,0.004991769790649414
4354,98,440,0.004893064498901367
4355,99,440,0.0050470829010009766
4356,1,450,0.04519510269165039
4357,2,450,0.03252601623535156
4358,3,450,0.02730584144592285
4359,4,450,0.029162168502807617
4360,5,450,0.025198698043823242
4361,6,450,0.02560591697692871
4362,7,450,0.02473902702331543
4363,8,450,0.023382902145385742
4364,9,450,0.021055936813354492
4365,10,450,0.02005600929260254
4366,11,450,0.020693063735961914
4367,12,450,0.0188751220703125
4368,13,450,0.018722057342529297
4369,14,450,0.01642918586730957
4370,15,450,0.015604972839355469
4371,16,450,0.015849828720092773
4372,17,450,0.014657974243164062
4373,18,450,0.015793323516845703
4374,19,450,0.015381574630737305
4375,20,450,0.01328420639038086
4376,21,450,0.014281034469604492
4377,22,450,0.014139890670776367
4378,23,450,0.011687040328979492
4379,24,450,0.012737035751342773
4380,25,450,0.010853290557861328
4381,26,450,0.012063026428222656
4382,27,450,0.012148857116699219
4383,28,450,0.010986089706420898
4384,29,450,0.01132822036743164
4385,30,450,0.00925898551940918
4386,31,450,0.009170055389404297
4387,32,450,0.009006261825561523
4388,33,450,0.01027989387512207
4389,34,450,0.008624076843261719
4390,35,450,0.008278608322143555
4391,36,450,0.009430885314941406
4392,37,450,0.009582042694091797
4393,38,450,0.007723808288574219
4394,39,450,0.007800102233886719
4395,40,450,0.008432865142822266
4396,41,450,0.008379697799682617
4397,42,450,0.00738215446472168
4398,43,450,0.007125139236450195
4399,44,450,0.00877690315246582
4400,45,450,0.006875276565551758
4401,46,450,0.006722211837768555
4402,47,450,0.00757908821105957
4403,48,450,0.00757288932800293
4404,49,450,0.0066759586334228516
4405,50,450,0.008177042007446289
4406,51,450,0.0065343379974365234
4407,52,450,0.007321834564208984
4408,53,450,0.007248878479003906
4409,54,450,0.006470918655395508
4410,55,450,0.007455110549926758
4411,56,450,0.006075143814086914
4412,57,450,0.007288217544555664
4413,58,450,0.007828950881958008
4414,59,450,0.006554126739501953
4415,60,450,0.006381034851074219
4416,61,450,0.007752895355224609
4417,62,450,0.006501197814941406
4418,63,450,0.006742000579833984
4419,64,450,0.005918025970458984
4420,65,450,0.005522966384887695
4421,66,450,0.006844282150268555
4422,67,450,0.0054547786712646484
4423,68,450,0.005934000015258789
4424,69,450,0.0071451663970947266
4425,70,450,0.0060672760009765625
4426,71,450,0.0062329769134521484
4427,72,450,0.005312919616699219
4428,73,450,0.006223201751708984
4429,74,450,0.006639242172241211
4430,75,450,0.0051882266998291016
4431,76,450,0.004935264587402344
4432,77,450,0.005913734436035156
4433,78,450,0.006067991256713867
4434,79,450,0.005917787551879883
4435,80,450,0.005017757415771484
4436,81,450,0.0055391788482666016
4437,82,450,0.0057179927825927734
4438,83,450,0.0046579837799072266
4439,84,450,0.005730867385864258
4440,85,450,0.00527501106262207
4441,86,450,0.004637956619262695
4442,87,450,0.004495143890380859
4443,88,450,0.0055179595947265625
4444,89,450,0.005438089370727539
4445,90,450,0.004538059234619141
4446,91,450,0.005266904830932617
4447,92,450,0.005172014236450195
4448,93,450,0.004369020462036133
4449,94,450,0.005698204040527344
4450,95,450,0.005388021469116211
4451,96,450,0.0046579837799072266
4452,97,450,0.00494384765625
4453,98,450,0.004889965057373047
4454,99,450,0.005010843276977539
4455,1,460,0.05023002624511719
4456,2,460,0.03635883331298828
4457,3,460,0.03368401527404785
4458,4,460,0.028159141540527344
4459,5,460,0.026966094970703125
4460,6,460,0.02888178825378418
4461,7,460,0.025410175323486328
4462,8,460,0.023607969284057617
4463,9,460,0.021855831146240234
4464,10,460,0.02173304557800293
4465,11,460,0.021329879760742188
4466,12,460,0.019293785095214844
4467,13,460,0.02085709571838379
4468,14,460,0.019395112991333008
4469,15,460,0.017706871032714844
4470,16,460,0.01733112335205078
4471,17,460,0.015709877014160156
4472,18,460,0.014715194702148438
4473,19,460,0.015352249145507812
4474,20,460,0.013921976089477539
4475,21,460,0.014266014099121094
4476,22,460,0.012857198715209961
4477,23,460,0.012048721313476562
4478,24,460,0.011726140975952148
4479,25,460,0.011385917663574219
4480,26,460,0.01255488395690918
4481,27,460,0.010710000991821289
4482,28,460,0.010222673416137695
4483,29,460,0.010180234909057617
4484,30,460,0.009753227233886719
4485,31,460,0.010630130767822266
4486,32,460,0.01100015640258789
4487,33,460,0.009138107299804688
4488,34,460,0.010525226593017578
4489,35,460,0.008765935897827148
4490,36,460,0.01039576530456543
4491,37,460,0.009505033493041992
4492,38,460,0.008156061172485352
4493,39,460,0.009066104888916016
4494,40,460,0.009430885314941406
4495,41,460,0.009467124938964844
4496,42,460,0.008584022521972656
4497,43,460,0.008550882339477539
4498,44,460,0.008449077606201172
4499,45,460,0.0074350833892822266
4500,46,460,0.008269071578979492
4501,47,460,0.0070078372955322266
4502,48,460,0.0069370269775390625
4503,49,460,0.006799221038818359
4504,50,460,0.0067708492279052734
4505,51,460,0.007664203643798828
4506,52,460,0.006474971771240234
4507,53,460,0.007470846176147461
4508,54,460,0.00811910629272461
4509,55,460,0.008095979690551758
4510,56,460,0.007194995880126953
4511,57,460,0.0076596736907958984
4512,58,460,0.00793004035949707
4513,59,460,0.007030963897705078
4514,60,460,0.006020784378051758
4515,61,460,0.0069849491119384766
4516,62,460,0.007331132888793945
4517,63,460,0.006361961364746094
4518,64,460,0.006872892379760742
4519,65,460,0.0067751407623291016
4520,66,460,0.005774021148681641
4521,67,460,0.0069921016693115234
4522,68,460,0.006948709487915039
4523,69,460,0.0061511993408203125
4524,70,460,0.0054972171783447266
4525,71,460,0.007128238677978516
4526,72,460,0.005415916442871094
4527,73,460,0.0066318511962890625
4528,74,460,0.005755901336669922
4529,75,460,0.006098031997680664
4530,76,460,0.006927967071533203
4531,77,460,0.005513906478881836
4532,78,460,0.005265951156616211
4533,79,460,0.0053288936614990234
4534,80,460,0.0053501129150390625
4535,81,460,0.005236148834228516
4536,82,460,0.005273103713989258
4537,83,460,0.00497889518737793
4538,84,460,0.005391120910644531
4539,85,460,0.005041837692260742
4540,86,460,0.006516933441162109
4541,87,460,0.00496220588684082
4542,88,460,0.0057141780853271484
4543,89,460,0.005605936050415039
4544,90,460,0.004853010177612305
4545,91,460,0.004585981369018555
4546,92,460,0.004773139953613281
4547,93,460,0.0046389102935791016
4548,94,460,0.00498509407043457
4549,95,460,0.005557060241699219
4550,96,460,0.005236387252807617
4551,97,460,0.006391048431396484
4552,98,460,0.004909038543701172
4553,99,460,0.005417823791503906
4554,1,470,0.04822397232055664
4555,2,470,0.039460182189941406
4556,3,470,0.03892993927001953
4557,4,470,0.02971172332763672
4558,5,470,0.027628183364868164
4559,6,470,0.025899887084960938
4560,7,470,0.025995969772338867
4561,8,470,0.024559974670410156
4562,9,470,0.023517847061157227
4563,10,470,0.023419857025146484
4564,11,470,0.022820711135864258
4565,12,470,0.01988077163696289
4566,13,470,0.019490718841552734
4567,14,470,0.018780946731567383
4568,15,470,0.017069101333618164
4569,16,470,0.01627182960510254
4570,17,470,0.017743825912475586
4571,18,470,0.01696300506591797
4572,19,470,0.014581918716430664
4573,20,470,0.01420283317565918
4574,21,470,0.014040231704711914
4575,22,470,0.014183998107910156
4576,23,470,0.013645172119140625
4577,24,470,0.013976812362670898
4578,25,470,0.013734817504882812
4579,26,470,0.011499881744384766
4580,27,470,0.011921167373657227
4581,28,470,0.012370109558105469
4582,29,470,0.01036214828491211
4583,30,470,0.012376070022583008
4584,31,470,0.01104116439819336
4585,32,470,0.00987696647644043
4586,33,470,0.01050114631652832
4587,34,470,0.009081125259399414
4588,35,470,0.010881662368774414
4589,36,470,0.010215997695922852
4590,37,470,0.008836984634399414
4591,38,470,0.009720087051391602
4592,39,470,0.008420705795288086
4593,40,470,0.009395837783813477
4594,41,470,0.008149862289428711
4595,42,470,0.007886171340942383
4596,43,470,0.007793903350830078
4597,44,470,0.007742166519165039
4598,45,470,0.008683919906616211
4599,46,470,0.007479667663574219
4600,47,470,0.007277011871337891
4601,48,470,0.00886082649230957
4602,49,470,0.008059024810791016
4603,50,470,0.008893966674804688
4604,51,470,0.0072519779205322266
4605,52,470,0.008085966110229492
4606,53,470,0.008828878402709961
4607,54,470,0.00775599479675293
4608,55,470,0.006656169891357422
4609,56,470,0.006884098052978516
4610,57,470,0.006587982177734375
4611,58,470,0.008735895156860352
4612,59,470,0.007369041442871094
4613,60,470,0.0064198970794677734
4614,61,470,0.006361961364746094
4615,62,470,0.006353139877319336
4616,63,470,0.007334232330322266
4617,64,470,0.01213693618774414
4618,65,470,0.005914926528930664
4619,66,470,0.006058931350708008
4620,67,470,0.007809162139892578
4621,68,470,0.00721287727355957
4622,69,470,0.006894826889038086
4623,70,470,0.006105899810791016
4624,71,470,0.006630897521972656
4625,72,470,0.0074689388275146484
4626,73,470,0.007302045822143555
4627,74,470,0.011604070663452148
4628,75,470,0.007522106170654297
4629,76,470,0.007048845291137695
4630,77,470,0.00692296028137207
4631,78,470,0.006851911544799805
4632,79,470,0.005361318588256836
4633,80,470,0.006898164749145508
4634,81,470,0.006721019744873047
4635,82,470,0.005082130432128906
4636,83,470,0.0066301822662353516
4637,84,470,0.006511211395263672
4638,85,470,0.006247043609619141
4639,86,470,0.005976676940917969
4640,87,470,0.005003690719604492
4641,88,470,0.005009174346923828
4642,89,470,0.00630497932434082
4643,90,470,0.004889011383056641
4644,91,470,0.004867076873779297
4645,92,470,0.004864931106567383
4646,93,470,0.004703998565673828
4647,94,470,0.004723310470581055
4648,95,470,0.0048220157623291016
4649,96,470,0.00560307502746582
4650,97,470,0.0058062076568603516
4651,98,470,0.005673885345458984
4652,99,470,0.005048036575317383
4653,1,480,0.04982805252075195
4654,2,480,0.04771995544433594
4655,3,480,0.03369498252868652
4656,4,480,0.033638715744018555
4657,5,480,0.028809309005737305
4658,6,480,0.026388168334960938
4659,7,480,0.026574134826660156
4660,8,480,0.026020050048828125
4661,9,480,0.025238037109375
4662,10,480,0.022881031036376953
4663,11,480,0.023354768753051758
4664,12,480,0.020574331283569336
4665,13,480,0.020219802856445312
4666,14,480,0.01893901824951172
4667,15,480,0.01772284507751465
4668,16,480,0.01800084114074707
4669,17,480,0.016509294509887695
4670,18,480,0.01579904556274414
4671,19,480,0.015449047088623047
4672,20,480,0.01579594612121582
4673,21,480,0.016391992568969727
4674,22,480,0.015834808349609375
4675,23,480,0.013208150863647461
4676,24,480,0.014867067337036133
4677,25,480,0.013298273086547852
4678,26,480,0.011836767196655273
4679,27,480,0.013475894927978516
4680,28,480,0.011242866516113281
4681,29,480,0.011118888854980469
4682,30,480,0.010706901550292969
4683,31,480,0.010406970977783203
4684,32,480,0.010142803192138672
4685,33,480,0.010153055191040039
4686,34,480,0.009850025177001953
4687,35,480,0.010746002197265625
4688,36,480,0.010290145874023438
4689,37,480,0.009132146835327148
4690,38,480,0.009490013122558594
4691,39,480,0.010068893432617188
4692,40,480,0.008617162704467773
4693,41,480,0.00853419303894043
4694,42,480,0.009750127792358398
4695,43,480,0.008558273315429688
4696,44,480,0.008038997650146484
4697,45,480,0.009279966354370117
4698,46,480,0.008529901504516602
4699,47,480,0.007718324661254883
4700,48,480,0.009717941284179688
4701,49,480,0.00860285758972168
4702,50,480,0.007441043853759766
4703,51,480,0.007069110870361328
4704,52,480,0.009109973907470703
4705,53,480,0.007084846496582031
4706,54,480,0.00852513313293457
4707,55,480,0.008983135223388672
4708,56,480,0.0067560672760009766
4709,57,480,0.008638143539428711
4710,58,480,0.008794069290161133
4711,59,480,0.0065610408782958984
4712,60,480,0.0063419342041015625
4713,61,480,0.00632929801940918
4714,62,480,0.006224155426025391
4715,63,480,0.006192207336425781
4716,64,480,0.00774693489074707
4717,65,480,0.007657051086425781
4718,66,480,0.007794857025146484
4719,67,480,0.006944894790649414
4720,68,480,0.007060050964355469
4721,69,480,0.007258176803588867
4722,70,480,0.0059320926666259766
4723,71,480,0.007085084915161133
4724,72,480,0.007410287857055664
4725,73,480,0.007040977478027344
4726,74,480,0.005944967269897461
4727,75,480,0.007720232009887695
4728,76,480,0.007166147232055664
4729,77,480,0.0056400299072265625
4730,78,480,0.01209712028503418
4731,79,480,0.006888151168823242
4732,80,480,0.007263898849487305
4733,81,480,0.0065381526947021484
4734,82,480,0.006712675094604492
4735,83,480,0.005234956741333008
4736,84,480,0.005239009857177734
4737,85,480,0.006845951080322266
4738,86,480,0.005217075347900391
4739,87,480,0.005145072937011719
4740,88,480,0.005331993103027344
4741,89,480,0.0053293704986572266
4742,90,480,0.005172014236450195
4743,91,480,0.005743265151977539
4744,92,480,0.005650997161865234
4745,93,480,0.005665779113769531
4746,94,480,0.0048902034759521484
4747,95,480,0.004815101623535156
4748,96,480,0.0058939456939697266
4749,97,480,0.0055391788482666016
4750,98,480,0.004824161529541016
4751,99,480,0.0047607421875
4752,1,490,0.04597592353820801
4753,2,490,0.03441119194030762
4754,3,490,0.034084320068359375
4755,4,490,0.032015085220336914
4756,5,490,0.029726028442382812
4757,6,490,0.02973318099975586
4758,7,490,0.02750110626220703
4759,8,490,0.026591062545776367
4760,9,490,0.026726961135864258
4761,10,490,0.025199174880981445
4762,11,490,0.023103952407836914
4763,12,490,0.022781848907470703
4764,13,490,0.02150106430053711
4765,14,490,0.020097017288208008
4766,15,490,0.019890785217285156
4767,16,490,0.020082950592041016
4768,17,490,0.017493009567260742
4769,18,490,0.017878055572509766
4770,19,490,0.01590704917907715
4771,20,490,0.01640605926513672
4772,21,490,0.01552581787109375
4773,22,490,0.01677083969116211
4774,23,490,0.01578497886657715
4775,24,490,0.015187978744506836
4776,25,490,0.013598918914794922
4777,26,490,0.013298988342285156
4778,27,490,0.013133049011230469
4779,28,490,0.011837959289550781
4780,29,490,0.013662099838256836
4781,30,490,0.011145830154418945
4782,31,490,0.010900020599365234
4783,32,490,0.011336088180541992
4784,33,490,0.011273860931396484
4785,34,490,0.010094881057739258
4786,35,490,0.011979103088378906
4787,36,490,0.011198997497558594
4788,37,490,0.011517047882080078
4789,38,490,0.0093231201171875
4790,39,490,0.009263038635253906
4791,40,490,0.008996009826660156
4792,41,490,0.010197877883911133
4793,42,490,0.01098012924194336
4794,43,490,0.008502006530761719
4795,44,490,0.010223150253295898
4796,45,490,0.008307933807373047
4797,46,490,0.009943246841430664
4798,47,490,0.00802302360534668
4799,48,490,0.007898092269897461
4800,49,490,0.008219242095947266
4801,50,490,0.008754968643188477
4802,51,490,0.009085893630981445
4803,52,490,0.01110076904296875
4804,53,490,0.009567022323608398
4805,54,490,0.009516716003417969
4806,55,490,0.013444185256958008
4807,56,490,0.007967948913574219
4808,57,490,0.008114814758300781
4809,58,490,0.008410930633544922
4810,59,490,0.006986856460571289
4811,60,490,0.0071871280670166016
4812,61,490,0.008486747741699219
4813,62,490,0.006520986557006836
4814,63,490,0.008916378021240234
4815,64,490,0.006556272506713867
4816,65,490,0.006470918655395508
4817,66,490,0.006582736968994141
4818,67,490,0.006391763687133789
4819,68,490,0.0065691471099853516
4820,69,490,0.006715297698974609
4821,70,490,0.007189035415649414
4822,71,490,0.006127834320068359
4823,72,490,0.006067991256713867
4824,73,490,0.0061359405517578125
4825,74,490,0.0060770511627197266
4826,75,490,0.008201122283935547
4827,76,490,0.00626683235168457
4828,77,490,0.007947921752929688
4829,78,490,0.00574493408203125
4830,79,490,0.00803685188293457
4831,80,490,0.005822896957397461
4832,81,490,0.005817890167236328
4833,82,490,0.006868124008178711
4834,83,490,0.0059680938720703125
4835,84,490,0.005682945251464844
4836,85,490,0.007517099380493164
4837,86,490,0.0064618587493896484
4838,87,490,0.007148027420043945
4839,88,490,0.005866050720214844
4840,89,490,0.0055789947509765625
4841,90,490,0.006748199462890625
4842,91,490,0.006555080413818359
4843,92,490,0.005260944366455078
4844,93,490,0.005167961120605469
4845,94,490,0.005566120147705078
4846,95,490,0.0063838958740234375
4847,96,490,0.005282878875732422
4848,97,490,0.005349874496459961
4849,98,490,0.005286216735839844
4850,99,490,0.005393266677856445
