,l_xy,n_pts,time
0,1,10,460.62896728515625
1,2,10,0.14131200313568115
2,3,10,0.12185599654912949
3,4,10,0.11673600226640701
4,5,10,0.11161600053310394
5,6,10,0.11161600053310394
6,7,10,0.11468800157308578
7,8,10,0.1157120019197464
8,9,10,0.10649599879980087
9,10,10,0.10342399775981903
10,11,10,0.10342399775981903
11,12,10,0.11161600053310394
12,13,10,0.10444799810647964
13,14,10,0.10444799810647964
14,15,10,0.10547199845314026
15,16,10,0.10547199845314026
16,17,10,0.10547199845314026
17,18,10,0.10649599879980087
18,19,10,0.10649599879980087
19,20,10,0.10547199845314026
20,21,10,0.10649599879980087
21,22,10,0.10239999741315842
22,23,10,0.11161600053310394
23,24,10,0.1085439994931221
24,25,10,0.10751999914646149
25,26,10,0.14233599603176117
26,27,10,0.10649599879980087
27,28,10,0.10547199845314026
28,29,10,0.10444799810647964
29,30,10,0.10547199845314026
30,31,10,0.10547199845314026
31,32,10,0.10547199845314026
32,33,10,0.10342399775981903
33,34,10,0.11161600053310394
34,35,10,0.10751999914646149
35,36,10,0.10444799810647964
36,37,10,0.10239999741315842
37,38,10,0.10342399775981903
38,39,10,0.10444799810647964
39,40,10,0.10547199845314026
40,41,10,0.10444799810647964
41,42,10,0.10547199845314026
42,43,10,0.10342399775981903
43,44,10,0.10444799810647964
44,45,10,0.11161600053310394
45,46,10,0.10649599879980087
46,47,10,0.10649599879980087
47,48,10,0.10444799810647964
48,49,10,0.10547199845314026
49,50,10,0.10342399775981903
50,51,10,0.10547199845314026
51,52,10,0.10342399775981903
52,53,10,0.10444799810647964
53,54,10,0.10444799810647964
54,55,10,0.10547199845314026
55,56,10,0.11059200018644333
56,57,10,0.10649599879980087
57,58,10,0.10342399775981903
58,59,10,0.10649599879980087
59,60,10,0.10751999914646149
60,61,10,0.10547199845314026
61,62,10,0.10444799810647964
62,63,10,0.10342399775981903
63,64,10,0.10547199845314026
64,65,10,0.10649599879980087
65,66,10,0.10444799810647964
66,67,10,0.11161600053310394
67,68,10,0.10649599879980087
68,69,10,0.10547199845314026
69,70,10,0.10342399775981903
70,71,10,0.13926400244235992
71,72,10,0.10547199845314026
72,73,10,0.10444799810647964
73,74,10,0.10649599879980087
74,75,10,0.10649599879980087
75,76,10,0.10444799810647964
76,77,10,0.10342399775981903
77,78,10,0.10956799983978271
78,79,10,0.10444799810647964
79,80,10,0.10444799810647964
80,81,10,0.10649599879980087
81,82,10,0.10342399775981903
82,83,10,0.10342399775981903
83,84,10,0.10547199845314026
84,85,10,0.10342399775981903
85,86,10,0.10444799810647964
86,87,10,0.10444799810647964
87,88,10,0.10547199845314026
88,89,10,0.11059200018644333
89,90,10,0.10649599879980087
90,91,10,0.10547199845314026
91,92,10,0.10444799810647964
92,93,10,0.10751999914646149
93,94,10,0.10547199845314026
94,95,10,0.10751999914646149
95,96,10,0.10444799810647964
96,97,10,0.10547199845314026
97,98,10,0.10547199845314026
98,99,10,0.10547199845314026
99,1,20,0.24368000030517578
100,2,20,0.10547199845314026
101,3,20,0.10547199845314026
102,4,20,0.10444799810647964
103,5,20,0.10547199845314026
104,6,20,0.10547199845314026
105,7,20,0.10444799810647964
106,8,20,0.10239999741315842
107,9,20,0.10342399775981903
108,10,20,0.10342399775981903
109,11,20,0.10547199845314026
110,12,20,0.10956799983978271
111,13,20,0.10444799810647964
112,14,20,0.10547199845314026
113,15,20,0.10649599879980087
114,16,20,0.14643199741840363
115,17,20,0.1085439994931221
116,18,20,0.10547199845314026
117,19,20,0.10547199845314026
118,20,20,0.10649599879980087
119,21,20,0.10444799810647964
120,22,20,0.10342399775981903
121,23,20,0.11264000087976456
122,24,20,0.10751999914646149
123,25,20,0.10342399775981903
124,26,20,0.10342399775981903
125,27,20,0.10547199845314026
126,28,20,0.10649599879980087
127,29,20,0.1085439994931221
128,30,20,0.10547199845314026
129,31,20,0.10342399775981903
130,32,20,0.10444799810647964
131,33,20,0.10342399775981903
132,34,20,0.11059200018644333
133,35,20,0.10444799810647964
134,36,20,0.10342399775981903
135,37,20,0.10547199845314026
136,38,20,0.10444799810647964
137,39,20,0.10444799810647964
138,40,20,0.10547199845314026
139,41,20,0.10547199845314026
140,42,20,0.10444799810647964
141,43,20,0.10444799810647964
142,44,20,0.10547199845314026
143,45,20,0.11161600053310394
144,46,20,0.10751999914646149
145,47,20,0.10444799810647964
146,48,20,0.10547199845314026
147,49,20,0.10444799810647964
148,50,20,0.10342399775981903
149,51,20,0.10547199845314026
150,52,20,0.10342399775981903
151,53,20,0.10239999741315842
152,54,20,0.10751999914646149
153,55,20,0.10342399775981903
154,56,20,0.11264000087976456
155,57,20,0.10751999914646149
156,58,20,0.10444799810647964
157,59,20,0.10342399775981903
158,60,20,0.10649599879980087
159,61,20,0.10342399775981903
160,62,20,0.10444799810647964
161,63,20,0.10547199845314026
162,64,20,0.10444799810647964
163,65,20,0.10342399775981903
164,66,20,0.10444799810647964
165,67,20,0.11059200018644333
166,68,20,0.10649599879980087
167,69,20,0.10547199845314026
168,70,20,0.1085439994931221
169,71,20,0.10444799810647964
170,72,20,0.10444799810647964
171,73,20,0.10444799810647964
172,74,20,0.10444799810647964
173,75,20,0.10547199845314026
174,76,20,0.10342399775981903
175,77,20,0.10547199845314026
176,78,20,0.11059200018644333
177,79,20,0.10649599879980087
178,80,20,0.10547199845314026
179,81,20,0.10444799810647964
180,82,20,0.10649599879980087
181,83,20,0.10444799810647964
182,84,20,0.10444799810647964
183,85,20,0.10444799810647964
184,86,20,0.10649599879980087
185,87,20,0.10444799810647964
186,88,20,0.10547199845314026
187,89,20,0.10956799983978271
188,90,20,0.10751999914646149
189,91,20,0.10547199845314026
190,92,20,0.10547199845314026
191,93,20,0.10444799810647964
192,94,20,0.10649599879980087
193,95,20,0.10547199845314026
194,96,20,0.10547199845314026
195,97,20,0.10547199845314026
196,98,20,0.10342399775981903
197,99,20,0.11776000261306763
198,1,30,0.11161600053310394
199,2,30,0.10547199845314026
200,3,30,0.10342399775981903
201,4,30,0.10547199845314026
202,5,30,0.10342399775981903
203,6,30,0.10444799810647964
204,7,30,0.10649599879980087
205,8,30,0.10444799810647964
206,9,30,0.10547199845314026
207,10,30,0.10547199845314026
208,11,30,0.10444799810647964
209,12,30,0.10956799983978271
210,13,30,0.10649599879980087
211,14,30,0.1157120019197464
212,15,30,0.10444799810647964
213,16,30,0.10444799810647964
214,17,30,0.10444799810647964
215,18,30,0.10547199845314026
216,19,30,0.10444799810647964
217,20,30,0.10342399775981903
218,21,30,0.10444799810647964
219,22,30,0.10444799810647964
220,23,30,0.10956799983978271
221,24,30,0.10649599879980087
222,25,30,0.10547199845314026
223,26,30,0.10444799810647964
224,27,30,0.10444799810647964
225,28,30,0.10547199845314026
226,29,30,0.10444799810647964
227,30,30,0.10547199845314026
228,31,30,0.10239999741315842
229,32,30,0.10547199845314026
230,33,30,0.10342399775981903
231,34,30,0.11161600053310394
232,35,30,0.10649599879980087
233,36,30,0.10547199845314026
234,37,30,0.10444799810647964
235,38,30,0.10342399775981903
236,39,30,0.10956799983978271
237,40,30,0.1085439994931221
238,41,30,0.1085439994931221
239,42,30,0.11161600053310394
240,43,30,0.10956799983978271
241,44,30,0.10751999914646149
242,45,30,0.11366400122642517
243,46,30,0.11161600053310394
244,47,30,0.1085439994931221
245,48,30,0.10751999914646149
246,49,30,0.1085439994931221
247,50,30,0.12083200365304947
248,51,30,0.11161600053310394
249,52,30,0.10956799983978271
250,53,30,0.1085439994931221
251,54,30,0.1085439994931221
252,55,30,0.10751999914646149
253,56,30,0.1157120019197464
254,57,30,0.11161600053310394
255,58,30,0.1085439994931221
256,59,30,0.10751999914646149
257,60,30,0.1085439994931221
258,61,30,0.10956799983978271
259,62,30,0.10956799983978271
260,63,30,0.10956799983978271
261,64,30,0.11161600053310394
262,65,30,0.1085439994931221
263,66,30,0.10956799983978271
264,67,30,0.1157120019197464
265,68,30,0.11059200018644333
266,69,30,0.1085439994931221
267,70,30,0.10649599879980087
268,71,30,0.10956799983978271
269,72,30,0.11059200018644333
270,73,30,0.1085439994931221
271,74,30,0.11059200018644333
272,75,30,0.1085439994931221
273,76,30,0.10956799983978271
274,77,30,0.1085439994931221
275,78,30,0.11161600053310394
276,79,30,0.10444799810647964
277,80,30,0.10444799810647964
278,81,30,0.10547199845314026
279,82,30,0.10547199845314026
280,83,30,0.10547199845314026
281,84,30,0.10649599879980087
282,85,30,0.10547199845314026
283,86,30,0.10649599879980087
284,87,30,0.10444799810647964
285,88,30,0.10342399775981903
286,89,30,0.10956799983978271
287,90,30,0.10444799810647964
288,91,30,0.10444799810647964
289,92,30,0.10547199845314026
290,93,30,0.10444799810647964
291,94,30,0.10547199845314026
292,95,30,0.10547199845314026
293,96,30,0.10444799810647964
294,97,30,0.10444799810647964
295,98,30,0.10444799810647964
296,99,30,0.10444799810647964
297,1,40,0.2170879989862442
298,2,40,0.1085439994931221
299,3,40,0.10444799810647964
300,4,40,0.10751999914646149
301,5,40,0.10547199845314026
302,6,40,0.10342399775981903
303,7,40,0.10547199845314026
304,8,40,0.10342399775981903
305,9,40,0.10444799810647964
306,10,40,0.10547199845314026
307,11,40,0.10444799810647964
308,12,40,0.11161600053310394
309,13,40,0.10751999914646149
310,14,40,0.10547199845314026
311,15,40,0.10444799810647964
312,16,40,0.10342399775981903
313,17,40,0.10239999741315842
314,18,40,0.10547199845314026
315,19,40,0.10444799810647964
316,20,40,0.10547199845314026
317,21,40,0.10342399775981903
318,22,40,0.10444799810647964
319,23,40,0.11264000087976456
320,24,40,0.10649599879980087
321,25,40,0.10547199845314026
322,26,40,0.10547199845314026
323,27,40,0.10547199845314026
324,28,40,0.10444799810647964
325,29,40,0.10547199845314026
326,30,40,0.11059200018644333
327,31,40,0.1085439994931221
328,32,40,0.10956799983978271
329,33,40,0.1085439994931221
330,34,40,0.11059200018644333
331,35,40,0.10751999914646149
332,36,40,0.10444799810647964
333,37,40,0.10547199845314026
334,38,40,0.10342399775981903
335,39,40,0.10444799810647964
336,40,40,0.10444799810647964
337,41,40,0.10547199845314026
338,42,40,0.10547199845314026
339,43,40,0.10444799810647964
340,44,40,0.10342399775981903
341,45,40,0.11059200018644333
342,46,40,0.10547199845314026
343,47,40,0.10547199845314026
344,48,40,0.10342399775981903
345,49,40,0.10239999741315842
346,50,40,0.10444799810647964
347,51,40,0.10444799810647964
348,52,40,0.10444799810647964
349,53,40,0.10547199845314026
350,54,40,0.10342399775981903
351,55,40,0.10342399775981903
352,56,40,0.11264000087976456
353,57,40,0.10547199845314026
354,58,40,0.10547199845314026
355,59,40,0.10342399775981903
356,60,40,0.10342399775981903
357,61,40,0.12902399897575378
358,62,40,0.10444799810647964
359,63,40,0.10239999741315842
360,64,40,0.10342399775981903
361,65,40,0.10342399775981903
362,66,40,0.10342399775981903
363,67,40,0.11366400122642517
364,68,40,0.10649599879980087
365,69,40,0.10444799810647964
366,70,40,0.10444799810647964
367,71,40,0.10444799810647964
368,72,40,0.10547199845314026
369,73,40,0.10547199845314026
370,74,40,0.10444799810647964
371,75,40,0.10444799810647964
372,76,40,0.10239999741315842
373,77,40,0.10342399775981903
374,78,40,0.11366400122642517
375,79,40,0.10649599879980087
376,80,40,0.10547199845314026
377,81,40,0.10342399775981903
378,82,40,0.10547199845314026
379,83,40,0.11468800157308578
380,84,40,0.10547199845314026
381,85,40,0.10649599879980087
382,86,40,0.10547199845314026
383,87,40,0.10547199845314026
384,88,40,0.10239999741315842
385,89,40,0.11059200018644333
386,90,40,0.10239999741315842
387,91,40,0.10444799810647964
388,92,40,0.10547199845314026
389,93,40,0.10547199845314026
390,94,40,0.10342399775981903
391,95,40,0.10444799810647964
392,96,40,0.10444799810647964
393,97,40,0.10342399775981903
394,98,40,0.10444799810647964
395,99,40,0.11673600226640701
396,1,50,0.23244799673557281
397,2,50,0.11468800157308578
398,3,50,0.1157120019197464
399,4,50,0.11468800157308578
400,5,50,0.1157120019197464
401,6,50,0.11468800157308578
402,7,50,0.11468800157308578
403,8,50,0.11468800157308578
404,9,50,0.11776000261306763
405,10,50,0.11468800157308578
406,11,50,0.11673600226640701
407,12,50,0.11980800330638885
408,13,50,0.11366400122642517
409,14,50,0.11468800157308578
410,15,50,0.11468800157308578
411,16,50,0.11468800157308578
412,17,50,0.11366400122642517
413,18,50,0.11468800157308578
414,19,50,0.11366400122642517
415,20,50,0.11366400122642517
416,21,50,0.11468800157308578
417,22,50,0.11264000087976456
418,23,50,0.11878400295972824
419,24,50,0.1157120019197464
420,25,50,0.11468800157308578
421,26,50,0.11468800157308578
422,27,50,0.11468800157308578
423,28,50,0.11264000087976456
424,29,50,0.11366400122642517
425,30,50,0.11366400122642517
426,31,50,0.11264000087976456
427,32,50,0.11468800157308578
428,33,50,0.11264000087976456
429,34,50,0.11980800330638885
430,35,50,0.11468800157308578
431,36,50,0.11366400122642517
432,37,50,0.1157120019197464
433,38,50,0.11366400122642517
434,39,50,0.11264000087976456
435,40,50,0.11366400122642517
436,41,50,0.11468800157308578
437,42,50,0.11366400122642517
438,43,50,0.11366400122642517
439,44,50,0.11468800157308578
440,45,50,0.11980800330638885
441,46,50,0.11468800157308578
442,47,50,0.11366400122642517
443,48,50,0.11468800157308578
444,49,50,0.1157120019197464
445,50,50,0.11366400122642517
446,51,50,0.11468800157308578
447,52,50,0.11264000087976456
448,53,50,0.11366400122642517
449,54,50,0.11468800157308578
450,55,50,0.1157120019197464
451,56,50,0.11878400295972824
452,57,50,0.11468800157308578
453,58,50,0.11366400122642517
454,59,50,0.11366400122642517
455,60,50,0.12595200538635254
456,61,50,0.11468800157308578
457,62,50,0.11366400122642517
458,63,50,0.11366400122642517
459,64,50,0.11468800157308578
460,65,50,0.11366400122642517
461,66,50,0.11468800157308578
462,67,50,0.11980800330638885
463,68,50,0.11468800157308578
464,69,50,0.11468800157308578
465,70,50,0.11468800157308578
466,71,50,0.11468800157308578
467,72,50,0.11468800157308578
468,73,50,0.11366400122642517
469,74,50,0.11468800157308578
470,75,50,0.1157120019197464
471,76,50,0.11264000087976456
472,77,50,0.11468800157308578
473,78,50,0.12185599654912949
474,79,50,0.11468800157308578
475,80,50,0.11468800157308578
476,81,50,0.11468800157308578
477,82,50,0.11468800157308578
478,83,50,0.11468800157308578
479,84,50,0.1157120019197464
480,85,50,0.11468800157308578
481,86,50,0.11264000087976456
482,87,50,0.11366400122642517
483,88,50,0.11366400122642517
484,89,50,0.11980800330638885
485,90,50,0.1157120019197464
486,91,50,0.11468800157308578
487,92,50,0.11468800157308578
488,93,50,0.11366400122642517
489,94,50,0.11366400122642517
490,95,50,0.11366400122642517
491,96,50,0.11366400122642517
492,97,50,0.11264000087976456
493,98,50,0.11264000087976456
494,99,50,0.1157120019197464
495,1,60,0.11264000087976456
496,2,60,0.10547199845314026
497,3,60,0.10547199845314026
498,4,60,0.10751999914646149
499,5,60,0.10342399775981903
500,6,60,0.10342399775981903
501,7,60,0.10649599879980087
502,8,60,0.10239999741315842
503,9,60,0.10547199845314026
504,10,60,0.10547199845314026
505,11,60,0.10547199845314026
506,12,60,0.11059200018644333
507,13,60,0.10547199845314026
508,14,60,0.10649599879980087
509,15,60,0.10444799810647964
510,16,60,0.10547199845314026
511,17,60,0.10342399775981903
512,18,60,0.10444799810647964
513,19,60,0.10342399775981903
514,20,60,0.10444799810647964
515,21,60,0.10342399775981903
516,22,60,0.10342399775981903
517,23,60,0.11059200018644333
518,24,60,0.10547199845314026
519,25,60,0.10342399775981903
520,26,60,0.10342399775981903
521,27,60,0.10342399775981903
522,28,60,0.1013759970664978
523,29,60,0.10547199845314026
524,30,60,0.10444799810647964
525,31,60,0.10444799810647964
526,32,60,0.10342399775981903
527,33,60,0.10342399775981903
528,34,60,0.11059200018644333
529,35,60,0.10444799810647964
530,36,60,0.10649599879980087
531,37,60,0.10547199845314026
532,38,60,0.10547199845314026
533,39,60,0.10342399775981903
534,40,60,0.10342399775981903
535,41,60,0.10239999741315842
536,42,60,0.10239999741315842
537,43,60,0.11366400122642517
538,44,60,0.10444799810647964
539,45,60,0.11366400122642517
540,46,60,0.10751999914646149
541,47,60,0.10444799810647964
542,48,60,0.10444799810647964
543,49,60,0.10444799810647964
544,50,60,0.10444799810647964
545,51,60,0.10342399775981903
546,52,60,0.10444799810647964
547,53,60,0.10547199845314026
548,54,60,0.10342399775981903
549,55,60,0.10342399775981903
550,56,60,0.11059200018644333
551,57,60,0.10342399775981903
552,58,60,0.10444799810647964
553,59,60,0.10342399775981903
554,60,60,0.10547199845314026
555,61,60,0.10342399775981903
556,62,60,0.10345599800348282
557,63,60,0.10342399775981903
558,64,60,0.1013759970664978
559,65,60,0.10342399775981903
560,66,60,0.10444799810647964
561,67,60,0.11161600053310394
562,68,60,0.10547199845314026
563,69,60,0.10649599879980087
564,70,60,0.10547199845314026
565,71,60,0.10342399775981903
566,72,60,0.10239999741315842
567,73,60,0.10342399775981903
568,74,60,0.10444799810647964
569,75,60,0.10444799810647964
570,76,60,0.10444799810647964
571,77,60,0.10547199845314026
572,78,60,0.11059200018644333
573,79,60,0.10547199845314026
574,80,60,0.10547199845314026
575,81,60,0.10444799810647964
576,82,60,0.10342399775981903
577,83,60,0.10239999741315842
578,84,60,0.10547199845314026
579,85,60,0.10649599879980087
580,86,60,0.10547199845314026
581,87,60,0.1013759970664978
582,88,60,0.10342399775981903
583,89,60,0.11059200018644333
584,90,60,0.10547199845314026
585,91,60,0.10444799810647964
586,92,60,0.10444799810647964
587,93,60,0.10444799810647964
588,94,60,0.10444799810647964
589,95,60,0.10547199845314026
590,96,60,0.10342399775981903
591,97,60,0.10239999741315842
592,98,60,0.10342399775981903
593,99,60,0.10342399775981903
594,1,70,0.22118400037288666
595,2,70,0.11161600053310394
596,3,70,0.11059200018644333
597,4,70,0.10956799983978271
598,5,70,0.11059200018644333
599,6,70,0.11161600053310394
600,7,70,0.1157120019197464
601,8,70,0.11161600053310394
602,9,70,0.11059200018644333
603,10,70,0.11161600053310394
604,11,70,0.11161600053310394
605,12,70,0.11673600226640701
606,13,70,0.11264000087976456
607,14,70,0.11980800330638885
608,15,70,0.11161600053310394
609,16,70,0.11059200018644333
610,17,70,0.11059200018644333
611,18,70,0.1085439994931221
612,19,70,0.11059200018644333
613,20,70,0.11161600053310394
614,21,70,0.11059200018644333
615,22,70,0.11161600053310394
616,23,70,0.1157120019197464
617,24,70,0.11264000087976456
618,25,70,0.11161600053310394
619,26,70,0.11161600053310394
620,27,70,0.1085439994931221
621,28,70,0.11161600053310394
622,29,70,0.11161600053310394
623,30,70,0.11059200018644333
624,31,70,0.11059200018644333
625,32,70,0.10956799983978271
626,33,70,0.11468800157308578
627,34,70,0.11878400295972824
628,35,70,0.11468800157308578
629,36,70,0.11366400122642517
630,37,70,0.11366400122642517
631,38,70,0.11468800157308578
632,39,70,0.11468800157308578
633,40,70,0.11264000087976456
634,41,70,0.11366400122642517
635,42,70,0.1157120019197464
636,43,70,0.11468800157308578
637,44,70,0.1157120019197464
638,45,70,0.11980800330638885
639,46,70,0.11878400295972824
640,47,70,0.1157120019197464
641,48,70,0.11468800157308578
642,49,70,0.11366400122642517
643,50,70,0.11366400122642517
644,51,70,0.11366400122642517
645,52,70,0.11468800157308578
646,53,70,0.1228799968957901
647,54,70,0.11366400122642517
648,55,70,0.11366400122642517
649,56,70,0.11673600226640701
650,57,70,0.11264000087976456
651,58,70,0.11059200018644333
652,59,70,0.11059200018644333
653,60,70,0.11059200018644333
654,61,70,0.11264000087976456
655,62,70,0.11161600053310394
656,63,70,0.11161600053310394
657,64,70,0.11468800157308578
658,65,70,0.11264000087976456
659,66,70,0.11059200018644333
660,67,70,0.11673600226640701
661,68,70,0.11161600053310394
662,69,70,0.11161600053310394
663,70,70,0.11059200018644333
664,71,70,0.11980800330638885
665,72,70,0.10956799983978271
666,73,70,0.1085439994931221
667,74,70,0.11161600053310394
668,75,70,0.11161600053310394
669,76,70,0.11161600053310394
670,77,70,0.11059200018644333
671,78,70,0.12492799758911133
672,79,70,0.11161600053310394
673,80,70,0.11059200018644333
674,81,70,0.11059200018644333
675,82,70,0.11161600053310394
676,83,70,0.11059200018644333
677,84,70,0.11161600053310394
678,85,70,0.11059200018644333
679,86,70,0.11161600053310394
680,87,70,0.11059200018644333
681,88,70,0.11059200018644333
682,89,70,0.1157120019197464
683,90,70,0.11264000087976456
684,91,70,0.11059200018644333
685,92,70,0.11059200018644333
686,93,70,0.11059200018644333
687,94,70,0.11059200018644333
688,95,70,0.11161600053310394
689,96,70,0.10956799983978271
690,97,70,0.11264000087976456
691,98,70,0.11059200018644333
692,99,70,0.11059200018644333
693,1,80,0.131071999669075
694,2,80,0.12697599828243256
695,3,80,0.12697599828243256
696,4,80,0.12492799758911133
697,5,80,0.12697599828243256
698,6,80,0.12390399724245071
699,7,80,0.12595200538635254
700,8,80,0.12800000607967377
701,9,80,0.12697599828243256
702,10,80,0.12800000607967377
703,11,80,0.12595200538635254
704,12,80,0.13209599256515503
705,13,80,0.12595200538635254
706,14,80,0.12697599828243256
707,15,80,0.12492799758911133
708,16,80,0.12595200538635254
709,17,80,0.12595200538635254
710,18,80,0.12697599828243256
711,19,80,0.12595200538635254
712,20,80,0.12595200538635254
713,21,80,0.12697599828243256
714,22,80,0.12595200538635254
715,23,80,0.130048006772995
716,24,80,0.12492799758911133
717,25,80,0.12595200538635254
718,26,80,0.12492799758911133
719,27,80,0.12390399724245071
720,28,80,0.12492799758911133
721,29,80,0.12595200538635254
722,30,80,0.12595200538635254
723,31,80,0.12595200538635254
724,32,80,0.12595200538635254
725,33,80,0.12595200538635254
726,34,80,0.130048006772995
727,35,80,0.12595200538635254
728,36,80,0.12492799758911133
729,37,80,0.12595200538635254
730,38,80,0.12595200538635254
731,39,80,0.12492799758911133
732,40,80,0.12697599828243256
733,41,80,0.12595200538635254
734,42,80,0.12492799758911133
735,43,80,0.12697599828243256
736,44,80,0.12800000607967377
737,45,80,0.131071999669075
738,46,80,0.12697599828243256
739,47,80,0.12595200538635254
740,48,80,0.12492799758911133
741,49,80,0.12492799758911133
742,50,80,0.12595200538635254
743,51,80,0.12697599828243256
744,52,80,0.12595200538635254
745,53,80,0.12595200538635254
746,54,80,0.12595200538635254
747,55,80,0.12390399724245071
748,56,80,0.130048006772995
749,57,80,0.12595200538635254
750,58,80,0.12595200538635254
751,59,80,0.12697599828243256
752,60,80,0.1372160017490387
753,61,80,0.12595200538635254
754,62,80,0.12595200538635254
755,63,80,0.12492799758911133
756,64,80,0.12595200538635254
757,65,80,0.12595200538635254
758,66,80,0.12492799758911133
759,67,80,0.130048006772995
760,68,80,0.12697599828243256
761,69,80,0.12697599828243256
762,70,80,0.12697599828243256
763,71,80,0.12595200538635254
764,72,80,0.12595200538635254
765,73,80,0.12492799758911133
766,74,80,0.13414399325847626
767,75,80,0.12595200538635254
768,76,80,0.12390399724245071
769,77,80,0.12697599828243256
770,78,80,0.13312000036239624
771,79,80,0.12697599828243256
772,80,80,0.12595200538635254
773,81,80,0.12697599828243256
774,82,80,0.12595200538635254
775,83,80,0.12595200538635254
776,84,80,0.12595200538635254
777,85,80,0.12595200538635254
778,86,80,0.12595200538635254
779,87,80,0.12595200538635254
780,88,80,0.12697599828243256
781,89,80,0.131071999669075
782,90,80,0.12697599828243256
783,91,80,0.12595200538635254
784,92,80,0.12595200538635254
785,93,80,0.12492799758911133
786,94,80,0.12492799758911133
787,95,80,0.12697599828243256
788,96,80,0.12595200538635254
789,97,80,0.12697599828243256
790,98,80,0.12697599828243256
791,99,80,0.12492799758911133
792,1,90,0.21606400609016418
793,2,90,0.11776000261306763
794,3,90,0.10444799810647964
795,4,90,0.10342399775981903
796,5,90,0.10342399775981903
797,6,90,0.10342399775981903
798,7,90,0.10444799810647964
799,8,90,0.10444799810647964
800,9,90,0.10342399775981903
801,10,90,0.10342399775981903
802,11,90,0.10444799810647964
803,12,90,0.11264000087976456
804,13,90,0.11468800157308578
805,14,90,0.10547199845314026
806,15,90,0.10342399775981903
807,16,90,0.10444799810647964
808,17,90,0.10342399775981903
809,18,90,0.10342399775981903
810,19,90,0.10547199845314026
811,20,90,0.10342399775981903
812,21,90,0.10649599879980087
813,22,90,0.10444799810647964
814,23,90,0.11161600053310394
815,24,90,0.10547199845314026
816,25,90,0.10547199845314026
817,26,90,0.10342399775981903
818,27,90,0.10444799810647964
819,28,90,0.10444799810647964
820,29,90,0.10444799810647964
821,30,90,0.10342399775981903
822,31,90,0.10444799810647964
823,32,90,0.10444799810647964
824,33,90,0.10547199845314026
825,34,90,0.10956799983978271
826,35,90,0.10444799810647964
827,36,90,0.10342399775981903
828,37,90,0.10239999741315842
829,38,90,0.10547199845314026
830,39,90,0.10547199845314026
831,40,90,0.10547199845314026
832,41,90,0.10444799810647964
833,42,90,0.10444799810647964
834,43,90,0.10444799810647964
835,44,90,0.10342399775981903
836,45,90,0.11264000087976456
837,46,90,0.10547199845314026
838,47,90,0.10649599879980087
839,48,90,0.10751999914646149
840,49,90,0.10342399775981903
841,50,90,0.10444799810647964
842,51,90,0.10444799810647964
843,52,90,0.10342399775981903
844,53,90,0.10444799810647964
845,54,90,0.10547199845314026
846,55,90,0.10444799810647964
847,56,90,0.11059200018644333
848,57,90,0.10649599879980087
849,58,90,0.10444799810647964
850,59,90,0.10342399775981903
851,60,90,0.10342399775981903
852,61,90,0.10342399775981903
853,62,90,0.10444799810647964
854,63,90,0.10547199845314026
855,64,90,0.11878400295972824
856,65,90,0.10444799810647964
857,66,90,0.10239999741315842
858,67,90,0.11059200018644333
859,68,90,0.10547199845314026
860,69,90,0.10342399775981903
861,70,90,0.10444799810647964
862,71,90,0.1157120019197464
863,72,90,0.10342399775981903
864,73,90,0.10444799810647964
865,74,90,0.10342399775981903
866,75,90,0.11059200018644333
867,76,90,0.1085439994931221
868,77,90,0.10956799983978271
869,78,90,0.1157120019197464
870,79,90,0.1085439994931221
871,80,90,0.10956799983978271
872,81,90,0.11059200018644333
873,82,90,0.11059200018644333
874,83,90,0.1085439994931221
875,84,90,0.11059200018644333
876,85,90,0.11878400295972824
877,86,90,0.10751999914646149
878,87,90,0.10751999914646149
879,88,90,0.10956799983978271
880,89,90,0.11264000087976456
881,90,90,0.10751999914646149
882,91,90,0.10751999914646149
883,92,90,0.11059200018644333
884,93,90,0.11059200018644333
885,94,90,0.10956799983978271
886,95,90,0.10956799983978271
887,96,90,0.1085439994931221
888,97,90,0.10751999914646149
889,98,90,0.1085439994931221
890,99,90,0.11878400295972824
891,1,100,0.2181120067834854
892,2,100,0.11980800330638885
893,3,100,0.11776000261306763
894,4,100,0.11673600226640701
895,5,100,0.11673600226640701
896,6,100,0.12595200538635254
897,7,100,0.11673600226640701
898,8,100,0.11673600226640701
899,9,100,0.11673600226640701
900,10,100,0.11776000261306763
901,11,100,0.1157120019197464
902,12,100,0.12083200365304947
903,13,100,0.11776000261306763
904,14,100,0.11673600226640701
905,15,100,0.11673600226640701
906,16,100,0.11878400295972824
907,17,100,0.1157120019197464
908,18,100,0.11673600226640701
909,19,100,0.11776000261306763
910,20,100,0.11776000261306763
911,21,100,0.11878400295972824
912,22,100,0.1157120019197464
913,23,100,0.1228799968957901
914,24,100,0.11776000261306763
915,25,100,0.11776000261306763
916,26,100,0.12492799758911133
917,27,100,0.11776000261306763
918,28,100,0.11673600226640701
919,29,100,0.11776000261306763
920,30,100,0.1157120019197464
921,31,100,0.1157120019197464
922,32,100,0.1157120019197464
923,33,100,0.11673600226640701
924,34,100,0.12083200365304947
925,35,100,0.11878400295972824
926,36,100,0.11673600226640701
927,37,100,0.11878400295972824
928,38,100,0.11673600226640701
929,39,100,0.11776000261306763
930,40,100,0.11878400295972824
931,41,100,0.1157120019197464
932,42,100,0.1157120019197464
933,43,100,0.1157120019197464
934,44,100,0.1157120019197464
935,45,100,0.11980800330638885
936,46,100,0.11878400295972824
937,47,100,0.11776000261306763
938,48,100,0.11673600226640701
939,49,100,0.11673600226640701
940,50,100,0.11776000261306763
941,51,100,0.1157120019197464
942,52,100,0.11673600226640701
943,53,100,0.11673600226640701
944,54,100,0.11776000261306763
945,55,100,0.1157120019197464
946,56,100,0.12185599654912949
947,57,100,0.11878400295972824
948,58,100,0.11776000261306763
949,59,100,0.11776000261306763
950,60,100,0.12697599828243256
951,61,100,0.11673600226640701
952,62,100,0.11673600226640701
953,63,100,0.11776000261306763
954,64,100,0.11878400295972824
955,65,100,0.1157120019197464
956,66,100,0.11776000261306763
957,67,100,0.11980800330638885
958,68,100,0.1157120019197464
959,69,100,0.11366400122642517
960,70,100,0.11468800157308578
961,71,100,0.11366400122642517
962,72,100,0.11264000087976456
963,73,100,0.11673600226640701
964,74,100,0.11366400122642517
965,75,100,0.11264000087976456
966,76,100,0.1157120019197464
967,77,100,0.11366400122642517
968,78,100,0.11878400295972824
969,79,100,0.1157120019197464
970,80,100,0.11468800157308578
971,81,100,0.11366400122642517
972,82,100,0.11366400122642517
973,83,100,0.11468800157308578
974,84,100,0.11366400122642517
975,85,100,0.11264000087976456
976,86,100,0.11673600226640701
977,87,100,0.11264000087976456
978,88,100,0.11366400122642517
979,89,100,0.11878400295972824
980,90,100,0.11468800157308578
981,91,100,0.11366400122642517
982,92,100,0.11366400122642517
983,93,100,0.11468800157308578
984,94,100,0.1228799968957901
985,95,100,0.11468800157308578
986,96,100,0.11673600226640701
987,97,100,0.11673600226640701
988,98,100,0.11776000261306763
989,99,100,0.11673600226640701
990,1,110,0.1228799968957901
991,2,110,0.11980800330638885
992,3,110,0.1157120019197464
993,4,110,0.1157120019197464
994,5,110,0.11673600226640701
995,6,110,0.11776000261306763
996,7,110,0.11673600226640701
997,8,110,0.1157120019197464
998,9,110,0.1157120019197464
999,10,110,0.1157120019197464
1000,11,110,0.1157120019197464
1001,12,110,0.12083200365304947
1002,13,110,0.11673600226640701
1003,14,110,0.11673600226640701
1004,15,110,0.1157120019197464
1005,16,110,0.11673600226640701
1006,17,110,0.11776000261306763
1007,18,110,0.1157120019197464
1008,19,110,0.11673600226640701
1009,20,110,0.11673600226640701
1010,21,110,0.1157120019197464
1011,22,110,0.1157120019197464
1012,23,110,0.12083200365304947
1013,24,110,0.11878400295972824
1014,25,110,0.11878400295972824
1015,26,110,0.11673600226640701
1016,27,110,0.12697599828243256
1017,28,110,0.1157120019197464
1018,29,110,0.11673600226640701
1019,30,110,0.11673600226640701
1020,31,110,0.12083200365304947
1021,32,110,0.11776000261306763
1022,33,110,0.1157120019197464
1023,34,110,0.1228799968957901
1024,35,110,0.11776000261306763
1025,36,110,0.11673600226640701
1026,37,110,0.11878400295972824
1027,38,110,0.11673600226640701
1028,39,110,0.11673600226640701
1029,40,110,0.11875200271606445
1030,41,110,0.1157120019197464
1031,42,110,0.11673600226640701
1032,43,110,0.11673600226640701
1033,44,110,0.11673600226640701
1034,45,110,0.12185599654912949
1035,46,110,0.11878400295972824
1036,47,110,0.11878400295972824
1037,48,110,0.11776000261306763
1038,49,110,0.11673600226640701
1039,50,110,0.11776000261306763
1040,51,110,0.11776000261306763
1041,52,110,0.11878400295972824
1042,53,110,0.11776000261306763
1043,54,110,0.11878400295972824
1044,55,110,0.11673600226640701
1045,56,110,0.1228799968957901
1046,57,110,0.11776000261306763
1047,58,110,0.11673600226640701
1048,59,110,0.11776000261306763
1049,60,110,0.11878400295972824
1050,61,110,0.11878400295972824
1051,62,110,0.11878400295972824
1052,63,110,0.11673600226640701
1053,64,110,0.11673600226640701
1054,65,110,0.11776000261306763
1055,66,110,0.11776000261306763
1056,67,110,0.12083200365304947
1057,68,110,0.11776000261306763
1058,69,110,0.1157120019197464
1059,70,110,0.11776000261306763
1060,71,110,0.1157120019197464
1061,72,110,0.11673600226640701
1062,73,110,0.11878400295972824
1063,74,110,0.1157120019197464
1064,75,110,0.11673600226640701
1065,76,110,0.1157120019197464
1066,77,110,0.11878400295972824
1067,78,110,0.12083200365304947
1068,79,110,0.11673600226640701
1069,80,110,0.11776000261306763
1070,81,110,0.11673600226640701
1071,82,110,0.11673600226640701
1072,83,110,0.11673600226640701
1073,84,110,0.11673600226640701
1074,85,110,0.1157120019197464
1075,86,110,0.11776000261306763
1076,87,110,0.11673600226640701
1077,88,110,0.11673600226640701
1078,89,110,0.12083200365304947
1079,90,110,0.11878400295972824
1080,91,110,0.11673600226640701
1081,92,110,0.11673600226640701
1082,93,110,0.1157120019197464
1083,94,110,0.11776000261306763
1084,95,110,0.11776000261306763
1085,96,110,0.11776000261306763
1086,97,110,0.11673600226640701
1087,98,110,0.1157120019197464
1088,99,110,0.11673600226640701
1089,1,120,0.22323200106620789
1090,2,120,0.1085439994931221
1091,3,120,0.10751999914646149
1092,4,120,0.1085439994931221
1093,5,120,0.10751999914646149
1094,6,120,0.1157120019197464
1095,7,120,0.1085439994931221
1096,8,120,0.10751999914646149
1097,9,120,0.10751999914646149
1098,10,120,0.10751999914646149
1099,11,120,0.10751999914646149
1100,12,120,0.11366400122642517
1101,13,120,0.11980800330638885
1102,14,120,0.11161600053310394
1103,15,120,0.1085439994931221
1104,16,120,0.1085439994931221
1105,17,120,0.10649599879980087
1106,18,120,0.1085439994931221
1107,19,120,0.10751999914646149
1108,20,120,0.10751999914646149
1109,21,120,0.1085439994931221
1110,22,120,0.10649599879980087
1111,23,120,0.11366400122642517
1112,24,120,0.1085439994931221
1113,25,120,0.1085439994931221
1114,26,120,0.10751999914646149
1115,27,120,0.10751999914646149
1116,28,120,0.1085439994931221
1117,29,120,0.10547199845314026
1118,30,120,0.10649599879980087
1119,31,120,0.10751999914646149
1120,32,120,0.10751999914646149
1121,33,120,0.10649599879980087
1122,34,120,0.11264000087976456
1123,35,120,0.10751999914646149
1124,36,120,0.1085439994931221
1125,37,120,0.1085439994931221
1126,38,120,0.1085439994931221
1127,39,120,0.10649599879980087
1128,40,120,0.10649599879980087
1129,41,120,0.10649599879980087
1130,42,120,0.10649599879980087
1131,43,120,0.1085439994931221
1132,44,120,0.1085439994931221
1133,45,120,0.11264000087976456
1134,46,120,0.10956799983978271
1135,47,120,0.11264000087976456
1136,48,120,0.1085439994931221
1137,49,120,0.1085439994931221
1138,50,120,0.10751999914646149
1139,51,120,0.10956799983978271
1140,52,120,0.10751999914646149
1141,53,120,0.10751999914646149
1142,54,120,0.10649599879980087
1143,55,120,0.10751999914646149
1144,56,120,0.11264000087976456
1145,57,120,0.1085439994931221
1146,58,120,0.10956799983978271
1147,59,120,0.1085439994931221
1148,60,120,0.10751999914646149
1149,61,120,0.10751999914646149
1150,62,120,0.10751999914646149
1151,63,120,0.10751999914646149
1152,64,120,0.10649599879980087
1153,65,120,0.10751999914646149
1154,66,120,0.1085439994931221
1155,67,120,0.11264000087976456
1156,68,120,0.1085439994931221
1157,69,120,0.1085439994931221
1158,70,120,0.1085439994931221
1159,71,120,0.1085439994931221
1160,72,120,0.10751999914646149
1161,73,120,0.10649599879980087
1162,74,120,0.10547199845314026
1163,75,120,0.10649599879980087
1164,76,120,0.1085439994931221
1165,77,120,0.10751999914646149
1166,78,120,0.11468800157308578
1167,79,120,0.10956799983978271
1168,80,120,0.10956799983978271
1169,81,120,0.1085439994931221
1170,82,120,0.10956799983978271
1171,83,120,0.10956799983978271
1172,84,120,0.1085439994931221
1173,85,120,0.10751999914646149
1174,86,120,0.10751999914646149
1175,87,120,0.10956799983978271
1176,88,120,0.1085439994931221
1177,89,120,0.11468800157308578
1178,90,120,0.10956799983978271
1179,91,120,0.1085439994931221
1180,92,120,0.10956799983978271
1181,93,120,0.10751999914646149
1182,94,120,0.1085439994931221
1183,95,120,0.10649599879980087
1184,96,120,0.10751999914646149
1185,97,120,0.10547199845314026
1186,98,120,0.1085439994931221
1187,99,120,0.10751999914646149
1188,1,130,0.21094399690628052
1189,2,130,0.11673600226640701
1190,3,130,0.11468800157308578
1191,4,130,0.11366400122642517
1192,5,130,0.11366400122642517
1193,6,130,0.11366400122642517
1194,7,130,0.11468800157308578
1195,8,130,0.11264000087976456
1196,9,130,0.11366400122642517
1197,10,130,0.11366400122642517
1198,11,130,0.11366400122642517
1199,12,130,0.11980800330638885
1200,13,130,0.1157120019197464
1201,14,130,0.11468800157308578
1202,15,130,0.11366400122642517
1203,16,130,0.11366400122642517
1204,17,130,0.11366400122642517
1205,18,130,0.11366400122642517
1206,19,130,0.1157120019197464
1207,20,130,0.11366400122642517
1208,21,130,0.11264000087976456
1209,22,130,0.11468800157308578
1210,23,130,0.11878400295972824
1211,24,130,0.11366400122642517
1212,25,130,0.11673600226640701
1213,26,130,0.1157120019197464
1214,27,130,0.11468800157308578
1215,28,130,0.11366400122642517
1216,29,130,0.11366400122642517
1217,30,130,0.11468800157308578
1218,31,130,0.11264000087976456
1219,32,130,0.11468800157308578
1220,33,130,0.11366400122642517
1221,34,130,0.11980800330638885
1222,35,130,0.1157120019197464
1223,36,130,0.11468800157308578
1224,37,130,0.11366400122642517
1225,38,130,0.11366400122642517
1226,39,130,0.11264000087976456
1227,40,130,0.11468800157308578
1228,41,130,0.11366400122642517
1229,42,130,0.11366400122642517
1230,43,130,0.11264000087976456
1231,44,130,0.11366400122642517
1232,45,130,0.11878400295972824
1233,46,130,0.11468800157308578
1234,47,130,0.11366400122642517
1235,48,130,0.1157120019197464
1236,49,130,0.11468800157308578
1237,50,130,0.1157120019197464
1238,51,130,0.11366400122642517
1239,52,130,0.11366400122642517
1240,53,130,0.11366400122642517
1241,54,130,0.11264000087976456
1242,55,130,0.11366400122642517
1243,56,130,0.11878400295972824
1244,57,130,0.11468800157308578
1245,58,130,0.11366400122642517
1246,59,130,0.11673600226640701
1247,60,130,0.11264000087976456
1248,61,130,0.11366400122642517
1249,62,130,0.11468800157308578
1250,63,130,0.11366400122642517
1251,64,130,0.11366400122642517
1252,65,130,0.11366400122642517
1253,66,130,0.11366400122642517
1254,67,130,0.11980800330638885
1255,68,130,0.11468800157308578
1256,69,130,0.11468800157308578
1257,70,130,0.11468800157308578
1258,71,130,0.11468800157308578
1259,72,130,0.11468800157308578
1260,73,130,0.11468800157308578
1261,74,130,0.11673600226640701
1262,75,130,0.11468800157308578
1263,76,130,0.11264000087976456
1264,77,130,0.11366400122642517
1265,78,130,0.11878400295972824
1266,79,130,0.11468800157308578
1267,80,130,0.11366400122642517
1268,81,130,0.11366400122642517
1269,82,130,0.11366400122642517
1270,83,130,0.11468800157308578
1271,84,130,0.1157120019197464
1272,85,130,0.11366400122642517
1273,86,130,0.11161600053310394
1274,87,130,0.11264000087976456
1275,88,130,0.11264000087976456
1276,89,130,0.11673600226640701
1277,90,130,0.11468800157308578
1278,91,130,0.11264000087976456
1279,92,130,0.12083200365304947
1280,93,130,0.11366400122642517
1281,94,130,0.11366400122642517
1282,95,130,0.11366400122642517
1283,96,130,0.11366400122642517
1284,97,130,0.11366400122642517
1285,98,130,0.11468800157308578
1286,99,130,0.11366400122642517
1287,1,140,0.11878400295972824
1288,2,140,0.11468800157308578
1289,3,140,0.11366400122642517
1290,4,140,0.12492799758911133
1291,5,140,0.11468800157308578
1292,6,140,0.11366400122642517
1293,7,140,0.11264000087976456
1294,8,140,0.11264000087976456
1295,9,140,0.11264000087976456
1296,10,140,0.11366400122642517
1297,11,140,0.11161600053310394
1298,12,140,0.11878400295972824
1299,13,140,0.1157120019197464
1300,14,140,0.11161600053310394
1301,15,140,0.11264000087976456
1302,16,140,0.11366400122642517
1303,17,140,0.11468800157308578
1304,18,140,0.11366400122642517
1305,19,140,0.11366400122642517
1306,20,140,0.11264000087976456
1307,21,140,0.11366400122642517
1308,22,140,0.11264000087976456
1309,23,140,0.11776000261306763
1310,24,140,0.11366400122642517
1311,25,140,0.12390399724245071
1312,26,140,0.11264000087976456
1313,27,140,0.11161600053310394
1314,28,140,0.11366400122642517
1315,29,140,0.11264000087976456
1316,30,140,0.11161600053310394
1317,31,140,0.11161600053310394
1318,32,140,0.11264000087976456
1319,33,140,0.11366400122642517
1320,34,140,0.11878400295972824
1321,35,140,0.11468800157308578
1322,36,140,0.11366400122642517
1323,37,140,0.11264000087976456
1324,38,140,0.11264000087976456
1325,39,140,0.11264000087976456
1326,40,140,0.11264000087976456
1327,41,140,0.11161600053310394
1328,42,140,0.11264000087976456
1329,43,140,0.11366400122642517
1330,44,140,0.11468800157308578
1331,45,140,0.11776000261306763
1332,46,140,0.11366400122642517
1333,47,140,0.11366400122642517
1334,48,140,0.11366400122642517
1335,49,140,0.11366400122642517
1336,50,140,0.11366400122642517
1337,51,140,0.11366400122642517
1338,52,140,0.11366400122642517
1339,53,140,0.11264000087976456
1340,54,140,0.11161600053310394
1341,55,140,0.11366400122642517
1342,56,140,0.11776000261306763
1343,57,140,0.1228799968957901
1344,58,140,0.11468800157308578
1345,59,140,0.11366400122642517
1346,60,140,0.11366400122642517
1347,61,140,0.11264000087976456
1348,62,140,0.11366400122642517
1349,63,140,0.11264000087976456
1350,64,140,0.11264000087976456
1351,65,140,0.11468800157308578
1352,66,140,0.11161600053310394
1353,67,140,0.11776000261306763
1354,68,140,0.12390399724245071
1355,69,140,0.11264000087976456
1356,70,140,0.11366400122642517
1357,71,140,0.11264000087976456
1358,72,140,0.11161600053310394
1359,73,140,0.11264000087976456
1360,74,140,0.11161600053310394
1361,75,140,0.11161600053310394
1362,76,140,0.11264000087976456
1363,77,140,0.11468800157308578
1364,78,140,0.11673600226640701
1365,79,140,0.11366400122642517
1366,80,140,0.11264000087976456
1367,81,140,0.11366400122642517
1368,82,140,0.11366400122642517
1369,83,140,0.11366400122642517
1370,84,140,0.11264000087976456
1371,85,140,0.11264000087976456
1372,86,140,0.11366400122642517
1373,87,140,0.11366400122642517
1374,88,140,0.11264000087976456
1375,89,140,0.11878400295972824
1376,90,140,0.11366400122642517
1377,91,140,0.11366400122642517
1378,92,140,0.11366400122642517
1379,93,140,0.11264000087976456
1380,94,140,0.11264000087976456
1381,95,140,0.11366400122642517
1382,96,140,0.11161600053310394
1383,97,140,0.11366400122642517
1384,98,140,0.11264000087976456
1385,99,140,0.11161600053310394
1386,1,150,0.21196800470352173
1387,2,150,0.11673600226640701
1388,3,150,0.1157120019197464
1389,4,150,0.11673600226640701
1390,5,150,0.1157120019197464
1391,6,150,0.11468800157308578
1392,7,150,0.1157120019197464
1393,8,150,0.1157120019197464
1394,9,150,0.11673600226640701
1395,10,150,0.1157120019197464
1396,11,150,0.11673600226640701
1397,12,150,0.12083200365304947
1398,13,150,0.11673600226640701
1399,14,150,0.1157120019197464
1400,15,150,0.11468800157308578
1401,16,150,0.11468800157308578
1402,17,150,0.11776000261306763
1403,18,150,0.11673600226640701
1404,19,150,0.11673600226640701
1405,20,150,0.11468800157308578
1406,21,150,0.11468800157308578
1407,22,150,0.11673600226640701
1408,23,150,0.12083200365304947
1409,24,150,0.1157120019197464
1410,25,150,0.11468800157308578
1411,26,150,0.11468800157308578
1412,27,150,0.1157120019197464
1413,28,150,0.11673600226640701
1414,29,150,0.11468800157308578
1415,30,150,0.11468800157308578
1416,31,150,0.11468800157308578
1417,32,150,0.11468800157308578
1418,33,150,0.11673600226640701
1419,34,150,0.12185599654912949
1420,35,150,0.11673600226640701
1421,36,150,0.1157120019197464
1422,37,150,0.1157120019197464
1423,38,150,0.1157120019197464
1424,39,150,0.11468800157308578
1425,40,150,0.1157120019197464
1426,41,150,0.11568000167608261
1427,42,150,0.1157120019197464
1428,43,150,0.11673600226640701
1429,44,150,0.11776000261306763
1430,45,150,0.12083200365304947
1431,46,150,0.1157120019197464
1432,47,150,0.1157120019197464
1433,48,150,0.11776000261306763
1434,49,150,0.11673600226640701
1435,50,150,0.11776000261306763
1436,51,150,0.1157120019197464
1437,52,150,0.11468800157308578
1438,53,150,0.11366400122642517
1439,54,150,0.11673600226640701
1440,55,150,0.1157120019197464
1441,56,150,0.11980800330638885
1442,57,150,0.11776000261306763
1443,58,150,0.1157120019197464
1444,59,150,0.1157120019197464
1445,60,150,0.11468800157308578
1446,61,150,0.11468800157308578
1447,62,150,0.11468800157308578
1448,63,150,0.11468800157308578
1449,64,150,0.11366400122642517
1450,65,150,0.1157120019197464
1451,66,150,0.11264000087976456
1452,67,150,0.11980800330638885
1453,68,150,0.11468800157308578
1454,69,150,0.1157120019197464
1455,70,150,0.11468800157308578
1456,71,150,0.1157120019197464
1457,72,150,0.11878400295972824
1458,73,150,0.11673600226640701
1459,74,150,0.1157120019197464
1460,75,150,0.1157120019197464
1461,76,150,0.11366400122642517
1462,77,150,0.11673600226640701
1463,78,150,0.12083200365304947
1464,79,150,0.1157120019197464
1465,80,150,0.1157120019197464
1466,81,150,0.1157120019197464
1467,82,150,0.1157120019197464
1468,83,150,0.1157120019197464
1469,84,150,0.11468800157308578
1470,85,150,0.1157120019197464
1471,86,150,0.11468800157308578
1472,87,150,0.11468800157308578
1473,88,150,0.11264000087976456
1474,89,150,0.12083200365304947
1475,90,150,0.1157120019197464
1476,91,150,0.1157120019197464
1477,92,150,0.12800000607967377
1478,93,150,0.1157120019197464
1479,94,150,0.11673600226640701
1480,95,150,0.1157120019197464
1481,96,150,0.11468800157308578
1482,97,150,0.1157120019197464
1483,98,150,0.1157120019197464
1484,99,150,0.11673600226640701
1485,1,160,0.13312000036239624
1486,2,160,0.12902399897575378
1487,3,160,0.12697599828243256
1488,4,160,0.12492799758911133
1489,5,160,0.12595200538635254
1490,6,160,0.12595200538635254
1491,7,160,0.12697599828243256
1492,8,160,0.12697599828243256
1493,9,160,0.12697599828243256
1494,10,160,0.12800000607967377
1495,11,160,0.12697599828243256
1496,12,160,0.130048006772995
1497,13,160,0.12800000607967377
1498,14,160,0.12595200538635254
1499,15,160,0.12697599828243256
1500,16,160,0.12595200538635254
1501,17,160,0.12595200538635254
1502,18,160,0.12697599828243256
1503,19,160,0.130048006772995
1504,20,160,0.12697599828243256
1505,21,160,0.12800000607967377
1506,22,160,0.12595200538635254
1507,23,160,0.13209599256515503
1508,24,160,0.12492799758911133
1509,25,160,0.12595200538635254
1510,26,160,0.12595200538635254
1511,27,160,0.12492799758911133
1512,28,160,0.12697599828243256
1513,29,160,0.12800000607967377
1514,30,160,0.12902399897575378
1515,31,160,0.12595200538635254
1516,32,160,0.12492799758911133
1517,33,160,0.12595200538635254
1518,34,160,0.13209599256515503
1519,35,160,0.12800000607967377
1520,36,160,0.12697599828243256
1521,37,160,0.12595200538635254
1522,38,160,0.12697599828243256
1523,39,160,0.12492799758911133
1524,40,160,0.12595200538635254
1525,41,160,0.12595200538635254
1526,42,160,0.12595200538635254
1527,43,160,0.12595200538635254
1528,44,160,0.12595200538635254
1529,45,160,0.13209599256515503
1530,46,160,0.12800000607967377
1531,47,160,0.12492799758911133
1532,48,160,0.12697599828243256
1533,49,160,0.12697599828243256
1534,50,160,0.12492799758911133
1535,51,160,0.12697599828243256
1536,52,160,0.12595200538635254
1537,53,160,0.12800000607967377
1538,54,160,0.12902399897575378
1539,55,160,0.12902399897575378
1540,56,160,0.13312000036239624
1541,57,160,0.12595200538635254
1542,58,160,0.12697599828243256
1543,59,160,0.12492799758911133
1544,60,160,0.12697599828243256
1545,61,160,0.12595200538635254
1546,62,160,0.12800000607967377
1547,63,160,0.12697599828243256
1548,64,160,0.12697599828243256
1549,65,160,0.12800000607967377
1550,66,160,0.12595200538635254
1551,67,160,0.13209599256515503
1552,68,160,0.12800000607967377
1553,69,160,0.12800000607967377
1554,70,160,0.12800000607967377
1555,71,160,0.12697599828243256
1556,72,160,0.12697599828243256
1557,73,160,0.12697599828243256
1558,74,160,0.12697599828243256
1559,75,160,0.12800000607967377
1560,76,160,0.12697599828243256
1561,77,160,0.12492799758911133
1562,78,160,0.131071999669075
1563,79,160,0.12902399897575378
1564,80,160,0.12800000607967377
1565,81,160,0.12697599828243256
1566,82,160,0.12595200538635254
1567,83,160,0.12800000607967377
1568,84,160,0.12697599828243256
1569,85,160,0.12595200538635254
1570,86,160,0.12595200538635254
1571,87,160,0.12697599828243256
1572,88,160,0.12492799758911133
1573,89,160,0.131071999669075
1574,90,160,0.12800000607967377
1575,91,160,0.12697599828243256
1576,92,160,0.12595200538635254
1577,93,160,0.12697599828243256
1578,94,160,0.12595200538635254
1579,95,160,0.12800000607967377
1580,96,160,0.12697599828243256
1581,97,160,0.12697599828243256
1582,98,160,0.12595200538635254
1583,99,160,0.12595200538635254
1584,1,170,0.21299199759960175
1585,2,170,0.11468800157308578
1586,3,170,0.11468800157308578
1587,4,170,0.11366400122642517
1588,5,170,0.1157120019197464
1589,6,170,0.11366400122642517
1590,7,170,0.11366400122642517
1591,8,170,0.11366400122642517
1592,9,170,0.11366400122642517
1593,10,170,0.11468800157308578
1594,11,170,0.11366400122642517
1595,12,170,0.12083200365304947
1596,13,170,0.1157120019197464
1597,14,170,0.11468800157308578
1598,15,170,0.11468800157308578
1599,16,170,0.11468800157308578
1600,17,170,0.11468800157308578
1601,18,170,0.11264000087976456
1602,19,170,0.11264000087976456
1603,20,170,0.11264000087976456
1604,21,170,0.1157120019197464
1605,22,170,0.11468800157308578
1606,23,170,0.11878400295972824
1607,24,170,0.11366400122642517
1608,25,170,0.11468800157308578
1609,26,170,0.11366400122642517
1610,27,170,0.11366400122642517
1611,28,170,0.11264000087976456
1612,29,170,0.11468800157308578
1613,30,170,0.11366400122642517
1614,31,170,0.11468800157308578
1615,32,170,0.11468800157308578
1616,33,170,0.11468800157308578
1617,34,170,0.11980800330638885
1618,35,170,0.11468800157308578
1619,36,170,0.11468800157308578
1620,37,170,0.11366400122642517
1621,38,170,0.11366400122642517
1622,39,170,0.11468800157308578
1623,40,170,0.11366400122642517
1624,41,170,0.11366400122642517
1625,42,170,0.11366400122642517
1626,43,170,0.11264000087976456
1627,44,170,0.11366400122642517
1628,45,170,0.11776000261306763
1629,46,170,0.1157120019197464
1630,47,170,0.11366400122642517
1631,48,170,0.11366400122642517
1632,49,170,0.11264000087976456
1633,50,170,0.11366400122642517
1634,51,170,0.11468800157308578
1635,52,170,0.11366400122642517
1636,53,170,0.11366400122642517
1637,54,170,0.11366400122642517
1638,55,170,0.11366400122642517
1639,56,170,0.12083200365304947
1640,57,170,0.1157120019197464
1641,58,170,0.11468800157308578
1642,59,170,0.11468800157308578
1643,60,170,0.11366400122642517
1644,61,170,0.11468800157308578
1645,62,170,0.11468800157308578
1646,63,170,0.11366400122642517
1647,64,170,0.11468800157308578
1648,65,170,0.11264000087976456
1649,66,170,0.11366400122642517
1650,67,170,0.11878400295972824
1651,68,170,0.1157120019197464
1652,69,170,0.11468800157308578
1653,70,170,0.11264000087976456
1654,71,170,0.11673600226640701
1655,72,170,0.11366400122642517
1656,73,170,0.11264000087976456
1657,74,170,0.11468800157308578
1658,75,170,0.11264000087976456
1659,76,170,0.11468800157308578
1660,77,170,0.11264000087976456
1661,78,170,0.11980800330638885
1662,79,170,0.11673600226640701
1663,80,170,0.11468800157308578
1664,81,170,0.11468800157308578
1665,82,170,0.11468800157308578
1666,83,170,0.1157120019197464
1667,84,170,0.11366400122642517
1668,85,170,0.11468800157308578
1669,86,170,0.11366400122642517
1670,87,170,0.11264000087976456
1671,88,170,0.11366400122642517
1672,89,170,0.11878400295972824
1673,90,170,0.11468800157308578
1674,91,170,0.1157120019197464
1675,92,170,0.11468800157308578
1676,93,170,0.11366400122642517
1677,94,170,0.11468800157308578
1678,95,170,0.11468800157308578
1679,96,170,0.11366400122642517
1680,97,170,0.11366400122642517
1681,98,170,0.11468800157308578
1682,99,170,0.11264000087976456
1683,1,180,0.1372160017490387
1684,2,180,0.12492799758911133
1685,3,180,0.12083200365304947
1686,4,180,0.1228799968957901
1687,5,180,0.1228799968957901
1688,6,180,0.12083200365304947
1689,7,180,0.12083200365304947
1690,8,180,0.11980800330638885
1691,9,180,0.12083200365304947
1692,10,180,0.12083200365304947
1693,11,180,0.11878400295972824
1694,12,180,0.12595200538635254
1695,13,180,0.1228799968957901
1696,14,180,0.12083200365304947
1697,15,180,0.12185599654912949
1698,16,180,0.1228799968957901
1699,17,180,0.12083200365304947
1700,18,180,0.12083200365304947
1701,19,180,0.12083200365304947
1702,20,180,0.11980800330638885
1703,21,180,0.12083200365304947
1704,22,180,0.12083200365304947
1705,23,180,0.12595200538635254
1706,24,180,0.12083200365304947
1707,25,180,0.12083200365304947
1708,26,180,0.12083200365304947
1709,27,180,0.12185599654912949
1710,28,180,0.12185599654912949
1711,29,180,0.12083200365304947
1712,30,180,0.12083200365304947
1713,31,180,0.12185599654912949
1714,32,180,0.12083200365304947
1715,33,180,0.12083200365304947
1716,34,180,0.12595200538635254
1717,35,180,0.12083200365304947
1718,36,180,0.11980800330638885
1719,37,180,0.12083200365304947
1720,38,180,0.12083200365304947
1721,39,180,0.11980800330638885
1722,40,180,0.12185599654912949
1723,41,180,0.12083200365304947
1724,42,180,0.1228799968957901
1725,43,180,0.12185599654912949
1726,44,180,0.12185599654912949
1727,45,180,0.12595200538635254
1728,46,180,0.12185599654912949
1729,47,180,0.12185599654912949
1730,48,180,0.12185599654912949
1731,49,180,0.1228799968957901
1732,50,180,0.12083200365304947
1733,51,180,0.12083200365304947
1734,52,180,0.12083200365304947
1735,53,180,0.12185599654912949
1736,54,180,0.12083200365304947
1737,55,180,0.1228799968957901
1738,56,180,0.12595200538635254
1739,57,180,0.12083200365304947
1740,58,180,0.12083200365304947
1741,59,180,0.12083200365304947
1742,60,180,0.11980800330638885
1743,61,180,0.11980800330638885
1744,62,180,0.12185599654912949
1745,63,180,0.12083200365304947
1746,64,180,0.12083200365304947
1747,65,180,0.12083200365304947
1748,66,180,0.12185599654912949
1749,67,180,0.12697599828243256
1750,68,180,0.12185599654912949
1751,69,180,0.12185599654912949
1752,70,180,0.12185599654912949
1753,71,180,0.12185599654912949
1754,72,180,0.12185599654912949
1755,73,180,0.12083200365304947
1756,74,180,0.11980800330638885
1757,75,180,0.12083200365304947
1758,76,180,0.11980800330638885
1759,77,180,0.12083200365304947
1760,78,180,0.12492799758911133
1761,79,180,0.1228799968957901
1762,80,180,0.12185599654912949
1763,81,180,0.11980800330638885
1764,82,180,0.12185599654912949
1765,83,180,0.12185599654912949
1766,84,180,0.12083200365304947
1767,85,180,0.11980800330638885
1768,86,180,0.11980800330638885
1769,87,180,0.12083200365304947
1770,88,180,0.11878400295972824
1771,89,180,0.12697599828243256
1772,90,180,0.12185599654912949
1773,91,180,0.11980800330638885
1774,92,180,0.12083200365304947
1775,93,180,0.11980800330638885
1776,94,180,0.12083200365304947
1777,95,180,0.12185599654912949
1778,96,180,0.11980800330638885
1779,97,180,0.11980800330638885
1780,98,180,0.11980800330638885
1781,99,180,0.11980800330638885
1782,1,190,0.12697599828243256
1783,2,190,0.1228799968957901
1784,3,190,0.12390399724245071
1785,4,190,0.1228799968957901
1786,5,190,0.1228799968957901
1787,6,190,0.12390399724245071
1788,7,190,0.1228799968957901
1789,8,190,0.12185599654912949
1790,9,190,0.12083200365304947
1791,10,190,0.1228799968957901
1792,11,190,0.12390399724245071
1793,12,190,0.12800000607967377
1794,13,190,0.12390399724245071
1795,14,190,0.12185599654912949
1796,15,190,0.12390399724245071
1797,16,190,0.1228799968957901
1798,17,190,0.1228799968957901
1799,18,190,0.12185599654912949
1800,19,190,0.1228799968957901
1801,20,190,0.12185599654912949
1802,21,190,0.12185599654912949
1803,22,190,0.12083200365304947
1804,23,190,0.12800000607967377
1805,24,190,0.13414399325847626
1806,25,190,0.12595200538635254
1807,26,190,0.1228799968957901
1808,27,190,0.12390399724245071
1809,28,190,0.12185599654912949
1810,29,190,0.12390399724245071
1811,30,190,0.12185599654912949
1812,31,190,0.12185599654912949
1813,32,190,0.1228799968957901
1814,33,190,0.1228799968957901
1815,34,190,0.12800000607967377
1816,35,190,0.12390399724245071
1817,36,190,0.12185599654912949
1818,37,190,0.12185599654912949
1819,38,190,0.12390399724245071
1820,39,190,0.1228799968957901
1821,40,190,0.12390399724245071
1822,41,190,0.12390399724245071
1823,42,190,0.1228799968957901
1824,43,190,0.12390399724245071
1825,44,190,0.1228799968957901
1826,45,190,0.12800000607967377
1827,46,190,0.12390399724245071
1828,47,190,0.12492799758911133
1829,48,190,0.12390399724245071
1830,49,190,0.12390399724245071
1831,50,190,0.1228799968957901
1832,51,190,0.1228799968957901
1833,52,190,0.12185599654912949
1834,53,190,0.1228799968957901
1835,54,190,0.12390399724245071
1836,55,190,0.12185599654912949
1837,56,190,0.12800000607967377
1838,57,190,0.12390399724245071
1839,58,190,0.12492799758911133
1840,59,190,0.12390399724245071
1841,60,190,0.12390399724245071
1842,61,190,0.1228799968957901
1843,62,190,0.12083200365304947
1844,63,190,0.1228799968957901
1845,64,190,0.12185599654912949
1846,65,190,0.12697599828243256
1847,66,190,0.12595200538635254
1848,67,190,0.130048006772995
1849,68,190,0.12800000607967377
1850,69,190,0.12800000607967377
1851,70,190,0.12595200538635254
1852,71,190,0.12595200538635254
1853,72,190,0.12492799758911133
1854,73,190,0.12595200538635254
1855,74,190,0.12492799758911133
1856,75,190,0.12595200538635254
1857,76,190,0.12697599828243256
1858,77,190,0.12492799758911133
1859,78,190,0.13209599256515503
1860,79,190,0.12595200538635254
1861,80,190,0.12595200538635254
1862,81,190,0.12697599828243256
1863,82,190,0.12800000607967377
1864,83,190,0.12697599828243256
1865,84,190,0.12492799758911133
1866,85,190,0.12595200538635254
1867,86,190,0.12697599828243256
1868,87,190,0.12697599828243256
1869,88,190,0.12697599828243256
1870,89,190,0.12697599828243256
1871,90,190,0.12390399724245071
1872,91,190,0.12390399724245071
1873,92,190,0.1228799968957901
1874,93,190,0.12390399724245071
1875,94,190,0.12390399724245071
1876,95,190,0.1228799968957901
1877,96,190,0.1228799968957901
1878,97,190,0.12083200365304947
1879,98,190,0.1228799968957901
1880,99,190,0.1228799968957901
1881,1,200,0.1443839967250824
1882,2,200,0.11776000261306763
1883,3,200,0.11878400295972824
1884,4,200,0.11878400295972824
1885,5,200,0.11673600226640701
1886,6,200,0.11776000261306763
1887,7,200,0.11673600226640701
1888,8,200,0.11673600226640701
1889,9,200,0.11776000261306763
1890,10,200,0.11673600226640701
1891,11,200,0.11673600226640701
1892,12,200,0.12185599654912949
1893,13,200,0.1157120019197464
1894,14,200,0.11776000261306763
1895,15,200,0.12492799758911133
1896,16,200,0.11673600226640701
1897,17,200,0.11673600226640701
1898,18,200,0.11673600226640701
1899,19,200,0.1157120019197464
1900,20,200,0.11776000261306763
1901,21,200,0.1157120019197464
1902,22,200,0.1157120019197464
1903,23,200,0.1228799968957901
1904,24,200,0.11878400295972824
1905,25,200,0.11776000261306763
1906,26,200,0.11878400295972824
1907,27,200,0.11673600226640701
1908,28,200,0.11673600226640701
1909,29,200,0.11776000261306763
1910,30,200,0.11776000261306763
1911,31,200,0.11673600226640701
1912,32,200,0.11673600226640701
1913,33,200,0.11776000261306763
1914,34,200,0.1228799968957901
1915,35,200,0.11776000261306763
1916,36,200,0.11673600226640701
1917,37,200,0.1157120019197464
1918,38,200,0.1157120019197464
1919,39,200,0.1157120019197464
1920,40,200,0.11468800157308578
1921,41,200,0.1157120019197464
1922,42,200,0.12697599828243256
1923,43,200,0.11776000261306763
1924,44,200,0.1157120019197464
1925,45,200,0.11878400295972824
1926,46,200,0.11673600226640701
1927,47,200,0.11673600226640701
1928,48,200,0.1157120019197464
1929,49,200,0.11673600226640701
1930,50,200,0.11673600226640701
1931,51,200,0.11673600226640701
1932,52,200,0.1157120019197464
1933,53,200,0.1157120019197464
1934,54,200,0.1157120019197464
1935,55,200,0.1157120019197464
1936,56,200,0.12086399644613266
1937,57,200,0.11878400295972824
1938,58,200,0.11776000261306763
1939,59,200,0.11673600226640701
1940,60,200,0.1157120019197464
1941,61,200,0.12697599828243256
1942,62,200,0.11776000261306763
1943,63,200,0.11673600226640701
1944,64,200,0.11878400295972824
1945,65,200,0.11776000261306763
1946,66,200,0.11673600226640701
1947,67,200,0.1228799968957901
1948,68,200,0.11673600226640701
1949,69,200,0.11673600226640701
1950,70,200,0.1157120019197464
1951,71,200,0.11468800157308578
1952,72,200,0.11468800157308578
1953,73,200,0.11468800157308578
1954,74,200,0.1157120019197464
1955,75,200,0.11776000261306763
1956,76,200,0.1157120019197464
1957,77,200,0.1157120019197464
1958,78,200,0.12185599654912949
1959,79,200,0.11776000261306763
1960,80,200,0.11673600226640701
1961,81,200,0.11673600226640701
1962,82,200,0.11776000261306763
1963,83,200,0.11673600226640701
1964,84,200,0.11673600226640701
1965,85,200,0.1157120019197464
1966,86,200,0.11673600226640701
1967,87,200,0.11776000261306763
1968,88,200,0.11673600226640701
1969,89,200,0.12390399724245071
1970,90,200,0.11776000261306763
1971,91,200,0.11673600226640701
1972,92,200,0.11673600226640701
1973,93,200,0.1157120019197464
1974,94,200,0.11673600226640701
1975,95,200,0.11673600226640701
1976,96,200,0.1157120019197464
1977,97,200,0.11673600226640701
1978,98,200,0.11776000261306763
1979,99,200,0.11673600226640701
1980,1,210,0.13516800105571747
1981,2,210,0.11980800330638885
1982,3,210,0.130048006772995
1983,4,210,0.11878400295972824
1984,5,210,0.11776000261306763
1985,6,210,0.11878400295972824
1986,7,210,0.11878400295972824
1987,8,210,0.11776000261306763
1988,9,210,0.11776000261306763
1989,10,210,0.11878400295972824
1990,11,210,0.11776000261306763
1991,12,210,0.12390399724245071
1992,13,210,0.11980800330638885
1993,14,210,0.12083200365304947
1994,15,210,0.11980800330638885
1995,16,210,0.11878400295972824
1996,17,210,0.11878400295972824
1997,18,210,0.11878400295972824
1998,19,210,0.11776000261306763
1999,20,210,0.11980800330638885
2000,21,210,0.12902399897575378
2001,22,210,0.11878400295972824
2002,23,210,0.1228799968957901
2003,24,210,0.12083200365304947
2004,25,210,0.11776000261306763
2005,26,210,0.11776000261306763
2006,27,210,0.11878400295972824
2007,28,210,0.11980800330638885
2008,29,210,0.11980800330638885
2009,30,210,0.11980800330638885
2010,31,210,0.11980800330638885
2011,32,210,0.11980800330638885
2012,33,210,0.11878400295972824
2013,34,210,0.12390399724245071
2014,35,210,0.11980800330638885
2015,36,210,0.11878400295972824
2016,37,210,0.11878400295972824
2017,38,210,0.11878400295972824
2018,39,210,0.11673600226640701
2019,40,210,0.11878400295972824
2020,41,210,0.11776000261306763
2021,42,210,0.11878400295972824
2022,43,210,0.11776000261306763
2023,44,210,0.11878400295972824
2024,45,210,0.12390399724245071
2025,46,210,0.11980800330638885
2026,47,210,0.11776000261306763
2027,48,210,0.11878400295972824
2028,49,210,0.11878400295972824
2029,50,210,0.11673600226640701
2030,51,210,0.11878400295972824
2031,52,210,0.11878400295972824
2032,53,210,0.11776000261306763
2033,54,210,0.11980800330638885
2034,55,210,0.11980800330638885
2035,56,210,0.1228799968957901
2036,57,210,0.11980800330638885
2037,58,210,0.12083200365304947
2038,59,210,0.11980800330638885
2039,60,210,0.11980800330638885
2040,61,210,0.11980800330638885
2041,62,210,0.11878400295972824
2042,63,210,0.11776000261306763
2043,64,210,0.11776000261306763
2044,65,210,0.11980800330638885
2045,66,210,0.11878400295972824
2046,67,210,0.12390399724245071
2047,68,210,0.11980800330638885
2048,69,210,0.11980800330638885
2049,70,210,0.11878400295972824
2050,71,210,0.11878400295972824
2051,72,210,0.11878400295972824
2052,73,210,0.11980800330638885
2053,74,210,0.11980800330638885
2054,75,210,0.11980800330638885
2055,76,210,0.11878400295972824
2056,77,210,0.11878400295972824
2057,78,210,0.1228799968957901
2058,79,210,0.11980800330638885
2059,80,210,0.11980800330638885
2060,81,210,0.11878400295972824
2061,82,210,0.11776000261306763
2062,83,210,0.11878400295972824
2063,84,210,0.11878400295972824
2064,85,210,0.11878400295972824
2065,86,210,0.11878400295972824
2066,87,210,0.12083200365304947
2067,88,210,0.12083200365304947
2068,89,210,0.12390399724245071
2069,90,210,0.11980800330638885
2070,91,210,0.11878400295972824
2071,92,210,0.11878400295972824
2072,93,210,0.11980800330638885
2073,94,210,0.11878400295972824
2074,95,210,0.11878400295972824
2075,96,210,0.11776000261306763
2076,97,210,0.11878400295972824
2077,98,210,0.11878400295972824
2078,99,210,0.11980800330638885
2079,1,220,0.12390399724245071
2080,2,220,0.12083200365304947
2081,3,220,0.11980800330638885
2082,4,220,0.11878400295972824
2083,5,220,0.11878400295972824
2084,6,220,0.11776000261306763
2085,7,220,0.11878400295972824
2086,8,220,0.11878400295972824
2087,9,220,0.11878400295972824
2088,10,220,0.11673600226640701
2089,11,220,0.11776000261306763
2090,12,220,0.12185599654912949
2091,13,220,0.11776000261306763
2092,14,220,0.13516800105571747
2093,15,220,0.11776000261306763
2094,16,220,0.11776000261306763
2095,17,220,0.11673600226640701
2096,18,220,0.11878400295972824
2097,19,220,0.11673600226640701
2098,20,220,0.11776000261306763
2099,21,220,0.11673600226640701
2100,22,220,0.11673600226640701
2101,23,220,0.1228799968957901
2102,24,220,0.11673600226640701
2103,25,220,0.11878400295972824
2104,26,220,0.11776000261306763
2105,27,220,0.11776000261306763
2106,28,220,0.11673600226640701
2107,29,220,0.1157120019197464
2108,30,220,0.11776000261306763
2109,31,220,0.11673600226640701
2110,32,220,0.11673600226640701
2111,33,220,0.11673600226640701
2112,34,220,0.1228799968957901
2113,35,220,0.11980800330638885
2114,36,220,0.11878400295972824
2115,37,220,0.11673600226640701
2116,38,220,0.11673600226640701
2117,39,220,0.11776000261306763
2118,40,220,0.11673600226640701
2119,41,220,0.11980800330638885
2120,42,220,0.11673600226640701
2121,43,220,0.11776000261306763
2122,44,220,0.11776000261306763
2123,45,220,0.1228799968957901
2124,46,220,0.11878400295972824
2125,47,220,0.130048006772995
2126,48,220,0.11776000261306763
2127,49,220,0.11776000261306763
2128,50,220,0.11878400295972824
2129,51,220,0.11673600226640701
2130,52,220,0.11776000261306763
2131,53,220,0.11673600226640701
2132,54,220,0.11673600226640701
2133,55,220,0.11776000261306763
2134,56,220,0.12185599654912949
2135,57,220,0.11980800330638885
2136,58,220,0.11776000261306763
2137,59,220,0.11980800330638885
2138,60,220,0.11673600226640701
2139,61,220,0.11776000261306763
2140,62,220,0.11878400295972824
2141,63,220,0.11878400295972824
2142,64,220,0.11776000261306763
2143,65,220,0.11878400295972824
2144,66,220,0.11980800330638885
2145,67,220,0.1228799968957901
2146,68,220,0.11776000261306763
2147,69,220,0.11673600226640701
2148,70,220,0.11878400295972824
2149,71,220,0.11776000261306763
2150,72,220,0.11673600226640701
2151,73,220,0.11776000261306763
2152,74,220,0.11673600226640701
2153,75,220,0.11776000261306763
2154,76,220,0.11878400295972824
2155,77,220,0.11673600226640701
2156,78,220,0.12390399724245071
2157,79,220,0.11980800330638885
2158,80,220,0.11878400295972824
2159,81,220,0.11673600226640701
2160,82,220,0.11776000261306763
2161,83,220,0.11776000261306763
2162,84,220,0.11878400295972824
2163,85,220,0.11673600226640701
2164,86,220,0.11673600226640701
2165,87,220,0.11776000261306763
2166,88,220,0.11673600226640701
2167,89,220,0.12185599654912949
2168,90,220,0.11980800330638885
2169,91,220,0.11776000261306763
2170,92,220,0.11878400295972824
2171,93,220,0.11673600226640701
2172,94,220,0.11673600226640701
2173,95,220,0.11878400295972824
2174,96,220,0.11673600226640701
2175,97,220,0.11673600226640701
2176,98,220,0.11776000261306763
2177,99,220,0.130048006772995
2178,1,230,0.1372160017490387
2179,2,230,0.12083200365304947
2180,3,230,0.11980800330638885
2181,4,230,0.11776000261306763
2182,5,230,0.11878400295972824
2183,6,230,0.11878400295972824
2184,7,230,0.11980800330638885
2185,8,230,0.11980800330638885
2186,9,230,0.11980800330638885
2187,10,230,0.11776000261306763
2188,11,230,0.11878400295972824
2189,12,230,0.12492799758911133
2190,13,230,0.12185599654912949
2191,14,230,0.12083200365304947
2192,15,230,0.11980800330638885
2193,16,230,0.13209599256515503
2194,17,230,0.11878400295972824
2195,18,230,0.11878400295972824
2196,19,230,0.11776000261306763
2197,20,230,0.11776000261306763
2198,21,230,0.11776000261306763
2199,22,230,0.11776000261306763
2200,23,230,0.12697599828243256
2201,24,230,0.12185599654912949
2202,25,230,0.12083200365304947
2203,26,230,0.1228799968957901
2204,27,230,0.11980800330638885
2205,28,230,0.12083200365304947
2206,29,230,0.11980800330638885
2207,30,230,0.11878400295972824
2208,31,230,0.11878400295972824
2209,32,230,0.11878400295972824
2210,33,230,0.11980800330638885
2211,34,230,0.12595200538635254
2212,35,230,0.12083200365304947
2213,36,230,0.12083200365304947
2214,37,230,0.13312000036239624
2215,38,230,0.11980800330638885
2216,39,230,0.11878400295972824
2217,40,230,0.11980800330638885
2218,41,230,0.11878400295972824
2219,42,230,0.11878400295972824
2220,43,230,0.11878400295972824
2221,44,230,0.11878400295972824
2222,45,230,0.12390399724245071
2223,46,230,0.11980800330638885
2224,47,230,0.12083200365304947
2225,48,230,0.11878400295972824
2226,49,230,0.12083200365304947
2227,50,230,0.11980800330638885
2228,51,230,0.11878400295972824
2229,52,230,0.11980800330638885
2230,53,230,0.11878400295972824
2231,54,230,0.11878400295972824
2232,55,230,0.11776000261306763
2233,56,230,0.12390399724245071
2234,57,230,0.12083200365304947
2235,58,230,0.12083200365304947
2236,59,230,0.12185599654912949
2237,60,230,0.11980800330638885
2238,61,230,0.11980800330638885
2239,62,230,0.11878400295972824
2240,63,230,0.11980800330638885
2241,64,230,0.11878400295972824
2242,65,230,0.11980800330638885
2243,66,230,0.11878400295972824
2244,67,230,0.12390399724245071
2245,68,230,0.12083200365304947
2246,69,230,0.12492799758911133
2247,70,230,0.1228799968957901
2248,71,230,0.13209599256515503
2249,72,230,0.12185599654912949
2250,73,230,0.12185599654912949
2251,74,230,0.1228799968957901
2252,75,230,0.12185599654912949
2253,76,230,0.12083200365304947
2254,77,230,0.12185599654912949
2255,78,230,0.12697599828243256
2256,79,230,0.12390399724245071
2257,80,230,0.1228799968957901
2258,81,230,0.12185599654912949
2259,82,230,0.12083200365304947
2260,83,230,0.12185599654912949
2261,84,230,0.12185599654912949
2262,85,230,0.12390399724245071
2263,86,230,0.12185599654912949
2264,87,230,0.1228799968957901
2265,88,230,0.12185599654912949
2266,89,230,0.12697599828243256
2267,90,230,0.12492799758911133
2268,91,230,0.12390399724245071
2269,92,230,0.12185599654912949
2270,93,230,0.12083200365304947
2271,94,230,0.12185599654912949
2272,95,230,0.1228799968957901
2273,96,230,0.1228799968957901
2274,97,230,0.1228799968957901
2275,98,230,0.1228799968957901
2276,99,230,0.12083200365304947
2277,1,240,0.14233599603176117
2278,2,240,0.1372160017490387
2279,3,240,0.1372160017490387
2280,4,240,0.1372160017490387
2281,5,240,0.13619199395179749
2282,6,240,0.13619199395179749
2283,7,240,0.13619199395179749
2284,8,240,0.1372160017490387
2285,9,240,0.1372160017490387
2286,10,240,0.1372160017490387
2287,11,240,0.1443839967250824
2288,12,240,0.14233599603176117
2289,13,240,0.13619199395179749
2290,14,240,0.13619199395179749
2291,15,240,0.13619199395179749
2292,16,240,0.13619199395179749
2293,17,240,0.13619199395179749
2294,18,240,0.13619199395179749
2295,19,240,0.13619199395179749
2296,20,240,0.13619199395179749
2297,21,240,0.1382399946451187
2298,22,240,0.1372160017490387
2299,23,240,0.1443839967250824
2300,24,240,0.1382399946451187
2301,25,240,0.1372160017490387
2302,26,240,0.13619199395179749
2303,27,240,0.13516800105571747
2304,28,240,0.13619199395179749
2305,29,240,0.1372160017490387
2306,30,240,0.1372160017490387
2307,31,240,0.13619199395179749
2308,32,240,0.13619199395179749
2309,33,240,0.1372160017490387
2310,34,240,0.14131200313568115
2311,35,240,0.1372160017490387
2312,36,240,0.1372160017490387
2313,37,240,0.1372160017490387
2314,38,240,0.13619199395179749
2315,39,240,0.1372160017490387
2316,40,240,0.1372160017490387
2317,41,240,0.1372160017490387
2318,42,240,0.1372160017490387
2319,43,240,0.13619199395179749
2320,44,240,0.13516800105571747
2321,45,240,0.14131200313568115
2322,46,240,0.13619199395179749
2323,47,240,0.13619199395179749
2324,48,240,0.13619199395179749
2325,49,240,0.1372160017490387
2326,50,240,0.1372160017490387
2327,51,240,0.13619199395179749
2328,52,240,0.13516800105571747
2329,53,240,0.1382399946451187
2330,54,240,0.13516800105571747
2331,55,240,0.13516800105571747
2332,56,240,0.14028799533843994
2333,57,240,0.13209599256515503
2334,58,240,0.13312000036239624
2335,59,240,0.13312000036239624
2336,60,240,0.13312000036239624
2337,61,240,0.13312000036239624
2338,62,240,0.13414399325847626
2339,63,240,0.13312000036239624
2340,64,240,0.13312000036239624
2341,65,240,0.13312000036239624
2342,66,240,0.13414399325847626
2343,67,240,0.1382399946451187
2344,68,240,0.13414399325847626
2345,69,240,0.13312000036239624
2346,70,240,0.13414399325847626
2347,71,240,0.13312000036239624
2348,72,240,0.14233599603176117
2349,73,240,0.13312000036239624
2350,74,240,0.13312000036239624
2351,75,240,0.13209599256515503
2352,76,240,0.13209599256515503
2353,77,240,0.13414399325847626
2354,78,240,0.1382399946451187
2355,79,240,0.13312000036239624
2356,80,240,0.13312000036239624
2357,81,240,0.13312000036239624
2358,82,240,0.13414399325847626
2359,83,240,0.13516800105571747
2360,84,240,0.14131200313568115
2361,85,240,0.13414399325847626
2362,86,240,0.130048006772995
2363,87,240,0.13209599256515503
2364,88,240,0.13312000036239624
2365,89,240,0.1372160017490387
2366,90,240,0.13312000036239624
2367,91,240,0.13516800105571747
2368,92,240,0.13209599256515503
2369,93,240,0.13209599256515503
2370,94,240,0.13209599256515503
2371,95,240,0.13312000036239624
2372,96,240,0.13414399325847626
2373,97,240,0.13312000036239624
2374,98,240,0.13414399325847626
2375,99,240,0.131071999669075
2376,1,250,0.14233599603176117
2377,2,250,0.12902399897575378
2378,3,250,0.12697599828243256
2379,4,250,0.12697599828243256
2380,5,250,0.12697599828243256
2381,6,250,0.12697599828243256
2382,7,250,0.12902399897575378
2383,8,250,0.131071999669075
2384,9,250,0.130048006772995
2385,10,250,0.130048006772995
2386,11,250,0.131071999669075
2387,12,250,0.13516800105571747
2388,13,250,0.131071999669075
2389,14,250,0.131071999669075
2390,15,250,0.130048006772995
2391,16,250,0.131071999669075
2392,17,250,0.131071999669075
2393,18,250,0.13209599256515503
2394,19,250,0.130048006772995
2395,20,250,0.130048006772995
2396,21,250,0.130048006772995
2397,22,250,0.130048006772995
2398,23,250,0.13619199395179749
2399,24,250,0.13312000036239624
2400,25,250,0.131071999669075
2401,26,250,0.131071999669075
2402,27,250,0.130048006772995
2403,28,250,0.13209599256515503
2404,29,250,0.131071999669075
2405,30,250,0.131071999669075
2406,31,250,0.13209599256515503
2407,32,250,0.131071999669075
2408,33,250,0.131071999669075
2409,34,250,0.13516800105571747
2410,35,250,0.131071999669075
2411,36,250,0.130048006772995
2412,37,250,0.13209599256515503
2413,38,250,0.130048006772995
2414,39,250,0.131071999669075
2415,40,250,0.131071999669075
2416,41,250,0.131071999669075
2417,42,250,0.13209599256515503
2418,43,250,0.130048006772995
2419,44,250,0.130048006772995
2420,45,250,0.13414399325847626
2421,46,250,0.12902399897575378
2422,47,250,0.12902399897575378
2423,48,250,0.12902399897575378
2424,49,250,0.12800000607967377
2425,50,250,0.12595200538635254
2426,51,250,0.12800000607967377
2427,52,250,0.12800000607967377
2428,53,250,0.12697599828243256
2429,54,250,0.12697599828243256
2430,55,250,0.12800000607967377
2431,56,250,0.13209599256515503
2432,57,250,0.12902399897575378
2433,58,250,0.12697599828243256
2434,59,250,0.12697599828243256
2435,60,250,0.12697599828243256
2436,61,250,0.12595200538635254
2437,62,250,0.13516800105571747
2438,63,250,0.12902399897575378
2439,64,250,0.12800000607967377
2440,65,250,0.12697599828243256
2441,66,250,0.12595200538635254
2442,67,250,0.13209599256515503
2443,68,250,0.12800000607967377
2444,69,250,0.130048006772995
2445,70,250,0.12697599828243256
2446,71,250,0.12697599828243256
2447,72,250,0.12697599828243256
2448,73,250,0.12800000607967377
2449,74,250,0.12800000607967377
2450,75,250,0.12902399897575378
2451,76,250,0.130048006772995
2452,77,250,0.12697599828243256
2453,78,250,0.13209599256515503
2454,79,250,0.12902399897575378
2455,80,250,0.12800000607967377
2456,81,250,0.12902399897575378
2457,82,250,0.12697599828243256
2458,83,250,0.12800000607967377
2459,84,250,0.12800000607967377
2460,85,250,0.12800000607967377
2461,86,250,0.12697599828243256
2462,87,250,0.12800000607967377
2463,88,250,0.12902399897575378
2464,89,250,0.13312000036239624
2465,90,250,0.12800000607967377
2466,91,250,0.12902399897575378
2467,92,250,0.12800000607967377
2468,93,250,0.12800000607967377
2469,94,250,0.12800000607967377
2470,95,250,0.12595200538635254
2471,96,250,0.12595200538635254
2472,97,250,0.12800000607967377
2473,98,250,0.12697599828243256
2474,99,250,0.12697599828243256
2475,1,260,0.1364160031080246
2476,2,260,0.12003199756145477
2477,3,260,0.1204800009727478
2478,4,260,0.12051200121641159
2479,5,260,0.12099199742078781
2480,6,260,0.12195199728012085
2481,7,260,0.12121599912643433
2482,8,260,0.12009599804878235
2483,9,260,0.11763200163841248
2484,10,260,0.12064000219106674
2485,11,260,0.12041600048542023
2486,12,260,0.12441600114107132
2487,13,260,0.12147200107574463
2488,14,260,0.12086399644613266
2489,15,260,0.12316799908876419
2490,16,260,0.12831999361515045
2491,17,260,0.11939200013875961
2492,18,260,0.1223360002040863
2493,19,260,0.11935999989509583
2494,20,260,0.12028799951076508
2495,21,260,0.11932799965143204
2496,22,260,0.12051200121641159
2497,23,260,0.12611199915409088
2498,24,260,0.12147200107574463
2499,25,260,0.12163200229406357
2500,26,260,0.12060800194740295
2501,27,260,0.12025599926710129
2502,28,260,0.12031999975442886
2503,29,260,0.12057600170373917
2504,30,260,0.12080000340938568
2505,31,260,0.11999999731779099
2506,32,260,0.12064000219106674
2507,33,260,0.12838399410247803
2508,34,260,0.12547199428081512
2509,35,260,0.12284799665212631
2510,36,260,0.1345919966697693
2511,37,260,0.12003199756145477
2512,38,260,0.12201599776744843
2513,39,260,0.12092799693346024
2514,40,260,0.11865600198507309
2515,41,260,0.1181119978427887
2516,42,260,0.11820799857378006
2517,43,260,0.12671999633312225
2518,44,260,0.1207360029220581
2519,45,260,0.1255040019750595
2520,46,260,0.11948800086975098
2521,47,260,0.12156800180673599
2522,48,260,0.12176000326871872
2523,49,260,0.12015999853610992
2524,50,260,0.12387199699878693
2525,51,260,0.12086399644613266
2526,52,260,0.12111999839544296
2527,53,260,0.11907199770212173
2528,54,260,0.1189119964838028
2529,55,260,0.12169600278139114
2530,56,260,0.12422399967908859
2531,57,260,0.12070400267839432
2532,58,260,0.12124799937009811
2533,59,260,0.11961600184440613
2534,60,260,0.12015999853610992
2535,61,260,0.11980800330638885
2536,62,260,0.12041600048542023
2537,63,260,0.11984000355005264
2538,64,260,0.11830399930477142
2539,65,260,0.11939200013875961
2540,66,260,0.11999999731779099
2541,67,260,0.12591999769210815
2542,68,260,0.12223999947309494
2543,69,260,0.12051200121641159
2544,70,260,0.1202239990234375
2545,71,260,0.11952000111341476
2546,72,260,0.11929599940776825
2547,73,260,0.11961600184440613
2548,74,260,0.12086399644613266
2549,75,260,0.1218239963054657
2550,76,260,0.122079998254776
2551,77,260,0.1202239990234375
2552,78,260,0.12505599856376648
2553,79,260,0.12015999853610992
2554,80,260,0.12019199877977371
2555,81,260,0.12172800302505493
2556,82,260,0.12204799801111221
2557,83,260,0.1215360015630722
2558,84,260,0.12198399752378464
2559,85,260,0.11974400281906128
2560,86,260,0.11980800330638885
2561,87,260,0.11964800208806992
2562,88,260,0.12019199877977371
2563,89,260,0.12444800138473511
2564,90,260,0.12060800194740295
2565,91,260,0.12064000219106674
2566,92,260,0.1199679970741272
2567,93,260,0.12025599926710129
2568,94,260,0.1194240003824234
2569,95,260,0.12124799937009811
2570,96,260,0.1212799996137619
2571,97,260,0.12003199756145477
2572,98,260,0.1202239990234375
2573,99,260,0.12105599790811539
2574,1,270,0.12825599312782288
2575,2,270,0.1212799996137619
2576,3,270,0.1218239963054657
2577,4,270,0.11948800086975098
2578,5,270,0.12089599668979645
2579,6,270,0.12163200229406357
2580,7,270,0.1215360015630722
2581,8,270,0.12144000083208084
2582,9,270,0.11974400281906128
2583,10,270,0.12198399752378464
2584,11,270,0.11948800086975098
2585,12,270,0.12572799623012543
2586,13,270,0.12495999783277512
2587,14,270,0.12556800246238708
2588,15,270,0.12540799379348755
2589,16,270,0.1252480000257492
2590,17,270,0.12300799787044525
2591,18,270,0.12518399953842163
2592,19,270,0.12467200309038162
2593,20,270,0.12438400089740753
2594,21,270,0.12399999797344208
2595,22,270,0.12246400117874146
2596,23,270,0.1289599984884262
2597,24,270,0.12703999876976013
2598,25,270,0.12435200065374374
2599,26,270,0.12457600235939026
2600,27,270,0.12358400225639343
2601,28,270,0.12265600264072418
2602,29,270,0.12412799894809723
2603,30,270,0.12358400225639343
2604,31,270,0.12479999661445618
2605,32,270,0.12399999797344208
2606,33,270,0.12479999661445618
2607,34,270,0.12854400277137756
2608,35,270,0.12422399967908859
2609,36,270,0.1249919980764389
2610,37,270,0.1239359974861145
2611,38,270,0.1244800016283989
2612,39,270,0.12236800044775009
2613,40,270,0.12355200201272964
2614,41,270,0.12399999797344208
2615,42,270,0.1244800016283989
2616,43,270,0.1239359974861145
2617,44,270,0.12291199713945389
2618,45,270,0.12918399274349213
2619,46,270,0.1273919939994812
2620,47,270,0.12361600250005722
2621,48,270,0.12319999933242798
2622,49,270,0.12243200093507767
2623,50,270,0.12361600250005722
2624,51,270,0.12697599828243256
2625,52,270,0.12464000284671783
2626,53,270,0.12396799772977829
2627,54,270,0.12300799787044525
2628,55,270,0.12428800016641617
2629,56,270,0.12863999605178833
2630,57,270,0.12556800246238708
2631,58,270,0.12348800152540207
2632,59,270,0.12377600371837616
2633,60,270,0.12188799679279327
2634,61,270,0.12371200323104858
2635,62,270,0.1234240010380745
2636,63,270,0.12441600114107132
2637,64,270,0.12425599992275238
2638,65,270,0.12361600250005722
2639,66,270,0.12352000176906586
2640,67,270,0.12902399897575378
2641,68,270,0.12486399710178375
2642,69,270,0.12371200323104858
2643,70,270,0.12278400361537933
2644,71,270,0.12284799665212631
2645,72,270,0.12390399724245071
2646,73,270,0.12489599734544754
2647,74,270,0.12425599992275238
2648,75,270,0.12256000190973282
2649,76,270,0.12358400225639343
2650,77,270,0.12457600235939026
2651,78,270,0.13132800161838531
2652,79,270,0.12627199292182922
2653,80,270,0.12572799623012543
2654,81,270,0.12483199685811996
2655,82,270,0.12300799787044525
2656,83,270,0.12371200323104858
2657,84,270,0.1257600039243698
2658,85,270,0.12451200187206268
2659,86,270,0.12460800260305405
2660,87,270,0.12508800625801086
2661,88,270,0.12454400211572647
2662,89,270,0.12838399410247803
2663,90,270,0.12585599720478058
2664,91,270,0.12345600128173828
2665,92,270,0.12249600142240524
2666,93,270,0.12230399996042252
2667,94,270,0.12352000176906586
2668,95,270,0.12518399953842163
2669,96,270,0.12422399967908859
2670,97,270,0.12479999661445618
2671,98,270,0.12316799908876419
2672,99,270,0.12057600170373917
2673,1,280,0.13865600526332855
2674,2,280,0.12124799937009811
2675,3,280,0.1194240003824234
2676,4,280,0.12051200121641159
2677,5,280,0.12012799829244614
2678,6,280,0.1191679984331131
2679,7,280,0.12156800180673599
2680,8,280,0.11913599818944931
2681,9,280,0.11875200271606445
2682,10,280,0.1189119964838028
2683,11,280,0.1204800009727478
2684,12,280,0.12671999633312225
2685,13,280,0.12147200107574463
2686,14,280,0.12220799922943115
2687,15,280,0.12249600142240524
2688,16,280,0.1225920021533966
2689,17,280,0.12380799651145935
2690,18,280,0.12361600250005722
2691,19,280,0.12352000176906586
2692,20,280,0.12217599898576736
2693,21,280,0.12252800166606903
2694,22,280,0.1225920021533966
2695,23,280,0.12835200130939484
2696,24,280,0.12319999933242798
2697,25,280,0.12160000205039978
2698,26,280,0.12160000205039978
2699,27,280,0.12281599640846252
2700,28,280,0.1233920007944107
2701,29,280,0.12310399860143661
2702,30,280,0.12268800288438797
2703,31,280,0.12150400131940842
2704,32,280,0.12214399874210358
2705,33,280,0.12275200337171555
2706,34,280,0.1281599998474121
2707,35,280,0.12380799651145935
2708,36,280,0.12240000069141388
2709,37,280,0.12310399860143661
2710,38,280,0.12358400225639343
2711,39,280,0.122079998254776
2712,40,280,0.12284799665212631
2713,41,280,0.12249600142240524
2714,42,280,0.12256000190973282
2715,43,280,0.12326399981975555
2716,44,280,0.12428800016641617
2717,45,280,0.1289920061826706
2718,46,280,0.12390399724245071
2719,47,280,0.12214399874210358
2720,48,280,0.12166400253772736
2721,49,280,0.12188799679279327
2722,50,280,0.12329600006341934
2723,51,280,0.12272000312805176
2724,52,280,0.12089599668979645
2725,53,280,0.12163200229406357
2726,54,280,0.12095999717712402
2727,55,280,0.12121599912643433
2728,56,280,0.12892800569534302
2729,57,280,0.12307199835777283
2730,58,280,0.1236800029873848
2731,59,280,0.12265600264072418
2732,60,280,0.12240000069141388
2733,61,280,0.1223360002040863
2734,62,280,0.1231359988451004
2735,63,280,0.12361600250005722
2736,64,280,0.12348800152540207
2737,65,280,0.12204799801111221
2738,66,280,0.12111999839544296
2739,67,280,0.12758399546146393
2740,68,280,0.12272000312805176
2741,69,280,0.1244800016283989
2742,70,280,0.12191999703645706
2743,71,280,0.12243200093507767
2744,72,280,0.1250240057706833
2745,73,280,0.12355200201272964
2746,74,280,0.12329600006341934
2747,75,280,0.13065600395202637
2748,76,280,0.12169600278139114
2749,77,280,0.1226240023970604
2750,78,280,0.1266240030527115
2751,79,280,0.12089599668979645
2752,80,280,0.12028799951076508
2753,81,280,0.11993599683046341
2754,82,280,0.12044800072908401
2755,83,280,0.1188800036907196
2756,84,280,0.12031999975442886
2757,85,280,0.11913599818944931
2758,86,280,0.11952000111341476
2759,87,280,0.11955200135707855
2760,88,280,0.11980800330638885
2761,89,280,0.12432000041007996
2762,90,280,0.12015999853610992
2763,91,280,0.11952000111341476
2764,92,280,0.12080000340938568
2765,93,280,0.12044800072908401
2766,94,280,0.11993599683046341
2767,95,280,0.11932799965143204
2768,96,280,0.11955200135707855
2769,97,280,0.11923199892044067
2770,98,280,0.11859200149774551
2771,99,280,0.12851199507713318
2772,1,290,0.14441600441932678
2773,2,290,0.12588800489902496
2774,3,290,0.1308480054140091
2775,4,290,0.12969599664211273
2776,5,290,0.12665599584579468
2777,6,290,0.1271360069513321
2778,7,290,0.12646399438381195
2779,8,290,0.12556800246238708
2780,9,290,0.12671999633312225
2781,10,290,0.12835200130939484
2782,11,290,0.12646399438381195
2783,12,290,0.13129599392414093
2784,13,290,0.1276160031557083
2785,14,290,0.1273919939994812
2786,15,290,0.12691199779510498
2787,16,290,0.13446399569511414
2788,17,290,0.12444800138473511
2789,18,290,0.1271360069513321
2790,19,290,0.12566399574279785
2791,20,290,0.12639999389648438
2792,21,290,0.12639999389648438
2793,22,290,0.1263359934091568
2794,23,290,0.13167999684810638
2795,24,290,0.12691199779510498
2796,25,290,0.12636800110340118
2797,26,290,0.12598399817943573
2798,27,290,0.12467200309038162
2799,28,290,0.1263040006160736
2800,29,290,0.12614400684833527
2801,30,290,0.1284160017967224
2802,31,290,0.12851199507713318
2803,32,290,0.12617599964141846
2804,33,290,0.12563200294971466
2805,34,290,0.13232000172138214
2806,35,290,0.13407999277114868
2807,36,290,0.127360001206398
2808,37,290,0.12720000743865967
2809,38,290,0.12652799487113953
2810,39,290,0.1271039992570877
2811,40,290,0.1268800050020218
2812,41,290,0.12569600343704224
2813,42,290,0.12624000012874603
2814,43,290,0.12707200646400452
2815,44,290,0.12643200159072876
2816,45,290,0.1303360015153885
2817,46,290,0.12723200023174286
2818,47,290,0.12591999769210815
2819,48,290,0.12643200159072876
2820,49,290,0.12729600071907043
2821,50,290,0.12678399682044983
2822,51,290,0.12531200051307678
2823,52,290,0.12566399574279785
2824,53,290,0.12652799487113953
2825,54,290,0.12691199779510498
2826,55,290,0.12588800489902496
2827,56,290,0.1300159990787506
2828,57,290,0.12742400169372559
2829,58,290,0.12723200023174286
2830,59,290,0.12876799702644348
2831,60,290,0.1255040019750595
2832,61,290,0.12563200294971466
2833,62,290,0.12700800597667694
2834,63,290,0.12572799623012543
2835,64,290,0.1265600025653839
2836,65,290,0.125791996717453
2837,66,290,0.12614400684833527
2838,67,290,0.13145600259304047
2839,68,290,0.12857599556446075
2840,69,290,0.12742400169372559
2841,70,290,0.12883199751377106
2842,71,290,0.12547199428081512
2843,72,290,0.12588800489902496
2844,73,290,0.1268800050020218
2845,74,290,0.12700800597667694
2846,75,290,0.125791996717453
2847,76,290,0.12531200051307678
2848,77,290,0.12460800260305405
2849,78,290,0.12985600531101227
2850,79,290,0.12665599584579468
2851,80,290,0.12595200538635254
2852,81,290,0.1281919926404953
2853,82,290,0.12639999389648438
2854,83,290,0.12595200538635254
2855,84,290,0.1252480000257492
2856,85,290,0.12479999661445618
2857,86,290,0.12748800218105316
2858,87,290,0.12620800733566284
2859,88,290,0.1268160045146942
2860,89,290,0.13068799674510956
2861,90,290,0.12559999525547028
2862,91,290,0.12671999633312225
2863,92,290,0.12755200266838074
2864,93,290,0.12751999497413635
2865,94,290,0.1271360069513321
2866,95,290,0.125791996717453
2867,96,290,0.12611199915409088
2868,97,290,0.1271039992570877
2869,98,290,0.12643200159072876
2870,99,290,0.12748800218105316
2871,1,300,0.12969599664211273
2872,2,300,0.1260800063610077
2873,3,300,0.12678399682044983
2874,4,300,0.12639999389648438
2875,5,300,0.12435200065374374
2876,6,300,0.12406399846076965
2877,7,300,0.12281599640846252
2878,8,300,0.12294399738311768
2879,9,300,0.12355200201272964
2880,10,300,0.12511999905109406
2881,11,300,0.12361600250005722
2882,12,300,0.12851199507713318
2883,13,300,0.12415999919176102
2884,14,300,0.12457600235939026
2885,15,300,0.1260479986667633
2886,16,300,0.12476799637079239
2887,17,300,0.12268800288438797
2888,18,300,0.12300799787044525
2889,19,300,0.12492799758911133
2890,20,300,0.12495999783277512
2891,21,300,0.12457600235939026
2892,22,300,0.1244800016283989
2893,23,300,0.12742400169372559
2894,24,300,0.12515200674533844
2895,25,300,0.12425599992275238
2896,26,300,0.12457600235939026
2897,27,300,0.12508800625801086
2898,28,300,0.12358400225639343
2899,29,300,0.12476799637079239
2900,30,300,0.12406399846076965
2901,31,300,0.12387199699878693
2902,32,300,0.12361600250005722
2903,33,300,0.12307199835777283
2904,34,300,0.13817599415779114
2905,35,300,0.12432000041007996
2906,36,300,0.1268479973077774
2907,37,300,0.1249919980764389
2908,38,300,0.12297599762678146
2909,39,300,0.1258240044116974
2910,40,300,0.1252480000257492
2911,41,300,0.13478399813175201
2912,42,300,0.12476799637079239
2913,43,300,0.12412799894809723
2914,44,300,0.12387199699878693
2915,45,300,0.1276800036430359
2916,46,300,0.12460800260305405
2917,47,300,0.12303999811410904
2918,48,300,0.12422399967908859
2919,49,300,0.12336000055074692
2920,50,300,0.12281599640846252
2921,51,300,0.12432000041007996
2922,52,300,0.12396799772977829
2923,53,300,0.12377600371837616
2924,54,300,0.1249919980764389
2925,55,300,0.12364800274372101
2926,56,300,0.1279039978981018
2927,57,300,0.1244800016283989
2928,58,300,0.1244800016283989
2929,59,300,0.1236800029873848
2930,60,300,0.12275200337171555
2931,61,300,0.12281599640846252
2932,62,300,0.1241919994354248
2933,63,300,0.1233920007944107
2934,64,300,0.12476799637079239
2935,65,300,0.12265600264072418
2936,66,300,0.12191999703645706
2937,67,300,0.1276479959487915
2938,68,300,0.12665599584579468
2939,69,300,0.1255040019750595
2940,70,300,0.12303999811410904
2941,71,300,0.12403199821710587
2942,72,300,0.12348800152540207
2943,73,300,0.1249919980764389
2944,74,300,0.1260479986667633
2945,75,300,0.12352000176906586
2946,76,300,0.12425599992275238
2947,77,300,0.12336000055074692
2948,78,300,0.1265919953584671
2949,79,300,0.12387199699878693
2950,80,300,0.1252799928188324
2951,81,300,0.12336000055074692
2952,82,300,0.12380799651145935
2953,83,300,0.12236800044775009
2954,84,300,0.12598399817943573
2955,85,300,0.1250240057706833
2956,86,300,0.12460800260305405
2957,87,300,0.12444800138473511
2958,88,300,0.12415999919176102
2959,89,300,0.12777599692344666
2960,90,300,0.1249919980764389
2961,91,300,0.12451200187206268
2962,92,300,0.12297599762678146
2963,93,300,0.12432000041007996
2964,94,300,0.12383999675512314
2965,95,300,0.12377600371837616
2966,96,300,0.1279039978981018
2967,97,300,0.12697599828243256
2968,98,300,0.1265919953584671
2969,99,300,0.12678399682044983
2970,1,310,0.15423999726772308
2971,2,310,0.13603200018405914
2972,3,310,0.13603200018405914
2973,4,310,0.1350719928741455
2974,5,310,0.13446399569511414
2975,6,310,0.13433599472045898
2976,7,310,0.1363839954137802
2977,8,310,0.13596799969673157
2978,9,310,0.13443200290203094
2979,10,310,0.13519999384880066
2980,11,310,0.1350719928741455
2981,12,310,0.1395840048789978
2982,13,310,0.13648000359535217
2983,14,310,0.13504000008106232
2984,15,310,0.13385599851608276
2985,16,310,0.1350719928741455
2986,17,310,0.13571199774742126
2987,18,310,0.133760005235672
2988,19,310,0.1356160044670105
2989,20,310,0.13593600690364838
2990,21,310,0.13529600203037262
2991,22,310,0.13439999520778656
2992,23,310,0.13971200585365295
2993,24,310,0.13366399705410004
2994,25,310,0.13609600067138672
2995,26,310,0.13411200046539307
2996,27,310,0.13548800349235535
2997,28,310,0.13356800377368927
2998,29,310,0.13519999384880066
2999,30,310,0.1343040019273758
3000,31,310,0.1340160071849823
3001,32,310,0.13625599443912506
3002,33,310,0.13711999356746674
3003,34,310,0.137472003698349
3004,35,310,0.13391999900341034
3005,36,310,0.1321599930524826
3006,37,310,0.13257600367069244
3007,38,310,0.1319040060043335
3008,39,310,0.13142399489879608
3009,40,310,0.13283200562000275
3010,41,310,0.1324480026960373
3011,42,310,0.13036799430847168
3012,43,310,0.13289600610733032
3013,44,310,0.13228799402713776
3014,45,310,0.13526399433612823
3015,46,310,0.1326719969511032
3016,47,310,0.13174399733543396
3017,48,310,0.13123199343681335
3018,49,310,0.1308480054140091
3019,50,310,0.13171200454235077
3020,51,310,0.13145600259304047
3021,52,310,0.13072000443935394
3022,53,310,0.13043199479579926
3023,54,310,0.1313920021057129
3024,55,310,0.13312000036239624
3025,56,310,0.13737599551677704
3026,57,310,0.13363200426101685
3027,58,310,0.13222399353981018
3028,59,310,0.13100799918174744
3029,60,310,0.13247999548912048
3030,61,310,0.131071999669075
3031,62,310,0.1327359974384308
3032,63,310,0.13126400113105774
3033,64,310,0.13142399489879608
3034,65,310,0.1321599930524826
3035,66,310,0.1324480026960373
3036,67,310,0.13635200262069702
3037,68,310,0.14220799505710602
3038,69,310,0.13126400113105774
3039,70,310,0.13116799294948578
3040,71,310,0.1305599957704544
3041,72,310,0.13065600395202637
3042,73,310,0.13225600123405457
3043,74,310,0.13199999928474426
3044,75,310,0.13302400708198547
3045,76,310,0.1302720010280609
3046,77,310,0.13203200697898865
3047,78,310,0.13600000739097595
3048,79,310,0.13075199723243713
3049,80,310,0.1324159950017929
3050,81,310,0.1398719996213913
3051,82,310,0.13209599256515503
3052,83,310,0.13043199479579926
3053,84,310,0.13286399841308594
3054,85,310,0.13318400084972382
3055,86,310,0.13072000443935394
3056,87,310,0.1300159990787506
3057,88,310,0.13433599472045898
3058,89,310,0.13737599551677704
3059,90,310,0.13279999792575836
3060,91,310,0.1319359987974167
3061,92,310,0.13228799402713776
3062,93,310,0.13235199451446533
3063,94,310,0.13158400356769562
3064,95,310,0.13254399597644806
3065,96,310,0.13228799402713776
3066,97,310,0.1316480040550232
3067,98,310,0.13091200590133667
3068,99,310,0.13167999684810638
3069,1,320,0.15324799716472626
3070,2,320,0.13891200721263885
3071,3,320,0.1369599997997284
3072,4,320,0.1369280070066452
3073,5,320,0.13680000603199005
3074,6,320,0.13811199367046356
3075,7,320,0.13600000739097595
3076,8,320,0.1382399946451187
3077,9,320,0.13686400651931763
3078,10,320,0.13600000739097595
3079,11,320,0.1369280070066452
3080,12,320,0.14281600713729858
3081,13,320,0.13731199502944946
3082,14,320,0.14140799641609192
3083,15,320,0.13785600662231445
3084,16,320,0.13740800321102142
3085,17,320,0.1364160031080246
3086,18,320,0.13753600418567657
3087,19,320,0.13628800213336945
3088,20,320,0.13574400544166565
3089,21,320,0.1388159990310669
3090,22,320,0.13964800536632538
3091,23,320,0.14176000654697418
3092,24,320,0.13795199990272522
3093,25,320,0.13840000331401825
3094,26,320,0.1367039978504181
3095,27,320,0.1366720050573349
3096,28,320,0.13769599795341492
3097,29,320,0.13654400408267975
3098,30,320,0.135903999209404
3099,31,320,0.1372479945421219
3100,32,320,0.13651199638843536
3101,33,320,0.13580800592899323
3102,34,320,0.1409280002117157
3103,35,320,0.13660800457000732
3104,36,320,0.1358720064163208
3105,37,320,0.137472003698349
3106,38,320,0.13683199882507324
3107,39,320,0.13580800592899323
3108,40,320,0.1372479945421219
3109,41,320,0.13865600526332855
3110,42,320,0.13782399892807007
3111,43,320,0.1369280070066452
3112,44,320,0.1364160031080246
3113,45,320,0.1417279988527298
3114,46,320,0.14022399485111237
3115,47,320,0.13689599931240082
3116,48,320,0.13900800049304962
3117,49,320,0.13756799697875977
3118,50,320,0.13583999872207642
3119,51,320,0.13689599931240082
3120,52,320,0.13654400408267975
3121,53,320,0.13875199854373932
3122,54,320,0.13820800185203552
3123,55,320,0.13737599551677704
3124,56,320,0.1406719982624054
3125,57,320,0.1385599970817566
3126,58,320,0.13769599795341492
3127,59,320,0.13731199502944946
3128,60,320,0.1406400054693222
3129,61,320,0.14047999680042267
3130,62,320,0.14003199338912964
3131,63,320,0.1398719996213913
3132,64,320,0.1404159963130951
3133,65,320,0.1391039937734604
3134,66,320,0.14025600254535675
3135,67,320,0.14444799721240997
3136,68,320,0.1401280015707016
3137,69,320,0.14230400323867798
3138,70,320,0.14028799533843994
3139,71,320,0.14044800400733948
3140,72,320,0.14150400459766388
3141,73,320,0.13900800049304962
3142,74,320,0.14140799641609192
3143,75,320,0.14051200449466705
3144,76,320,0.14073599874973297
3145,77,320,0.1382720023393631
3146,78,320,0.14444799721240997
3147,79,320,0.141184002161026
3148,80,320,0.1425279974937439
3149,81,320,0.14076800644397736
3150,82,320,0.1398719996213913
3151,83,320,0.1424960047006607
3152,84,320,0.14185599982738495
3153,85,320,0.14127999544143677
3154,86,320,0.1417279988527298
3155,87,320,0.13868799805641174
3156,88,320,0.1398719996213913
3157,89,320,0.1422719955444336
3158,90,320,0.13760000467300415
3159,91,320,0.13894400000572205
3160,92,320,0.1377280056476593
3161,93,320,0.13792000710964203
3162,94,320,0.13743999600410461
3163,95,320,0.13872000575065613
3164,96,320,0.13689599931240082
3165,97,320,0.13609600067138672
3166,98,320,0.1383039951324463
3167,99,320,0.1382720023393631
3168,1,330,0.13648000359535217
3169,2,330,0.12236800044775009
3170,3,330,0.12060800194740295
3171,4,330,0.12140800058841705
3172,5,330,0.12108799815177917
3173,6,330,0.12060800194740295
3174,7,330,0.12118399888277054
3175,8,330,0.12156800180673599
3176,9,330,0.12236800044775009
3177,10,330,0.1223360002040863
3178,11,330,0.12086399644613266
3179,12,330,0.12598399817943573
3180,13,330,0.12319999933242798
3181,14,330,0.12144000083208084
3182,15,330,0.12284799665212631
3183,16,330,0.12240000069141388
3184,17,330,0.12015999853610992
3185,18,330,0.11961600184440613
3186,19,330,0.11945600062608719
3187,20,330,0.12166400253772736
3188,21,330,0.12111999839544296
3189,22,330,0.12163200229406357
3190,23,330,0.12588800489902496
3191,24,330,0.1204800009727478
3192,25,330,0.1218239963054657
3193,26,330,0.12268800288438797
3194,27,330,0.12281599640846252
3195,28,330,0.13129599392414093
3196,29,330,0.12060800194740295
3197,30,330,0.11823999881744385
3198,31,330,0.1196800023317337
3199,32,330,0.12067200243473053
3200,33,330,0.12041600048542023
3201,34,330,0.12614400684833527
3202,35,330,0.12118399888277054
3203,36,330,0.12160000205039978
3204,37,330,0.12191999703645706
3205,38,330,0.12108799815177917
3206,39,330,0.12336000055074692
3207,40,330,0.12284799665212631
3208,41,330,0.12492799758911133
3209,42,330,0.12319999933242798
3210,43,330,0.12383999675512314
3211,44,330,0.12300799787044525
3212,45,330,0.1265600025653839
3213,46,330,0.12198399752378464
3214,47,330,0.12118399888277054
3215,48,330,0.11952000111341476
3216,49,330,0.12035199999809265
3217,50,330,0.12054400146007538
3218,51,330,0.12067200243473053
3219,52,330,0.12060800194740295
3220,53,330,0.12147200107574463
3221,54,330,0.12147200107574463
3222,55,330,0.11987199634313583
3223,56,330,0.12464000284671783
3224,57,330,0.12169600278139114
3225,58,330,0.1207680031657219
3226,59,330,0.12518399953842163
3227,60,330,0.12230399996042252
3228,61,330,0.12246400117874146
3229,62,330,0.12428800016641617
3230,63,330,0.12425599992275238
3231,64,330,0.12425599992275238
3232,65,330,0.12460800260305405
3233,66,330,0.1218239963054657
3234,67,330,0.12809599936008453
3235,68,330,0.12511999905109406
3236,69,330,0.12352000176906586
3237,70,330,0.12352000176906586
3238,71,330,0.1236800029873848
3239,72,330,0.12326399981975555
3240,73,330,0.12521600723266602
3241,74,330,0.12643200159072876
3242,75,330,0.12399999797344208
3243,76,330,0.1223360002040863
3244,77,330,0.12441600114107132
3245,78,330,0.12838399410247803
3246,79,330,0.12281599640846252
3247,80,330,0.12358400225639343
3248,81,330,0.12464000284671783
3249,82,330,0.12624000012874603
3250,83,330,0.12464000284671783
3251,84,330,0.1247360035777092
3252,85,330,0.12319999933242798
3253,86,330,0.1225920021533966
3254,87,330,0.12617599964141846
3255,88,330,0.12361600250005722
3256,89,330,0.1287360042333603
3257,90,330,0.12486399710178375
3258,91,330,0.12390399724245071
3259,92,330,0.12428800016641617
3260,93,330,0.12432000041007996
3261,94,330,0.12297599762678146
3262,95,330,0.12492799758911133
3263,96,330,0.12316799908876419
3264,97,330,0.1241919994354248
3265,98,330,0.12256000190973282
3266,99,330,0.1225920021533966
3267,1,340,0.1443839967250824
3268,2,340,0.1265919953584671
3269,3,340,0.1244800016283989
3270,4,340,0.12352000176906586
3271,5,340,0.12505599856376648
3272,6,340,0.13551999628543854
3273,7,340,0.12479999661445618
3274,8,340,0.1255040019750595
3275,9,340,0.12521600723266602
3276,10,340,0.12476799637079239
3277,11,340,0.12511999905109406
3278,12,340,0.1300159990787506
3279,13,340,0.1260800063610077
3280,14,340,0.12598399817943573
3281,15,340,0.12464000284671783
3282,16,340,0.12278400361537933
3283,17,340,0.12300799787044525
3284,18,340,0.1257600039243698
3285,19,340,0.12412799894809723
3286,20,340,0.12307199835777283
3287,21,340,0.12348800152540207
3288,22,340,0.12479999661445618
3289,23,340,0.12972800433635712
3290,24,340,0.1257600039243698
3291,25,340,0.12428800016641617
3292,26,340,0.12511999905109406
3293,27,340,0.12585599720478058
3294,28,340,0.12492799758911133
3295,29,340,0.12415999919176102
3296,30,340,0.1249919980764389
3297,31,340,0.13337600231170654
3298,32,340,0.1239359974861145
3299,33,340,0.12428800016641617
3300,34,340,0.12905600666999817
3301,35,340,0.12483199685811996
3302,36,340,0.12355200201272964
3303,37,340,0.13728000223636627
3304,38,340,0.12678399682044983
3305,39,340,0.12639999389648438
3306,40,340,0.1250240057706833
3307,41,340,0.12316799908876419
3308,42,340,0.12204799801111221
3309,43,340,0.12201599776744843
3310,44,340,0.12297599762678146
3311,45,340,0.12591999769210815
3312,46,340,0.12297599762678146
3313,47,340,0.12188799679279327
3314,48,340,0.12160000205039978
3315,49,340,0.1228799968957901
3316,50,340,0.12211199849843979
3317,51,340,0.122079998254776
3318,52,340,0.12147200107574463
3319,53,340,0.12256000190973282
3320,54,340,0.12300799787044525
3321,55,340,0.122079998254776
3322,56,340,0.12614400684833527
3323,57,340,0.12268800288438797
3324,58,340,0.12265600264072418
3325,59,340,0.12137600034475327
3326,60,340,0.12191999703645706
3327,61,340,0.12086399644613266
3328,62,340,0.1215360015630722
3329,63,340,0.12352000176906586
3330,64,340,0.12220799922943115
3331,65,340,0.1225920021533966
3332,66,340,0.12124799937009811
3333,67,340,0.1265919953584671
3334,68,340,0.12511999905109406
3335,69,340,0.12345600128173828
3336,70,340,0.12374400347471237
3337,71,340,0.12179200351238251
3338,72,340,0.1207680031657219
3339,73,340,0.12240000069141388
3340,74,340,0.12111999839544296
3341,75,340,0.12230399996042252
3342,76,340,0.12230399996042252
3343,77,340,0.12115199863910675
3344,78,340,0.12758399546146393
3345,79,340,0.12236800044775009
3346,80,340,0.12195199728012085
3347,81,340,0.1218239963054657
3348,82,340,0.12092799693346024
3349,83,340,0.12316799908876419
3350,84,340,0.12240000069141388
3351,85,340,0.12083200365304947
3352,86,340,0.12201599776744843
3353,87,340,0.12057600170373917
3354,88,340,0.12003199756145477
3355,89,340,0.1263040006160736
3356,90,340,0.12121599912643433
3357,91,340,0.12121599912643433
3358,92,340,0.12086399644613266
3359,93,340,0.1210239976644516
3360,94,340,0.12252800166606903
3361,95,340,0.1226240023970604
3362,96,340,0.12310399860143661
3363,97,340,0.11958400160074234
3364,98,340,0.12099199742078781
3365,99,340,0.12121599912643433
3366,1,350,0.13574400544166565
3367,2,350,0.1327040046453476
3368,3,350,0.13155199587345123
3369,4,350,0.13232000172138214
3370,5,350,0.1303039938211441
3371,6,350,0.12966400384902954
3372,7,350,0.13155199587345123
3373,8,350,0.13072000443935394
3374,9,350,0.12902399897575378
3375,10,350,0.12876799702644348
3376,11,350,0.12751999497413635
3377,12,350,0.13497599959373474
3378,13,350,0.13087999820709229
3379,14,350,0.1305599957704544
3380,15,350,0.13180799782276154
3381,16,350,0.1303360015153885
3382,17,350,0.12931199371814728
3383,18,350,0.13078400492668152
3384,19,350,0.1305599957704544
3385,20,350,0.12915199995040894
3386,21,350,0.12886400520801544
3387,22,350,0.12969599664211273
3388,23,350,0.13417600095272064
3389,24,350,0.13065600395202637
3390,25,350,0.1318719983100891
3391,26,350,0.13129599392414093
3392,27,350,0.12947200238704681
3393,28,350,0.12848000228405
3394,29,350,0.13209599256515503
3395,30,350,0.13040000200271606
3396,31,350,0.12950399518013
3397,32,350,0.12947200238704681
3398,33,350,0.12947200238704681
3399,34,350,0.13449600338935852
3400,35,350,0.13145600259304047
3401,36,350,0.1305920034646988
3402,37,350,0.13132800161838531
3403,38,350,0.13036799430847168
3404,39,350,0.12947200238704681
3405,40,350,0.130048006772995
3406,41,350,0.13017599284648895
3407,42,350,0.13020800054073334
3408,43,350,0.12905600666999817
3409,44,350,0.13011200726032257
3410,45,350,0.13523200154304504
3411,46,350,0.1329600065946579
3412,47,350,0.13209599256515503
3413,48,350,0.1305599957704544
3414,49,350,0.13007999956607819
3415,50,350,0.130048006772995
3416,51,350,0.1297920048236847
3417,52,350,0.13897599279880524
3418,53,350,0.13017599284648895
3419,54,350,0.13087999820709229
3420,55,350,0.13043199479579926
3421,56,350,0.13471999764442444
3422,57,350,0.13152000308036804
3423,58,350,0.133215993642807
3424,59,350,0.13203200697898865
3425,60,350,0.1305599957704544
3426,61,350,0.12969599664211273
3427,62,350,0.13087999820709229
3428,63,350,0.13072000443935394
3429,64,350,0.12860800325870514
3430,65,350,0.1311040073633194
3431,66,350,0.13359999656677246
3432,67,350,0.1355839967727661
3433,68,350,0.1313920021057129
3434,69,350,0.13072000443935394
3435,70,350,0.13043199479579926
3436,71,350,0.14214399456977844
3437,72,350,0.12966400384902954
3438,73,350,0.12988799810409546
3439,74,350,0.13072000443935394
3440,75,350,0.12966400384902954
3441,76,350,0.12982399761676788
3442,77,350,0.12963199615478516
3443,78,350,0.13673600554466248
3444,79,350,0.13116799294948578
3445,80,350,0.1305599957704544
3446,81,350,0.13152000308036804
3447,82,350,0.13020800054073334
3448,83,350,0.12905600666999817
3449,84,350,0.1329919993877411
3450,85,350,0.13123199343681335
3451,86,350,0.12963199615478516
3452,87,350,0.12982399761676788
3453,88,350,0.12912000715732574
3454,89,350,0.13631999492645264
3455,90,350,0.13359999656677246
3456,91,350,0.12985600531101227
3457,92,350,0.13142399489879608
3458,93,350,0.13011200726032257
3459,94,350,0.13020800054073334
3460,95,350,0.1308159977197647
3461,96,350,0.13065600395202637
3462,97,350,0.13116799294948578
3463,98,350,0.13123199343681335
3464,99,350,0.13152000308036804
3465,1,360,0.1517760008573532
3466,2,360,0.1390720009803772
3467,3,360,0.13686400651931763
3468,4,360,0.13680000603199005
3469,5,360,0.13817599415779114
3470,6,360,0.13635200262069702
3471,7,360,0.13625599443912506
3472,8,360,0.13763199746608734
3473,9,360,0.1371839940547943
3474,10,360,0.1375039964914322
3475,11,360,0.13683199882507324
3476,12,360,0.1416960060596466
3477,13,360,0.13811199367046356
3478,14,360,0.13740800321102142
3479,15,360,0.13619199395179749
3480,16,360,0.1369599997997284
3481,17,360,0.13577599823474884
3482,18,360,0.13555200397968292
3483,19,360,0.13728000223636627
3484,20,360,0.13657599687576294
3485,21,360,0.135903999209404
3486,22,360,0.13859200477600098
3487,23,360,0.1417279988527298
3488,24,360,0.13779200613498688
3489,25,360,0.13753600418567657
3490,26,360,0.13731199502944946
3491,27,360,0.13833600282669067
3492,28,360,0.13769599795341492
3493,29,360,0.13660800457000732
3494,30,360,0.13849599659442902
3495,31,360,0.13868799805641174
3496,32,360,0.13705599308013916
3497,33,360,0.13676799833774567
3498,34,360,0.13964800536632538
3499,35,360,0.13491199910640717
3500,36,360,0.13363200426101685
3501,37,360,0.14454400539398193
3502,38,360,0.13475200533866882
3503,39,360,0.1334719955921173
3504,40,360,0.13388800621032715
3505,41,360,0.1351040005683899
3506,42,360,0.13369600474834442
3507,43,360,0.13382400572299957
3508,44,360,0.13420799374580383
3509,45,360,0.14137600362300873
3510,46,360,0.13929599523544312
3511,47,360,0.13683199882507324
3512,48,360,0.13631999492645264
3513,49,360,0.13711999356746674
3514,50,360,0.13868799805641174
3515,51,360,0.13631999492645264
3516,52,360,0.13673600554466248
3517,53,360,0.1372479945421219
3518,54,360,0.13631999492645264
3519,55,360,0.13657599687576294
3520,56,360,0.14336000382900238
3521,57,360,0.13868799805641174
3522,58,360,0.13795199990272522
3523,59,360,0.13760000467300415
3524,60,360,0.1385599970817566
3525,61,360,0.13782399892807007
3526,62,360,0.13865600526332855
3527,63,360,0.13702400028705597
3528,64,360,0.1355839967727661
3529,65,360,0.1363839954137802
3530,66,360,0.13820800185203552
3531,67,360,0.1425279974937439
3532,68,360,0.13920000195503235
3533,69,360,0.13673600554466248
3534,70,360,0.13743999600410461
3535,71,360,0.1369280070066452
3536,72,360,0.13676799833774567
3537,73,360,0.13680000603199005
3538,74,360,0.1358720064163208
3539,75,360,0.13577599823474884
3540,76,360,0.1371839940547943
3541,77,360,0.13782399892807007
3542,78,360,0.14006400108337402
3543,79,360,0.13465599715709686
3544,80,360,0.1348479986190796
3545,81,360,0.13504000008106232
3546,82,360,0.1348160058259964
3547,83,360,0.13465599715709686
3548,84,360,0.13462400436401367
3549,85,360,0.13551999628543854
3550,86,360,0.13395200669765472
3551,87,360,0.13436800241470337
3552,88,360,0.13439999520778656
3553,89,360,0.13916799426078796
3554,90,360,0.13545599579811096
3555,91,360,0.13609600067138672
3556,92,360,0.13359999656677246
3557,93,360,0.13363200426101685
3558,94,360,0.1345279961824417
3559,95,360,0.13436800241470337
3560,96,360,0.1340160071849823
3561,97,360,0.13462400436401367
3562,98,360,0.13497599959373474
3563,99,360,0.1345600038766861
3564,1,370,0.15596799552440643
3565,2,370,0.1385280042886734
3566,3,370,0.1372479945421219
3567,4,370,0.13945600390434265
3568,5,370,0.1390399932861328
3569,6,370,0.13817599415779114
3570,7,370,0.1390399932861328
3571,8,370,0.13859200477600098
3572,9,370,0.1371839940547943
3573,10,370,0.13843199610710144
3574,11,370,0.14070400595664978
3575,12,370,0.1430719941854477
3576,13,370,0.13872000575065613
3577,14,370,0.1380160003900528
3578,15,370,0.1443839967250824
3579,16,370,0.14192000031471252
3580,17,370,0.14163200557231903
3581,18,370,0.14239999651908875
3582,19,370,0.14214399456977844
3583,20,370,0.14150400459766388
3584,21,370,0.1422400027513504
3585,22,370,0.1409280002117157
3586,23,370,0.14473600685596466
3587,24,370,0.1403840035200119
3588,25,370,0.1391039937734604
3589,26,370,0.13872000575065613
3590,27,370,0.1393599957227707
3591,28,370,0.13865600526332855
3592,29,370,0.141184002161026
3593,30,370,0.1390720009803772
3594,31,370,0.1388159990310669
3595,32,370,0.13743999600410461
3596,33,370,0.13846400380134583
3597,34,370,0.14361600577831268
3598,35,370,0.14102399349212646
3599,36,370,0.13756799697875977
3600,37,370,0.13705599308013916
3601,38,370,0.13785600662231445
3602,39,370,0.1388159990310669
3603,40,370,0.13657599687576294
3604,41,370,0.13942399621009827
3605,42,370,0.13779200613498688
3606,43,370,0.13920000195503235
3607,44,370,0.13868799805641174
3608,45,370,0.143327996134758
3609,46,370,0.13977600634098053
3610,47,370,0.14643199741840363
3611,48,370,0.13964800536632538
3612,49,370,0.14076800644397736
3613,50,370,0.1406400054693222
3614,51,370,0.14105600118637085
3615,52,370,0.13897599279880524
3616,53,370,0.1391039937734604
3617,54,370,0.1377599984407425
3618,55,370,0.1382720023393631
3619,56,370,0.14291200041770935
3620,57,370,0.13859200477600098
3621,58,370,0.1388159990310669
3622,59,370,0.13900800049304962
3623,60,370,0.13952000439167023
3624,61,370,0.13939200341701508
3625,62,370,0.13843199610710144
3626,63,370,0.13996799290180206
3627,64,370,0.13891200721263885
3628,65,370,0.13795199990272522
3629,66,370,0.14000000059604645
3630,67,370,0.14214399456977844
3631,68,370,0.14032000303268433
3632,69,370,0.13817599415779114
3633,70,370,0.138047993183136
3634,71,370,0.13923199474811554
3635,72,370,0.14364799857139587
3636,73,370,0.13920000195503235
3637,74,370,0.13846400380134583
3638,75,370,0.13686400651931763
3639,76,370,0.13686400651931763
3640,77,370,0.13817599415779114
3641,78,370,0.15379199385643005
3642,79,370,0.14044800400733948
3643,80,370,0.13859200477600098
3644,81,370,0.14000000059604645
3645,82,370,0.1382720023393631
3646,83,370,0.1382720023393631
3647,84,370,0.1393280029296875
3648,85,370,0.13923199474811554
3649,86,370,0.13843199610710144
3650,87,370,0.13760000467300415
3651,88,370,0.13795199990272522
3652,89,370,0.14262400567531586
3653,90,370,0.13955199718475342
3654,91,370,0.13894400000572205
3655,92,370,0.1382720023393631
3656,93,370,0.13846400380134583
3657,94,370,0.13894400000572205
3658,95,370,0.1401280015707016
3659,96,370,0.1387840062379837
3660,97,370,0.14457599818706512
3661,98,370,0.13865600526332855
3662,99,370,0.13862399756908417
3663,1,380,0.12902399897575378
3664,2,380,0.12432000041007996
3665,3,380,0.12451200187206268
3666,4,380,0.12515200674533844
3667,5,380,0.1236800029873848
3668,6,380,0.12329600006341934
3669,7,380,0.12409599870443344
3670,8,380,0.1233920007944107
3671,9,380,0.12256000190973282
3672,10,380,0.12214399874210358
3673,11,380,0.12220799922943115
3674,12,380,0.1303360015153885
3675,13,380,0.12355200201272964
3676,14,380,0.12303999811410904
3677,15,380,0.122079998254776
3678,16,380,0.1239359974861145
3679,17,380,0.12425599992275238
3680,18,380,0.12374400347471237
3681,19,380,0.12438400089740753
3682,20,380,0.12252800166606903
3683,21,380,0.1234240010380745
3684,22,380,0.12243200093507767
3685,23,380,0.12771199643611908
3686,24,380,0.12460800260305405
3687,25,380,0.1241919994354248
3688,26,380,0.1231359988451004
3689,27,380,0.12310399860143661
3690,28,380,0.12464000284671783
3691,29,380,0.12406399846076965
3692,30,380,0.12403199821710587
3693,31,380,0.12256000190973282
3694,32,380,0.1231359988451004
3695,33,380,0.1218239963054657
3696,34,380,0.12758399546146393
3697,35,380,0.12377600371837616
3698,36,380,0.12268800288438797
3699,37,380,0.12508800625801086
3700,38,380,0.12409599870443344
3701,39,380,0.1233920007944107
3702,40,380,0.12409599870443344
3703,41,380,0.12377600371837616
3704,42,380,0.12316799908876419
3705,43,380,0.12415999919176102
3706,44,380,0.1265919953584671
3707,45,380,0.1369280070066452
3708,46,380,0.12444800138473511
3709,47,380,0.12275200337171555
3710,48,380,0.1223360002040863
3711,49,380,0.1225920021533966
3712,50,380,0.12220799922943115
3713,51,380,0.12364800274372101
3714,52,380,0.12364800274372101
3715,53,380,0.12217599898576736
3716,54,380,0.1225920021533966
3717,55,380,0.12371200323104858
3718,56,380,0.12876799702644348
3719,57,380,0.12432000041007996
3720,58,380,0.12352000176906586
3721,59,380,0.12399999797344208
3722,60,380,0.12467200309038162
3723,61,380,0.12220799922943115
3724,62,380,0.12364800274372101
3725,63,380,0.12345600128173828
3726,64,380,0.12361600250005722
3727,65,380,0.12374400347471237
3728,66,380,0.12249600142240524
3729,67,380,0.12806400656700134
3730,68,380,0.12412799894809723
3731,69,380,0.12246400117874146
3732,70,380,0.12307199835777283
3733,71,380,0.1233920007944107
3734,72,380,0.12483199685811996
3735,73,380,0.1247360035777092
3736,74,380,0.1233920007944107
3737,75,380,0.12185599654912949
3738,76,380,0.12240000069141388
3739,77,380,0.12336000055074692
3740,78,380,0.12751999497413635
3741,79,380,0.12467200309038162
3742,80,380,0.12451200187206268
3743,81,380,0.1239359974861145
3744,82,380,0.13126400113105774
3745,83,380,0.12435200065374374
3746,84,380,0.12489599734544754
3747,85,380,0.12441600114107132
3748,86,380,0.1228799968957901
3749,87,380,0.12291199713945389
3750,88,380,0.12115199863910675
3751,89,380,0.12806400656700134
3752,90,380,0.12403199821710587
3753,91,380,0.12345600128173828
3754,92,380,0.1249919980764389
3755,93,380,0.12479999661445618
3756,94,380,0.1233920007944107
3757,95,380,0.12345600128173828
3758,96,380,0.12326399981975555
3759,97,380,0.12409599870443344
3760,98,380,0.12406399846076965
3761,99,380,0.1231359988451004
3762,1,390,0.15132799744606018
3763,2,390,0.146464005112648
3764,3,390,0.13551999628543854
3765,4,390,0.1355839967727661
3766,5,390,0.1375039964914322
3767,6,390,0.1377599984407425
3768,7,390,0.13548800349235535
3769,8,390,0.13513599336147308
3770,9,390,0.13465599715709686
3771,10,390,0.13500800728797913
3772,11,390,0.13519999384880066
3773,12,390,0.13948799669742584
3774,13,390,0.1377599984407425
3775,14,390,0.1472640037536621
3776,15,390,0.13478399813175201
3777,16,390,0.13600000739097595
3778,17,390,0.14179199934005737
3779,18,390,0.13699199259281158
3780,19,390,0.1353600025177002
3781,20,390,0.13571199774742126
3782,21,390,0.13577599823474884
3783,22,390,0.13468800485134125
3784,23,390,0.1404159963130951
3785,24,390,0.1371839940547943
3786,25,390,0.13622400164604187
3787,26,390,0.13513599336147308
3788,27,390,0.13491199910640717
3789,28,390,0.1355839967727661
3790,29,390,0.13337600231170654
3791,30,390,0.13593600690364838
3792,31,390,0.13596799969673157
3793,32,390,0.13398399949073792
3794,33,390,0.13715200126171112
3795,34,390,0.14217600226402283
3796,35,390,0.13734400272369385
3797,36,390,0.13843199610710144
3798,37,390,0.13600000739097595
3799,38,390,0.13571199774742126
3800,39,390,0.13651199638843536
3801,40,390,0.13519999384880066
3802,41,390,0.13619199395179749
3803,42,390,0.13551999628543854
3804,43,390,0.13542400300502777
3805,44,390,0.1340479999780655
3806,45,390,0.15007999539375305
3807,46,390,0.1364479959011078
3808,47,390,0.13619199395179749
3809,48,390,0.13462400436401367
3810,49,390,0.13551999628543854
3811,50,390,0.1345600038766861
3812,51,390,0.13596799969673157
3813,52,390,0.13529600203037262
3814,53,390,0.13702400028705597
3815,54,390,0.13622400164604187
3816,55,390,0.1353279948234558
3817,56,390,0.141184002161026
3818,57,390,0.1366720050573349
3819,58,390,0.1361600011587143
3820,59,390,0.13571199774742126
3821,60,390,0.13625599443912506
3822,61,390,0.13526399433612823
3823,62,390,0.13711999356746674
3824,63,390,0.13635200262069702
3825,64,390,0.14217600226402283
3826,65,390,0.13737599551677704
3827,66,390,0.13619199395179749
3828,67,390,0.14073599874973297
3829,68,390,0.13663999736309052
3830,69,390,0.1353919953107834
3831,70,390,0.13808000087738037
3832,71,390,0.1363839954137802
3833,72,390,0.1358720064163208
3834,73,390,0.137472003698349
3835,74,390,0.13663999736309052
3836,75,390,0.1369599997997284
3837,76,390,0.13625599443912506
3838,77,390,0.13593600690364838
3839,78,390,0.14127999544143677
3840,79,390,0.1361600011587143
3841,80,390,0.1363839954137802
3842,81,390,0.13619199395179749
3843,82,390,0.13491199910640717
3844,83,390,0.1364479959011078
3845,84,390,0.1366720050573349
3846,85,390,0.1350719928741455
3847,86,390,0.13571199774742126
3848,87,390,0.13631999492645264
3849,88,390,0.1377280056476593
3850,89,390,0.14022399485111237
3851,90,390,0.13491199910640717
3852,91,390,0.1356160044670105
3853,92,390,0.135903999209404
3854,93,390,0.13785600662231445
3855,94,390,0.13596799969673157
3856,95,390,0.13686400651931763
3857,96,390,0.1355839967727661
3858,97,390,0.1356160044670105
3859,98,390,0.13763199746608734
3860,99,390,0.1345919966697693
3861,1,400,0.15033599734306335
3862,2,400,0.14732800424098969
3863,3,400,0.14617599546909332
3864,4,400,0.14723199605941772
3865,5,400,0.14502400159835815
3866,6,400,0.14556799829006195
3867,7,400,0.14425599575042725
3868,8,400,0.1449279934167862
3869,9,400,0.14591999351978302
3870,10,400,0.14547200500965118
3871,11,400,0.14614400267601013
3872,12,400,0.14921599626541138
3873,13,400,0.14454400539398193
3874,14,400,0.14534400403499603
3875,15,400,0.1456640064716339
3876,16,400,0.14441600441932678
3877,17,400,0.14486399292945862
3878,18,400,0.14608000218868256
3879,19,400,0.14470399916172028
3880,20,400,0.1456959992647171
3881,21,400,0.15238399803638458
3882,22,400,0.1462080031633377
3883,23,400,0.15065599977970123
3884,24,400,0.14662399888038635
3885,25,400,0.14537599682807922
3886,26,400,0.14534400403499603
3887,27,400,0.14617599546909332
3888,28,400,0.14553600549697876
3889,29,400,0.14534400403499603
3890,30,400,0.14470399916172028
3891,31,400,0.14451199769973755
3892,32,400,0.14416000247001648
3893,33,400,0.1456640064716339
3894,34,400,0.1518079936504364
3895,35,400,0.14659200608730316
3896,36,400,0.1456959992647171
3897,37,400,0.14575999975204468
3898,38,400,0.14534400403499603
3899,39,400,0.1459520012140274
3900,40,400,0.14496000111103058
3901,41,400,0.14742399752140045
3902,42,400,0.14470399916172028
3903,43,400,0.1438400000333786
3904,44,400,0.14444799721240997
3905,45,400,0.1499519944190979
3906,46,400,0.14652800559997559
3907,47,400,0.1475840061903
3908,48,400,0.14713600277900696
3909,49,400,0.14707200229167938
3910,50,400,0.14643199741840363
3911,51,400,0.14924800395965576
3912,52,400,0.14470399916172028
3913,53,400,0.14531199634075165
3914,54,400,0.1451520025730133
3915,55,400,0.14588800072669983
3916,56,400,0.15001599490642548
3917,57,400,0.14627200365066528
3918,58,400,0.1457280069589615
3919,59,400,0.14688000082969666
3920,60,400,0.14630399644374847
3921,61,400,0.14416000247001648
3922,62,400,0.14496000111103058
3923,63,400,0.14528000354766846
3924,64,400,0.1457280069589615
3925,65,400,0.14508800208568573
3926,66,400,0.14371199905872345
3927,67,400,0.1512639969587326
3928,68,400,0.14521600306034088
3929,69,400,0.14441600441932678
3930,70,400,0.14483200013637543
3931,71,400,0.1443520039319992
3932,72,400,0.14431999623775482
3933,73,400,0.14480000734329224
3934,74,400,0.14483200013637543
3935,75,400,0.14496000111103058
3936,76,400,0.14604799449443817
3937,77,400,0.1449279934167862
3938,78,400,0.15027199685573578
3939,79,400,0.15488000214099884
3940,80,400,0.146464005112648
3941,81,400,0.14796799421310425
3942,82,400,0.14633600413799286
3943,83,400,0.14777599275112152
3944,84,400,0.1446080058813095
3945,85,400,0.14534400403499603
3946,86,400,0.14364799857139587
3947,87,400,0.14534400403499603
3948,88,400,0.14601600170135498
3949,89,400,0.15030400454998016
3950,90,400,0.14617599546909332
3951,91,400,0.14633600413799286
3952,92,400,0.14560000598430634
3953,93,400,0.14499199390411377
3954,94,400,0.14582400023937225
3955,95,400,0.14499199390411377
3956,96,400,0.14588800072669983
3957,97,400,0.14480000734329224
3958,98,400,0.14496000111103058
3959,99,400,0.14451199769973755
3960,1,410,0.14880000054836273
3961,2,410,0.13126400113105774
3962,3,410,0.1305599957704544
3963,4,410,0.12918399274349213
3964,5,410,0.12960000336170197
3965,6,410,0.1289920061826706
3966,7,410,0.12972800433635712
3967,8,410,0.13123199343681335
3968,9,410,0.13014400005340576
3969,10,410,0.12982399761676788
3970,11,410,0.1393599957227707
3971,12,410,0.13843199610710144
3972,13,410,0.13235199451446533
3973,14,410,0.13116799294948578
3974,15,410,0.12988799810409546
3975,16,410,0.13023999333381653
3976,17,410,0.13180799782276154
3977,18,410,0.1313920021057129
3978,19,410,0.13100799918174744
3979,20,410,0.1303039938211441
3980,21,410,0.13091200590133667
3981,22,410,0.12982399761676788
3982,23,410,0.13609600067138672
3983,24,410,0.1311360001564026
3984,25,410,0.13065600395202637
3985,26,410,0.12995199859142303
3986,27,410,0.12995199859142303
3987,28,410,0.13100799918174744
3988,29,410,0.12960000336170197
3989,30,410,0.13184000551700592
3990,31,410,0.13167999684810638
3991,32,410,0.13040000200271606
3992,33,410,0.13094399869441986
3993,34,410,0.13542400300502777
3994,35,410,0.1311040073633194
3995,36,410,0.13148799538612366
3996,37,410,0.131071999669075
3997,38,410,0.13043199479579926
3998,39,410,0.13036799430847168
3999,40,410,0.13049599528312683
4000,41,410,0.13046400249004364
4001,42,410,0.13017599284648895
4002,43,410,0.132192000746727
4003,44,410,0.13123199343681335
4004,45,410,0.13625599443912506
4005,46,410,0.13100799918174744
4006,47,410,0.1313920021057129
4007,48,410,0.13184000551700592
4008,49,410,0.13148799538612366
4009,50,410,0.13036799430847168
4010,51,410,0.1308480054140091
4011,52,410,0.13075199723243713
4012,53,410,0.1305920034646988
4013,54,410,0.13036799430847168
4014,55,410,0.131071999669075
4015,56,410,0.13478399813175201
4016,57,410,0.13062399625778198
4017,58,410,0.13043199479579926
4018,59,410,0.13078400492668152
4019,60,410,0.1372479945421219
4020,61,410,0.130048006772995
4021,62,410,0.13078400492668152
4022,63,410,0.12972800433635712
4023,64,410,0.12940800189971924
4024,65,410,0.12902399897575378
4025,66,410,0.13097600638866425
4026,67,410,0.13443200290203094
4027,68,410,0.13276800513267517
4028,69,410,0.13091200590133667
4029,70,410,0.13091200590133667
4030,71,410,0.13049599528312683
4031,72,410,0.13065600395202637
4032,73,410,0.13062399625778198
4033,74,410,0.13251200318336487
4034,75,410,0.1324480026960373
4035,76,410,0.13388800621032715
4036,77,410,0.13167999684810638
4037,78,410,0.13603200018405914
4038,79,410,0.1319040060043335
4039,80,410,0.1292160004377365
4040,81,410,0.12950399518013
4041,82,410,0.1302720010280609
4042,83,410,0.12992000579833984
4043,84,410,0.13097600638866425
4044,85,410,0.13808000087738037
4045,86,410,0.12950399518013
4046,87,410,0.13171200454235077
4047,88,410,0.13174399733543396
4048,89,410,0.13820800185203552
4049,90,410,0.1353600025177002
4050,91,410,0.13331200182437897
4051,92,410,0.13439999520778656
4052,93,410,0.13286399841308594
4053,94,410,0.13337600231170654
4054,95,410,0.1350719928741455
4055,96,410,0.13385599851608276
4056,97,410,0.1327359974384308
4057,98,410,0.13363200426101685
4058,99,410,0.13327999413013458
4059,1,420,0.144896000623703
4060,2,420,0.1258240044116974
4061,3,420,0.1247360035777092
4062,4,420,0.12883199751377106
4063,5,420,0.12880000472068787
4064,6,420,0.1289599984884262
4065,7,420,0.12774400413036346
4066,8,420,0.12947200238704681
4067,9,420,0.12643200159072876
4068,10,420,0.12803199887275696
4069,11,420,0.1281919926404953
4070,12,420,0.1297599971294403
4071,13,420,0.12614400684833527
4072,14,420,0.12521600723266602
4073,15,420,0.12732799351215363
4074,16,420,0.12432000041007996
4075,17,420,0.12332800030708313
4076,18,420,0.12444800138473511
4077,19,420,0.12566399574279785
4078,20,420,0.12409599870443344
4079,21,420,0.12505599856376648
4080,22,420,0.12559999525547028
4081,23,420,0.13087999820709229
4082,24,420,0.1263040006160736
4083,25,420,0.12451200187206268
4084,26,420,0.12547199428081512
4085,27,420,0.125791996717453
4086,28,420,0.1260800063610077
4087,29,420,0.1260479986667633
4088,30,420,0.12486399710178375
4089,31,420,0.12387199699878693
4090,32,420,0.1263359934091568
4091,33,420,0.12454400211572647
4092,34,420,0.13206399977207184
4093,35,420,0.12729600071907043
4094,36,420,0.1265919953584671
4095,37,420,0.1255359947681427
4096,38,420,0.12489599734544754
4097,39,420,0.12495999783277512
4098,40,420,0.12511999905109406
4099,41,420,0.12591999769210815
4100,42,420,0.13449600338935852
4101,43,420,0.12489599734544754
4102,44,420,0.12515200674533844
4103,45,420,0.12918399274349213
4104,46,420,0.12521600723266602
4105,47,420,0.1241919994354248
4106,48,420,0.12569600343704224
4107,49,420,0.12515200674533844
4108,50,420,0.12409599870443344
4109,51,420,0.12556800246238708
4110,52,420,0.12518399953842163
4111,53,420,0.12387199699878693
4112,54,420,0.12361600250005722
4113,55,420,0.12451200187206268
4114,56,420,0.13126400113105774
4115,57,420,0.12544000148773193
4116,58,420,0.12399999797344208
4117,59,420,0.12585599720478058
4118,60,420,0.12454400211572647
4119,61,420,0.12540799379348755
4120,62,420,0.12470400333404541
4121,63,420,0.12495999783277512
4122,64,420,0.12505599856376648
4123,65,420,0.12691199779510498
4124,66,420,0.1260800063610077
4125,67,420,0.13046400249004364
4126,68,420,0.12595200538635254
4127,69,420,0.12352000176906586
4128,70,420,0.12534399330615997
4129,71,420,0.12483199685811996
4130,72,420,0.12432000041007996
4131,73,420,0.1255040019750595
4132,74,420,0.1231359988451004
4133,75,420,0.12479999661445618
4134,76,420,0.12624000012874603
4135,77,420,0.1255040019750595
4136,78,420,0.1305920034646988
4137,79,420,0.12591999769210815
4138,80,420,0.12508800625801086
4139,81,420,0.12441600114107132
4140,82,420,0.12559999525547028
4141,83,420,0.1249919980764389
4142,84,420,0.12537600100040436
4143,85,420,0.12297599762678146
4144,86,420,0.12464000284671783
4145,87,420,0.12406399846076965
4146,88,420,0.12591999769210815
4147,89,420,0.1289920061826706
4148,90,420,0.12534399330615997
4149,91,420,0.12444800138473511
4150,92,420,0.13276800513267517
4151,93,420,0.12387199699878693
4152,94,420,0.12444800138473511
4153,95,420,0.12495999783277512
4154,96,420,0.12374400347471237
4155,97,420,0.12544000148773193
4156,98,420,0.12556800246238708
4157,99,420,0.12617599964141846
4158,1,430,0.1345919966697693
4159,2,430,0.13232000172138214
4160,3,430,0.13075199723243713
4161,4,430,0.13104000687599182
4162,5,430,0.13129599392414093
4163,6,430,0.13043199479579926
4164,7,430,0.13091200590133667
4165,8,430,0.13167999684810638
4166,9,430,0.13158400356769562
4167,10,430,0.12969599664211273
4168,11,430,0.13123199343681335
4169,12,430,0.13596799969673157
4170,13,430,0.1326719969511032
4171,14,430,0.13180799782276154
4172,15,430,0.13065600395202637
4173,16,430,0.13023999333381653
4174,17,430,0.13152000308036804
4175,18,430,0.13007999956607819
4176,19,430,0.13040000200271606
4177,20,430,0.13023999333381653
4178,21,430,0.12940800189971924
4179,22,430,0.1318719983100891
4180,23,430,0.1353279948234558
4181,24,430,0.1313920021057129
4182,25,430,0.12956799566745758
4183,26,430,0.14319999516010284
4184,27,430,0.13017599284648895
4185,28,430,0.13344000279903412
4186,29,430,0.1326719969511032
4187,30,430,0.13353599607944489
4188,31,430,0.13123199343681335
4189,32,430,0.1319359987974167
4190,33,430,0.13062399625778198
4191,34,430,0.13625599443912506
4192,35,430,0.1319040060043335
4193,36,430,0.13062399625778198
4194,37,430,0.1308159977197647
4195,38,430,0.13072000443935394
4196,39,430,0.13116799294948578
4197,40,430,0.13011200726032257
4198,41,430,0.13043199479579926
4199,42,430,0.13120000064373016
4200,43,430,0.13180799782276154
4201,44,430,0.12988799810409546
4202,45,430,0.13526399433612823
4203,46,430,0.13068799674510956
4204,47,430,0.14025600254535675
4205,48,430,0.1316480040550232
4206,49,430,0.1308159977197647
4207,50,430,0.12950399518013
4208,51,430,0.13078400492668152
4209,52,430,0.1302720010280609
4210,53,430,0.1289920061826706
4211,54,430,0.1308159977197647
4212,55,430,0.13132800161838531
4213,56,430,0.1361279934644699
4214,57,430,0.13222399353981018
4215,58,430,0.12969599664211273
4216,59,430,0.13017599284648895
4217,60,430,0.13017599284648895
4218,61,430,0.12988799810409546
4219,62,430,0.13132800161838531
4220,63,430,0.13132800161838531
4221,64,430,0.1305920034646988
4222,65,430,0.12982399761676788
4223,66,430,0.13116799294948578
4224,67,430,0.13545599579811096
4225,68,430,0.13222399353981018
4226,69,430,0.13014400005340576
4227,70,430,0.13023999333381653
4228,71,430,0.13075199723243713
4229,72,430,0.13129599392414093
4230,73,430,0.13129599392414093
4231,74,430,0.13129599392414093
4232,75,430,0.12995199859142303
4233,76,430,0.13100799918174744
4234,77,430,0.13011200726032257
4235,78,430,0.13548800349235535
4236,79,430,0.13068799674510956
4237,80,430,0.1305920034646988
4238,81,430,0.13072000443935394
4239,82,430,0.13171200454235077
4240,83,430,0.12918399274349213
4241,84,430,0.13212800025939941
4242,85,430,0.1316480040550232
4243,86,430,0.1335040032863617
4244,87,430,0.13152000308036804
4245,88,430,0.1324480026960373
4246,89,430,0.1355839967727661
4247,90,430,0.1324480026960373
4248,91,430,0.13148799538612366
4249,92,430,0.13120000064373016
4250,93,430,0.13132800161838531
4251,94,430,0.13087999820709229
4252,95,430,0.1292160004377365
4253,96,430,0.1311360001564026
4254,97,430,0.13126400113105774
4255,98,430,0.130048006772995
4256,99,430,0.12937599420547485
4257,1,440,0.14950400590896606
4258,2,440,0.13017599284648895
4259,3,440,0.1303360015153885
4260,4,440,0.1289599984884262
4261,5,440,0.1297920048236847
4262,6,440,0.12972800433635712
4263,7,440,0.12969599664211273
4264,8,440,0.12982399761676788
4265,9,440,0.12960000336170197
4266,10,440,0.1313599944114685
4267,11,440,0.132192000746727
4268,12,440,0.13571199774742126
4269,13,440,0.13043199479579926
4270,14,440,0.12988799810409546
4271,15,440,0.13052800297737122
4272,16,440,0.130048006772995
4273,17,440,0.13155199587345123
4274,18,440,0.130048006772995
4275,19,440,0.13196800649166107
4276,20,440,0.12972800433635712
4277,21,440,0.13568000495433807
4278,22,440,0.13276800513267517
4279,23,440,0.14377599954605103
4280,24,440,0.1289599984884262
4281,25,440,0.1295360028743744
4282,26,440,0.1300159990787506
4283,27,440,0.13072000443935394
4284,28,440,0.12809599936008453
4285,29,440,0.13100799918174744
4286,30,440,0.13129599392414093
4287,31,440,0.12803199887275696
4288,32,440,0.12982399761676788
4289,33,440,0.13334399461746216
4290,34,440,0.13529600203037262
4291,35,440,0.1345279961824417
4292,36,440,0.12931199371814728
4293,37,440,0.12876799702644348
4294,38,440,0.12992000579833984
4295,39,440,0.130048006772995
4296,40,440,0.12934400141239166
4297,41,440,0.12992000579833984
4298,42,440,0.13043199479579926
4299,43,440,0.13036799430847168
4300,44,440,0.13337600231170654
4301,45,440,0.13417600095272064
4302,46,440,0.13171200454235077
4303,47,440,0.1289920061826706
4304,48,440,0.12857599556446075
4305,49,440,0.13007999956607819
4306,50,440,0.13040000200271606
4307,51,440,0.12934400141239166
4308,52,440,0.12966400384902954
4309,53,440,0.13091200590133667
4310,54,440,0.13020800054073334
4311,55,440,0.13353599607944489
4312,56,440,0.13407999277114868
4313,57,440,0.13023999333381653
4314,58,440,0.1302720010280609
4315,59,440,0.13072000443935394
4316,60,440,0.1295360028743744
4317,61,440,0.12995199859142303
4318,62,440,0.13043199479579926
4319,63,440,0.13017599284648895
4320,64,440,0.12908799946308136
4321,65,440,0.12969599664211273
4322,66,440,0.13206399977207184
4323,67,440,0.13443200290203094
4324,68,440,0.13152000308036804
4325,69,440,0.13007999956607819
4326,70,440,0.12995199859142303
4327,71,440,0.13078400492668152
4328,72,440,0.1308159977197647
4329,73,440,0.1300159990787506
4330,74,440,0.12960000336170197
4331,75,440,0.13199999928474426
4332,76,440,0.13023999333381653
4333,77,440,0.13209599256515503
4334,78,440,0.13654400408267975
4335,79,440,0.14166399836540222
4336,80,440,0.12940800189971924
4337,81,440,0.13043199479579926
4338,82,440,0.13062399625778198
4339,83,440,0.12950399518013
4340,84,440,0.12969599664211273
4341,85,440,0.13087999820709229
4342,86,440,0.1297599971294403
4343,87,440,0.1289599984884262
4344,88,440,0.1329919993877411
4345,89,440,0.1343040019273758
4346,90,440,0.13120000064373016
4347,91,440,0.13142399489879608
4348,92,440,0.1305920034646988
4349,93,440,0.12940800189971924
4350,94,440,0.13023999333381653
4351,95,440,0.130048006772995
4352,96,440,0.12848000228405
4353,97,440,0.12937599420547485
4354,98,440,0.1311040073633194
4355,99,440,0.13356800377368927
4356,1,450,0.15308800339698792
4357,2,450,0.13740800321102142
4358,3,450,0.13542400300502777
4359,4,450,0.13785600662231445
4360,5,450,0.1361279934644699
4361,6,450,0.13542400300502777
4362,7,450,0.13606399297714233
4363,8,450,0.1351040005683899
4364,9,450,0.13497599959373474
4365,10,450,0.1366720050573349
4366,11,450,0.1401599943637848
4367,12,450,0.13980799913406372
4368,13,450,0.1369599997997284
4369,14,450,0.13705599308013916
4370,15,450,0.1486400067806244
4371,16,450,0.13766400516033173
4372,17,450,0.13577599823474884
4373,18,450,0.13673600554466248
4374,19,450,0.13737599551677704
4375,20,450,0.1361600011587143
4376,21,450,0.1377280056476593
4377,22,450,0.13868799805641174
4378,23,450,0.14083200693130493
4379,24,450,0.13699199259281158
4380,25,450,0.13648000359535217
4381,26,450,0.13628800213336945
4382,27,450,0.13596799969673157
4383,28,450,0.13555200397968292
4384,29,450,0.13811199367046356
4385,30,450,0.13596799969673157
4386,31,450,0.13808000087738037
4387,32,450,0.13628800213336945
4388,33,450,0.1387840062379837
4389,34,450,0.1406400054693222
4390,35,450,0.13705599308013916
4391,36,450,0.13574400544166565
4392,37,450,0.13715200126171112
4393,38,450,0.1345919966697693
4394,39,450,0.13631999492645264
4395,40,450,0.13574400544166565
4396,41,450,0.1353600025177002
4397,42,450,0.13680000603199005
4398,43,450,0.1358720064163208
4399,44,450,0.13948799669742584
4400,45,450,0.14204800128936768
4401,46,450,0.13660800457000732
4402,47,450,0.13606399297714233
4403,48,450,0.13504000008106232
4404,49,450,0.13497599959373474
4405,50,450,0.14640000462532043
4406,51,450,0.1369599997997284
4407,52,450,0.13580800592899323
4408,53,450,0.1353919953107834
4409,54,450,0.13513599336147308
4410,55,450,0.13955199718475342
4411,56,450,0.14508800208568573
4412,57,450,0.13606399297714233
4413,58,450,0.13593600690364838
4414,59,450,0.1358720064163208
4415,60,450,0.1383039951324463
4416,61,450,0.1356160044670105
4417,62,450,0.13743999600410461
4418,63,450,0.13625599443912506
4419,64,450,0.13596799969673157
4420,65,450,0.13545599579811096
4421,66,450,0.14000000059604645
4422,67,450,0.14217600226402283
4423,68,450,0.1364479959011078
4424,69,450,0.13680000603199005
4425,70,450,0.13593600690364838
4426,71,450,0.13843199610710144
4427,72,450,0.13840000331401825
4428,73,450,0.1361600011587143
4429,74,450,0.13680000603199005
4430,75,450,0.13548800349235535
4431,76,450,0.13519999384880066
4432,77,450,0.15091200172901154
4433,78,450,0.14000000059604645
4434,79,450,0.13792000710964203
4435,80,450,0.13606399297714233
4436,81,450,0.1361279934644699
4437,82,450,0.13702400028705597
4438,83,450,0.137472003698349
4439,84,450,0.13711999356746674
4440,85,450,0.13715200126171112
4441,86,450,0.1351040005683899
4442,87,450,0.13779200613498688
4443,88,450,0.14028799533843994
4444,89,450,0.14076800644397736
4445,90,450,0.1375039964914322
4446,91,450,0.1364160031080246
4447,92,450,0.13545599579811096
4448,93,450,0.13574400544166565
4449,94,450,0.13820800185203552
4450,95,450,0.1371839940547943
4451,96,450,0.1380160003900528
4452,97,450,0.1361600011587143
4453,98,450,0.1363839954137802
4454,99,450,0.141184002161026
4455,1,460,0.13302400708198547
4456,2,460,0.12892800569534302
4457,3,460,0.1276800036430359
4458,4,460,0.12751999497413635
4459,5,460,0.12671999633312225
4460,6,460,0.1276800036430359
4461,7,460,0.12780800461769104
4462,8,460,0.12729600071907043
4463,9,460,0.1265919953584671
4464,10,460,0.13120000064373016
4465,11,460,0.12751999497413635
4466,12,460,0.13315199315547943
4467,13,460,0.12809599936008453
4468,14,460,0.12748800218105316
4469,15,460,0.12860800325870514
4470,16,460,0.12931199371814728
4471,17,460,0.12755200266838074
4472,18,460,0.12777599692344666
4473,19,460,0.12835200130939484
4474,20,460,0.1281919926404953
4475,21,460,0.13180799782276154
4476,22,460,0.1271360069513321
4477,23,460,0.13443200290203094
4478,24,460,0.1276800036430359
4479,25,460,0.12828800082206726
4480,26,460,0.1271360069513321
4481,27,460,0.1268160045146942
4482,28,460,0.14054399728775024
4483,29,460,0.12751999497413635
4484,30,460,0.12854400277137756
4485,31,460,0.12636800110340118
4486,32,460,0.1311360001564026
4487,33,460,0.12675200402736664
4488,34,460,0.13225600123405457
4489,35,460,0.1276479959487915
4490,36,460,0.12863999605178833
4491,37,460,0.12745599448680878
4492,38,460,0.1268160045146942
4493,39,460,0.12726399302482605
4494,40,460,0.1289599984884262
4495,41,460,0.1279039978981018
4496,42,460,0.12822400033473969
4497,43,460,0.13167999684810638
4498,44,460,0.12985600531101227
4499,45,460,0.1404159963130951
4500,46,460,0.1268479973077774
4501,47,460,0.12627199292182922
4502,48,460,0.12800000607967377
4503,49,460,0.12835200130939484
4504,50,460,0.12726399302482605
4505,51,460,0.1265600025653839
4506,52,460,0.12867200374603271
4507,53,460,0.12886400520801544
4508,54,460,0.13046400249004364
4509,55,460,0.12934400141239166
4510,56,460,0.1327359974384308
4511,57,460,0.12902399897575378
4512,58,460,0.1260800063610077
4513,59,460,0.12694400548934937
4514,60,460,0.12771199643611908
4515,61,460,0.12742400169372559
4516,62,460,0.12732799351215363
4517,63,460,0.12863999605178833
4518,64,460,0.12671999633312225
4519,65,460,0.13129599392414093
4520,66,460,0.12940800189971924
4521,67,460,0.13356800377368927
4522,68,460,0.12800000607967377
4523,69,460,0.1287039965391159
4524,70,460,0.12700800597667694
4525,71,460,0.1260479986667633
4526,72,460,0.1268800050020218
4527,73,460,0.12966400384902954
4528,74,460,0.12694400548934937
4529,75,460,0.12675200402736664
4530,76,460,0.13123199343681335
4531,77,460,0.1268160045146942
4532,78,460,0.13212800025939941
4533,79,460,0.1271360069513321
4534,80,460,0.12838399410247803
4535,81,460,0.12780800461769104
4536,82,460,0.1279360055923462
4537,83,460,0.12969599664211273
4538,84,460,0.12732799351215363
4539,85,460,0.1260800063610077
4540,86,460,0.12825599312782288
4541,87,460,0.1302720010280609
4542,88,460,0.12787200510501862
4543,89,460,0.13203200697898865
4544,90,460,0.12867200374603271
4545,91,460,0.1287360042333603
4546,92,460,0.12985600531101227
4547,93,460,0.12758399546146393
4548,94,460,0.1271360069513321
4549,95,460,0.12726399302482605
4550,96,460,0.12774400413036346
4551,97,460,0.12822400033473969
4552,98,460,0.13939200341701508
4553,99,460,0.12720000743865967
4554,1,470,0.1554879993200302
4555,2,470,0.13875199854373932
4556,3,470,0.13663999736309052
4557,4,470,0.13622400164604187
4558,5,470,0.13683199882507324
4559,6,470,0.1382720023393631
4560,7,470,0.13648000359535217
4561,8,470,0.1358720064163208
4562,9,470,0.13676799833774567
4563,10,470,0.13923199474811554
4564,11,470,0.13843199610710144
4565,12,470,0.14044800400733948
4566,13,470,0.13859200477600098
4567,14,470,0.14694400131702423
4568,15,470,0.13600000739097595
4569,16,470,0.13708800077438354
4570,17,470,0.1364160031080246
4571,18,470,0.13740800321102142
4572,19,470,0.13779200613498688
4573,20,470,0.13628800213336945
4574,21,470,0.141184002161026
4575,22,470,0.13676799833774567
4576,23,470,0.14022399485111237
4577,24,470,0.13763199746608734
4578,25,470,0.13651199638843536
4579,26,470,0.13737599551677704
4580,27,470,0.13734400272369385
4581,28,470,0.13699199259281158
4582,29,470,0.1395840048789978
4583,30,470,0.13763199746608734
4584,31,470,0.13785600662231445
4585,32,470,0.14057600498199463
4586,33,470,0.13817599415779114
4587,34,470,0.14079999923706055
4588,35,470,0.13596799969673157
4589,36,470,0.13663999736309052
4590,37,470,0.13865600526332855
4591,38,470,0.13571199774742126
4592,39,470,0.13603200018405914
4593,40,470,0.1363839954137802
4594,41,470,0.13683199882507324
4595,42,470,0.13756799697875977
4596,43,470,0.14892800152301788
4597,44,470,0.138047993183136
4598,45,470,0.1425279974937439
4599,46,470,0.1383039951324463
4600,47,470,0.1361600011587143
4601,48,470,0.13523200154304504
4602,49,470,0.13651199638843536
4603,50,470,0.13660800457000732
4604,51,470,0.13548800349235535
4605,52,470,0.13740800321102142
4606,53,470,0.137472003698349
4607,54,470,0.13891200721263885
4608,55,470,0.13686400651931763
4609,56,470,0.14112000167369843
4610,57,470,0.13952000439167023
4611,58,470,0.13788799941539764
4612,59,470,0.1369599997997284
4613,60,470,0.1385280042886734
4614,61,470,0.13676799833774567
4615,62,470,0.13676799833774567
4616,63,470,0.13702400028705597
4617,64,470,0.13619199395179749
4618,65,470,0.13996799290180206
4619,66,470,0.1375039964914322
4620,67,470,0.1406719982624054
4621,68,470,0.1377280056476593
4622,69,470,0.1380160003900528
4623,70,470,0.13663999736309052
4624,71,470,0.1356160044670105
4625,72,470,0.135903999209404
4626,73,470,0.1369280070066452
4627,74,470,0.13654400408267975
4628,75,470,0.13734400272369385
4629,76,470,0.14006400108337402
4630,77,470,0.13577599823474884
4631,78,470,0.1409599930047989
4632,79,470,0.13660800457000732
4633,80,470,0.13574400544166565
4634,81,470,0.1371839940547943
4635,82,470,0.13548800349235535
4636,83,470,0.13785600662231445
4637,84,470,0.13699199259281158
4638,85,470,0.13648000359535217
4639,86,470,0.13654400408267975
4640,87,470,0.1398719996213913
4641,88,470,0.13689599931240082
4642,89,470,0.14271999895572662
4643,90,470,0.1367039978504181
4644,91,470,0.13766400516033173
4645,92,470,0.13689599931240082
4646,93,470,0.13708800077438354
4647,94,470,0.1369599997997284
4648,95,470,0.1361279934644699
4649,96,470,0.13676799833774567
4650,97,470,0.13526399433612823
4651,98,470,0.1409280002117157
4652,99,470,0.13657599687576294
4653,1,480,0.14345599710941315
4654,2,480,0.1401599943637848
4655,3,480,0.13795199990272522
4656,4,480,0.13920000195503235
4657,5,480,0.13817599415779114
4658,6,480,0.13728000223636627
4659,7,480,0.1387840062379837
4660,8,480,0.13753600418567657
4661,9,480,0.1377599984407425
4662,10,480,0.14166399836540222
4663,11,480,0.13865600526332855
4664,12,480,0.14265599846839905
4665,13,480,0.13967999815940857
4666,14,480,0.1432960033416748
4667,15,480,0.13980799913406372
4668,16,480,0.141184002161026
4669,17,480,0.14025600254535675
4670,18,480,0.14233599603176117
4671,19,480,0.14127999544143677
4672,20,480,0.14112000167369843
4673,21,480,0.14140799641609192
4674,22,480,0.13795199990272522
4675,23,480,0.15081599354743958
4676,24,480,0.1390399932861328
4677,25,480,0.1367039978504181
4678,26,480,0.13942399621009827
4679,27,480,0.1387840062379837
4680,28,480,0.1369280070066452
4681,29,480,0.13625599443912506
4682,30,480,0.1369599997997284
4683,31,480,0.13766400516033173
4684,32,480,0.14192000031471252
4685,33,480,0.13952000439167023
4686,34,480,0.14236800372600555
4687,35,480,0.1372479945421219
4688,36,480,0.13676799833774567
4689,37,480,0.13971200585365295
4690,38,480,0.1382399946451187
4691,39,480,0.13728000223636627
4692,40,480,0.1372479945421219
4693,41,480,0.13862399756908417
4694,42,480,0.1393280029296875
4695,43,480,0.14070400595664978
4696,44,480,0.1380160003900528
4697,45,480,0.14297600090503693
4698,46,480,0.13756799697875977
4699,47,480,0.13795199990272522
4700,48,480,0.13884800672531128
4701,49,480,0.13872000575065613
4702,50,480,0.13894400000572205
4703,51,480,0.1369599997997284
4704,52,480,0.13785600662231445
4705,53,480,0.13683199882507324
4706,54,480,0.14137600362300873
4707,55,480,0.1379839926958084
4708,56,480,0.14102399349212646
4709,57,480,0.1391039937734604
4710,58,480,0.13676799833774567
4711,59,480,0.1369280070066452
4712,60,480,0.1379839926958084
4713,61,480,0.13846400380134583
4714,62,480,0.1377280056476593
4715,63,480,0.13795199990272522
4716,64,480,0.13900800049304962
4717,65,480,0.14134399592876434
4718,66,480,0.14035199582576752
4719,67,480,0.14326399564743042
4720,68,480,0.13913600146770477
4721,69,480,0.1369280070066452
4722,70,480,0.13795199990272522
4723,71,480,0.13683199882507324
4724,72,480,0.1467519998550415
4725,73,480,0.13785600662231445
4726,74,480,0.1364160031080246
4727,75,480,0.13840000331401825
4728,76,480,0.14105600118637085
4729,77,480,0.13820800185203552
4730,78,480,0.14339199662208557
4731,79,480,0.137472003698349
4732,80,480,0.139615997672081
4733,81,480,0.13756799697875977
4734,82,480,0.13820800185203552
4735,83,480,0.1377280056476593
4736,84,480,0.1382720023393631
4737,85,480,0.13753600418567657
4738,86,480,0.13859200477600098
4739,87,480,0.14124800264835358
4740,88,480,0.1393280029296875
4741,89,480,0.14361600577831268
4742,90,480,0.14060799777507782
4743,91,480,0.13737599551677704
4744,92,480,0.13737599551677704
4745,93,480,0.13996799290180206
4746,94,480,0.13926400244235992
4747,95,480,0.1483519971370697
4748,96,480,0.1377280056476593
4749,97,480,0.13811199367046356
4750,98,480,0.14124800264835358
4751,99,480,0.13782399892807007
4752,1,490,0.16176000237464905
4753,2,490,0.14659200608730316
4754,3,490,0.14563199877738953
4755,4,490,0.14556799829006195
4756,5,490,0.14406399428844452
4757,6,490,0.14467200636863708
4758,7,490,0.14454400539398193
4759,8,490,0.1446080058813095
4760,9,490,0.14771200716495514
4761,10,490,0.14476799964904785
4762,11,490,0.1435520052909851
4763,12,490,0.14892800152301788
4764,13,490,0.14652800559997559
4765,14,490,0.14499199390411377
4766,15,490,0.14422400295734406
4767,16,490,0.1446080058813095
4768,17,490,0.1459520012140274
4769,18,490,0.1462399959564209
4770,19,490,0.15532800555229187
4771,20,490,0.1480640023946762
4772,21,490,0.1446399986743927
4773,22,490,0.14480000734329224
4774,23,490,0.1502400040626526
4775,24,490,0.14508800208568573
4776,25,490,0.14604799449443817
4777,26,490,0.14399999380111694
4778,27,490,0.14374400675296783
4779,28,490,0.146464005112648
4780,29,490,0.14441600441932678
4781,30,490,0.14428800344467163
4782,31,490,0.14694400131702423
4783,32,490,0.14534400403499603
4784,33,490,0.14467200636863708
4785,34,490,0.15014399588108063
4786,35,490,0.14652800559997559
4787,36,490,0.1446399986743927
4788,37,490,0.14403200149536133
4789,38,490,0.14575999975204468
4790,39,490,0.14345599710941315
4791,40,490,0.1451520025730133
4792,41,490,0.14300799369812012
4793,42,490,0.14796799421310425
4794,43,490,0.14588800072669983
4795,44,490,0.14361600577831268
4796,45,490,0.15059199929237366
4797,46,490,0.1459520012140274
4798,47,490,0.14505599439144135
4799,48,490,0.14534400403499603
4800,49,490,0.1441279947757721
4801,50,490,0.14300799369812012
4802,51,490,0.147039994597435
4803,52,490,0.144896000623703
4804,53,490,0.14761599898338318
4805,54,490,0.14428800344467163
4806,55,490,0.1443520039319992
4807,56,490,0.14857600629329681
4808,57,490,0.14921599626541138
4809,58,490,0.14812800288200378
4810,59,490,0.14764800667762756
4811,60,490,0.14761599898338318
4812,61,490,0.14819200336933136
4813,62,490,0.14745600521564484
4814,63,490,0.14707200229167938
4815,64,490,0.15113599598407745
4816,65,490,0.14819200336933136
4817,66,490,0.1478399932384491
4818,67,490,0.15107199549674988
4819,68,490,0.14815999567508698
4820,69,490,0.14844800531864166
4821,70,490,0.1467839926481247
4822,71,490,0.14748799800872803
4823,72,490,0.15007999539375305
4824,73,490,0.14812800288200378
4825,74,490,0.1478080004453659
4826,75,490,0.150176003575325
4827,76,490,0.14822399616241455
4828,77,490,0.14668799936771393
4829,78,490,0.15059199929237366
4830,79,490,0.14604799449443817
4831,80,490,0.14511999487876892
4832,81,490,0.1443839967250824
4833,82,490,0.14457599818706512
4834,83,490,0.14633600413799286
4835,84,490,0.14467200636863708
4836,85,490,0.14537599682807922
4837,86,490,0.14812800288200378
4838,87,490,0.14508800208568573
4839,88,490,0.14499199390411377
4840,89,490,0.1504639983177185
4841,90,490,0.14361600577831268
4842,91,490,0.14531199634075165
4843,92,490,0.14396800100803375
4844,93,490,0.147039994597435
4845,94,490,0.1456959992647171
4846,95,490,0.1456640064716339
4847,96,490,0.14377599954605103
4848,97,490,0.14854399859905243
4849,98,490,0.14419199526309967
4850,99,490,0.14425599575042725
