,l_xy,n_pts,time
0,1,10,482.56304931640625
1,1,20,0.23654399812221527
2,1,30,0.12492799758911133
3,1,40,0.22118400037288666
4,1,50,0.2242559939622879
5,1,60,0.14233599603176117
6,1,70,0.24268800020217896
7,1,80,0.1515520066022873
8,1,90,0.2396160066127777
9,1,100,0.23347200453281403
10,1,110,0.15462400019168854
11,1,120,0.2764799892902374
12,1,130,0.23756800591945648
13,1,140,0.15462400019168854
14,1,150,0.23552000522613525
15,1,160,0.1730560064315796
16,1,170,0.25600001215934753
17,1,180,0.19251200556755066
18,1,190,0.19251200556755066
19,1,200,0.21503999829292297
20,1,210,0.19353599846363068
21,1,220,0.1884160041809082
22,1,230,0.21094399690628052
23,1,240,0.18534399569034576
24,1,250,0.2027519941329956
25,1,260,0.21190400421619415
26,1,270,0.21132799983024597
27,1,280,0.21344000101089478
28,1,290,0.2264000028371811
29,1,300,0.24368000030517578
30,1,310,0.25113600492477417
31,1,320,0.24422399699687958
32,1,330,0.25702399015426636
33,1,340,0.2735680043697357
34,1,350,0.2523519992828369
35,1,360,0.30006399750709534
36,1,370,0.2884480059146881
37,1,380,0.2818880081176758
38,1,390,0.28972798585891724
39,1,400,0.2871679961681366
40,1,410,0.310016006231308
41,1,420,0.31516799330711365
42,1,430,0.34035199880599976
43,1,440,0.320576012134552
44,1,450,0.3380799889564514
45,1,460,0.3221440017223358
46,1,470,0.3678719997406006
47,1,480,0.37987199425697327
48,1,490,0.35148799419403076
49,1,500,0.3614400029182434
50,1,510,0.3606080114841461
51,1,520,0.37462401390075684
52,1,530,0.3873920142650604
53,1,540,0.4057919979095459
54,1,550,0.40809598565101624
55,1,560,0.3965440094470978
56,1,570,0.4238719940185547
57,1,580,0.43532800674438477
58,1,590,0.4519360065460205
59,1,600,0.4558719992637634
60,1,610,0.458624005317688
61,1,620,0.46675199270248413
62,1,630,0.4731200039386749
63,1,640,0.46246400475502014
64,1,650,0.4862399995326996
65,1,660,0.5040320158004761
66,1,670,0.5060160160064697
67,1,680,0.5294079780578613
68,1,690,0.5278400182723999
69,1,700,0.5251839756965637
70,1,710,0.540992021560669
71,1,720,0.5671359896659851
72,1,730,0.5863680243492126
73,1,740,0.5800639986991882
74,1,750,0.5750719904899597
75,1,760,0.5928320288658142
76,1,770,0.6009600162506104
77,1,780,0.6325759887695312
78,1,790,0.6186559796333313
79,1,800,0.6310719847679138
80,1,810,0.6757439970970154
81,1,820,0.6726719737052917
82,1,830,0.6588799953460693
83,1,840,0.7033920288085938
84,1,850,0.6932799816131592
85,1,860,0.6963199973106384
86,1,870,0.7186239957809448
87,1,880,0.7287999987602234
88,1,890,0.749567985534668
89,1,900,0.7632960081100464
90,1,910,0.7648000121116638
91,1,920,0.7678080201148987
92,1,930,0.8108159899711609
93,1,940,0.7931839823722839
94,1,950,0.8251199722290039
95,1,960,0.819487988948822
96,1,970,0.8731200098991394
97,1,980,0.8537600040435791
98,1,990,0.85452800989151
99,1,1000,0.8693439960479736
100,1,1010,0.898688018321991
101,1,1020,0.9152640104293823
102,1,1030,0.928704023361206
103,1,1040,0.9228799939155579
104,1,1050,0.9587839841842651
105,1,1060,0.9774399995803833
106,1,1070,1.0017919540405273
107,1,1080,1.0132479667663574
108,1,1090,1.0190720558166504
109,1,1100,1.0257279872894287
110,1,1110,1.0568640232086182
111,1,1120,1.0474239587783813
112,1,1130,1.0882560014724731
113,1,1140,1.1064000129699707
114,1,1150,1.110144019126892
115,1,1160,1.1491199731826782
116,1,1170,1.1419520378112793
117,1,1180,1.1525440216064453
118,1,1190,1.1872960329055786
119,1,1200,1.176095962524414
120,1,1210,1.2177599668502808
121,1,1220,1.2391680479049683
122,1,1230,1.236672043800354
123,1,1240,1.2778559923171997
124,1,1250,1.3142080307006836
125,1,1260,1.2971199750900269
126,1,1270,1.333791971206665
127,1,1280,1.3243199586868286
128,1,1290,1.3538240194320679
129,1,1300,1.3775999546051025
130,1,1310,1.3715200424194336
131,1,1320,1.4117759466171265
132,1,1330,1.4561599493026733
133,1,1340,1.4296319484710693
134,1,1350,1.465824007987976
135,1,1360,1.4703999757766724
136,1,1370,1.4925440549850464
137,1,1380,1.5206079483032227
138,1,1390,1.5299839973449707
139,1,1400,1.5512959957122803
140,1,1410,1.5789120197296143
141,1,1420,1.581279993057251
142,1,1430,1.632863998413086
143,1,1440,1.6253759860992432
144,1,1450,1.6690560579299927
145,1,1460,1.721951961517334
146,1,1470,1.6885440349578857
147,1,1480,1.7244479656219482
148,1,1490,1.7545280456542969
149,1,1500,1.7617919445037842
150,1,1510,1.8596479892730713
151,1,1520,1.7943999767303467
152,1,1530,1.8304640054702759
153,1,1540,1.8488320112228394
154,1,1550,1.874559998512268
155,1,1560,1.9650880098342896
156,1,1570,1.9223359823226929
157,1,1580,1.9321279525756836
158,1,1590,1.9672640562057495
159,1,1600,1.9606720209121704
160,1,1610,2.0806400775909424
161,1,1620,2.038367986679077
162,1,1630,2.0287680625915527
163,1,1640,2.0699520111083984
164,1,1650,2.1025919914245605
165,1,1660,2.1553280353546143
166,1,1670,2.15446400642395
167,1,1680,2.1428799629211426
168,1,1690,2.1764800548553467
169,1,1700,2.2577600479125977
170,1,1710,2.218208074569702
171,1,1720,2.2522881031036377
172,1,1730,2.281248092651367
173,1,1740,2.321631908416748
174,1,1750,2.3171520233154297
175,1,1760,2.3232319355010986
176,1,1770,2.356735944747925
177,1,1780,2.436608076095581
178,1,1790,2.4014720916748047
179,1,1800,2.451807975769043
180,1,1810,2.48688006401062
181,1,1820,2.5454399585723877
182,1,1830,2.526144027709961
183,1,1840,2.5166399478912354
184,1,1850,2.586143970489502
185,1,1860,2.704224109649658
186,1,1870,2.605247974395752
187,1,1880,2.646496057510376
188,1,1890,2.6652801036834717
189,1,1900,2.7478721141815186
190,1,1910,2.7238399982452393
191,1,1920,2.7229440212249756
192,1,1930,2.761568069458008
193,1,1940,2.950687885284424
194,1,1950,2.8308799266815186
195,1,1960,2.8567678928375244
196,1,1970,2.872704029083252
197,1,1980,2.935296058654785
198,1,1990,2.931040048599243
199,1,2000,2.9424960613250732
200,1,2010,2.9811840057373047
201,1,2020,3.0725760459899902
202,1,2030,3.0284481048583984
203,1,2040,3.0597760677337646
204,1,2050,3.1148159503936768
205,1,2060,3.1352639198303223
206,1,2070,3.1515519618988037
207,1,2080,3.1640000343322754
208,1,2090,3.2152318954467773
209,1,2100,3.249727964401245
210,1,2110,3.2607040405273438
211,1,2120,3.2990400791168213
212,1,2130,3.3335039615631104
213,1,2140,3.3481600284576416
214,1,2150,3.381056070327759
215,1,2160,3.4175679683685303
216,1,2170,3.43670392036438
217,1,2180,3.473151922225952
218,1,2190,3.4726080894470215
219,1,2200,3.507744073867798
220,1,2210,3.5773439407348633
221,1,2220,3.562016010284424
222,1,2230,3.634399890899658
223,1,2240,3.6110401153564453
224,1,2250,3.7019200325012207
225,1,2260,3.701119899749756
226,1,2270,3.7081921100616455
227,1,2280,3.774048089981079
228,1,2290,3.815551996231079
229,1,2300,3.8170878887176514
230,1,2310,3.863231897354126
231,1,2320,3.875999927520752
232,1,2330,3.940864086151123
233,1,2340,3.9666879177093506
234,1,2350,3.951040029525757
235,1,2360,4.007391929626465
236,1,2370,4.074495792388916
237,1,2380,4.04860782623291
238,1,2390,4.105472087860107
239,1,2400,4.134848117828369
240,1,2410,4.169504165649414
241,1,2420,4.19052791595459
242,1,2430,4.247712135314941
243,1,2440,4.257664203643799
244,1,2450,4.28553581237793
245,1,2460,4.326752185821533
246,1,2470,4.359776020050049
247,1,2480,4.386528015136719
248,1,2490,4.447840213775635
249,1,2500,4.477663993835449
250,1,2510,4.466207981109619
251,1,2520,4.539103984832764
252,1,2530,4.580832004547119
253,1,2540,4.57587194442749
254,1,2550,4.64035177230835
255,1,2560,4.628064155578613
256,1,2570,4.6715521812438965
257,1,2580,4.743936061859131
258,1,2590,4.7412800788879395
259,1,2600,4.782688140869141
260,1,2610,4.86191987991333
261,1,2620,4.841983795166016
262,1,2630,4.900896072387695
263,1,2640,4.942080020904541
264,1,2650,4.946047782897949
265,1,2660,4.995296001434326
266,1,2670,5.047872066497803
267,1,2680,5.064576148986816
268,1,2690,5.108575820922852
269,1,2700,5.132575988769531
270,1,2710,5.172192096710205
271,1,2720,5.185056209564209
272,1,2730,5.261727809906006
273,1,2740,5.2742719650268555
274,1,2750,5.27785587310791
275,1,2760,5.369088172912598
276,1,2770,5.397439956665039
277,1,2780,5.3887038230896
278,1,2790,5.486080169677734
279,1,2800,5.46889591217041
280,1,2810,5.531199932098389
281,1,2820,5.571775913238525
282,1,2830,5.567552089691162
283,1,2840,5.633600234985352
284,1,2850,5.687168121337891
285,1,2860,5.69155216217041
286,1,2870,5.766496181488037
287,1,2880,5.803711891174316
288,1,2890,5.795231819152832
289,1,2900,5.857408046722412
290,1,2910,5.886240005493164
291,1,2920,5.933216094970703
292,1,2930,5.967552185058594
293,1,2940,6.008607864379883
294,1,2950,6.043647766113281
295,1,2960,6.055200099945068
296,1,2970,6.1484479904174805
297,1,2980,6.176864147186279
298,1,2990,6.203711986541748
299,1,3000,6.24348783493042
300,1,3010,6.291967868804932
301,1,3020,6.304224014282227
302,1,3030,6.352479934692383
303,1,3040,6.350240230560303
304,1,3050,6.42080020904541
305,1,3060,6.495488166809082
306,1,3070,6.471583843231201
307,1,3080,6.535232067108154
308,1,3090,6.618720054626465
309,1,3100,6.6113600730896
310,1,3110,6.668255805969238
311,1,3120,6.71014404296875
312,1,3130,6.727903842926025
313,1,3140,6.799776077270508
314,1,3150,6.830751895904541
315,1,3160,6.861631870269775
316,1,3170,6.917247772216797
317,1,3180,6.967679977416992
318,1,3190,6.9818878173828125
319,1,3200,7.009888172149658
320,1,3210,7.081247806549072
321,1,3220,7.104640007019043
322,1,3230,7.130015850067139
323,1,3240,7.229407787322998
324,1,3250,7.241151809692383
325,1,3260,7.252895832061768
326,1,3270,7.342527866363525
327,1,3280,7.323008060455322
328,1,3290,7.398015975952148
329,1,3300,7.446784019470215
330,1,3310,7.480480194091797
331,1,3320,7.52185583114624
332,1,3330,7.593855857849121
333,1,3340,7.595359802246094
334,1,3350,7.667935848236084
335,1,3360,7.664159774780273
336,1,3370,7.7512640953063965
337,1,3380,7.792736053466797
338,1,3390,7.8170881271362305
339,1,3400,7.856192111968994
340,1,3410,7.93833589553833
341,1,3420,7.961503982543945
342,1,3430,8.028639793395996
343,1,3440,8.023327827453613
344,1,3450,8.111424446105957
345,1,3460,8.126655578613281
346,1,3470,8.164223670959473
347,1,3480,8.200160026550293
348,1,3490,8.27996826171875
349,1,3500,8.261919975280762
350,1,3510,8.370495796203613
351,1,3520,8.358943939208984
352,1,3530,8.45241641998291
353,1,3540,8.472736358642578
354,1,3550,8.511103630065918
355,1,3560,8.556351661682129
356,1,3570,8.631775856018066
357,1,3580,8.655200004577637
358,1,3590,8.711935997009277
359,1,3600,8.726048469543457
360,1,3610,8.814623832702637
361,1,3620,8.839455604553223
362,1,3630,8.87657642364502
363,1,3640,8.914048194885254
364,1,3650,8.992575645446777
365,1,3660,8.99948787689209
366,1,3670,9.088512420654297
367,1,3680,9.116448402404785
368,1,3690,9.173151969909668
369,1,3700,9.216032028198242
370,1,3710,9.259615898132324
371,1,3720,9.290816307067871
372,1,3730,9.396575927734375
373,1,3740,9.381343841552734
374,1,3750,9.493599891662598
375,1,3760,9.451071739196777
376,1,3770,9.552543640136719
377,1,3780,9.568703651428223
378,1,3790,9.64742374420166
379,1,3800,9.664192199707031
380,1,3810,9.752799987792969
381,1,3820,9.746912002563477
382,1,3830,9.838303565979004
383,1,3840,9.862784385681152
384,1,3850,9.942144393920898
385,1,3860,9.955679893493652
386,1,3870,9.997664451599121
387,1,3880,10.06396770477295
388,1,3890,10.142656326293945
389,1,3900,10.1461763381958
390,1,3910,10.231871604919434
391,1,3920,10.220319747924805
392,1,3930,10.308064460754395
393,1,3940,10.34335994720459
394,1,3950,10.393471717834473
395,1,3960,10.427712440490723
396,1,3970,10.54758358001709
397,1,3980,10.529919624328613
398,1,3990,10.620736122131348
399,1,4000,10.635807991027832
400,1,4010,10.729599952697754
401,1,4020,10.761983871459961
402,1,4030,10.783424377441406
403,1,4040,10.856287956237793
404,1,4050,10.93295955657959
405,1,4060,10.923616409301758
406,1,4070,11.021568298339844
407,1,4080,11.018879890441895
408,1,4090,11.102560043334961
409,1,4100,11.138815879821777
410,1,4110,11.180288314819336
411,1,4120,11.251615524291992
412,1,4130,11.33296012878418
413,1,4140,11.346336364746094
414,1,4150,11.414752006530762
415,1,4160,11.439135551452637
416,1,4170,11.522591590881348
417,1,4180,11.576383590698242
418,1,4190,11.604543685913086
419,1,4200,11.663104057312012
420,1,4210,11.740768432617188
421,1,4220,11.74182415008545
422,1,4230,11.83619213104248
423,1,4240,11.859456062316895
424,1,4250,11.945631980895996
425,1,4260,11.976192474365234
426,1,4270,12.033984184265137
427,1,4280,12.087136268615723
428,1,4290,12.17033576965332
429,1,4300,12.16323184967041
430,1,4310,12.267487525939941
431,1,4320,12.285856246948242
432,1,4330,12.3538236618042
433,1,4340,12.411711692810059
434,1,4350,12.469280242919922
435,1,4360,12.495583534240723
436,1,4370,12.597311973571777
437,1,4380,12.604767799377441
438,1,4390,12.729951858520508
439,1,4400,12.686592102050781
440,1,4410,12.801823616027832
441,1,4420,12.84995174407959
442,1,4430,12.879648208618164
443,1,4440,12.92627239227295
444,1,4450,13.018431663513184
445,1,4460,13.017439842224121
446,1,4470,13.154815673828125
447,1,4480,13.148351669311523
448,1,4490,13.223039627075195
449,1,4500,13.293855667114258
450,1,4510,13.315648078918457
451,1,4520,13.370880126953125
452,1,4530,13.484864234924316
453,1,4540,13.471199989318848
454,1,4550,13.566944122314453
455,1,4560,13.595552444458008
456,1,4570,13.692671775817871
457,1,4580,13.730208396911621
458,1,4590,13.782208442687988
459,1,4600,13.841888427734375
460,1,4610,13.905983924865723
461,1,4620,13.920031547546387
462,1,4630,14.024928092956543
463,1,4640,14.04911994934082
464,1,4650,14.118656158447266
465,1,4660,14.1911039352417
466,1,4670,14.207167625427246
467,1,4680,14.266495704650879
468,1,4690,14.399328231811523
469,1,4700,14.396672248840332
470,1,4710,14.474592208862305
471,1,4720,14.478303909301758
472,1,4730,14.585311889648438
473,1,4740,14.651712417602539
474,1,4750,14.68841552734375
475,1,4760,14.755392074584961
476,1,4770,14.827712059020996
477,1,4780,14.849727630615234
478,1,4790,14.945311546325684
479,1,4800,14.939200401306152
480,1,4810,15.033056259155273
481,1,4820,15.114912033081055
482,1,4830,15.148351669311523
483,1,4840,15.201567649841309
484,1,4850,15.317728042602539
485,1,4860,15.332287788391113
486,1,4870,15.417632102966309
487,1,4880,15.415040016174316
488,1,4890,15.517375946044922
489,1,4900,15.607872009277344
490,1,4910,15.615839958190918
491,1,4920,15.70809555053711
492,1,4930,15.787263870239258
493,1,4940,15.808544158935547
494,1,4950,15.886879920959473
495,1,4960,15.913663864135742
496,1,4970,15.987775802612305
497,1,4980,16.058687210083008
498,1,4990,16.118688583374023
499,1,5000,16.189023971557617
500,1,5010,16.27225685119629
501,1,5020,16.291135787963867
502,1,5030,16.378463745117188
503,1,5040,16.397119522094727
504,1,5050,16.498207092285156
505,1,5060,16.54310417175293
506,1,5070,16.603967666625977
507,1,5080,16.674623489379883
508,1,5090,16.744319915771484
509,1,5100,16.765600204467773
510,1,5110,16.856351852416992
511,1,5120,16.89904022216797
512,1,5130,16.985855102539062
513,1,5140,17.036863327026367
514,1,5150,17.508544921875
515,1,5160,17.170047760009766
516,1,5170,17.268192291259766
517,1,5180,17.284448623657227
518,1,5190,17.361696243286133
519,1,5200,17.376768112182617
520,1,5210,17.504352569580078
521,1,5220,17.555328369140625
522,1,5230,17.602336883544922
523,1,5240,17.683135986328125
524,1,5250,17.743104934692383
525,1,5260,17.77190399169922
526,1,5270,17.893823623657227
527,1,5280,17.90470314025879
528,1,5290,17.993375778198242
529,1,5300,18.0416316986084
530,1,5310,18.108959197998047
531,1,5320,18.179296493530273
532,1,5330,18.26972770690918
533,1,5340,18.28335952758789
534,1,5350,18.4202880859375
535,1,5360,18.394079208374023
536,1,5370,18.495872497558594
537,1,5380,18.577823638916016
538,1,5390,18.63488006591797
539,1,5400,18.698015213012695
540,1,5410,18.792959213256836
541,1,5420,18.818336486816406
542,1,5430,18.940031051635742
543,1,5440,18.92073631286621
544,1,5450,19.018943786621094
545,1,5460,19.092512130737305
546,1,5470,19.161663055419922
547,1,5480,19.211872100830078
548,1,5490,19.302688598632812
549,1,5500,19.318815231323242
550,1,5510,19.459104537963867
551,1,5520,19.434368133544922
552,1,5530,19.55187225341797
553,1,5540,19.64944076538086
554,1,5550,19.667200088500977
555,1,5560,19.757568359375
556,1,5570,19.85055923461914
557,1,5580,19.88707160949707
558,1,5590,19.99590492248535
559,1,5600,19.97711944580078
560,1,5610,20.091840744018555
561,1,5620,20.156448364257812
562,1,5630,20.229536056518555
563,1,5640,20.291616439819336
564,1,5650,20.377119064331055
565,1,5660,20.40243148803711
566,1,5670,20.50271987915039
567,1,5680,20.507007598876953
568,1,5690,20.641599655151367
569,1,5700,20.716352462768555
570,1,5710,20.755456924438477
571,1,5720,20.840511322021484
572,1,5730,20.935327529907227
573,1,5740,20.954336166381836
574,1,5750,21.069664001464844
575,1,5760,21.08140754699707
576,1,5770,21.18796730041504
577,1,5780,21.247007369995117
578,1,5790,21.324447631835938
579,1,5800,21.3656005859375
580,1,5810,21.481952667236328
581,1,5820,21.553024291992188
582,1,5830,21.60870361328125
583,1,5840,21.695999145507812
584,1,5850,21.791231155395508
585,1,5860,21.861984252929688
586,1,5870,21.899967193603516
587,1,5880,21.965152740478516
588,1,5890,22.087007522583008
589,1,5900,22.155168533325195
590,1,5910,22.22662353515625
591,1,5920,22.266752243041992
592,1,5930,22.342239379882812
593,1,5940,22.428447723388672
594,1,5950,22.453088760375977
595,1,5960,22.537343978881836
596,1,5970,22.62931251525879
597,1,5980,22.681503295898438
598,1,5990,22.829471588134766
599,1,6000,22.821151733398438
600,1,6010,22.911680221557617
601,1,6020,23.007904052734375
602,1,6030,23.04755210876465
603,1,6040,23.111263275146484
604,1,6050,23.22528076171875
605,1,6060,23.24505615234375
606,1,6070,23.346912384033203
607,1,6080,23.386943817138672
608,1,6090,23.502527236938477
609,1,6100,23.556415557861328
610,1,6110,23.569856643676758
611,1,6120,23.69152069091797
612,1,6130,23.7893123626709
613,1,6140,23.794240951538086
614,1,6150,23.896703720092773
615,1,6160,23.91315269470215
616,1,6170,24.09382438659668
617,1,6180,24.18191909790039
618,1,6190,24.198495864868164
619,1,6200,24.31283187866211
620,1,6210,24.36614418029785
621,1,6220,24.40995216369629
622,1,6230,24.504928588867188
623,1,6240,24.57548713684082
624,1,6250,24.701536178588867
625,1,6260,24.766271591186523
626,1,6270,24.785856246948242
627,1,6280,24.899200439453125
628,1,6290,24.981632232666016
629,1,6300,25.002656936645508
630,1,6310,25.111583709716797
631,1,6320,25.140031814575195
632,1,6330,25.281152725219727
633,1,6340,25.357471466064453
634,1,6350,25.398048400878906
635,1,6360,25.496896743774414
636,1,6370,25.589792251586914
637,1,6380,25.63091278076172
638,1,6390,25.697280883789062
639,1,6400,25.7574405670166
640,1,6410,25.890335083007812
641,1,6420,25.991487503051758
642,1,6430,26.021215438842773
643,1,6440,26.126047134399414
644,1,6450,26.198144912719727
645,1,6460,26.23206329345703
646,1,6470,26.321439743041992
647,1,6480,26.360383987426758
648,1,6490,26.47942352294922
649,1,6500,26.597824096679688
650,1,6510,26.61097526550293
651,1,6520,26.747360229492188
652,1,6530,26.83635139465332
653,1,6540,26.817216873168945
654,1,6550,26.937471389770508
655,1,6560,26.97100830078125
656,1,6570,27.11142349243164
657,1,6580,27.21183967590332
658,1,6590,27.252864837646484
659,1,6600,27.3242244720459
660,1,6610,27.4234561920166
661,1,6620,27.47177505493164
662,1,6630,27.5533447265625
663,1,6640,27.607263565063477
664,1,6650,27.73289680480957
665,1,6660,27.837888717651367
666,1,6670,27.8591365814209
667,1,6680,27.970975875854492
668,1,6690,28.05788803100586
669,1,6700,28.081247329711914
670,1,6710,28.192895889282227
671,1,6720,28.224384307861328
672,1,6730,28.383007049560547
673,1,6740,28.456256866455078
674,1,6750,28.48041534423828
675,1,6760,28.601280212402344
676,1,6770,28.684480667114258
677,1,6780,28.72867202758789
678,1,6790,28.855327606201172
679,1,6800,28.87763214111328
680,1,6810,29.00035285949707
681,1,6820,29.087839126586914
682,1,6830,29.1628475189209
683,1,6840,29.253087997436523
684,1,6850,29.354368209838867
685,1,6860,29.379711151123047
686,1,6870,29.476320266723633
687,1,6880,29.53023910522461
688,1,6890,29.66876792907715
689,1,6900,29.749631881713867
690,1,6910,29.790176391601562
691,1,6920,29.883615493774414
692,1,6930,29.97279930114746
693,1,6940,30.03856086730957
694,1,6950,30.151168823242188
695,1,6960,30.218048095703125
696,1,6970,30.307743072509766
697,1,6980,30.432863235473633
698,1,6990,30.434656143188477
699,1,7000,30.53968048095703
700,1,7010,30.634592056274414
701,1,7020,30.77347183227539
702,1,7030,30.83011245727539
703,1,7040,30.841663360595703
704,1,7050,30.953632354736328
705,1,7060,31.07062339782715
706,1,7070,31.09516716003418
707,1,7080,31.182079315185547
708,1,7090,31.259136199951172
709,1,7100,31.34556770324707
710,1,7110,31.44758415222168
711,1,7120,31.49945640563965
712,1,7130,31.62838363647461
713,1,7140,31.72662353515625
714,1,7150,31.745119094848633
715,1,7160,31.876672744750977
716,1,7170,31.964832305908203
717,1,7180,32.022945404052734
718,1,7190,32.15475082397461
719,1,7200,32.185665130615234
720,1,7210,32.30329513549805
721,1,7220,32.384544372558594
722,1,7230,32.431583404541016
723,1,7240,32.53740692138672
724,1,7250,32.64409637451172
725,1,7260,32.698463439941406
726,1,7270,32.84560012817383
727,1,7280,32.84960174560547
728,1,7290,32.99350357055664
729,1,7300,33.04937744140625
730,1,7310,33.07712173461914
731,1,7320,33.213409423828125
732,1,7330,33.33283233642578
733,1,7340,33.39616012573242
734,1,7350,33.51340866088867
735,1,7360,33.53558349609375
736,1,7370,33.6506233215332
737,1,7380,33.75641632080078
738,1,7390,33.8092155456543
739,1,7400,33.907745361328125
740,1,7410,34.04383850097656
741,1,7420,34.0997428894043
742,1,7430,34.20492935180664
743,1,7440,34.23948669433594
744,1,7450,34.333984375
745,1,7460,34.467777252197266
746,1,7470,34.514400482177734
747,1,7480,34.651039123535156
748,1,7490,34.72809600830078
749,1,7500,34.79155349731445
750,1,7510,34.875423431396484
751,1,7520,34.8897590637207
752,1,7530,35.027809143066406
753,1,7540,35.1736946105957
754,1,7550,35.20355224609375
755,1,7560,35.32876968383789
756,1,7570,35.437950134277344
757,1,7580,35.48179244995117
758,1,7590,35.571006774902344
759,1,7600,35.615264892578125
760,1,7610,35.77084732055664
761,1,7620,35.90518569946289
762,1,7630,35.94015884399414
763,1,7640,36.02207946777344
764,1,7650,36.12531280517578
765,1,7660,36.13568115234375
766,1,7670,36.32310485839844
767,1,7680,36.36320114135742
768,1,7690,36.48188781738281
769,1,7700,36.60844802856445
770,1,7710,36.62739181518555
771,1,7720,36.72608184814453
772,1,7730,36.84620666503906
773,1,7740,36.935455322265625
774,1,7750,37.04828643798828
775,1,7760,37.07484817504883
776,1,7770,37.204383850097656
777,1,7780,37.29849624633789
778,1,7790,37.338783264160156
779,1,7800,37.434112548828125
780,1,7810,37.621822357177734
781,1,7820,37.641056060791016
782,1,7830,37.766143798828125
783,1,7840,37.77910232543945
784,1,7850,37.912479400634766
785,1,7860,38.017696380615234
786,1,7870,38.06982421875
787,1,7880,38.22230529785156
788,1,7890,38.35337448120117
789,1,7900,38.36524963378906
790,1,7910,38.466529846191406
791,1,7920,38.50886535644531
792,1,7930,38.62575912475586
793,1,7940,38.787200927734375
794,1,7950,38.84415817260742
795,1,7960,38.9455680847168
796,1,7970,39.052127838134766
797,1,7980,39.13209533691406
798,1,7990,39.2305908203125
799,1,8000,39.24614334106445
800,1,8010,39.40742492675781
801,1,8020,39.5351676940918
802,1,8030,39.56047821044922
803,1,8040,39.6827507019043
804,1,8050,39.7957763671875
805,1,8060,39.81747055053711
806,1,8070,39.97785568237305
807,1,8080,40.02217483520508
808,1,8090,40.13804626464844
809,1,8100,40.25923156738281
810,1,8110,40.328128814697266
811,1,8120,40.42124938964844
812,1,8130,40.509281158447266
813,1,8140,40.62736129760742
814,1,8150,40.72953414916992
815,1,8160,40.782047271728516
816,1,8170,40.88956832885742
817,1,8180,41.003326416015625
818,1,8190,41.015777587890625
819,1,8200,41.27433776855469
820,1,8210,41.32851028442383
821,1,8220,41.37651062011719
822,1,8230,41.46409606933594
823,1,8240,41.53977584838867
824,1,8250,41.65769577026367
825,1,8260,41.79955291748047
826,1,8270,41.81110382080078
827,1,8280,41.9252815246582
828,1,8290,42.08745574951172
829,1,8300,42.12464141845703
830,1,8310,42.215518951416016
831,1,8320,42.29315185546875
832,1,8330,42.43452835083008
833,1,8340,42.573089599609375
834,1,8350,42.59689712524414
835,1,8360,42.72915267944336
836,1,8370,42.86684799194336
837,1,8380,42.878849029541016
838,1,8390,43.013023376464844
839,1,8400,43.079872131347656
840,1,8410,43.19279861450195
841,1,8420,43.298431396484375
842,1,8430,43.337249755859375
843,1,8440,43.44041442871094
844,1,8450,43.59900665283203
845,1,8460,43.626529693603516
846,1,8470,43.77571105957031
847,1,8480,43.86819076538086
848,1,8490,43.98384094238281
849,1,8500,44.08723068237305
850,1,8510,44.1324462890625
851,1,8520,44.306270599365234
852,1,8530,44.404510498046875
853,1,8540,44.453121185302734
854,1,8550,44.577247619628906
855,1,8560,44.60844802856445
856,1,8570,44.77027130126953
857,1,8580,44.892127990722656
858,1,8590,44.9450569152832
859,1,8600,45.1044807434082
860,1,8610,45.21171188354492
861,1,8620,45.245792388916016
862,1,8630,45.37424087524414
863,1,8640,45.4587516784668
864,1,8650,45.58243179321289
865,1,8660,45.693599700927734
866,1,8670,45.73855972290039
867,1,8680,45.85801696777344
868,1,8690,45.9865608215332
869,1,8700,46.0618896484375
870,1,8710,46.17331314086914
871,1,8720,46.227169036865234
872,1,8730,46.381248474121094
873,1,8740,46.49107360839844
874,1,8750,46.518272399902344
875,1,8760,46.70249557495117
876,1,8770,46.812255859375
877,1,8780,46.86742401123047
878,1,8790,46.97740936279297
879,1,8800,47.02524948120117
880,1,8810,47.161537170410156
881,1,8820,47.3342399597168
882,1,8830,47.470497131347656
883,1,8840,47.46326446533203
884,1,8850,47.61983871459961
885,1,8860,47.671104431152344
886,1,8870,47.77782440185547
887,1,8880,47.868736267089844
888,1,8890,48.00102233886719
889,1,8900,48.11561584472656
890,1,8910,48.165504455566406
891,1,8920,48.2874870300293
892,1,8930,48.42521667480469
893,1,8940,48.50739288330078
894,1,8950,48.626625061035156
895,1,8960,48.69510269165039
896,1,8970,48.80364990234375
897,1,8980,48.947166442871094
898,1,8990,49.02537536621094
899,1,9000,49.12374496459961
900,1,9010,49.25513458251953
901,1,9020,49.30828857421875
902,1,9030,49.44972610473633
903,1,9040,49.47148895263672
904,1,9050,49.64006423950195
905,1,9060,49.76988983154297
906,1,9070,49.86832046508789
907,1,9080,49.96284866333008
908,1,9090,50.08047866821289
909,1,9100,50.11391830444336
910,1,9110,50.31760025024414
911,1,9120,50.337120056152344
912,1,9130,50.89104080200195
913,1,9140,50.58329772949219
914,1,9150,50.65001678466797
915,1,9160,50.76777648925781
916,1,9170,50.926048278808594
917,1,9180,51.0063362121582
918,1,9190,51.12112045288086
919,1,9200,51.15977478027344
920,1,9210,51.2993278503418
921,1,9220,51.43471908569336
922,1,9230,51.51084899902344
923,1,9240,51.6495361328125
924,1,9250,51.785953521728516
925,1,9260,51.78972625732422
926,1,9270,51.94028854370117
927,1,9280,52.0431022644043
928,1,9290,52.16313552856445
929,1,9300,52.35023880004883
930,1,9310,52.346622467041016
931,1,9320,52.5351676940918
932,1,9330,52.583839416503906
933,1,9340,52.673439025878906
934,1,9350,52.84479904174805
935,1,9360,52.868446350097656
936,1,9370,52.993473052978516
937,1,9380,53.12019348144531
938,1,9390,53.18928146362305
939,1,9400,53.33001708984375
940,1,9410,53.46284866333008
941,1,9420,53.5470085144043
942,1,9430,53.70169448852539
943,1,9440,53.71014404296875
944,1,9450,53.88905715942383
945,1,9460,54.05276870727539
946,1,9470,54.075233459472656
947,1,9480,54.210784912109375
948,1,9490,54.3785285949707
949,1,9500,54.388607025146484
950,1,9510,54.57712173461914
951,1,9520,54.664222717285156
952,1,9530,54.74537658691406
953,1,9540,54.88137435913086
954,1,9550,54.883968353271484
955,1,9560,55.109886169433594
956,1,9570,55.23369598388672
957,1,9580,55.288639068603516
958,1,9590,55.446495056152344
959,1,9600,55.44633483886719
960,1,9610,55.58937454223633
961,1,9620,55.79110336303711
962,1,9630,55.81350326538086
963,1,9640,55.976192474365234
964,1,9650,56.105281829833984
965,1,9660,56.1383056640625
966,1,9670,56.32835388183594
967,1,9680,56.36867141723633
968,1,9690,56.53974533081055
969,1,9700,56.616512298583984
970,1,9710,56.67436981201172
971,1,9720,56.83283233642578
972,1,9730,57.00620651245117
973,1,9740,57.06825637817383
974,1,9750,57.205726623535156
975,1,9760,57.209632873535156
976,1,9770,57.408287048339844
977,1,9780,57.52326583862305
978,1,9790,57.59571075439453
979,1,9800,57.77372741699219
980,1,9810,57.86697769165039
981,1,9820,57.87855911254883
982,1,9830,58.07833480834961
983,1,9840,58.1426887512207
984,1,9850,58.280033111572266
985,1,9860,58.43775939941406
986,1,9870,58.48080062866211
987,1,9880,58.63292694091797
988,1,9890,58.78972625732422
989,1,9900,58.859710693359375
990,1,9910,59.08927917480469
991,1,9920,59.04044723510742
992,1,9930,59.169376373291016
993,1,9940,59.30556869506836
994,1,9950,59.411102294921875
995,1,9960,59.571231842041016
996,1,9970,59.66624069213867
997,1,9980,59.71577453613281
998,1,9990,59.87308883666992
999,1,10000,59.957183837890625
1000,1,10010,60.11542510986328
1001,1,10020,60.23971176147461
1002,1,10030,60.30518341064453
1003,1,10040,60.48175811767578
1004,1,10050,60.617183685302734
1005,1,10060,60.66620635986328
1006,1,10070,60.776031494140625
1007,1,10080,60.83260726928711
1008,1,10090,61.035648345947266
1009,1,10100,61.163455963134766
1010,1,10110,61.2347526550293
1011,1,10120,61.3570556640625
1012,1,10130,61.48175811767578
1013,1,10140,61.545345306396484
1014,1,10150,61.760799407958984
1015,1,10160,61.80044937133789
1016,1,10170,61.919647216796875
1017,1,10180,62.055519104003906
1018,1,10190,62.120033264160156
1019,1,10200,62.275360107421875
1020,1,10210,62.404544830322266
1021,1,10220,62.497249603271484
1022,1,10230,62.606910705566406
1023,1,10240,62.713951110839844
1024,1,10250,62.882240295410156
1025,1,10260,63.00505447387695
1026,1,10270,63.05807876586914
1027,1,10280,63.25075149536133
1028,1,10290,63.37868881225586
1029,1,10300,63.44697570800781
1030,1,10310,63.626399993896484
1031,1,10320,63.63750457763672
1032,1,10330,63.806400299072266
1033,1,10340,63.89859390258789
1034,1,10350,64.02812957763672
1035,1,10360,64.20531463623047
1036,1,10370,64.3235855102539
1037,1,10380,64.37299346923828
1038,1,10390,64.50182342529297
1039,1,10400,64.5992660522461
1040,1,10410,64.75917053222656
1041,1,10420,64.88412475585938
1042,1,10430,64.93247985839844
1043,1,10440,65.07830047607422
1044,1,10450,65.22425842285156
1045,1,10460,65.34822082519531
1046,1,10470,65.47596740722656
1047,1,10480,65.52409362792969
1048,1,10490,65.68217468261719
1049,1,10500,65.84508514404297
1050,1,10510,65.8911361694336
1051,1,10520,66.06774139404297
1052,1,10530,66.21734619140625
1053,1,10540,66.2266845703125
1054,1,10550,66.40898895263672
1055,1,10560,66.47071838378906
1056,1,10570,66.66678619384766
1057,1,10580,67.23023986816406
1058,1,10590,66.8410873413086
1059,1,10600,66.99017333984375
1060,1,10610,67.15471649169922
1061,1,10620,67.23980712890625
1062,1,10630,67.40518188476562
1063,1,10640,67.41871643066406
1064,1,10650,67.6319351196289
1065,1,10660,67.77510070800781
1066,1,10670,67.85270690917969
1067,1,10680,67.98448181152344
1068,1,10690,68.04883575439453
1069,1,10700,68.2050552368164
1070,1,10710,68.31391906738281
1071,1,10720,68.43641662597656
1072,1,10730,68.55379486083984
1073,1,10740,68.693603515625
1074,1,10750,68.77555084228516
1075,1,10760,68.96482849121094
1076,1,10770,69.10896301269531
1077,1,10780,69.1600341796875
1078,1,10790,69.3355484008789
1079,1,10800,69.39926147460938
1080,1,10810,69.54380798339844
1081,1,10820,69.7010269165039
1082,1,10830,69.76790618896484
1083,1,10840,69.90553283691406
1084,1,10850,70.09756469726562
1085,1,10860,70.15042877197266
1086,1,10870,70.32665252685547
1087,1,10880,70.35533142089844
1088,1,10890,70.53148651123047
1089,1,10900,70.70633697509766
1090,1,10910,70.7452163696289
1091,1,10920,70.91264343261719
1092,1,10930,71.02713775634766
1093,1,10940,71.1376953125
1094,1,10950,71.30281829833984
1095,1,10960,71.37200164794922
1096,1,10970,71.53913879394531
1097,1,10980,71.66588592529297
1098,1,10990,71.7257308959961
1099,1,11000,71.89830780029297
1100,1,11010,72.03727722167969
1101,1,11020,72.1368637084961
1102,1,11030,72.22611236572266
1103,1,11040,72.3305892944336
1104,1,11050,72.51286315917969
1105,1,11060,72.66770935058594
1106,1,11070,72.69116973876953
1107,1,11080,72.91340637207031
1108,1,11090,73.0654067993164
1109,1,11100,73.1278076171875
1110,1,11110,73.28256225585938
1111,1,11120,73.32966613769531
1112,1,11130,73.49219512939453
1113,1,11140,73.66947174072266
1114,1,11150,73.75702667236328
1115,1,11160,73.89347076416016
1116,1,11170,74.06636810302734
1117,1,11180,74.15955352783203
1118,1,11190,74.384765625
1119,1,11200,74.35552215576172
1120,1,11210,74.52294158935547
1121,1,11220,74.648193359375
1122,1,11230,74.7712631225586
1123,1,11240,74.92451477050781
1124,1,11250,75.09244537353516
1125,1,11260,75.13561248779297
1126,1,11270,75.3202896118164
1127,1,11280,75.37042999267578
1128,1,11290,75.53404998779297
1129,1,11300,75.69388580322266
1130,1,11310,75.72930908203125
1131,1,11320,75.94429016113281
1132,1,11330,76.17222595214844
1133,1,11340,76.14848327636719
1134,1,11350,76.33084869384766
1135,1,11360,76.37062072753906
1136,1,11370,76.55264282226562
1137,1,11380,76.73747253417969
1138,1,11390,76.78511810302734
1139,1,11400,76.95868682861328
1140,1,11410,77.104736328125
1141,1,11420,77.16432189941406
1142,1,11430,77.37974548339844
1143,1,11440,77.37123107910156
1144,1,11450,77.55526733398438
1145,1,11460,77.77094268798828
1146,1,11470,77.80076599121094
1147,1,11480,77.99247741699219
1148,1,11490,78.111328125
1149,1,11500,78.23664093017578
1150,1,11510,78.38607788085938
1151,1,11520,78.44563293457031
1152,1,11530,78.63107299804688
1153,1,11540,78.71737670898438
1154,1,11550,78.81692504882812
1155,1,11560,79.03705596923828
1156,1,11570,79.17475128173828
1157,1,11580,79.22732543945312
1158,1,11590,79.43411254882812
1159,1,11600,79.48675537109375
1160,1,11610,79.66854095458984
1161,1,11620,79.83462524414062
1162,1,11630,79.8427505493164
1163,1,11640,80.08367919921875
1164,1,11650,80.22227478027344
1165,1,11660,80.28633880615234
1166,1,11670,80.44598388671875
1167,1,11680,80.52333068847656
1168,1,11690,80.7001953125
1169,1,11700,80.9002914428711
1170,1,11710,80.9131851196289
1171,1,11720,81.12319946289062
1172,1,11730,81.72016143798828
1173,1,11740,81.33209228515625
1174,1,11750,81.50169372558594
1175,1,11760,81.55075073242188
1176,1,11770,81.72815704345703
1177,1,11780,81.95382690429688
1178,1,11790,82.00870513916016
1179,1,11800,82.17356872558594
1180,1,11810,82.31155395507812
1181,1,11820,82.3963851928711
1182,1,11830,82.5824966430664
1183,1,11840,82.63996887207031
1184,1,11850,82.75920104980469
1185,1,11860,83.01097869873047
1186,1,11870,83.00822448730469
1187,1,11880,83.21820831298828
1188,1,11890,83.41734313964844
1189,1,11900,83.44367980957031
1190,1,11910,83.6379165649414
1191,1,11920,83.70793914794922
1192,1,11930,83.87577819824219
1193,1,11940,84.06588745117188
1194,1,11950,84.1397476196289
1195,1,11960,84.3037109375
1196,1,11970,84.47321319580078
1197,1,11980,84.55052947998047
1198,1,11990,84.72582244873047
1199,1,12000,84.7775650024414
1200,1,12010,84.93180847167969
1201,1,12020,85.11673736572266
1202,1,12030,85.15913391113281
1203,1,12040,85.42134094238281
1204,1,12050,85.57945251464844
1205,1,12060,85.64697265625
1206,1,12070,85.77452850341797
1207,1,12080,85.84268951416016
1208,1,12090,86.06690979003906
1209,1,12100,86.25939178466797
1210,1,12110,86.22624206542969
1211,1,12120,86.46880340576172
1212,1,12130,86.64300537109375
1213,1,12140,86.69200134277344
1214,1,12150,86.91961669921875
1215,1,12160,86.93033599853516
1216,1,12170,87.14688110351562
1217,1,12180,87.29049682617188
1218,1,12190,87.32575988769531
1219,1,12200,87.56130981445312
1220,1,12210,87.75222778320312
1221,1,12220,87.80284881591797
1222,1,12230,88.36707305908203
1223,1,12240,88.03632354736328
1224,1,12250,88.24976348876953
1225,1,12260,88.42390441894531
1226,1,12270,88.45875549316406
1227,1,12280,88.62028503417969
1228,1,12290,88.81782531738281
1229,1,12300,88.863037109375
1230,1,12310,89.087646484375
1231,1,12320,89.1185302734375
1232,1,12330,89.31558227539062
1233,1,12340,89.50303649902344
1234,1,12350,89.57283020019531
1235,1,12360,89.753662109375
1236,1,12370,89.86748504638672
1237,1,12380,89.98668670654297
1238,1,12390,90.20902252197266
1239,1,12400,90.25433349609375
1240,1,12410,90.42463684082031
1241,1,12420,90.60006713867188
1242,1,12430,90.62134552001953
1243,1,12440,90.84912109375
1244,1,12450,91.00975799560547
1245,1,12460,91.07974243164062
1246,1,12470,91.29369354248047
1247,1,12480,91.34722900390625
1248,1,12490,91.5321273803711
1249,1,12500,91.69580841064453
1250,1,12510,91.82720184326172
1251,1,12520,91.96745300292969
1252,1,12530,92.13324737548828
1253,1,12540,92.22531127929688
1254,1,12550,92.38432312011719
1255,1,12560,92.44355010986328
1256,1,12570,92.68550109863281
1257,1,12580,92.81613159179688
1258,1,12590,92.8770523071289
1259,1,12600,93.08998107910156
1260,1,12610,93.26073455810547
1261,1,12620,93.35641479492188
1262,1,12630,93.50764465332031
1263,1,12640,93.58531188964844
1264,1,12650,93.82096099853516
1265,1,12660,93.9557113647461
1266,1,12670,94.05916595458984
1267,1,12680,94.20201873779297
1268,1,12690,94.43328094482422
1269,1,12700,94.89353942871094
1270,1,12710,94.64627075195312
1271,1,12720,94.73577880859375
1272,1,12730,94.93638610839844
1273,1,12740,95.09241485595703
1274,1,12750,95.11046600341797
1275,1,12760,95.35116577148438
1276,1,12770,95.56169891357422
1277,1,12780,95.63407897949219
1278,1,12790,95.76547241210938
1279,1,12800,95.86064147949219
1280,1,12810,96.05619049072266
1281,1,12820,96.25043487548828
1282,1,12830,96.29618835449219
1283,1,12840,96.52313232421875
1284,1,12850,96.67011260986328
1285,1,12860,96.76681518554688
1286,1,12870,96.91206359863281
1287,1,12880,96.98649597167969
1288,1,12890,97.21651458740234
1289,1,12900,97.38758087158203
1290,1,12910,97.4336929321289
1291,1,12920,97.62882995605469
1292,1,12930,97.84915161132812
1293,1,12940,97.93782043457031
1294,1,12950,98.07878112792969
1295,1,12960,98.16438293457031
1296,1,12970,98.35964965820312
1297,1,12980,98.52352142333984
1298,1,12990,98.56777954101562
1299,1,13000,98.84019470214844
1300,1,13010,98.96784210205078
1301,1,13020,99.04434967041016
1302,1,13030,99.2122573852539
1303,1,13040,99.2765121459961
1304,1,13050,99.52607727050781
1305,1,13060,99.70697784423828
1306,1,13070,99.79843139648438
1307,1,13080,99.95718383789062
1308,1,13090,100.12166595458984
1309,1,13100,100.22335815429688
1310,1,13110,100.3960952758789
1311,1,13120,100.4787826538086
1312,1,13130,100.69136047363281
1313,1,13140,100.95532989501953
1314,1,13150,100.9184341430664
1315,1,13160,101.1457290649414
1316,1,13170,101.31999969482422
1317,1,13180,101.40841674804688
1318,1,13190,101.5580825805664
1319,1,13200,101.62569427490234
1320,1,13210,101.84352111816406
1321,1,13220,102.04691314697266
1322,1,13230,102.10566711425781
1323,1,13240,102.29708862304688
1324,1,13250,102.48518371582031
1325,1,13260,102.56009674072266
1326,1,13270,102.74015808105469
1327,1,13280,102.84722900390625
1328,1,13290,103.02880096435547
1329,1,13300,103.22390747070312
1330,1,13310,103.26454162597656
1331,1,13320,103.49088287353516
1332,1,13330,103.69107055664062
1333,1,13340,103.76038360595703
1334,1,13350,103.92646026611328
1335,1,13360,104.01644897460938
1336,1,13370,104.21900939941406
1337,1,13380,104.3927993774414
1338,1,13390,104.43360137939453
1339,1,13400,104.70121765136719
1340,1,13410,104.82262420654297
1341,1,13420,104.94432067871094
1342,1,13430,105.16480255126953
1343,1,13440,105.1945571899414
1344,1,13450,105.42838287353516
1345,1,13460,105.587646484375
1346,1,13470,105.65068817138672
1347,1,13480,105.868896484375
1348,1,13490,106.06483459472656
1349,1,13500,106.11711883544922
1350,1,13510,106.32233428955078
1351,1,13520,106.40620422363281
1352,1,13530,106.59760284423828
1353,1,13540,107.233154296875
1354,1,13550,107.44937896728516
1355,1,13560,107.07568359375
1356,1,13570,107.23420715332031
1357,1,13580,107.33599853515625
1358,1,13590,107.53453063964844
1359,1,13600,107.60310363769531
1360,1,13610,107.78502655029297
1361,1,13620,108.02774047851562
1362,1,13630,108.08214569091797
1363,1,13640,108.27603149414062
1364,1,13650,108.45184326171875
1365,1,13660,108.55628967285156
1366,1,13670,108.76371002197266
1367,1,13680,108.75267028808594
1368,1,13690,108.99842834472656
1369,1,13700,109.19132995605469
1370,1,13710,109.30445098876953
1371,1,13720,109.484130859375
1372,1,13730,109.6304931640625
1373,1,13740,109.74447631835938
1374,1,13750,109.93807983398438
1375,1,13760,110.0387191772461
1376,1,13770,110.24736022949219
1377,1,13780,110.44019317626953
1378,1,13790,110.46729278564453
1379,1,13800,110.74412536621094
1380,1,13810,110.90060424804688
1381,1,13820,111.02547454833984
1382,1,13830,111.17254638671875
1383,1,13840,111.25334167480469
1384,1,13850,111.45094299316406
1385,1,13860,111.68937683105469
1386,1,13870,111.75654602050781
1387,1,13880,111.89408111572266
1388,1,13890,112.08399963378906
1389,1,13900,112.26156616210938
1390,1,13910,112.376220703125
1391,1,13920,112.5136947631836
1392,1,13930,113.09149169921875
1393,1,13940,112.89875030517578
1394,1,13950,112.95244598388672
1395,1,13960,113.18278503417969
1396,1,13970,113.36473846435547
1397,1,13980,113.4287338256836
1398,1,13990,113.61357116699219
1399,1,14000,113.74739074707031
1400,1,14010,113.91053009033203
1401,1,14020,114.1727066040039
1402,1,14030,114.22499084472656
1403,1,14040,114.38396453857422
1404,1,14050,114.56969451904297
1405,1,14060,114.65679931640625
1406,1,14070,114.89539337158203
1407,1,14080,114.96012878417969
1408,1,14090,115.22771453857422
1409,1,14100,115.36630249023438
1410,1,14110,115.40934753417969
1411,1,14120,115.6278076171875
1412,1,14130,115.80915069580078
1413,1,14140,115.92176055908203
1414,1,14150,116.11186981201172
1415,1,14160,116.23526763916016
1416,1,14170,116.4210205078125
1417,1,14180,116.58415985107422
1418,1,14190,116.67894744873047
1419,1,14200,116.91053009033203
1420,1,14210,117.12540435791016
1421,1,14220,117.19894409179688
1422,1,14230,117.3740463256836
1423,1,14240,117.45414733886719
1424,1,14250,117.63516998291016
1425,1,14260,117.87574768066406
1426,1,14270,117.96646118164062
1427,1,14280,118.17670440673828
1428,1,14290,118.35052490234375
1429,1,14300,118.83168029785156
1430,1,14310,118.666015625
1431,1,14320,118.70527648925781
1432,1,14330,118.92546844482422
1433,1,14340,119.11750030517578
1434,1,14350,119.176513671875
1435,1,14360,119.37200164794922
1436,1,14370,119.60076904296875
1437,1,14380,119.66588592529297
1438,1,14390,119.90118408203125
1439,1,14400,119.94793701171875
1440,1,14410,120.1607666015625
1441,1,14420,120.39801788330078
1442,1,14430,120.48809814453125
1443,1,14440,120.66547393798828
1444,1,14450,120.89500427246094
1445,1,14460,120.97398376464844
1446,1,14470,121.18694305419922
1447,1,14480,121.24777221679688
1448,1,14490,121.49049377441406
1449,1,14500,121.70211029052734
1450,1,14510,121.76831817626953
1451,1,14520,121.94723510742188
1452,1,14530,122.20665740966797
1453,1,14540,122.29503631591797
1454,1,14550,122.47113800048828
1455,1,14560,122.5245132446289
1456,1,14570,122.78153228759766
1457,1,14580,122.97293090820312
1458,1,14590,123.01993560791016
1459,1,14600,123.27859497070312
1460,1,14610,123.48089599609375
1461,1,14620,123.52320098876953
1462,1,14630,123.79212951660156
1463,1,14640,123.85456085205078
1464,1,14650,124.21820831298828
1465,1,14660,124.21961975097656
1466,1,14670,124.31919860839844
1467,1,14680,124.52063751220703
1468,1,14690,124.71619415283203
1469,1,14700,124.86959838867188
1470,1,14710,125.09126281738281
1471,1,14720,125.13139343261719
1472,1,14730,125.316162109375
1473,1,14740,125.56604766845703
1474,1,14750,125.64956665039062
1475,1,14760,125.83446502685547
1476,1,14770,126.05462646484375
1477,1,14780,126.1310043334961
1478,1,14790,126.37347412109375
1479,1,14800,126.4148178100586
1480,1,14810,126.69417572021484
1481,1,14820,126.83446502685547
1482,1,14830,126.95069122314453
1483,1,14840,127.16166687011719
1484,1,14850,127.355712890625
1485,1,14860,127.42352294921875
1486,1,14870,127.61772918701172
1487,1,14880,127.71113586425781
1488,1,14890,127.9593276977539
1489,1,14900,128.16537475585938
1490,1,14910,128.2503662109375
1491,1,14920,128.46214294433594
1492,1,14930,128.67578125
1493,1,14940,128.76377868652344
1494,1,14950,128.97357177734375
1495,1,14960,129.0248260498047
1496,1,14970,129.2908172607422
1497,1,14980,129.83148193359375
1498,1,14990,129.53677368164062
1499,1,15000,129.80291748046875
1500,1,15010,129.97520446777344
1501,1,15020,130.0501708984375
1502,1,15030,130.28834533691406
1503,1,15040,130.36317443847656
1504,1,15050,130.53330993652344
1505,1,15060,130.768798828125
1506,1,15070,130.88735961914062
1507,1,15080,131.1031036376953
1508,1,15090,131.27442932128906
1509,1,15100,131.40992736816406
1510,1,15110,131.63388061523438
1511,1,15120,131.67669677734375
1512,1,15130,131.9087371826172
1513,1,15140,132.12924194335938
1514,1,15150,132.2051239013672
1515,1,15160,132.42576599121094
1516,1,15170,132.66896057128906
1517,1,15180,132.70614624023438
1518,1,15190,132.9641571044922
1519,1,15200,133.02589416503906
1520,1,15210,133.2381134033203
1521,1,15220,133.48880004882812
1522,1,15230,133.50320434570312
1523,1,15240,133.79209899902344
1524,1,15250,134.0034942626953
1525,1,15260,134.07562255859375
1526,1,15270,134.272705078125
1527,1,15280,134.35113525390625
1528,1,15290,134.58969116210938
1529,1,15300,135.23590087890625
1530,1,15310,134.9033660888672
1531,1,15320,135.12953186035156
1532,1,15330,135.3240966796875
1533,1,15340,135.4027557373047
1534,1,15350,135.6170196533203
1535,1,15360,135.68304443359375
1536,1,15370,135.96534729003906
1537,1,15380,136.14630126953125
1538,1,15390,136.2492218017578
1539,1,15400,136.4529266357422
1540,1,15410,136.70799255371094
1541,1,15420,136.7857208251953
1542,1,15430,136.99591064453125
1543,1,15440,137.05587768554688
1544,1,15450,137.26515197753906
1545,1,15460,137.4349365234375
1546,1,15470,137.5846710205078
1547,1,15480,137.79136657714844
1548,1,15490,137.97689819335938
1549,1,15500,138.12310791015625
1550,1,15510,138.2948760986328
1551,1,15520,138.43350219726562
1552,1,15530,138.63682556152344
1553,1,15540,138.87088012695312
1554,1,15550,138.94688415527344
1555,1,15560,139.1269073486328
1556,1,15570,139.40911865234375
1557,1,15580,139.49090576171875
1558,1,15590,139.7044219970703
1559,1,15600,139.7526092529297
1560,1,15610,140.4615020751953
1561,1,15620,140.24981689453125
1562,1,15630,140.289794921875
1563,1,15640,140.52572631835938
1564,1,15650,140.7393341064453
1565,1,15660,140.87167358398438
1566,1,15670,141.04563903808594
1567,1,15680,141.1794891357422
1568,1,15690,141.4033660888672
1569,1,15700,141.59449768066406
1570,1,15710,141.70150756835938
1571,1,15720,141.90383911132812
1572,1,15730,142.11788940429688
1573,1,15740,142.26092529296875
1574,1,15750,142.45651245117188
1575,1,15760,142.54885864257812
1576,1,15770,142.7566680908203
1577,1,15780,142.9740447998047
1578,1,15790,143.04322814941406
1579,1,15800,143.30271911621094
1580,1,15810,143.51443481445312
1581,1,15820,143.62013244628906
1582,1,15830,143.79580688476562
1583,1,15840,143.93731689453125
1584,1,15850,144.19325256347656
1585,1,15860,144.3745880126953
1586,1,15870,144.42965698242188
1587,1,15880,144.71337890625
1588,1,15890,144.9351348876953
1589,1,15900,145.04006958007812
1590,1,15910,145.30003356933594
1591,1,15920,145.34422302246094
1592,1,15930,145.5312042236328
1593,1,15940,145.7734375
1594,1,15950,145.82080078125
1595,1,15960,146.09231567382812
1596,1,15970,146.29776000976562
1597,1,15980,146.40940856933594
1598,1,15990,146.59971618652344
1599,1,16000,146.69786071777344
1600,1,16010,146.92105102539062
1601,1,16020,147.20236206054688
1602,1,16030,147.2605438232422
1603,1,16040,147.51123046875
1604,1,16050,147.68943786621094
1605,1,16060,147.743896484375
1606,1,16070,148.0187225341797
1607,1,16080,148.108642578125
1608,1,16090,148.33973693847656
1609,1,16100,148.57650756835938
1610,1,16110,148.6381072998047
1611,1,16120,148.9393310546875
1612,1,16130,149.10354614257812
1613,1,16140,149.22845458984375
1614,1,16150,149.4304656982422
1615,1,16160,149.53114318847656
1616,1,16170,149.79635620117188
1617,1,16180,150.0006103515625
1618,1,16190,150.47906494140625
1619,1,16200,150.31333923339844
1620,1,16210,150.55596923828125
1621,1,16220,150.61843872070312
1622,1,16230,150.8385009765625
1623,1,16240,150.96826171875
1624,1,16250,151.17152404785156
1625,1,16260,151.40512084960938
1626,1,16270,151.46450805664062
1627,1,16280,151.6728973388672
1628,1,16290,151.953369140625
1629,1,16300,152.57151794433594
1630,1,16310,152.2770538330078
1631,1,16320,152.31692504882812
1632,1,16330,152.5807647705078
1633,1,16340,152.83343505859375
1634,1,16350,152.85609436035156
1635,1,16360,153.13856506347656
1636,1,16370,153.3863067626953
1637,1,16380,153.44927978515625
1638,1,16390,153.72569274902344
1639,1,16400,153.7769012451172
1640,1,16410,154.0440673828125
1641,1,16420,154.24630737304688
1642,1,16430,154.35398864746094
1643,1,16440,154.56051635742188
1644,1,16450,154.79721069335938
1645,1,16460,154.9202880859375
1646,1,16470,155.15936279296875
1647,1,16480,155.23341369628906
1648,1,16490,155.42752075195312
1649,1,16500,155.67369079589844
1650,1,16510,155.8890838623047
1651,1,16520,156.06204223632812
1652,1,16530,156.25347900390625
1653,1,16540,156.31222534179688
1654,1,16550,156.60076904296875
1655,1,16560,156.66806030273438
1656,1,16570,156.91378784179688
1657,1,16580,157.12911987304688
1658,1,16590,157.19725036621094
1659,1,16600,157.4783935546875
1660,1,16610,157.69654846191406
1661,1,16620,157.78102111816406
1662,1,16630,158.05386352539062
1663,1,16640,158.17225646972656
1664,1,16650,158.37017822265625
1665,1,16660,158.61024475097656
1666,1,16670,158.65647888183594
1667,1,16680,158.925537109375
1668,1,16690,159.14051818847656
1669,1,16700,159.214111328125
1670,1,16710,159.4626922607422
1671,1,16720,159.60992431640625
1672,1,16730,159.80706787109375
1673,1,16740,160.06329345703125
1674,1,16750,160.1607666015625
1675,1,16760,160.34498596191406
1676,1,16770,160.6235809326172
1677,1,16780,160.76425170898438
1678,1,16790,160.9120330810547
1679,1,16800,161.03692626953125
1680,1,16810,161.25283813476562
1681,1,16820,161.50601196289062
1682,1,16830,161.5869140625
1683,1,16840,161.82879638671875
1684,1,16850,162.0797119140625
1685,1,16860,162.1865234375
1686,1,16870,162.43072509765625
1687,1,16880,162.44749450683594
1688,1,16890,162.76039123535156
1689,1,16900,162.99346923828125
1690,1,16910,163.057861328125
1691,1,16920,163.3120574951172
1692,1,16930,163.58848571777344
1693,1,16940,163.65087890625
1694,1,16950,163.8436737060547
1695,1,16960,163.9475555419922
1696,1,16970,164.2394256591797
1697,1,16980,164.43846130371094
1698,1,16990,164.5364532470703
1699,1,17000,164.8033905029297
1700,1,17010,165.0528564453125
1701,1,17020,165.1374969482422
1702,1,17030,165.37936401367188
1703,1,17040,165.57200622558594
1704,1,17050,165.68467712402344
1705,1,17060,166.0023956298828
1706,1,17070,166.00303649902344
1707,1,17080,166.27520751953125
1708,1,17090,166.52371215820312
1709,1,17100,166.6098175048828
1710,1,17110,166.84197998046875
1711,1,17120,166.9336395263672
1712,1,17130,167.16659545898438
1713,1,17140,167.42214965820312
1714,1,17150,167.49142456054688
1715,1,17160,167.806884765625
1716,1,17170,168.04605102539062
1717,1,17180,168.10140991210938
1718,1,17190,168.35206604003906
1719,1,17200,168.4403533935547
1720,1,17210,168.71749877929688
1721,1,17220,168.96627807617188
1722,1,17230,169.02476501464844
1723,1,17240,169.2842254638672
1724,1,17250,169.56253051757812
1725,1,17260,169.6299591064453
1726,1,17270,169.83135986328125
1727,1,17280,169.96047973632812
1728,1,17290,170.1675262451172
1729,1,17300,170.4687042236328
1730,1,17310,170.53939819335938
1731,1,17320,171.17050170898438
1732,1,17330,171.02578735351562
1733,1,17340,171.12364196777344
1734,1,17350,171.33497619628906
1735,1,17360,171.43980407714844
1736,1,17370,171.7327423095703
1737,1,17380,171.93869018554688
1738,1,17390,172.12246704101562
1739,1,17400,172.27001953125
1740,1,17410,172.50595092773438
1741,1,17420,172.57872009277344
1742,1,17430,172.8934783935547
1743,1,17440,172.970458984375
1744,1,17450,173.21859741210938
1745,1,17460,173.5325164794922
1746,1,17470,173.56588745117188
1747,1,17480,173.78294372558594
1748,1,17490,174.02044677734375
1749,1,17500,174.14901733398438
1750,1,17510,174.3954315185547
1751,1,17520,174.52041625976562
1752,1,17530,174.7158660888672
1753,1,17540,174.98080444335938
1754,1,17550,175.0998992919922
1755,1,17560,175.3446044921875
1756,1,17570,175.6495361328125
1757,1,17580,175.6596221923828
1758,1,17590,175.87603759765625
1759,1,17600,176.0780487060547
1760,1,17610,176.2950439453125
1761,1,17620,176.53526306152344
1762,1,17630,176.5992889404297
1763,1,17640,176.88182067871094
1764,1,17650,177.11769104003906
1765,1,17660,177.2064971923828
1766,1,17670,177.4086151123047
1767,1,17680,177.51376342773438
1768,1,17690,177.81692504882812
1769,1,17700,178.06207275390625
1770,1,17710,178.14633178710938
1771,1,17720,178.39132690429688
1772,1,17730,178.6405792236328
1773,1,17740,178.71778869628906
1774,1,17750,178.96739196777344
1775,1,17760,179.0529327392578
1776,1,17770,179.32301330566406
1777,1,17780,179.59359741210938
1778,1,17790,179.72019958496094
1779,1,17800,180.36373901367188
1780,1,17810,180.1968994140625
1781,1,17820,180.26412963867188
1782,1,17830,180.5716552734375
1783,1,17840,180.63734436035156
1784,1,17850,180.8862762451172
1785,1,17860,181.15907287597656
1786,1,17870,181.18106079101562
1787,1,17880,181.4993896484375
1788,1,17890,181.7040252685547
1789,1,17900,181.80691528320312
1790,1,17910,182.08615112304688
1791,1,17920,182.1992645263672
1792,1,17930,182.4251251220703
1793,1,17940,182.66175842285156
1794,1,17950,182.7566680908203
1795,1,17960,183.04505920410156
1796,1,17970,183.32159423828125
1797,1,17980,183.36557006835938
1798,1,17990,183.66246032714844
1799,1,18000,183.7093048095703
1800,1,18010,184.00515747070312
1801,1,18020,184.21888732910156
1802,1,18030,184.31948852539062
1803,1,18040,184.69766235351562
1804,1,18050,184.89967346191406
1805,1,18060,184.89830017089844
1806,1,18070,185.19801330566406
1807,1,18080,185.33334350585938
1808,1,18090,185.56600952148438
1809,1,18100,185.7906951904297
1810,1,18110,185.89776611328125
1811,1,18120,186.1676788330078
1812,1,18130,186.41209411621094
1813,1,18140,186.48220825195312
1814,1,18150,186.82550048828125
1815,1,18160,186.85562133789062
1816,1,18170,187.13253784179688
1817,1,18180,187.39328002929688
1818,1,18190,187.48614501953125
1819,1,18200,187.7174072265625
1820,1,18210,188.006591796875
1821,1,18220,188.1262969970703
1822,1,18230,188.3488311767578
1823,1,18240,188.45587158203125
1824,1,18250,188.69580078125
1825,1,18260,189.39913940429688
1826,1,18270,189.0569610595703
1827,1,18280,189.28346252441406
1828,1,18290,189.5999298095703
1829,1,18300,189.67471313476562
1830,1,18310,189.9456329345703
1831,1,18320,190.00889587402344
1832,1,18330,190.3252410888672
1833,1,18340,190.54205322265625
1834,1,18350,190.62232971191406
1835,1,18360,190.89161682128906
1836,1,18370,191.2506561279297
1837,1,18380,191.24310302734375
1838,1,18390,191.502685546875
1839,1,18400,191.6320343017578
1840,1,18410,191.87408447265625
1841,1,18420,192.1486358642578
1842,1,18430,192.2265625
1843,1,18440,192.46649169921875
1844,1,18450,192.69322204589844
1845,1,18460,192.88172912597656
1846,1,18470,193.06918334960938
1847,1,18480,193.64866638183594
1848,1,18490,193.50218200683594
1849,1,18500,193.77622985839844
1850,1,18510,193.79087829589844
1851,1,18520,194.0663299560547
1852,1,18530,194.3296661376953
1853,1,18540,194.45187377929688
1854,1,18550,194.7256622314453
1855,1,18560,194.81216430664062
1856,1,18570,195.08895874023438
1857,1,18580,195.32672119140625
1858,1,18590,195.4455108642578
1859,1,18600,195.74560546875
1860,1,18610,195.9602813720703
1861,1,18620,196.06723022460938
1862,1,18630,196.3384246826172
1863,1,18640,196.4199981689453
1864,1,18650,196.68333435058594
1865,1,18660,196.95065307617188
1866,1,18670,197.0391082763672
1867,1,18680,197.27392578125
1868,1,18690,197.58409118652344
1869,1,18700,197.6625213623047
1870,1,18710,197.9370574951172
1871,1,18720,198.4442596435547
1872,1,18730,198.3192596435547
1873,1,18740,198.57376098632812
1874,1,18750,198.61868286132812
1875,1,18760,198.9482879638672
1876,1,18770,199.1847686767578
1877,1,18780,199.2975311279297
1878,1,18790,199.51834106445312
1879,1,18800,199.67074584960938
1880,1,18810,199.9468536376953
1881,1,18820,200.13827514648438
1882,1,18830,200.2909698486328
1883,1,18840,200.5735626220703
1884,1,18850,200.8113250732422
1885,1,18860,200.9575653076172
1886,1,18870,201.20384216308594
1887,1,18880,201.29843139648438
1888,1,18890,201.51199340820312
1889,1,18900,201.78598022460938
1890,1,18910,201.94146728515625
1891,1,18920,202.17919921875
1892,1,18930,202.88223266601562
1893,1,18940,202.56707763671875
1894,1,18950,202.81344604492188
1895,1,18960,202.96319580078125
1896,1,18970,203.18524169921875
1897,1,18980,203.45181274414062
1898,1,18990,203.55218505859375
1899,1,19000,203.83737182617188
1900,1,19010,204.04925537109375
1901,1,19020,204.13772583007812
1902,1,19030,204.45933532714844
1903,1,19040,204.61216735839844
1904,1,19050,204.86636352539062
1905,1,19060,205.12643432617188
1906,1,19070,205.17417907714844
1907,1,19080,205.4866943359375
1908,1,19090,205.727294921875
1909,1,19100,205.84967041015625
1910,1,19110,206.1299591064453
1911,1,19120,206.21388244628906
1912,1,19130,206.45741271972656
1913,1,19140,206.82960510253906
1914,1,19150,206.82485961914062
1915,1,19160,207.12620544433594
1916,1,19170,207.40066528320312
1917,1,19180,207.45513916015625
1918,1,19190,207.78909301757812
1919,1,19200,207.85455322265625
1920,1,19210,208.13014221191406
1921,1,19220,208.4400634765625
1922,1,19230,208.50416564941406
1923,1,19240,208.7761993408203
1924,1,19250,209.09580993652344
1925,1,19260,209.15126037597656
1926,1,19270,209.42013549804688
1927,1,19280,209.5289306640625
1928,1,19290,209.77955627441406
1929,1,19300,210.0567626953125
1930,1,19310,210.1661834716797
1931,1,19320,210.3970489501953
1932,1,19330,210.71197509765625
1933,1,19340,210.9190673828125
1934,1,19350,211.12998962402344
1935,1,19360,211.1766357421875
1936,1,19370,211.52972412109375
1937,1,19380,211.76364135742188
1938,1,19390,211.853759765625
1939,1,19400,212.04893493652344
1940,1,19410,212.42428588867188
1941,1,19420,212.5161895751953
1942,1,19430,212.72610473632812
1943,1,19440,212.86752319335938
1944,1,19450,213.14540100097656
1945,1,19460,213.45062255859375
1946,1,19470,213.4722900390625
1947,1,19480,213.81993103027344
1948,1,19490,214.01405334472656
1949,1,19500,214.18675231933594
1950,1,19510,214.48304748535156
1951,1,19520,214.5116729736328
1952,1,19530,215.22140502929688
1953,1,19540,215.08709716796875
1954,1,19550,215.1917724609375
1955,1,19560,215.50711059570312
1956,1,19570,215.6979522705078
1957,1,19580,215.82447814941406
1958,1,19590,216.1141815185547
1959,1,19600,216.2145538330078
1960,1,19610,216.51327514648438
1961,1,19620,216.83798217773438
1962,1,19630,216.8658905029297
1963,1,19640,217.11068725585938
1964,1,19650,217.47987365722656
1965,1,19660,217.48570251464844
1966,1,19670,217.7904052734375
1967,1,19680,217.94053649902344
1968,1,19690,218.1794891357422
1969,1,19700,218.51638793945312
1970,1,19710,218.63381958007812
1971,1,19720,218.81436157226562
1972,1,19730,219.17430114746094
1973,1,19740,219.2749481201172
1974,1,19750,219.47491455078125
1975,1,19760,219.5968017578125
1976,1,19770,219.97503662109375
1977,1,19780,220.22373962402344
1978,1,19790,220.24278259277344
1979,1,19800,220.55215454101562
1980,1,19810,220.8137969970703
1981,1,19820,220.91920471191406
1982,1,19830,221.25637817382812
1983,1,19840,221.2869415283203
1984,1,19850,221.58889770507812
1985,1,19860,221.8775634765625
1986,1,19870,221.8987579345703
1987,1,19880,222.24765014648438
1988,1,19890,222.53085327148438
1989,1,19900,222.6514892578125
1990,1,19910,222.95111083984375
1991,1,19920,223.1669158935547
1992,1,19930,223.35916137695312
1993,1,19940,223.59840393066406
1994,1,19950,223.68255615234375
1995,1,19960,223.9226837158203
1996,1,19970,224.2670440673828
1997,1,19980,224.3791046142578
1998,1,19990,224.62217712402344
1999,1,20000,224.7164764404297
2000,1,20010,225.01577758789062
2001,1,20020,225.32748413085938
2002,1,20030,225.36566162109375
2003,1,20040,225.7276153564453
2004,1,20050,226.0548858642578
2005,1,20060,226.03765869140625
2006,1,20070,226.40467834472656
2007,1,20080,226.4850311279297
2008,1,20090,226.7169647216797
2009,1,20100,227.45046997070312
2010,1,20110,227.144775390625
2011,1,20120,227.4536590576172
2012,1,20130,227.72157287597656
2013,1,20140,227.82882690429688
2014,1,20150,228.09254455566406
2015,1,20160,228.19964599609375
2016,1,20170,228.50799560546875
2017,1,20180,228.72618103027344
2018,1,20190,228.84498596191406
2019,1,20200,229.15280151367188
2020,1,20210,229.42080688476562
2021,1,20220,229.51344299316406
2022,1,20230,229.7711639404297
2023,1,20240,229.91299438476562
2024,1,20250,230.23446655273438
2025,1,20260,230.4627227783203
2026,1,20270,230.65455627441406
2027,1,20280,231.299072265625
2028,1,20290,231.18313598632812
2029,1,20300,231.3356170654297
2030,1,20310,231.53836059570312
2031,1,20320,231.72579956054688
2032,1,20330,231.98074340820312
2033,1,20340,232.27206420898438
2034,1,20350,232.40089416503906
2035,1,20360,232.63821411132812
2036,1,20370,232.9279327392578
2037,1,20380,233.04400634765625
2038,1,20390,233.31829833984375
2039,1,20400,233.4311065673828
2040,1,20410,233.72262573242188
2041,1,20420,234.0924530029297
2042,1,20430,234.06576538085938
2043,1,20440,234.40809631347656
2044,1,20450,234.70870971679688
2045,1,20460,234.77395629882812
2046,1,20470,235.18106079101562
2047,1,20480,235.19264221191406
2048,1,20490,235.46092224121094
2049,1,20500,235.7760009765625
2050,1,20510,235.8662109375
2051,1,20520,236.0869140625
2052,1,20530,236.48924255371094
2053,1,20540,236.52557373046875
2054,1,20550,236.8137664794922
2055,1,20560,237.00291442871094
2056,1,20570,237.24688720703125
2057,1,20580,237.53334045410156
2058,1,20590,237.66648864746094
2059,1,20600,237.9014129638672
2060,1,20610,238.2176055908203
2061,1,20620,238.2943115234375
2062,1,20630,238.62217712402344
2063,1,20640,239.13690185546875
2064,1,20650,238.9537353515625
2065,1,20660,239.3389434814453
2066,1,20670,239.3483123779297
2067,1,20680,239.6895751953125
2068,1,20690,240.06207275390625
2069,1,20700,240.08006286621094
2070,1,20710,240.3640594482422
2071,1,20720,240.47705078125
2072,1,20730,240.77040100097656
2073,1,20740,241.0182647705078
2074,1,20750,241.15589904785156
2075,1,20760,241.48104858398438
2076,1,20770,241.73036193847656
2077,1,20780,241.8733367919922
2078,1,20790,242.17718505859375
2079,1,20800,242.2743682861328
2080,1,20810,242.9402313232422
2081,1,20820,242.85699462890625
2082,1,20830,242.9962921142578
2083,1,20840,243.23878479003906
2084,1,20850,243.4983673095703
2085,1,20860,243.6334991455078
2086,1,20870,243.9528350830078
2087,1,20880,244.02525329589844
2088,1,20890,244.38409423828125
2089,1,20900,244.57090759277344
2090,1,20910,244.76019287109375
2091,1,20920,245.0088348388672
2092,1,20930,245.31546020507812
2093,1,20940,245.44061279296875
2094,1,20950,245.70118713378906
2095,1,20960,245.86968994140625
2096,1,20970,246.12278747558594
2097,1,20980,246.44281005859375
2098,1,20990,246.5716552734375
2099,1,21000,246.85545349121094
2100,1,21010,247.13580322265625
2101,1,21020,247.29299926757812
2102,1,21030,247.55270385742188
2103,1,21040,247.6122283935547
2104,1,21050,247.97616577148438
2105,1,21060,248.22679138183594
2106,1,21070,248.2902374267578
2107,1,21080,248.62966918945312
2108,1,21090,248.93589782714844
2109,1,21100,249.0215606689453
2110,1,21110,249.3700408935547
2111,1,21120,249.4336395263672
2112,1,21130,249.73001098632812
2113,1,21140,250.01718139648438
2114,1,21150,250.5645751953125
2115,1,21160,250.45388793945312
2116,1,21170,250.74966430664062
2117,1,21180,250.84527587890625
2118,1,21190,251.14137268066406
2119,1,21200,251.19810485839844
2120,1,21210,251.58944702148438
2121,1,21220,251.82940673828125
2122,1,21230,251.96246337890625
2123,1,21240,252.3118133544922
2124,1,21250,252.55926513671875
2125,1,21260,252.70726013183594
2126,1,21270,252.9680633544922
2127,1,21280,253.08908081054688
2128,1,21290,253.43939208984375
2129,1,21300,253.65049743652344
2130,1,21310,253.85971069335938
2131,1,21320,254.49420166015625
2132,1,21330,254.37164306640625
2133,1,21340,254.5247039794922
2134,1,21350,254.80450439453125
2135,1,21360,254.9229736328125
2136,1,21370,255.24365234375
2137,1,21380,255.47695922851562
2138,1,21390,255.65330505371094
2139,1,21400,255.89596557617188
2140,1,21410,256.1487731933594
2141,1,21420,256.28802490234375
2142,1,21430,256.6687316894531
2143,1,21440,256.7921142578125
2144,1,21450,257.0913391113281
2145,1,21460,257.3685607910156
2146,1,21470,257.4586181640625
2147,1,21480,258.1637878417969
2148,1,21490,258.6471862792969
2149,1,21500,258.1468505859375
2150,1,21510,258.4002990722656
2151,1,21520,258.5625915527344
2152,1,21530,258.8661193847656
2153,1,21540,259.26312255859375
2154,1,21550,259.2979431152344
2155,1,21560,259.6015930175781
2156,1,21570,259.86773681640625
2157,1,21580,260.0231018066406
2158,1,21590,260.3408203125
2159,1,21600,260.4157409667969
2160,1,21610,260.7350769042969
2161,1,21620,261.0111389160156
2162,1,21630,261.1089172363281
2163,1,21640,261.8990173339844
2164,1,21650,261.78704833984375
2165,1,21660,261.8353271484375
2166,1,21670,262.17901611328125
2167,1,21680,262.2484130859375
2168,1,21690,262.58837890625
2169,1,21700,262.85443115234375
2170,1,21710,262.9748229980469
2171,1,21720,263.32098388671875
2172,1,21730,263.5555419921875
2173,1,21740,263.70599365234375
2174,1,21750,264.0240783691406
2175,1,21760,264.11712646484375
2176,1,21770,264.4498596191406
2177,1,21780,264.6576232910156
2178,1,21790,264.87298583984375
2179,1,21800,265.55950927734375
2180,1,21810,265.3919982910156
2181,1,21820,265.5777587890625
2182,1,21830,265.853759765625
2183,1,21840,266.0317077636719
2184,1,21850,266.2535400390625
2185,1,21860,266.5589904785156
2186,1,21870,266.75482177734375
2187,1,21880,267.0440368652344
2188,1,21890,267.3226318359375
2189,1,21900,267.45587158203125
2190,1,21910,267.7712707519531
2191,1,21920,267.8539123535156
2192,1,21930,268.0965881347656
2193,1,21940,268.5032653808594
2194,1,21950,268.518310546875
2195,1,21960,268.9212951660156
2196,1,21970,269.21044921875
2197,1,21980,269.2792663574219
2198,1,21990,269.6413879394531
2199,1,22000,269.68914794921875
2200,1,22010,270.0498352050781
2201,1,22020,270.3130798339844
2202,1,22030,270.4649963378906
2203,1,22040,270.7497253417969
2204,1,22050,271.021484375
2205,1,22060,271.1798095703125
2206,1,22070,271.4844055175781
2207,1,22080,271.577880859375
2208,1,22090,271.9498596191406
2209,1,22100,272.1974792480469
2210,1,22110,272.8065490722656
2211,1,22120,272.6226501464844
2212,1,22130,272.918701171875
2213,1,22140,273.0821533203125
2214,1,22150,273.4605712890625
2215,1,22160,273.5025634765625
2216,1,22170,273.8094177246094
2217,1,22180,274.12054443359375
2218,1,22190,274.20037841796875
2219,1,22200,274.49932861328125
2220,1,22210,274.8797607421875
2221,1,22220,274.8891906738281
2222,1,22230,275.3319091796875
2223,1,22240,275.41046142578125
2224,1,22250,275.7469177246094
2225,1,22260,276.0350036621094
2226,1,22270,276.2738342285156
2227,1,22280,276.4518737792969
2228,1,22290,276.7069396972656
2229,1,22300,276.8938903808594
2230,1,22310,277.2397766113281
2231,1,22320,277.2444152832031
2232,1,22330,277.63970947265625
2233,1,22340,277.9379577636719
2234,1,22350,278.06982421875
2235,1,22360,278.37994384765625
2236,1,22370,278.62908935546875
2237,1,22380,278.78204345703125
2238,1,22390,279.04229736328125
2239,1,22400,279.29254150390625
2240,1,22410,279.53271484375
2241,1,22420,279.92657470703125
2242,1,22430,280.0404052734375
2243,1,22440,280.275146484375
2244,1,22450,280.57269287109375
2245,1,22460,280.6908874511719
2246,1,22470,281.02508544921875
2247,1,22480,281.1317138671875
2248,1,22490,281.4801940917969
2249,1,22500,281.7283630371094
2250,1,22510,281.85650634765625
2251,1,22520,282.1795349121094
2252,1,22530,282.4664306640625
2253,1,22540,282.6153564453125
2254,1,22550,282.9132385253906
2255,1,22560,283.4605407714844
2256,1,22570,283.3760986328125
2257,1,22580,283.6451416015625
2258,1,22590,283.8717346191406
2259,1,22600,284.07318115234375
2260,1,22610,284.4985656738281
2261,1,22620,284.4337463378906
2262,1,22630,284.82281494140625
2263,1,22640,284.99432373046875
2264,1,22650,285.2298278808594
2265,1,22660,285.5794372558594
2266,1,22670,285.7076416015625
2267,1,22680,286.0169982910156
2268,1,22690,286.29803466796875
2269,1,22700,286.5080261230469
2270,1,22710,287.2052307128906
2271,1,22720,286.8281555175781
2272,1,22730,287.21185302734375
2273,1,22740,287.457275390625
2274,1,22750,287.6850891113281
2275,1,22760,287.93157958984375
2276,1,22770,288.2474060058594
2277,1,22780,288.5162658691406
2278,1,22790,288.7051086425781
2279,1,22800,288.8054504394531
2280,1,22810,289.1418762207031
2281,1,22820,289.44622802734375
2282,1,22830,289.61798095703125
2283,1,22840,289.8926086425781
2284,1,22850,290.15106201171875
2285,1,22860,290.83746337890625
2286,1,22870,290.66607666015625
2287,1,22880,290.76885986328125
2288,1,22890,291.1289367675781
2289,1,22900,291.36553955078125
2290,1,22910,291.4747619628906
2291,1,22920,291.81292724609375
2292,1,22930,292.164794921875
2293,1,22940,292.2442321777344
2294,1,22950,292.61181640625
2295,1,22960,292.731201171875
2296,1,22970,293.0447998046875
2297,1,22980,293.3670654296875
2298,1,22990,293.4768981933594
2299,1,23000,294.28692626953125
2300,1,23010,294.0669860839844
2301,1,23020,294.24908447265625
2302,1,23030,294.5867614746094
2303,1,23040,294.6409606933594
2304,1,23050,295.0035400390625
2305,1,23060,295.3239440917969
2306,1,23070,295.510498046875
2307,1,23080,295.7408752441406
2308,1,23090,296.1104736328125
2309,1,23100,296.161376953125
2310,1,23110,296.57354736328125
2311,1,23120,296.6568908691406
2312,1,23130,296.95880126953125
2313,1,23140,297.77532958984375
2314,1,23150,297.3841247558594
2315,1,23160,297.72235107421875
2316,1,23170,298.016357421875
2317,1,23180,298.2129211425781
2318,1,23190,298.50848388671875
2319,1,23200,298.58831787109375
2320,1,23210,298.9840087890625
2321,1,23220,299.2142028808594
2322,1,23230,299.39813232421875
2323,1,23240,299.70941162109375
2324,1,23250,300.0627136230469
2325,1,23260,300.10675048828125
2326,1,23270,300.4935607910156
2327,1,23280,300.57623291015625
2328,1,23290,301.0665283203125
2329,1,23300,301.22076416015625
2330,1,23310,301.4135437011719
2331,1,23320,301.7012939453125
2332,1,23330,302.088134765625
2333,1,23340,302.14306640625
2334,1,23350,302.46734619140625
2335,1,23360,302.57049560546875
2336,1,23370,302.9066162109375
2337,1,23380,303.24786376953125
2338,1,23390,303.39141845703125
2339,1,23400,303.69879150390625
2340,1,23410,304.0257873535156
2341,1,23420,304.17889404296875
2342,1,23430,304.5216064453125
2343,1,23440,304.6166076660156
2344,1,23450,304.9158020019531
2345,1,23460,305.2541809082031
2346,1,23470,305.3484191894531
2347,1,23480,305.68707275390625
2348,1,23490,306.0152282714844
2349,1,23500,306.1035461425781
2350,1,23510,306.4960021972656
2351,1,23520,306.5657043457031
2352,1,23530,306.8939514160156
2353,1,23540,307.2171630859375
2354,1,23550,307.305419921875
2355,1,23560,308.1126708984375
2356,1,23570,307.988525390625
2357,1,23580,308.1250305175781
2358,1,23590,308.4241943359375
2359,1,23600,308.47509765625
2360,1,23610,308.88262939453125
2361,1,23620,309.2103576660156
2362,1,23630,309.3141174316406
2363,1,23640,309.6766052246094
2364,1,23650,310.0104675292969
2365,1,23660,310.1587219238281
2366,1,23670,310.40643310546875
2367,1,23680,310.51983642578125
2368,1,23690,310.93133544921875
2369,1,23700,311.3618469238281
2370,1,23710,311.3236999511719
2371,1,23720,311.7037048339844
2372,1,23730,311.9761657714844
2373,1,23740,312.0898742675781
2374,1,23750,312.4690246582031
2375,1,23760,312.57489013671875
2376,1,23770,312.89349365234375
2377,1,23780,313.2572937011719
2378,1,23790,313.360107421875
2379,1,23800,313.70843505859375
2380,1,23810,313.9945373535156
2381,1,23820,314.0632629394531
2382,1,23830,314.9622497558594
2383,1,23840,314.512939453125
2384,1,23850,314.9173889160156
2385,1,23860,315.2489013671875
2386,1,23870,315.4298095703125
2387,1,23880,315.779052734375
2388,1,23890,316.0581970214844
2389,1,23900,316.1201477050781
2390,1,23910,316.5686950683594
2391,1,23920,316.6048889160156
2392,1,23930,316.97125244140625
2393,1,23940,317.7925109863281
2394,1,23950,317.4223937988281
2395,1,23960,318.175048828125
2396,1,23970,318.08154296875
2397,1,23980,318.2288513183594
2398,1,23990,318.54815673828125
2399,1,24000,318.6859130859375
2400,1,24010,319.03863525390625
2401,1,24020,319.2449035644531
2402,1,24030,319.4187927246094
2403,1,24040,319.7455139160156
2404,1,24050,320.0658874511719
2405,1,24060,320.2662658691406
2406,1,24070,320.6054382324219
2407,1,24080,320.76031494140625
2408,1,24090,321.0914001464844
2409,1,24100,321.5333557128906
2410,1,24110,321.4526062011719
2411,1,24120,321.87274169921875
2412,1,24130,322.1800231933594
2413,1,24140,322.2715148925781
2414,1,24150,322.6105651855469
2415,1,24160,322.76123046875
2416,1,24170,323.07269287109375
2417,1,24180,323.4145812988281
2418,1,24190,323.5644226074219
2419,1,24200,323.9578552246094
2420,1,24210,324.2178039550781
2421,1,24220,324.7081298828125
2422,1,24230,324.7129211425781
2423,1,24240,324.79473876953125
2424,1,24250,325.1120910644531
2425,1,24260,325.45166015625
2426,1,24270,325.5766906738281
2427,1,24280,325.8948669433594
2428,1,24290,326.2877502441406
2429,1,24300,326.423095703125
2430,1,24310,326.7807312011719
2431,1,24320,326.8756408691406
2432,1,24330,327.226806640625
2433,1,24340,327.5618896484375
2434,1,24350,328.0792236328125
2435,1,24360,328.0314636230469
2436,1,24370,328.31329345703125
2437,1,24380,328.47039794921875
2438,1,24390,328.7747802734375
2439,1,24400,328.8907470703125
2440,1,24410,329.27618408203125
2441,1,24420,329.5957336425781
2442,1,24430,329.734375
2443,1,24440,330.1063537597656
2444,1,24450,330.3437805175781
2445,1,24460,330.56036376953125
2446,1,24470,330.875
2447,1,24480,331.4329833984375
2448,1,24490,331.336181640625
2449,1,24500,331.69732666015625
2450,1,24510,331.73797607421875
2451,1,24520,332.2131652832031
2452,1,24530,332.42578125
2453,1,24540,332.6616516113281
2454,1,24550,332.9533386230469
2455,1,24560,333.0128173828125
2456,1,24570,333.3733215332031
2457,1,24580,333.77166748046875
2458,1,24590,333.89581298828125
2459,1,24600,334.18414306640625
2460,1,24610,334.63372802734375
2461,1,24620,334.71539306640625
2462,1,24630,335.02532958984375
2463,1,24640,335.13970947265625
2464,1,24650,335.51025390625
2465,1,24660,335.868408203125
2466,1,24670,335.9043884277344
2467,1,24680,336.3399353027344
2468,1,24690,336.5672302246094
2469,1,24700,336.8520202636719
2470,1,24710,337.107666015625
2471,1,24720,337.2547607421875
2472,1,24730,338.0235900878906
2473,1,24740,337.89105224609375
2474,1,24750,338.06268310546875
2475,1,24760,338.3565979003906
2476,1,24770,338.7457580566406
2477,1,24780,338.89459228515625
2478,1,24790,339.24835205078125
2479,1,24800,339.380126953125
2480,1,24810,339.7123107910156
2481,1,24820,340.017333984375
2482,1,24830,340.1504821777344
2483,1,24840,340.5111999511719
2484,1,24850,341.27008056640625
2485,1,24860,340.9510498046875
2486,1,24870,341.3111267089844
2487,1,24880,341.4642028808594
2488,1,24890,341.8137512207031
2489,1,24900,342.1011962890625
2490,1,24910,342.289794921875
2491,1,24920,342.6291809082031
2492,1,24930,342.9730529785156
2493,1,24940,343.0209045410156
2494,1,24950,343.43994140625
2495,1,24960,343.5361633300781
2496,1,24970,344.3627624511719
2497,1,24980,344.2402648925781
2498,1,24990,344.8642883300781
2499,1,25000,344.7310791015625
2500,1,25010,345.087646484375
2501,1,25020,345.2234191894531
2502,1,25030,345.5321044921875
2503,1,25040,345.6511535644531
2504,1,25050,346.0211181640625
2505,1,25060,346.34503173828125
2506,1,25070,346.44091796875
2507,1,25080,346.8780517578125
2508,1,25090,347.60333251953125
2509,1,25100,347.3291931152344
2510,1,25110,347.6630859375
2511,1,25120,347.75433349609375
2512,1,25130,348.09173583984375
2513,1,25140,348.4769287109375
2514,1,25150,348.58587646484375
2515,1,25160,348.9647216796875
2516,1,25170,349.323486328125
2517,1,25180,349.4654846191406
2518,1,25190,349.826171875
2519,1,25200,349.8874816894531
2520,1,25210,350.7126159667969
2521,1,25220,350.5874328613281
2522,1,25230,350.7511901855469
2523,1,25240,351.1023254394531
2524,1,25250,351.44921875
2525,1,25260,351.51275634765625
2526,1,25270,351.92913818359375
2527,1,25280,351.9764709472656
2528,1,25290,352.38836669921875
2529,1,25300,352.771484375
2530,1,25310,352.8539733886719
2531,1,25320,353.22857666015625
2532,1,25330,353.64935302734375
2533,1,25340,353.736328125
2534,1,25350,354.0648498535156
2535,1,25360,354.17071533203125
2536,1,25370,354.50274658203125
2537,1,25380,354.8771057128906
2538,1,25390,354.9938049316406
2539,1,25400,355.3820495605469
2540,1,25410,355.6776123046875
2541,1,25420,355.8258056640625
2542,1,25430,356.17791748046875
2543,1,25440,356.32623291015625
2544,1,25450,356.8180847167969
2545,1,25460,357.0476989746094
2546,1,25470,357.0499572753906
2547,1,25480,357.4377136230469
2548,1,25490,357.9193420410156
2549,1,25500,357.9447937011719
2550,1,25510,358.3116455078125
2551,1,25520,358.4564208984375
2552,1,25530,358.8838195800781
2553,1,25540,359.24945068359375
2554,1,25550,359.2711486816406
2555,1,25560,360.1047668457031
2556,1,25570,360.0202941894531
2557,1,25580,360.1987609863281
2558,1,25590,360.4653625488281
2559,1,25600,360.5849609375
2560,1,25610,360.9779052734375
2561,1,25620,361.400390625
2562,1,25630,361.494140625
2563,1,25640,361.85992431640625
2564,1,25650,362.2230224609375
2565,1,25660,362.319580078125
2566,1,25670,362.6712951660156
2567,1,25680,362.888916015625
2568,1,25690,363.17742919921875
2569,1,25700,363.52276611328125
2570,1,25710,363.6490783691406
2571,1,25720,363.93792724609375
2572,1,25730,364.3700256347656
2573,1,25740,364.4930114746094
2574,1,25750,364.8562927246094
2575,1,25760,364.9434814453125
2576,1,25770,365.3010559082031
2577,1,25780,365.65130615234375
2578,1,25790,366.288330078125
2579,1,25800,366.1405334472656
2580,1,25810,366.5911560058594
2581,1,25820,366.5852355957031
2582,1,25830,367.02740478515625
2583,1,25840,367.124267578125
2584,1,25850,367.4745788574219
2585,1,25860,367.9323425292969
2586,1,25870,367.9280090332031
2587,1,25880,368.4266357421875
2588,1,25890,368.7216491699219
2589,1,25900,369.2577209472656
2590,1,25910,369.2330627441406
2591,1,25920,369.30419921875
2592,1,25930,369.6569519042969
2593,1,25940,370.0318298339844
2594,1,25950,370.1266174316406
2595,1,25960,370.4664611816406
2596,1,25970,370.9784240722656
2597,1,25980,371.0533752441406
2598,1,25990,371.3910217285156
2599,1,26000,371.5506286621094
2600,1,26010,372.28961181640625
2601,1,26020,372.2510070800781
2602,1,26030,372.3441162109375
2603,1,26040,372.7520446777344
2604,1,26050,373.0809020996094
2605,1,26060,373.2285461425781
2606,1,26070,373.5716247558594
2607,1,26080,373.71478271484375
2608,1,26090,374.153076171875
2609,1,26100,374.46820068359375
2610,1,26110,374.56390380859375
2611,1,26120,374.9532165527344
2612,1,26130,375.41497802734375
2613,1,26140,375.4849853515625
2614,1,26150,375.77392578125
2615,1,26160,375.8384704589844
2616,1,26170,376.31396484375
2617,1,26180,376.6313171386719
2618,1,26190,376.7768859863281
2619,1,26200,377.11712646484375
2620,1,26210,377.51593017578125
2621,1,26220,377.57098388671875
2622,1,26230,378.0412292480469
2623,1,26240,378.2137451171875
2624,1,26250,378.47454833984375
2625,1,26260,378.8376770019531
2626,1,26270,379.0141296386719
2627,1,26280,379.3556823730469
2628,1,26290,379.6793518066406
2629,1,26300,379.84991455078125
2630,1,26310,380.1855163574219
2631,1,26320,380.3768310546875
2632,1,26330,380.7283630371094
2633,1,26340,381.05712890625
2634,1,26350,381.2832336425781
2635,1,26360,381.55511474609375
2636,1,26370,381.9215393066406
2637,1,26380,382.14263916015625
2638,1,26390,382.4658508300781
2639,1,26400,382.5735778808594
2640,1,26410,382.93084716796875
2641,1,26420,383.22088623046875
2642,1,26430,383.43145751953125
2643,1,26440,383.77178955078125
2644,1,26450,384.6274108886719
2645,1,26460,384.30902099609375
2646,1,26470,384.6243896484375
2647,1,26480,384.76031494140625
2648,1,26490,385.1897277832031
2649,1,26500,385.5155944824219
2650,1,26510,385.65155029296875
2651,1,26520,386.07666015625
2652,1,26530,386.3484802246094
2653,1,26540,386.5450744628906
2654,1,26550,386.9034423828125
2655,1,26560,387.4512023925781
2656,1,26570,387.4390869140625
2657,1,26580,387.75830078125
2658,1,26590,387.86285400390625
2659,1,26600,388.3108215332031
2660,1,26610,388.57611083984375
2661,1,26620,388.86102294921875
2662,1,26630,389.1474304199219
2663,1,26640,389.2623596191406
2664,1,26650,389.6029052734375
2665,1,26660,389.9808044433594
2666,1,26670,390.20513916015625
2667,1,26680,390.41778564453125
2668,1,26690,390.9261474609375
2669,1,26700,391.02740478515625
2670,1,26710,391.3454895019531
2671,1,26720,391.4992370605469
2672,1,26730,391.896728515625
2673,1,26740,392.26287841796875
2674,1,26750,392.38690185546875
2675,1,26760,392.8010559082031
2676,1,26770,393.4796447753906
2677,1,26780,393.25384521484375
2678,1,26790,393.69000244140625
2679,1,26800,393.80352783203125
2680,1,26810,394.12152099609375
2681,1,26820,394.4874572753906
2682,1,26830,394.6412658691406
2683,1,26840,395.0439453125
2684,1,26850,395.3822937011719
2685,1,26860,395.4632263183594
2686,1,26870,396.4078063964844
2687,1,26880,396.09222412109375
2688,1,26890,396.3890686035156
2689,1,26900,396.81243896484375
2690,1,26910,396.9194641113281
2691,1,26920,397.28118896484375
2692,1,26930,397.6513366699219
2693,1,26940,397.7742919921875
2694,1,26950,398.190673828125
2695,1,26960,398.2496643066406
2696,1,26970,398.701416015625
2697,1,26980,399.5079040527344
2698,1,26990,399.14263916015625
2699,1,27000,399.53973388671875
2700,1,27010,399.7922668457031
2701,1,27020,400.0289611816406
2702,1,27030,400.4313049316406
2703,1,27040,400.5392761230469
2704,1,27050,400.98406982421875
2705,1,27060,401.2615661621094
2706,1,27070,401.4707336425781
2707,1,27080,402.2844543457031
2708,1,27090,402.1024169921875
2709,1,27100,402.3474426269531
2710,1,27110,402.7217102050781
2711,1,27120,402.83551025390625
2712,1,27130,403.3109130859375
2713,1,27140,403.56878662109375
2714,1,27150,403.7498474121094
2715,1,27160,404.1246032714844
2716,1,27170,404.43701171875
2717,1,27180,404.61871337890625
2718,1,27190,405.10552978515625
2719,1,27200,405.0862731933594
2720,1,27210,405.5494689941406
2721,1,27220,405.8931579589844
2722,1,27230,406.0217590332031
2723,1,27240,406.42169189453125
2724,1,27250,406.7599182128906
2725,1,27260,406.95526123046875
2726,1,27270,407.2252502441406
2727,1,27280,407.37396240234375
2728,1,27290,407.9117736816406
2729,1,27300,408.1524353027344
2730,1,27310,408.3072814941406
2731,1,27320,408.6986389160156
2732,1,27330,409.01422119140625
2733,1,27340,409.1748352050781
2734,1,27350,409.6318359375
2735,1,27360,409.6338806152344
2736,1,27370,410.1532287597656
2737,1,27380,410.4603576660156
2738,1,27390,410.96356201171875
2739,1,27400,411.023681640625
2740,1,27410,411.37359619140625
2741,1,27420,411.5121154785156
2742,1,27430,411.9349670410156
2743,1,27440,411.99212646484375
2744,1,27450,412.4027099609375
2745,1,27460,412.7735595703125
2746,1,27470,412.8805847167969
2747,1,27480,413.2454528808594
2748,1,27490,414.1488342285156
2749,1,27500,413.80029296875
2750,1,27510,414.2497863769531
2751,1,27520,414.3554992675781
2752,1,27530,414.6883544921875
2753,1,27540,415.076904296875
2754,1,27550,415.1541442871094
2755,1,27560,415.62774658203125
2756,1,27570,415.94940185546875
2757,1,27580,416.0592956542969
2758,1,27590,416.9174499511719
2759,1,27600,416.61492919921875
2760,1,27610,417.01837158203125
2761,1,27620,417.4184265136719
2762,1,27630,417.53350830078125
2763,1,27640,417.964599609375
2764,1,27650,418.2646484375
2765,1,27660,418.4205322265625
2766,1,27670,418.8310546875
2767,1,27680,418.9554748535156
2768,1,27690,419.80706787109375
2769,1,27700,419.7367248535156
2770,1,27710,419.8992004394531
2771,1,27720,420.80126953125
2772,1,27730,420.614990234375
2773,1,27740,420.7238464355469
2774,1,27750,421.1221008300781
2775,1,27760,421.2578430175781
2776,1,27770,421.7110290527344
2777,1,27780,421.9758605957031
2778,1,27790,422.26263427734375
2779,1,27800,422.49755859375
2780,1,27810,423.02557373046875
2781,1,27820,423.0590515136719
2782,1,27830,423.3699645996094
2783,1,27840,423.6095275878906
2784,1,27850,424.0580139160156
2785,1,27860,424.3987121582031
2786,1,27870,424.4956359863281
2787,1,27880,424.9576721191406
2788,1,27890,425.3220520019531
2789,1,27900,425.45794677734375
2790,1,27910,425.8358459472656
2791,1,27920,425.95538330078125
2792,1,27930,426.3796691894531
2793,1,27940,426.7486572265625
2794,1,27950,426.8565673828125
2795,1,27960,427.19329833984375
2796,1,27970,427.7107238769531
2797,1,27980,428.20721435546875
2798,1,27990,428.0843505859375
2799,1,28000,428.3052062988281
2800,1,28010,428.6730041503906
2801,1,28020,429.0213317871094
2802,1,28030,429.1994323730469
2803,1,28040,429.65521240234375
2804,1,28050,429.94525146484375
2805,1,28060,430.1147155761719
2806,1,28070,430.5525207519531
2807,1,28080,431.07110595703125
2808,1,28090,431.016357421875
2809,1,28100,431.4180908203125
2810,1,28110,431.5224304199219
2811,1,28120,431.9525146484375
2812,1,28130,432.3581848144531
2813,1,28140,432.4917907714844
2814,1,28150,432.88134765625
2815,1,28160,433.05218505859375
2816,1,28170,433.4554443359375
2817,1,28180,433.9096984863281
2818,1,28190,433.9076232910156
2819,1,28200,434.3390808105469
2820,1,28210,434.6637878417969
2821,1,28220,434.8674011230469
2822,1,28230,435.2310791015625
2823,1,28240,435.3284606933594
2824,1,28250,435.7441711425781
2825,1,28260,436.2047424316406
2826,1,28270,436.7474060058594
2827,1,28280,436.70928955078125
2828,1,28290,437.00885009765625
2829,1,28300,437.21893310546875
2830,1,28310,437.69122314453125
2831,1,28320,437.7298278808594
2832,1,28330,438.1278381347656
2833,1,28340,438.4797058105469
2834,1,28350,438.6560363769531
2835,1,28360,439.028076171875
2836,1,28370,439.52532958984375
2837,1,28380,439.5580139160156
2838,1,28390,439.95166015625
2839,1,28400,440.1433410644531
2840,1,28410,440.5675048828125
2841,1,28420,440.7897033691406
2842,1,28430,441.012939453125
2843,1,28440,441.5216064453125
2844,1,28450,441.76153564453125
2845,1,28460,442.3589782714844
2846,1,28470,442.4242248535156
2847,1,28480,442.41162109375
2848,1,28490,442.9043273925781
2849,1,28500,443.225830078125
2850,1,28510,443.4103698730469
2851,1,28520,444.3482666015625
2852,1,28530,444.2111511230469
2853,1,28540,444.39642333984375
2854,1,28550,445.1887512207031
2855,1,28560,444.8962707519531
2856,1,28570,445.3084716796875
2857,1,28580,445.5835266113281
2858,1,28590,445.8726501464844
2859,1,28600,446.2278747558594
2860,1,28610,446.5137634277344
2861,1,28620,446.71826171875
2862,1,28630,447.2148132324219
2863,1,28640,447.717041015625
2864,1,28650,447.6883239746094
2865,1,28660,448.0717468261719
2866,1,28670,448.2151794433594
2867,1,28680,448.606689453125
2868,1,28690,449.07220458984375
2869,1,28700,449.1141662597656
2870,1,28710,449.47100830078125
2871,1,28720,449.71978759765625
2872,1,28730,450.0726318359375
2873,1,28740,450.5834045410156
2874,1,28750,450.58917236328125
2875,1,28760,451.0487365722656
2876,1,28770,451.3724060058594
2877,1,28780,451.51495361328125
2878,1,28790,451.9366149902344
2879,1,28800,452.0452575683594
2880,1,28810,452.4602355957031
2881,1,28820,452.87109375
2882,1,28830,453.1619873046875
2883,1,28840,453.43865966796875
2884,1,28850,453.7998352050781
2885,1,28860,454.0284423828125
2886,1,28870,454.4642028808594
2887,1,28880,454.4527893066406
2888,1,28890,454.93157958984375
2889,1,28900,455.3091735839844
2890,1,28910,455.4391174316406
2891,1,28920,455.9734191894531
2892,1,28930,456.2056884765625
2893,1,28940,456.39715576171875
2894,1,28950,456.8136291503906
2895,1,28960,456.9595947265625
2896,1,28970,457.3321228027344
2897,1,28980,457.71734619140625
2898,1,28990,457.8268127441406
2899,1,29000,458.30523681640625
2900,1,29010,458.78106689453125
2901,1,29020,458.8531188964844
2902,1,29030,459.329833984375
2903,1,29040,459.2904357910156
2904,1,29050,459.8014221191406
2905,1,29060,460.1820068359375
2906,1,29070,460.28759765625
2907,1,29080,460.7124938964844
2908,1,29090,461.05340576171875
2909,1,29100,461.3360595703125
2910,1,29110,461.6385803222656
2911,1,29120,461.7702331542969
2912,1,29130,462.2616882324219
2913,1,29140,462.57843017578125
2914,1,29150,462.7244567871094
2915,1,29160,463.1367492675781
2916,1,29170,463.4814453125
2917,1,29180,463.6163330078125
2918,1,29190,464.21075439453125
2919,1,29200,464.2696838378906
2920,1,29210,464.66009521484375
2921,1,29220,465.03778076171875
2922,1,29230,465.1289367675781
2923,1,29240,465.54705810546875
2924,1,29250,466.00701904296875
2925,1,29260,466.1763000488281
2926,1,29270,467.0426330566406
2927,1,29280,466.85491943359375
2928,1,29290,467.05413818359375
2929,1,29300,467.4831848144531
2930,1,29310,467.6331481933594
2931,1,29320,467.9518127441406
2932,1,29330,468.4118347167969
2933,1,29340,468.5928039550781
2934,1,29350,469.0034484863281
2935,1,29360,469.42413330078125
2936,1,29370,469.5614929199219
2937,1,29380,469.92181396484375
2938,1,29390,470.0433044433594
2939,1,29400,470.481201171875
2940,1,29410,470.8701477050781
2941,1,29420,471.0413818359375
2942,1,29430,471.4513244628906
2943,1,29440,471.5765686035156
2944,1,29450,472.4903564453125
2945,1,29460,472.3384704589844
2946,1,29470,472.5763244628906
2947,1,29480,472.9225769042969
2948,1,29490,473.3491516113281
2949,1,29500,473.4832763671875
2950,1,29510,473.8380432128906
2951,1,29520,473.9926452636719
2952,1,29530,474.4351501464844
2953,1,29540,475.004150390625
2954,1,29550,475.0602111816406
2955,1,29560,475.3954162597656
2956,1,29570,475.87969970703125
2957,1,29580,475.92425537109375
2958,1,29590,476.35748291015625
2959,1,29600,476.48431396484375
2960,1,29610,476.9823303222656
2961,1,29620,477.3302917480469
2962,1,29630,477.5454406738281
2963,1,29640,477.8989562988281
2964,1,29650,478.3231506347656
2965,1,29660,478.4408874511719
2966,1,29670,478.90008544921875
2967,1,29680,478.99334716796875
2968,1,29690,479.3121643066406
2969,1,29700,479.8038330078125
2970,1,29710,480.28399658203125
2971,1,29720,480.3394775390625
2972,1,29730,480.7448425292969
2973,1,29740,480.9052429199219
2974,1,29750,481.33978271484375
2975,1,29760,481.4115295410156
2976,1,29770,481.92608642578125
2977,1,29780,482.2606201171875
2978,1,29790,482.4255065917969
2979,1,29800,483.0089111328125
2980,1,29810,483.2610168457031
2981,1,29820,483.4091796875
2982,1,29830,483.8951110839844
2983,1,29840,483.9989013671875
2984,1,29850,484.3899230957031
2985,1,29860,484.80975341796875
2986,1,29870,484.9015808105469
2987,1,29880,485.8000183105469
2988,1,29890,485.71759033203125
2989,1,29900,485.9524230957031
2990,1,29910,486.3745422363281
2991,1,29920,486.423583984375
2992,1,29930,486.8326721191406
2993,1,29940,487.2618408203125
2994,1,29950,487.4113464355469
2995,1,29960,487.9164123535156
2996,1,29970,488.3200378417969
2997,1,29980,488.3735656738281
2998,1,29990,488.89447021484375
2999,1,30000,489.4795837402344
3000,1,30010,489.3570556640625
3001,1,30020,489.79168701171875
3002,1,30030,489.9201965332031
3003,1,30040,490.32330322265625
3004,1,30050,491.1800231933594
3005,1,30060,490.8388671875
3006,1,30070,491.35272216796875
3007,1,30080,491.47119140625
3008,1,30090,491.9219970703125
3009,1,30100,492.3262634277344
3010,1,30110,492.4351501464844
3011,1,30120,492.8069763183594
3012,1,30130,493.23406982421875
3013,1,30140,493.5085144042969
3014,1,30150,493.94390869140625
3015,1,30160,493.9420471191406
3016,1,30170,494.3616638183594
3017,1,30180,494.7698059082031
3018,1,30190,494.99542236328125
3019,1,30200,495.3775634765625
3020,1,30210,495.72918701171875
3021,1,30220,496.4246826171875
3022,1,30230,496.3177490234375
3023,1,30240,496.51910400390625
3024,1,30250,496.98779296875
3025,1,30260,497.41253662109375
3026,1,30270,497.5077209472656
3027,1,30280,497.877197265625
3028,1,30290,498.322265625
3029,1,30300,498.8804016113281
3030,1,30310,498.94091796875
3031,1,30320,499.0022888183594
3032,1,30330,499.407958984375
3033,1,30340,499.8599853515625
3034,1,30350,500.0145568847656
3035,1,30360,500.43878173828125
3036,1,30370,500.7977294921875
3037,1,30380,501.03118896484375
3038,1,30390,501.51556396484375
3039,1,30400,501.57720947265625
3040,1,30410,501.9978332519531
3041,1,30420,502.3973388671875
3042,1,30430,502.45263671875
3043,1,30440,502.94476318359375
3044,1,30450,503.4580078125
3045,1,30460,503.5013732910156
3046,1,30470,504.0757141113281
3047,1,30480,504.1573181152344
3048,1,30490,504.44207763671875
3049,1,30500,504.98974609375
3050,1,30510,505.10980224609375
3051,1,30520,505.4974670410156
3052,1,30530,505.890625
3053,1,30540,506.0353088378906
3054,1,30550,506.61834716796875
3055,1,30560,506.6128845214844
3056,1,30570,507.0804138183594
3057,1,30580,507.5737609863281
3058,1,30590,507.6112365722656
3059,1,30600,508.0153503417969
3060,1,30610,508.4751281738281
3061,1,30620,508.6593933105469
3062,1,30630,509.2278747558594
3063,1,30640,509.2127685546875
3064,1,30650,509.6386413574219
3065,1,30660,510.12890625
3066,1,30670,510.1156311035156
3067,1,30680,510.6275329589844
3068,1,30690,511.5433044433594
3069,1,30700,511.1387023925781
3070,1,30710,511.6866455078125
3071,1,30720,511.7687683105469
3072,1,30730,512.2146606445312
3073,1,30740,512.5972900390625
3074,1,30750,512.7238159179688
3075,1,30760,513.105712890625
3076,1,30770,513.6272583007812
3077,1,30780,513.7389526367188
3078,1,30790,514.612060546875
3079,1,30800,514.3433837890625
3080,1,30810,514.7780151367188
3081,1,30820,515.1639404296875
3082,1,30830,515.2769775390625
3083,1,30840,515.7340087890625
3084,1,30850,516.2130126953125
3085,1,30860,516.3821411132812
3086,1,30870,517.1656494140625
3087,1,30880,516.7960205078125
3088,1,30890,517.3402709960938
3089,1,30900,517.7138671875
3090,1,30910,517.9005126953125
3091,1,30920,518.263916015625
3092,1,30930,518.7576293945312
3093,1,30940,518.8573608398438
3094,1,30950,519.4260864257812
3095,1,30960,519.4556274414062
3096,1,30970,519.8401489257812
3097,1,30980,520.3524169921875
3098,1,30990,520.5267944335938
3099,1,31000,520.8383178710938
3100,1,31010,521.2706909179688
3101,1,31020,521.471923828125
3102,1,31030,522.0401000976562
3103,1,31040,522.0916748046875
3104,1,31050,522.5119018554688
3105,1,31060,522.9127197265625
3106,1,31070,523.037841796875
3107,1,31080,523.5269775390625
3108,1,31090,523.8580932617188
3109,1,31100,524.077392578125
3110,1,31110,524.5847778320312
3111,1,31120,524.6204833984375
3112,1,31130,525.1339111328125
3113,1,31140,525.5332641601562
3114,1,31150,525.71435546875
3115,1,31160,526.072998046875
3116,1,31170,526.4662475585938
3117,1,31180,526.6952514648438
3118,1,31190,527.1871337890625
3119,1,31200,527.1878051757812
3120,1,31210,527.599853515625
3121,1,31220,528.0776977539062
3122,1,31230,528.2098999023438
3123,1,31240,528.7562866210938
3124,1,31250,529.1299438476562
3125,1,31260,529.6608276367188
3126,1,31270,529.7113037109375
3127,1,31280,529.8330688476562
3128,1,31290,530.2633056640625
3129,1,31300,530.688232421875
3130,1,31310,530.8853149414062
3131,1,31320,531.2777709960938
3132,1,31330,531.724609375
3133,1,31340,532.2774047851562
3134,1,31350,532.8168334960938
3135,1,31360,532.4591064453125
3136,1,31370,532.8422241210938
3137,1,31380,533.3405151367188
3138,1,31390,533.4510498046875
3139,1,31400,533.8983154296875
3140,1,31410,534.2416381835938
3141,1,31420,534.5830688476562
3142,1,31430,534.8898315429688
3143,1,31440,535.1253051757812
3144,1,31450,535.48291015625
3145,1,31460,535.9227905273438
3146,1,31470,536.1175537109375
3147,1,31480,536.4945068359375
3148,1,31490,536.947509765625
3149,1,31500,537.222412109375
3150,1,31510,537.565673828125
3151,1,31520,537.6992797851562
3152,1,31530,538.0075073242188
3153,1,31540,538.5078735351562
3154,1,31550,538.6507568359375
3155,1,31560,539.1519165039062
3156,1,31570,540.048828125
3157,1,31580,539.6621704101562
3158,1,31590,540.08154296875
3159,1,31600,540.2210083007812
3160,1,31610,540.7767944335938
3161,1,31620,541.2321166992188
3162,1,31630,541.3235473632812
3163,1,31640,541.6980590820312
3164,1,31650,542.1571655273438
3165,1,31660,542.2476806640625
3166,1,31670,542.65185546875
3167,1,31680,542.9786987304688
3168,1,31690,543.424560546875
3169,1,31700,543.7542724609375
3170,1,31710,543.9100341796875
3171,1,31720,544.3912353515625
3172,1,31730,544.9134521484375
3173,1,31740,544.9852905273438
3174,1,31750,545.3988037109375
3175,1,31760,545.5706176757812
3176,1,31770,545.970703125
3177,1,31780,546.3506469726562
3178,1,31790,546.6292114257812
3179,1,31800,547.407958984375
3180,1,31810,547.4605712890625
3181,1,31820,547.5730590820312
3182,1,31830,548.0971069335938
3183,1,31840,548.1984252929688
3184,1,31850,548.627197265625
3185,1,31860,549.068603515625
3186,1,31870,549.30224609375
3187,1,31880,549.8069458007812
3188,1,31890,550.07763671875
3189,1,31900,550.3110961914062
3190,1,31910,550.580322265625
3191,1,31920,550.8325805664062
3192,1,31930,551.2982788085938
3193,1,31940,551.7471313476562
3194,1,31950,552.3069458007812
3195,1,31960,552.3118286132812
3196,1,31970,552.8024291992188
3197,1,31980,552.9401245117188
3198,1,31990,553.3803100585938
3199,1,32000,553.511962890625
3200,1,32010,553.953857421875
3201,1,32020,554.27294921875
3202,1,32030,554.640869140625
3203,1,32040,554.9525146484375
3204,1,32050,555.500732421875
3205,1,32060,555.5991821289062
3206,1,32070,556.0066528320312
3207,1,32080,556.1565551757812
3208,1,32090,556.6074829101562
3209,1,32100,557.0851440429688
3210,1,32110,557.3270263671875
3211,1,32120,557.6552124023438
3212,1,32130,558.0151977539062
3213,1,32140,558.2164306640625
3214,1,32150,558.7014770507812
3215,1,32160,558.7966918945312
3216,1,32170,559.3026733398438
3217,1,32180,560.166748046875
3218,1,32190,559.8948364257812
3219,1,32200,560.3726806640625
3220,1,32210,560.7530517578125
3221,1,32220,560.8489990234375
3222,1,32230,561.3792724609375
3223,1,32240,561.5438232421875
3224,1,32250,562.0142822265625
3225,1,32260,562.55908203125
3226,1,32270,562.4893188476562
3227,1,32280,563.0471801757812
3228,1,32290,563.4573364257812
3229,1,32300,563.5467529296875
3230,1,32310,564.0801391601562
3231,1,32320,564.226318359375
3232,1,32330,564.7669067382812
3233,1,32340,565.1011962890625
3234,1,32350,565.1787109375
3235,1,32360,565.6852416992188
3236,1,32370,566.1572875976562
3237,1,32380,566.2636108398438
3238,1,32390,566.7215576171875
3239,1,32400,567.3482055664062
3240,1,32410,567.3150024414062
3241,1,32420,567.8121337890625
3242,1,32430,567.9569702148438
3243,1,32440,568.41064453125
3244,1,32450,568.8316650390625
3245,1,32460,568.99560546875
3246,1,32470,569.8194580078125
3247,1,32480,569.5433349609375
3248,1,32490,570.0452880859375
3249,1,32500,570.4544677734375
3250,1,32510,570.6011352539062
3251,1,32520,571.0932006835938
3252,1,32530,571.5104370117188
3253,1,32540,571.6534423828125
3254,1,32550,572.2295532226562
3255,1,32560,572.2039794921875
3256,1,32570,572.8019409179688
3257,1,32580,573.1800537109375
3258,1,32590,573.3526611328125
3259,1,32600,574.279296875
3260,1,32610,574.2188720703125
3261,1,32620,574.4609985351562
3262,1,32630,574.7957153320312
3263,1,32640,574.9856567382812
3264,1,32650,575.4028930664062
3265,1,32660,575.8323364257812
3266,1,32670,576.0914916992188
3267,1,32680,576.3861694335938
3268,1,32690,577.3243408203125
3269,1,32700,577.0405883789062
3270,1,32710,577.5415649414062
3271,1,32720,577.6270751953125
3272,1,32730,578.1233520507812
3273,1,32740,578.6019897460938
3274,1,32750,578.7409057617188
3275,1,32760,579.6150512695312
3276,1,32770,579.694580078125
3277,1,32780,579.7884521484375
3278,1,32790,580.23388671875
3279,1,32800,580.4197387695312
3280,1,32810,580.95556640625
3281,1,32820,581.2487182617188
3282,1,32830,581.9093627929688
3283,1,32840,581.9575805664062
3284,1,32850,582.4024658203125
3285,1,32860,582.550537109375
3286,1,32870,583.1002197265625
3287,1,32880,583.1160278320312
3288,1,32890,583.540771484375
3289,1,32900,584.4691772460938
3290,1,32910,584.2216186523438
3291,1,32920,584.6862182617188
3292,1,32930,585.1942138671875
3293,1,32940,585.3223266601562
3294,1,32950,585.713623046875
3295,1,32960,585.85546875
3296,1,32970,586.8702392578125
3297,1,32980,586.7542724609375
3298,1,32990,586.94384765625
3299,1,33000,587.3786010742188
3300,1,33010,587.8101196289062
3301,1,33020,587.9715576171875
3302,1,33030,588.4253540039062
3303,1,33040,588.921142578125
3304,1,33050,589.0712280273438
3305,1,33060,589.5421142578125
3306,1,33070,589.60693359375
3307,1,33080,590.0930786132812
3308,1,33090,590.4978637695312
3309,1,33100,590.7094116210938
3310,1,33110,591.65576171875
3311,1,33120,591.3180541992188
3312,1,33130,591.8442993164062
3313,1,33140,592.2439575195312
3314,1,33150,592.4400024414062
3315,1,33160,592.8944702148438
3316,1,33170,593.4329833984375
3317,1,33180,593.9615478515625
3318,1,33190,594.464111328125
3319,1,33200,594.112060546875
3320,1,33210,594.5780029296875
3321,1,33220,595.00732421875
3322,1,33230,595.1642456054688
3323,1,33240,595.5701293945312
3324,1,33250,596.4609985351562
3325,1,33260,596.2911987304688
3326,1,33270,596.7313842773438
3327,1,33280,596.8433837890625
3328,1,33290,597.3209228515625
3329,1,33300,597.7997436523438
3330,1,33310,597.9434204101562
3331,1,33320,598.735107421875
3332,1,33330,598.846923828125
3333,1,33340,599.0337524414062
3334,1,33350,599.4414672851562
3335,1,33360,599.665771484375
3336,1,33370,600.02294921875
3337,1,33380,600.5477294921875
3338,1,33390,600.6866455078125
3339,1,33400,601.122314453125
3340,1,33410,601.554931640625
3341,1,33420,601.6859741210938
3342,1,33430,602.3008422851562
3343,1,33440,602.3822631835938
3344,1,33450,602.807861328125
3345,1,33460,603.34228515625
3346,1,33470,603.4636840820312
3347,1,33480,603.9600830078125
3348,1,33490,604.350830078125
3349,1,33500,604.5047607421875
3350,1,33510,605.0775756835938
3351,1,33520,605.5740356445312
3352,1,33530,605.6895141601562
3353,1,33540,606.0320434570312
3354,1,33550,606.20556640625
3355,1,33560,606.6708374023438
3356,1,33570,607.118408203125
3357,1,33580,607.2847290039062
3358,1,33590,608.1289672851562
3359,1,33600,607.9249877929688
3360,1,33610,608.3775024414062
3361,1,33620,608.8462524414062
3362,1,33630,609.0802001953125
3363,1,33640,609.4674682617188
3364,1,33650,609.9633178710938
3365,1,33660,610.4659423828125
3366,1,33670,610.5853881835938
3367,1,33680,610.745849609375
3368,1,33690,611.124755859375
3369,1,33700,611.6580200195312
3370,1,33710,611.8021850585938
3371,1,33720,612.2448120117188
3372,1,33730,612.8272705078125
3373,1,33740,612.847412109375
3374,1,33750,613.4337768554688
3375,1,33760,613.9974365234375
3376,1,33770,614.0118408203125
3377,1,33780,614.3875732421875
3378,1,33790,614.9984130859375
3379,1,33800,615.0075073242188
3380,1,33810,615.5633544921875
3381,1,33820,615.6886596679688
3382,1,33830,616.18603515625
3383,1,33840,616.3889770507812
3384,1,33850,616.735107421875
3385,1,33860,617.6549072265625
3386,1,33870,617.3984375
3387,1,33880,617.81201171875
3388,1,33890,618.3416748046875
3389,1,33900,618.4437255859375
3390,1,33910,618.9439086914062
3391,1,33920,619.0562744140625
3392,1,33930,619.6163330078125
3393,1,33940,620.088134765625
3394,1,33950,620.2198486328125
3395,1,33960,620.6905517578125
3396,1,33970,621.1010131835938
3397,1,33980,621.2860717773438
3398,1,33990,622.1452026367188
3399,1,34000,621.9465942382812
3400,1,34010,622.4482421875
3401,1,34020,622.8491821289062
3402,1,34030,623.0065307617188
3403,1,34040,623.5411987304688
3404,1,34050,623.9578247070312
3405,1,34060,624.5386962890625
3406,1,34070,624.54052734375
3407,1,34080,624.7847900390625
3408,1,34090,625.243896484375
3409,1,34100,625.697265625
3410,1,34110,625.7535400390625
3411,1,34120,626.2803344726562
3412,1,34130,626.8191528320312
3413,1,34140,626.9000854492188
3414,1,34150,627.4251098632812
3415,1,34160,627.6217041015625
3416,1,34170,628.035400390625
3417,1,34180,628.4710693359375
3418,1,34190,629.1930541992188
3419,1,34200,629.1063842773438
3420,1,34210,629.5447998046875
3421,1,34220,629.7531127929688
3422,1,34230,630.1292724609375
3423,1,34240,630.421630859375
3424,1,34250,630.93212890625
3425,1,34260,631.3543701171875
3426,1,34270,631.4686279296875
3427,1,34280,631.9462280273438
3428,1,34290,632.3968505859375
3429,1,34300,632.5042114257812
3430,1,34310,633.6477661132812
3431,1,34320,633.6481323242188
3432,1,34330,633.7314453125
3433,1,34340,634.2120361328125
3434,1,34350,634.219970703125
3435,1,34360,634.8069458007812
3436,1,34370,635.2374267578125
3437,1,34380,635.4338989257812
3438,1,34390,635.94921875
3439,1,34400,636.1137084960938
3440,1,34410,636.5106201171875
3441,1,34420,636.9663696289062
3442,1,34430,637.1926879882812
3443,1,34440,637.6976928710938
3444,1,34450,638.6016235351562
3445,1,34460,638.2755126953125
3446,1,34470,638.7009887695312
3447,1,34480,638.9213256835938
3448,1,34490,639.4320068359375
3449,1,34500,639.9127197265625
3450,1,34510,639.98828125
3451,1,34520,640.6792602539062
3452,1,34530,640.9039916992188
3453,1,34540,641.0921020507812
3454,1,34550,641.6447143554688
3455,1,34560,641.7774658203125
3456,1,34570,642.2271118164062
3457,1,34580,643.1175537109375
3458,1,34590,642.9536743164062
3459,1,34600,643.3795166015625
3460,1,34610,643.9219360351562
3461,1,34620,643.9723510742188
3462,1,34630,644.5292358398438
3463,1,34640,645.0765991210938
3464,1,34650,645.15087890625
3465,1,34660,645.6848754882812
3466,1,34670,645.8556518554688
3467,1,34680,646.2364501953125
3468,1,34690,646.7396850585938
3469,1,34700,646.9284057617188
3470,1,34710,647.4058227539062
3471,1,34720,647.4450073242188
3472,1,34730,648.0319213867188
3473,1,34740,648.4446411132812
3474,1,34750,648.6676025390625
3475,1,34760,649.0637817382812
3476,1,34770,649.5615234375
3477,1,34780,650.1857299804688
3478,1,34790,650.260498046875
3479,1,34800,650.400390625
3480,1,34810,650.8191528320312
3481,1,34820,651.3555297851562
3482,1,34830,651.5004272460938
3483,1,34840,652.4057006835938
3484,1,34850,652.5498046875
3485,1,34860,652.6703491210938
3486,1,34870,653.0813598632812
3487,1,34880,653.1947631835938
3488,1,34890,653.7490234375
3489,1,34900,654.1546020507812
3490,1,34910,654.4381713867188
3491,1,34920,654.86962890625
3492,1,34930,655.3373413085938
3493,1,34940,655.500732421875
3494,1,34950,655.9385375976562
3495,1,34960,656.0990600585938
3496,1,34970,656.7551879882812
3497,1,34980,657.0515747070312
3498,1,34990,657.232666015625
3499,1,35000,657.7422485351562
3500,1,35010,658.2362060546875
3501,1,35020,658.43798828125
3502,1,35030,659.3139038085938
3503,1,35040,658.956298828125
3504,1,35050,659.5781860351562
3505,1,35060,660.006591796875
3506,1,35070,660.1361083984375
3507,1,35080,660.5730590820312
3508,1,35090,661.5359497070312
3509,1,35100,661.338623046875
3510,1,35110,661.6500244140625
3511,1,35120,661.9830322265625
3512,1,35130,662.4200439453125
3513,1,35140,662.8785400390625
3514,1,35150,663.482666015625
3515,1,35160,663.5948486328125
3516,1,35170,664.02685546875
3517,1,35180,664.0484619140625
3518,1,35190,664.669921875
3519,1,35200,664.79638671875
3520,1,35210,665.30029296875
3521,1,35220,665.9646606445312
3522,1,35230,665.9140625
3523,1,35240,666.4468994140625
3524,1,35250,666.9343872070312
3525,1,35260,667.1275024414062
3526,1,35270,667.5980224609375
3527,1,35280,667.8687133789062
3528,1,35290,668.2467041015625
3529,1,35300,668.7753295898438
3530,1,35310,668.8915405273438
3531,1,35320,669.2987060546875
3532,1,35330,669.8267822265625
3533,1,35340,670.127197265625
3534,1,35350,670.4993286132812
3535,1,35360,670.5941772460938
3536,1,35370,671.2267456054688
3537,1,35380,671.69384765625
3538,1,35390,671.7528686523438
3539,1,35400,672.7437744140625
3540,1,35410,672.7265625
3541,1,35420,672.8841552734375
3542,1,35430,673.3899536132812
3543,1,35440,673.5690307617188
3544,1,35450,673.9829711914062
3545,1,35460,675.0040283203125
3546,1,35470,674.6957397460938
3547,1,35480,675.2099609375
3548,1,35490,675.60546875
3549,1,35500,675.8153686523438
3550,1,35510,676.4296264648438
3551,1,35520,676.9441528320312
3552,1,35530,676.9849853515625
3553,1,35540,677.4878540039062
3554,1,35550,677.5263671875
3555,1,35560,678.1676635742188
3556,1,35570,678.6140747070312
3557,1,35580,679.2257080078125
3558,1,35590,679.273193359375
3559,1,35600,679.4041748046875
3560,1,35610,679.8721313476562
3561,1,35620,680.4254760742188
3562,1,35630,680.6197509765625
3563,1,35640,681.50537109375
3564,1,35650,681.5963134765625
3565,1,35660,681.7081298828125
3566,1,35670,682.1671142578125
3567,1,35680,682.33251953125
3568,1,35690,682.8685913085938
3569,1,35700,683.7933959960938
3570,1,35710,683.5446166992188
3571,1,35720,683.9081420898438
3572,1,35730,684.5128784179688
3573,1,35740,684.6511840820312
3574,1,35750,685.16650390625
3575,1,35760,685.7742919921875
3576,1,35770,685.8124389648438
3577,1,35780,686.4295043945312
3578,1,35790,686.5182495117188
3579,1,35800,686.9483642578125
3580,1,35810,687.4474487304688
3581,1,35820,688.11767578125
3582,1,35830,688.0997314453125
3583,1,35840,688.28125
3584,1,35850,688.7184448242188
3585,1,35860,689.1741943359375
3586,1,35870,690.5663452148438
3587,1,35880,690.2908935546875
3588,1,35890,690.3833618164062
3589,1,35900,690.6019287109375
3590,1,35910,691.0333251953125
3591,1,35920,691.2002563476562
3592,1,35930,691.763427734375
3593,1,35940,692.7051391601562
3594,1,35950,692.3760986328125
3595,1,35960,692.9298095703125
3596,1,35970,693.341552734375
3597,1,35980,693.508056640625
3598,1,35990,694.0927734375
3599,1,36000,694.1900634765625
3600,1,36010,695.13623046875
3601,1,36020,695.1446533203125
3602,1,36030,695.2907104492188
3603,1,36040,695.8546752929688
3604,1,36050,696.3547973632812
3605,1,36060,696.479248046875
3606,1,36070,697.0675048828125
3607,1,36080,697.1588134765625
3608,1,36090,697.718017578125
3609,1,36100,698.1561889648438
3610,1,36110,698.2586059570312
3611,1,36120,698.8380737304688
3612,1,36130,699.3675537109375
3613,1,36140,699.4866943359375
3614,1,36150,700.0531616210938
3615,1,36160,700.1571044921875
3616,1,36170,700.7191772460938
3617,1,36180,701.105712890625
3618,1,36190,701.3170166015625
3619,1,36200,701.8548583984375
3620,1,36210,702.2908325195312
3621,1,36220,702.4138793945312
3622,1,36230,702.908935546875
3623,1,36240,703.0385131835938
3624,1,36250,703.78369140625
3625,1,36260,704.1036376953125
3626,1,36270,704.3216552734375
3627,1,36280,704.7681274414062
3628,1,36290,705.388916015625
3629,1,36300,705.9580688476562
3630,1,36310,705.9658203125
3631,1,36320,706.1278686523438
3632,1,36330,706.6289672851562
3633,1,36340,707.0656127929688
3634,1,36350,707.2814331054688
3635,1,36360,708.1629638671875
3636,1,36370,708.4624633789062
3637,1,36380,708.4177856445312
3638,1,36390,708.94091796875
3639,1,36400,709.1265869140625
3640,1,36410,709.6876831054688
3641,1,36420,710.5274658203125
3642,1,36430,710.2813110351562
3643,1,36440,710.7818603515625
3644,1,36450,711.2896728515625
3645,1,36460,711.5556640625
3646,1,36470,712.0174560546875
3647,1,36480,712.1026000976562
3648,1,36490,712.6227416992188
3649,1,36500,713.1240234375
3650,1,36510,713.2523193359375
3651,1,36520,713.7613525390625
3652,1,36530,714.20556640625
3653,1,36540,714.5061645507812
3654,1,36550,714.91455078125
3655,1,36560,715.1336059570312
3656,1,36570,715.629150390625
3657,1,36580,716.1482543945312
3658,1,36590,716.7230224609375
3659,1,36600,716.8546142578125
3660,1,36610,717.2736206054688
3661,1,36620,717.4996948242188
3662,1,36630,717.9986572265625
3663,1,36640,718.1825561523438
3664,1,36650,718.5603637695312
3665,1,36660,719.3089599609375
3666,1,36670,719.3969116210938
3667,1,36680,719.749267578125
3668,1,36690,720.2886962890625
3669,1,36700,720.456787109375
3670,1,36710,721.0451049804688
3671,1,36720,721.2620849609375
3672,1,36730,721.5913696289062
3673,1,36740,722.1814575195312
3674,1,36750,722.3561401367188
3675,1,36760,722.8182373046875
3676,1,36770,723.8058471679688
3677,1,36780,723.5439453125
3678,1,36790,723.9453735351562
3679,1,36800,724.180908203125
3680,1,36810,724.6624145507812
3681,1,36820,725.2181396484375
3682,1,36830,725.2589111328125
3683,1,36840,726.020751953125
3684,1,36850,726.4887084960938
3685,1,36860,726.5213623046875
3686,1,36870,727.0985717773438
3687,1,36880,727.2216796875
3688,1,36890,728.1658935546875
3689,1,36900,728.1917114257812
3690,1,36910,728.3656616210938
3691,1,36920,729.0108642578125
3692,1,36930,729.4133911132812
3693,1,36940,729.4811401367188
3694,1,36950,730.4909057617188
3695,1,36960,730.2551879882812
3696,1,36970,730.7467651367188
3697,1,36980,731.211669921875
3698,1,36990,731.4301147460938
3699,1,37000,731.9800415039062
3700,1,37010,732.5176391601562
3701,1,37020,732.5995483398438
3702,1,37030,733.0507202148438
3703,1,37040,733.2791748046875
3704,1,37050,733.8228759765625
3705,1,37060,734.7510986328125
3706,1,37070,734.4797973632812
3707,1,37080,735.0103149414062
3708,1,37090,735.5662841796875
3709,1,37100,735.6439208984375
3710,1,37110,736.1595458984375
3711,1,37120,736.4159545898438
3712,1,37130,736.8616943359375
3713,1,37140,737.363525390625
3714,1,37150,737.5792236328125
3715,1,37160,738.011474609375
3716,1,37170,738.9996948242188
3717,1,37180,738.7831420898438
3718,1,37190,739.1455078125
3719,1,37200,739.3717651367188
3720,1,37210,739.94921875
3721,1,37220,740.4121704101562
3722,1,37230,741.1434326171875
3723,1,37240,741.0875854492188
3724,1,37250,741.5828247070312
3725,1,37260,741.8416137695312
3726,1,37270,742.2216186523438
3727,1,37280,742.461181640625
3728,1,37290,743.1553344726562
3729,1,37300,743.4852294921875
3730,1,37310,744.2557373046875
3731,1,37320,744.1571044921875
3732,1,37330,744.6792602539062
3733,1,37340,745.2767944335938
3734,1,37350,745.4152221679688
3735,1,37360,745.5272827148438
3736,1,37370,746.1469116210938
3737,1,37380,746.530029296875
3738,1,37390,746.6913452148438
3739,1,37400,747.341552734375
3740,1,37410,747.6788330078125
3741,1,37420,747.9297485351562
3742,1,37430,748.4566650390625
3743,1,37440,748.601806640625
3744,1,37450,749.5490112304688
3745,1,37460,749.6556396484375
3746,1,37470,749.802001953125
3747,1,37480,750.3433837890625
3748,1,37490,750.9351806640625
3749,1,37500,750.9856567382812
3750,1,37510,751.9050903320312
3751,1,37520,751.7244873046875
3752,1,37530,752.18798828125
3753,1,37540,752.755126953125
3754,1,37550,752.85009765625
3755,1,37560,753.4219360351562
3756,1,37570,754.078857421875
3757,1,37580,754.1539306640625
3758,1,37590,754.5700073242188
3759,1,37600,754.7714233398438
3760,1,37610,755.3153076171875
3761,1,37620,756.3156127929688
3762,1,37630,755.9732666015625
3763,1,37640,756.4353637695312
3764,1,37650,756.9747314453125
3765,1,37660,757.1531372070312
3766,1,37670,757.7628784179688
3767,1,37680,757.9411010742188
3768,1,37690,758.3883666992188
3769,1,37700,758.8856811523438
3770,1,37710,759.07568359375
3771,1,37720,759.5580444335938
3772,1,37730,760.5396118164062
3773,1,37740,760.2339477539062
3774,1,37750,760.86376953125
3775,1,37760,760.9307250976562
3776,1,37770,762.0294189453125
3777,1,37780,762.43603515625
3778,1,37790,762.2244262695312
3779,1,37800,762.7869873046875
3780,1,37810,763.2467651367188
3781,1,37820,763.4303588867188
3782,1,37830,763.8711547851562
3783,1,37840,764.1815795898438
3784,1,37850,764.6009521484375
3785,1,37860,765.115478515625
3786,1,37870,765.3062133789062
3787,1,37880,765.8125610351562
3788,1,37890,766.752685546875
3789,1,37900,766.5723876953125
3790,1,37910,767.061767578125
3791,1,37920,767.27294921875
3792,1,37930,767.6989135742188
3793,1,37940,768.2117919921875
3794,1,37950,768.5202026367188
3795,1,37960,768.94970703125
3796,1,37970,769.3561401367188
3797,1,37980,769.6267700195312
3798,1,37990,770.145263671875
3799,1,38000,770.4507446289062
3800,1,38010,770.8246459960938
3801,1,38020,771.30615234375
3802,1,38030,771.5805053710938
3803,1,38040,772.01171875
3804,1,38050,773.0667114257812
3805,1,38060,772.7824096679688
3806,1,38070,773.3176879882812
3807,1,38080,773.476806640625
3808,1,38090,773.9291381835938
3809,1,38100,774.984375
3810,1,38110,774.7216796875
3811,1,38120,775.2194213867188
3812,1,38130,775.7367553710938
3813,1,38140,775.8821411132812
3814,1,38150,776.4710083007812
3815,1,38160,776.7584838867188
3816,1,38170,777.12890625
3817,1,38180,777.5770263671875
3818,1,38190,777.7183227539062
3819,1,38200,778.3912963867188
3820,1,38210,779.2489624023438
3821,1,38220,779.0771484375
3822,1,38230,779.5277099609375
3823,1,38240,779.7236938476562
3824,1,38250,780.2367553710938
3825,1,38260,781.167724609375
3826,1,38270,780.9717407226562
3827,1,38280,781.4361572265625
3828,1,38290,781.9695434570312
3829,1,38300,782.15576171875
3830,1,38310,782.6690063476562
3831,1,38320,782.9859619140625
3832,1,38330,783.4681396484375
3833,1,38340,783.9501953125
3834,1,38350,783.9910278320312
3835,1,38360,784.519775390625
3836,1,38370,785.1791381835938
3837,1,38380,785.3756103515625
3838,1,38390,785.8684692382812
3839,1,38400,785.980712890625
3840,1,38410,786.5738525390625
3841,1,38420,787.5159301757812
3842,1,38430,787.163818359375
3843,1,38440,787.8364868164062
3844,1,38450,788.3917236328125
3845,1,38460,788.4696655273438
3846,1,38470,789.4865112304688
3847,1,38480,789.108642578125
3848,1,38490,789.6708984375
3849,1,38500,790.21435546875
3850,1,38510,790.4595336914062
3851,1,38520,791.279052734375
3852,1,38530,791.4527587890625
3853,1,38540,791.564453125
3854,1,38550,792.0420532226562
3855,1,38560,792.30078125
3856,1,38570,792.91845703125
3857,1,38580,793.50732421875
3858,1,38590,793.5757446289062
3859,1,38600,794.1531982421875
3860,1,38610,794.6255493164062
3861,1,38620,794.845703125
3862,1,38630,795.44091796875
3863,1,38640,795.4423828125
3864,1,38650,796.5244140625
3865,1,38660,796.6781005859375
3866,1,38670,796.7318725585938
3867,1,38680,797.6344604492188
3868,1,38690,797.6704711914062
3869,1,38700,797.9501342773438
3870,1,38710,798.5345458984375
3871,1,38720,798.6414794921875
3872,1,38730,799.6041870117188
3873,1,38740,799.6781005859375
3874,1,38750,799.978271484375
3875,1,38760,800.4512939453125
3876,1,38770,800.939697265625
3877,1,38780,801.5349731445312
3878,1,38790,801.6773681640625
3879,1,38800,801.8675537109375
3880,1,38810,802.3719482421875
3881,1,38820,802.9048461914062
3882,1,38830,803.4086303710938
3883,1,38840,803.6241455078125
3884,1,38850,804.1773071289062
3885,1,38860,804.3224487304688
3886,1,38870,804.8558959960938
3887,1,38880,805.0949096679688
3888,1,38890,805.6740112304688
3889,1,38900,806.0177612304688
3890,1,38910,806.1937255859375
3891,1,38920,806.8543701171875
3892,1,38930,807.234619140625
3893,1,38940,807.5277709960938
3894,1,38950,807.988525390625
3895,1,38960,808.2905883789062
3896,1,38970,808.7174682617188
3897,1,38980,809.2640380859375
3898,1,38990,809.5694580078125
3899,1,39000,810.04931640625
3900,1,39010,810.5285034179688
3901,1,39020,810.7266845703125
3902,1,39030,811.2959594726562
3903,1,39040,811.5304565429688
3904,1,39050,812.0258178710938
3905,1,39060,812.4631958007812
3906,1,39070,812.64453125
3907,1,39080,813.8172607421875
3908,1,39090,814.1838989257812
3909,1,39100,813.95458984375
3910,1,39110,814.494873046875
3911,1,39120,814.6220703125
3912,1,39130,815.10986328125
3913,1,39140,816.0637817382812
3914,1,39150,815.8294677734375
3915,1,39160,816.3916625976562
3916,1,39170,816.9590454101562
3917,1,39180,817.1084594726562
3918,1,39190,818.1143798828125
3919,1,39200,817.8632202148438
3920,1,39210,818.4519653320312
3921,1,39220,818.8836669921875
3922,1,39230,819.0669555664062
3923,1,39240,820.0719604492188
3924,1,39250,820.0918579101562
3925,1,39260,820.3531494140625
3926,1,39270,820.89453125
3927,1,39280,821.031494140625
3928,1,39290,822.0433349609375
3929,1,39300,822.136962890625
3930,1,39310,822.274658203125
3931,1,39320,822.7827758789062
3932,1,39330,823.2554321289062
3933,1,39340,823.9854125976562
3934,1,39350,824.1763916015625
3935,1,39360,824.166748046875
3936,1,39370,824.7674560546875
3937,1,39380,825.3275146484375
3938,1,39390,825.9310302734375
3939,1,39400,825.9901733398438
3940,1,39410,826.605712890625
3941,1,39420,826.80419921875
3942,1,39430,827.3131103515625
3943,1,39440,827.8551635742188
3944,1,39450,828.095458984375
3945,1,39460,828.46435546875
3946,1,39470,828.7615966796875
3947,1,39480,829.2708740234375
3948,1,39490,830.2352905273438
3949,1,39500,830.6004028320312
3950,1,39510,830.581298828125
3951,1,39520,830.7766723632812
3952,1,39530,831.305908203125
3953,1,39540,832.3501586914062
3954,1,39550,831.95458984375
3955,1,39560,832.5877075195312
3956,1,39570,833.1043090820312
3957,1,39580,833.2484130859375
3958,1,39590,834.2026977539062
3959,1,39600,833.9815063476562
3960,1,39610,834.4365844726562
3961,1,39620,835.104248046875
3962,1,39630,835.1802978515625
3963,1,39640,836.2808227539062
3964,1,39650,836.2534790039062
3965,1,39660,836.5928344726562
3966,1,39670,837.0541381835938
3967,1,39680,837.2691040039062
3968,1,39690,838.2005004882812
3969,1,39700,838.2951049804688
3970,1,39710,838.4768676757812
3971,1,39720,839.0830688476562
3972,1,39730,839.6235961914062
3973,1,39740,840.1406860351562
3974,1,39750,840.29296875
3975,1,39760,840.5003051757812
3976,1,39770,840.9714965820312
3977,1,39780,841.6382446289062
3978,1,39790,841.8804321289062
3979,1,39800,842.2991333007812
3980,1,39810,842.7840576171875
3981,1,39820,843.0122680664062
3982,1,39830,843.5365600585938
3983,1,39840,843.7999877929688
3984,1,39850,844.3154907226562
3985,1,39860,844.808837890625
3986,1,39870,845.0369262695312
3987,1,39880,845.5670776367188
3988,1,39890,846.1466064453125
3989,1,39900,846.2716674804688
3990,1,39910,846.8238525390625
3991,1,39920,847.0396728515625
3992,1,39930,847.640869140625
3993,1,39940,848.0878295898438
3994,1,39950,848.1953735351562
3995,1,39960,848.7936401367188
3996,1,39970,849.342041015625
3997,1,39980,849.9652099609375
3998,1,39990,850.0823364257812
3999,1,40000,850.3048095703125
4000,1,40010,850.8489379882812
4001,1,40020,851.2068481445312
4002,1,40030,851.914306640625
4003,1,40040,852.0584716796875
4004,1,40050,852.607421875
4005,1,40060,852.7310791015625
4006,1,40070,853.3450927734375
4007,1,40080,854.0014038085938
4008,1,40090,854.1569213867188
4009,1,40100,854.5126342773438
4010,1,40110,854.7860107421875
4011,1,40120,855.40087890625
4012,1,40130,856.3696899414062
4013,1,40140,856.1162109375
4014,1,40150,856.654052734375
4015,1,40160,856.795654296875
4016,1,40170,857.2726440429688
4017,1,40180,858.0032958984375
4018,1,40190,857.9857177734375
4019,1,40200,858.65625
4020,1,40210,859.1885375976562
4021,1,40220,859.3661499023438
4022,1,40230,860.0929565429688
4023,1,40240,860.1014404296875
4024,1,40250,860.7250366210938
4025,1,40260,861.213134765625
4026,1,40270,861.7894897460938
4027,1,40280,861.9050903320312
4028,1,40290,862.4367065429688
4029,1,40300,862.687255859375
4030,1,40310,863.212890625
4031,1,40320,864.4367065429688
4032,1,40330,864.0062255859375
4033,1,40340,864.4609375
4034,1,40350,864.78662109375
4035,1,40360,865.1821899414062
4036,1,40370,866.2140502929688
4037,1,40380,865.9484252929688
4038,1,40390,866.4728393554688
4039,1,40400,866.681884765625
4040,1,40410,867.215576171875
4041,1,40420,867.9140014648438
4042,1,40430,867.902587890625
4043,1,40440,868.54443359375
4044,1,40450,869.00244140625
4045,1,40460,869.6925659179688
4046,1,40470,869.83935546875
4047,1,40480,870.0591430664062
4048,1,40490,870.55517578125
4049,1,40500,871.1538696289062
4050,1,40510,871.6912841796875
4051,1,40520,871.7783203125
4052,1,40530,872.3743286132812
4053,1,40540,872.5720825195312
4054,1,40550,873.1589965820312
4055,1,40560,873.7587280273438
4056,1,40570,873.9054565429688
4057,1,40580,874.3924560546875
4058,1,40590,874.5476684570312
4059,1,40600,875.1547241210938
4060,1,40610,875.8297729492188
4061,1,40620,875.899658203125
4062,1,40630,876.4348754882812
4063,1,40640,876.6101684570312
4064,1,40650,877.5911254882812
4065,1,40660,877.7699584960938
4066,1,40670,878.0042114257812
4067,1,40680,878.459228515625
4068,1,40690,879.0145263671875
4069,1,40700,879.5910034179688
4070,1,40710,879.7874755859375
4071,1,40720,879.9692993164062
4072,1,40730,880.5436401367188
4073,1,40740,881.2062377929688
4074,1,40750,881.2717895507812
4075,1,40760,881.8653564453125
4076,1,40770,882.3331298828125
4077,1,40780,882.5787963867188
4078,1,40790,883.1171264648438
4079,1,40800,883.4354248046875
4080,1,40810,883.8402709960938
4081,1,40820,884.4344482421875
4082,1,40830,884.6070556640625
4083,1,40840,885.6111450195312
4084,1,40850,885.7216186523438
4085,1,40860,885.85693359375
4086,1,40870,886.4219970703125
4087,1,40880,886.69677734375
4088,1,40890,887.7136840820312
4089,1,40900,887.740478515625
4090,1,40910,887.9512939453125
4091,1,40920,888.5239868164062
4092,1,40930,888.9993896484375
4093,1,40940,889.350341796875
4094,1,40950,889.8394775390625
4095,1,40960,890.008056640625
4096,1,40970,890.5130615234375
4097,1,40980,891.5328369140625
4098,1,40990,891.409423828125
4099,1,41000,891.8899536132812
4100,1,41010,892.4456787109375
4101,1,41020,892.5943603515625
4102,1,41030,893.3007202148438
4103,1,41040,893.3050537109375
4104,1,41050,893.8693237304688
4105,1,41060,894.4410400390625
4106,1,41070,895.1165161132812
4107,1,41080,895.1536254882812
4108,1,41090,895.766357421875
4109,1,41100,896.0048217773438
4110,1,41110,896.6198120117188
4111,1,41120,897.1195678710938
4112,1,41130,897.291015625
4113,1,41140,897.8748779296875
4114,1,41150,897.9179077148438
4115,1,41160,898.6261596679688
4116,1,41170,899.2307739257812
4117,1,41180,899.3214111328125
4118,1,41190,899.9002685546875
4119,1,41200,900.0572509765625
4120,1,41210,901.0564575195312
4121,1,41220,901.2832641601562
4122,1,41230,901.418212890625
4123,1,41240,901.9285888671875
4124,1,41250,902.3943481445312
4125,1,41260,902.783203125
4126,1,41270,903.2163696289062
4127,1,41280,903.4107055664062
4128,1,41290,904.0012817382812
4129,1,41300,904.9942626953125
4130,1,41310,904.7116088867188
4131,1,41320,905.3961181640625
4132,1,41330,905.8934936523438
4133,1,41340,906.0048828125
4134,1,41350,906.7322387695312
4135,1,41360,906.788818359375
4136,1,41370,907.39404296875
4137,1,41380,907.8994750976562
4138,1,41390,908.5017700195312
4139,1,41400,908.650146484375
4140,1,41410,909.2069091796875
4141,1,41420,909.3833618164062
4142,1,41430,910.03173828125
4143,1,41440,910.3644409179688
4144,1,41450,910.7224731445312
4145,1,41460,911.2676391601562
4146,1,41470,911.4843139648438
4147,1,41480,912.4703369140625
4148,1,41490,912.77099609375
4149,1,41500,912.7765502929688
4150,1,41510,913.36474609375
4151,1,41520,913.66015625
4152,1,41530,914.2540893554688
4153,1,41540,914.6427001953125
4154,1,41550,914.935791015625
4155,1,41560,915.5077514648438
4156,1,41570,916.4434814453125
4157,1,41580,916.30908203125
4158,1,41590,916.7907104492188
4159,1,41600,916.8910522460938
4160,1,41610,917.53076171875
4161,1,41620,918.1387329101562
4162,1,41630,918.3989868164062
4163,1,41640,918.8207397460938
4164,1,41650,919.3841552734375
4165,1,41660,920.1484375
4166,1,41670,920.2484130859375
4167,1,41680,920.4246826171875
4168,1,41690,920.9511108398438
4169,1,41700,921.9808959960938
4170,1,41710,921.7012939453125
4171,1,41720,922.3119506835938
4172,1,41730,922.7568359375
4173,1,41740,922.9810180664062
4174,1,41750,923.9891357421875
4175,1,41760,923.8253173828125
4176,1,41770,924.3811645507812
4177,1,41780,924.9119262695312
4178,1,41790,925.5582275390625
4179,1,41800,925.6574096679688
4180,1,41810,926.3522338867188
4181,1,41820,926.4241943359375
4182,1,41830,926.9721069335938
4183,1,41840,927.2628784179688
4184,1,41850,927.7081909179688
4185,1,41860,928.4119262695312
4186,1,41870,928.5598754882812
4187,1,41880,929.5470581054688
4188,1,41890,929.64208984375
4189,1,41900,929.8341674804688
4190,1,41910,930.458984375
4191,1,41920,930.596923828125
4192,1,41930,931.2860107421875
4193,1,41940,931.6138916015625
4194,1,41950,932.0134887695312
4195,1,41960,932.4827880859375
4196,1,41970,933.4759521484375
4197,1,41980,933.1204833984375
4198,1,41990,933.8593139648438
4199,1,42000,934.0196533203125
4200,1,42010,935.048828125
4201,1,42020,935.1991577148438
4202,1,42030,935.2662353515625
4203,1,42040,935.8898315429688
4204,1,42050,936.47412109375
4205,1,42060,936.8653564453125
4206,1,42070,937.272216796875
4207,1,42080,937.536376953125
4208,1,42090,937.9976196289062
4209,1,42100,938.9775390625
4210,1,42110,938.822265625
4211,1,42120,939.4572143554688
4212,1,42130,939.8834228515625
4213,1,42140,940.5989379882812
4214,1,42150,940.686279296875
4215,1,42160,940.9114990234375
4216,1,42170,941.5597534179688
4217,1,42180,941.9721069335938
4218,1,42190,942.3203125
4219,1,42200,942.6932983398438
4220,1,42210,943.3654174804688
4221,1,42220,944.1961059570312
4222,1,42230,944.5318603515625
4223,1,42240,944.3215942382812
4224,1,42250,944.9781494140625
4225,1,42260,945.4033813476562
4226,1,42270,946.1300048828125
4227,1,42280,946.275146484375
4228,1,42290,946.7573852539062
4229,1,42300,947.0872802734375
4230,1,42310,947.6135864257812
4231,1,42320,947.9204711914062
4232,1,42330,948.3540649414062
4233,1,42340,948.9317016601562
4234,1,42350,949.1622314453125
4235,1,42360,950.277587890625
4236,1,42370,950.2474365234375
4237,1,42380,950.4949951171875
4238,1,42390,951.0595092773438
4239,1,42400,951.656005859375
4240,1,42410,951.830810546875
4241,1,42420,952.4186401367188
4242,1,42430,952.5545654296875
4243,1,42440,953.188720703125
4244,1,42450,953.8359375
4245,1,42460,953.9264526367188
4246,1,42470,954.5199584960938
4247,1,42480,954.690185546875
4248,1,42490,955.4876708984375
4249,1,42500,955.8812866210938
4250,1,42510,955.9720458984375
4251,1,42520,956.5549926757812
4252,1,42530,957.6570434570312
4253,1,42540,957.3352661132812
4254,1,42550,958.0272216796875
4255,1,42560,958.07958984375
4256,1,42570,959.1254272460938
4257,1,42580,959.8816528320312
4258,1,42590,959.5364379882812
4259,1,42600,960.0851440429688
4260,1,42610,960.5903930664062
4261,1,42620,961.11083984375
4262,1,42630,961.4595336914062
4263,1,42640,961.6226806640625
4264,1,42650,962.2521362304688
4265,1,42660,962.932373046875
4266,1,42670,963.02001953125
4267,1,42680,963.5962524414062
4268,1,42690,964.1572265625
4269,1,42700,964.8635864257812
4270,1,42710,964.8634033203125
4271,1,42720,965.0396118164062
4272,1,42730,965.7672729492188
4273,1,42740,966.7232666015625
4274,1,42750,966.5232543945312
4275,1,42760,967.13232421875
4276,1,42770,967.6708984375
4277,1,42780,968.2789916992188
4278,1,42790,968.3818359375
4279,1,42800,968.6572875976562
4280,1,42810,969.244140625
4281,1,42820,969.81201171875
4282,1,42830,969.9750366210938
4283,1,42840,970.5596923828125
4284,1,42850,971.1204223632812
4285,1,42860,971.3701782226562
4286,1,42870,971.9197998046875
4287,1,42880,972.0422973632812
4288,1,42890,972.7402954101562
4289,1,42900,973.2574462890625
4290,1,42910,973.850341796875
4291,1,42920,974.0885620117188
4292,1,42930,975.1217651367188
4293,1,42940,974.8024291992188
4294,1,42950,975.8587036132812
4295,1,42960,975.4815673828125
4296,1,42970,976.2062377929688
4297,1,42980,976.8018188476562
4298,1,42990,977.3222045898438
4299,1,43000,977.5719604492188
4300,1,43010,978.0565185546875
4301,1,43020,978.3331909179688
4302,1,43030,978.9171752929688
4303,1,43040,979.1709594726562
4304,1,43050,979.6657104492188
4305,1,43060,980.1834106445312
4306,1,43070,980.499267578125
4307,1,43080,981.267822265625
4308,1,43090,981.6187744140625
4309,1,43100,981.9628295898438
4310,1,43110,982.3948974609375
4311,1,43120,982.6531372070312
4312,1,43130,983.148681640625
4313,1,43140,983.730712890625
4314,1,43150,984.024169921875
4315,1,43160,985.0219116210938
4316,1,43170,985.1661987304688
4317,1,43180,985.3704223632812
4318,1,43190,985.9207153320312
4319,1,43200,986.5985717773438
4320,1,43210,986.6546020507812
4321,1,43220,987.2630004882812
4322,1,43230,987.5358276367188
4323,1,43240,988.569091796875
4324,1,43250,988.593994140625
4325,1,43260,988.917724609375
4326,1,43270,989.4119262695312
4327,1,43280,990.613525390625
4328,1,43290,990.1620483398438
4329,1,43300,990.7417602539062
4330,1,43310,991.1194458007812
4331,1,43320,991.6458740234375
4332,1,43330,992.2610473632812
4333,1,43340,992.364990234375
4334,1,43350,992.960205078125
4335,1,43360,993.1835327148438
4336,1,43370,993.8519897460938
4337,1,43380,994.37158203125
4338,1,43390,994.582763671875
4339,1,43400,995.0715942382812
4340,1,43410,995.8818969726562
4341,1,43420,995.8583374023438
4342,1,43430,996.4891967773438
4343,1,43440,996.671875
4344,1,43450,997.42626953125
4345,1,43460,997.871826171875
4346,1,43470,998.053955078125
4347,1,43480,998.6644287109375
4348,1,43490,999.3192749023438
4349,1,43500,999.5155029296875
4350,1,43510,1000.0693969726562
4351,1,43520,1000.2713623046875
4352,1,43530,1001.3137817382812
4353,1,43540,1001.4074096679688
4354,1,43550,1001.7152099609375
4355,1,43560,1002.2637939453125
4356,1,43570,1003.2642211914062
4357,1,43580,1003.0874633789062
4358,1,43590,1003.525146484375
4359,1,43600,1003.8029174804688
4360,1,43610,1004.8095092773438
4361,1,43620,1005.5059814453125
4362,1,43630,1005.2164306640625
4363,1,43640,1005.701416015625
4364,1,43650,1006.744873046875
4365,1,43660,1006.5899047851562
4366,1,43670,1007.1652221679688
4367,1,43680,1007.3589477539062
4368,1,43690,1008.3150024414062
4369,1,43700,1008.5288696289062
4370,1,43710,1008.7013549804688
4371,1,43720,1009.3277587890625
4372,1,43730,1010.3749389648438
4373,1,43740,1010.1353149414062
4374,1,43750,1010.7930908203125
4375,1,43760,1010.9979858398438
4376,1,43770,1011.9641723632812
4377,1,43780,1012.0517578125
4378,1,43790,1012.203369140625
4379,1,43800,1012.908203125
4380,1,43810,1013.9052734375
4381,1,43820,1013.6925048828125
4382,1,43830,1014.31640625
4383,1,43840,1014.40966796875
4384,1,43850,1015.56689453125
4385,1,43860,1015.6118774414062
4386,1,43870,1015.85009765625
4387,1,43880,1016.424560546875
4388,1,43890,1017.5850830078125
4389,1,43900,1017.1715087890625
4390,1,43910,1017.8238525390625
4391,1,43920,1018.0942993164062
4392,1,43930,1019.150390625
4393,1,43940,1019.3058471679688
4394,1,43950,1019.4095458984375
4395,1,43960,1020.1320190429688
4396,1,43970,1021.027099609375
4397,1,43980,1020.9312133789062
4398,1,43990,1021.509765625
4399,1,44000,1021.6885986328125
4400,1,44010,1022.549560546875
4401,1,44020,1022.8505859375
4402,1,44030,1023.0773315429688
4403,1,44040,1023.5665283203125
4404,1,44050,1024.661376953125
4405,1,44060,1024.42626953125
4406,1,44070,1025.03662109375
4407,1,44080,1025.196533203125
4408,1,44090,1026.258056640625
4409,1,44100,1026.3704833984375
4410,1,44110,1026.595947265625
4411,1,44120,1027.231689453125
4412,1,44130,1028.1861572265625
4413,1,44140,1028.0157470703125
4414,1,44150,1028.5535888671875
4415,1,44160,1028.8206787109375
4416,1,44170,1029.8150634765625
4417,1,44180,1029.978759765625
4418,1,44190,1030.2381591796875
4419,1,44200,1030.82666015625
4420,1,44210,1031.7891845703125
4421,1,44220,1031.6820068359375
4422,1,44230,1032.12890625
4423,1,44240,1032.3475341796875
4424,1,44250,1033.4178466796875
4425,1,44260,1033.6336669921875
4426,1,44270,1033.8780517578125
4427,1,44280,1034.445556640625
4428,1,44290,1035.5557861328125
4429,1,44300,1035.2747802734375
4430,1,44310,1035.70654296875
4431,1,44320,1036.0628662109375
4432,1,44330,1036.768310546875
4433,1,44340,1037.209716796875
4434,1,44350,1037.3775634765625
4435,1,44360,1038.0399169921875
4436,1,44370,1038.6656494140625
4437,1,44380,1038.7691650390625
4438,1,44390,1039.4501953125
4439,1,44400,1039.5010986328125
4440,1,44410,1040.3736572265625
4441,1,44420,1040.9615478515625
4442,1,44430,1040.9788818359375
4443,1,44440,1041.5643310546875
4444,1,44450,1042.2183837890625
4445,1,44460,1042.4862060546875
4446,1,44470,1043.0150146484375
4447,1,44480,1043.691162109375
4448,1,44490,1043.83349609375
4449,1,44500,1044.4432373046875
4450,1,44510,1044.648681640625
4451,1,44520,1045.76611328125
4452,1,44530,1045.84716796875
4453,1,44540,1046.158203125
4454,1,44550,1046.5653076171875
4455,1,44560,1047.2237548828125
4456,1,44570,1047.4886474609375
4457,1,44580,1047.9312744140625
4458,1,44590,1048.29638671875
4459,1,44600,1049.3504638671875
4460,1,44610,1049.45556640625
4461,1,44620,1049.78271484375
4462,1,44630,1050.4140625
4463,1,44640,1050.90283203125
4464,1,44650,1051.0889892578125
4465,1,44660,1051.6624755859375
4466,1,44670,1051.8582763671875
4467,1,44680,1052.6553955078125
4468,1,44690,1053.0350341796875
4469,1,44700,1053.2532958984375
4470,1,44710,1053.8736572265625
4471,1,44720,1054.247314453125
4472,1,44730,1054.8375244140625
4473,1,44740,1055.4056396484375
4474,1,44750,1055.5433349609375
4475,1,44760,1056.144287109375
4476,1,44770,1056.6893310546875
4477,1,44780,1056.8941650390625
4478,1,44790,1057.92236328125
4479,1,44800,1057.67578125
4480,1,44810,1058.2640380859375
4481,1,44820,1058.948974609375
4482,1,44830,1059.5111083984375
4483,1,44840,1059.7601318359375
4484,1,44850,1060.4052734375
4485,1,44860,1060.5113525390625
4486,1,44870,1061.541015625
4487,1,44880,1061.3099365234375
4488,1,44890,1062.0003662109375
4489,1,44900,1062.4970703125
4490,1,44910,1062.894287109375
4491,1,44920,1063.4144287109375
4492,1,44930,1064.0289306640625
4493,1,44940,1064.3087158203125
4494,1,44950,1064.86083984375
4495,1,44960,1065.1160888671875
4496,1,44970,1065.5791015625
4497,1,44980,1066.6944580078125
4498,1,44990,1066.4775390625
4499,1,45000,1067.0675048828125
4500,1,45010,1067.7135009765625
4501,1,45020,1068.20849609375
4502,1,45030,1068.481689453125
4503,1,45040,1068.716796875
4504,1,45050,1069.203369140625
4505,1,45060,1070.4066162109375
4506,1,45070,1070.083251953125
4507,1,45080,1070.756591796875
4508,1,45090,1071.3265380859375
4509,1,45100,1071.640380859375
4510,1,45110,1072.1597900390625
4511,1,45120,1072.3828125
4512,1,45130,1072.794677734375
4513,1,45140,1073.65966796875
4514,1,45150,1073.8533935546875
4515,1,45160,1074.41162109375
4516,1,45170,1074.929443359375
4517,1,45180,1075.3336181640625
4518,1,45190,1075.830810546875
4519,1,45200,1075.9317626953125
4520,1,45210,1077.0496826171875
4521,1,45220,1077.343017578125
4522,1,45230,1077.40771484375
4523,1,45240,1078.083251953125
4524,1,45250,1079.0194091796875
4525,1,45260,1079.0247802734375
4526,1,45270,1079.44482421875
4527,1,45280,1079.6844482421875
4528,1,45290,1080.43115234375
4529,1,45300,1080.872802734375
4530,1,45310,1081.123046875
4531,1,45320,1081.724365234375
4532,1,45330,1082.441650390625
4533,1,45340,1082.6087646484375
4534,1,45350,1083.1590576171875
4535,1,45360,1083.7772216796875
4536,1,45370,1083.9873046875
4537,1,45380,1084.57666015625
4538,1,45390,1084.69482421875
4539,1,45400,1085.8292236328125
4540,1,45410,1086.0360107421875
4541,1,45420,1086.1500244140625
4542,1,45430,1086.923095703125
4543,1,45440,1087.130859375
4544,1,45450,1087.7025146484375
4545,1,45460,1088.20703125
4546,1,45470,1088.5396728515625
4547,1,45480,1089.1859130859375
4548,1,45490,1089.6240234375
4549,1,45500,1090.0413818359375
4550,1,45510,1091.0859375
4551,1,45520,1090.7293701171875
4552,1,45530,1091.25830078125
4553,1,45540,1091.9317626953125
4554,1,45550,1092.659423828125
4555,1,45560,1092.7930908203125
4556,1,45570,1093.857177734375
4557,1,45580,1093.61962890625
4558,1,45590,1094.33984375
4559,1,45600,1094.365966796875
4560,1,45610,1095.0672607421875
4561,1,45620,1096.1220703125
4562,1,45630,1095.9049072265625
4563,1,45640,1096.4388427734375
4564,1,45650,1097.092529296875
4565,1,45660,1097.7623291015625
4566,1,45670,1097.9249267578125
4567,1,45680,1098.136474609375
4568,1,45690,1098.7174072265625
4569,1,45700,1099.41552734375
4570,1,45710,1099.595703125
4571,1,45720,1100.2208251953125
4572,1,45730,1100.7960205078125
4573,1,45740,1101.1156005859375
4574,1,45750,1101.7916259765625
4575,1,45760,1101.7496337890625
4576,1,45770,1102.8626708984375
4577,1,45780,1103.0924072265625
4578,1,45790,1103.251953125
4579,1,45800,1103.825927734375
4580,1,45810,1104.64013671875
4581,1,45820,1104.6729736328125
4582,1,45830,1105.4139404296875
4583,1,45840,1105.5301513671875
4584,1,45850,1106.318359375
4585,1,45860,1106.7889404296875
4586,1,45870,1107.01611328125
4587,1,45880,1108.0513916015625
4588,1,45890,1108.184814453125
4589,1,45900,1108.443603515625
4590,1,45910,1109.05810546875
4591,1,45920,1109.3441162109375
4592,1,45930,1109.8646240234375
4593,1,45940,1110.4744873046875
4594,1,45950,1110.681640625
4595,1,45960,1111.5003662109375
4596,1,45970,1112.005859375
4597,1,45980,1112.2225341796875
4598,1,45990,1113.2620849609375
4599,1,46000,1112.8721923828125
4600,1,46010,1113.566162109375
4601,1,46020,1114.1712646484375
4602,1,46030,1114.5765380859375
4603,1,46040,1115.1466064453125
4604,1,46050,1115.5877685546875
4605,1,46060,1116.3924560546875
4606,1,46070,1116.608154296875
4607,1,46080,1116.7596435546875
4608,1,46090,1117.3775634765625
4609,1,46100,1118.355712890625
4610,1,46110,1118.1822509765625
4611,1,46120,1118.7789306640625
4612,1,46130,1119.4571533203125
4613,1,46140,1119.75341796875
4614,1,46150,1120.2349853515625
4615,1,46160,1120.5076904296875
4616,1,46170,1121.7054443359375
4617,1,46180,1122.3765869140625
4618,1,46190,1121.891845703125
4619,1,46200,1122.5946044921875
4620,1,46210,1123.5135498046875
4621,1,46220,1123.350830078125
4622,1,46230,1124.1119384765625
4623,1,46240,1124.3651123046875
4624,1,46250,1124.9031982421875
4625,1,46260,1125.4776611328125
4626,1,46270,1125.6378173828125
4627,1,46280,1126.721923828125
4628,1,46290,1126.8775634765625
4629,1,46300,1127.1539306640625
4630,1,46310,1127.8062744140625
4631,1,46320,1128.13134765625
4632,1,46330,1128.6307373046875
4633,1,46340,1129.21728515625
4634,1,46350,1129.8011474609375
4635,1,46360,1130.0899658203125
4636,1,46370,1130.6895751953125
4637,1,46380,1130.885009765625
4638,1,46390,1132.0169677734375
4639,1,46400,1131.6973876953125
4640,1,46410,1132.2916259765625
4641,1,46420,1133.047119140625
4642,1,46430,1133.3121337890625
4643,1,46440,1133.757080078125
4644,1,46450,1134.4696044921875
4645,1,46460,1135.0958251953125
4646,1,46470,1135.289306640625
4647,1,46480,1136.055908203125
4648,1,46490,1136.1812744140625
4649,1,46500,1136.88427734375
4650,1,46510,1137.009521484375
4651,1,46520,1137.6456298828125
4652,1,46530,1138.6993408203125
4653,1,46540,1138.449951171875
4654,1,46550,1139.1282958984375
4655,1,46560,1139.2152099609375
4656,1,46570,1140.415283203125
4657,1,46580,1140.574951171875
4658,1,46590,1140.7750244140625
4659,1,46600,1141.7900390625
4660,1,46610,1141.88330078125
4661,1,46620,1142.278564453125
4662,1,46630,1142.8243408203125
4663,1,46640,1143.5118408203125
4664,1,46650,1143.7274169921875
4665,1,46660,1144.3402099609375
4666,1,46670,1144.48291015625
4667,1,46680,1145.3529052734375
4668,1,46690,1145.7965087890625
4669,1,46700,1146.02392578125
4670,1,46710,1147.2318115234375
4671,1,46720,1146.8074951171875
4672,1,46730,1147.57958984375
4673,1,46740,1148.1114501953125
4674,1,46750,1148.3709716796875
4675,1,46760,1149.018310546875
4676,1,46770,1149.537841796875
4677,1,46780,1150.8585205078125
4678,1,46790,1150.319091796875
4679,1,46800,1150.6435546875
4680,1,46810,1151.208740234375
4681,1,46820,1152.073974609375
4682,1,46830,1152.0582275390625
4683,1,46840,1152.747802734375
4684,1,46850,1153.84033203125
4685,1,46860,1153.6083984375
4686,1,46870,1154.23046875
4687,1,46880,1154.419921875
4688,1,46890,1155.1455078125
4689,1,46900,1155.7479248046875
4690,1,46910,1155.9578857421875
4691,1,46920,1156.96240234375
4692,1,46930,1157.1737060546875
4693,1,46940,1157.4547119140625
4694,1,46950,1158.08740234375
4695,1,46960,1158.4327392578125
4696,1,46970,1158.945068359375
4697,1,46980,1159.5592041015625
4698,1,46990,1160.1649169921875
4699,1,47000,1160.3677978515625
4700,1,47010,1160.9779052734375
4701,1,47020,1167.046630859375
4702,1,47030,1161.8935546875
4703,1,47040,1162.052978515625
4704,1,47050,1162.6109619140625
4705,1,47060,1163.705810546875
4706,1,47070,1163.54150390625
4707,1,47080,1164.354736328125
4708,1,47090,1164.7645263671875
4709,1,47100,1165.1177978515625
4710,1,47110,1165.6339111328125
4711,1,47120,1165.7821044921875
4712,1,47130,1166.973388671875
4713,1,47140,1167.1641845703125
4714,1,47150,1167.3243408203125
4715,1,47160,1167.9405517578125
4716,1,47170,1168.72412109375
4717,1,47180,1168.795166015625
4718,1,47190,1169.3638916015625
4719,1,47200,1170.0120849609375
4720,1,47210,1170.2685546875
4721,1,47220,1170.9259033203125
4722,1,47230,1171.1500244140625
4723,1,47240,1172.006103515625
4724,1,47250,1172.459716796875
4725,1,47260,1172.604248046875
4726,1,47270,1173.7457275390625
4727,1,47280,1173.5885009765625
4728,1,47290,1174.187744140625
4729,1,47300,1175.204833984375
4730,1,47310,1175.0244140625
4731,1,47320,1175.6710205078125
4732,1,47330,1176.1854248046875
4733,1,47340,1176.9754638671875
4734,1,47350,1177.166015625
4735,1,47360,1177.1787109375
4736,1,47370,1178.5338134765625
4737,1,47380,1178.6009521484375
4738,1,47390,1178.80810546875
4739,1,47400,1179.526123046875
4740,1,47410,1180.130859375
4741,1,47420,1180.3231201171875
4742,1,47430,1180.9605712890625
4743,1,47440,1181.638671875
4744,1,47450,1181.8443603515625
4745,1,47460,1182.47021484375
4746,1,47470,1182.71875
4747,1,47480,1183.399169921875
4748,1,47490,1183.86669921875
4749,1,47500,1184.2056884765625
4750,1,47510,1185.293701171875
4751,1,47520,1185.0323486328125
4752,1,47530,1185.6549072265625
4753,1,47540,1186.249267578125
4754,1,47550,1186.7091064453125
4755,1,47560,1187.0880126953125
4756,1,47570,1187.689208984375
4757,1,47580,1188.588134765625
4758,1,47590,1188.6285400390625
4759,1,47600,1188.8199462890625
4760,1,47610,1189.9747314453125
4761,1,47620,1190.174072265625
4762,1,47630,1190.3558349609375
4763,1,47640,1191.07373046875
4764,1,47650,1192.2978515625
4765,1,47660,1191.86669921875
4766,1,47670,1192.597900390625
4767,1,47680,1193.03564453125
4768,1,47690,1193.3992919921875
4769,1,47700,1193.94970703125
4770,1,47710,1194.225830078125
4771,1,47720,1194.9716796875
4772,1,47730,1195.501708984375
4773,1,47740,1195.6959228515625
4774,1,47750,1196.7955322265625
4775,1,47760,1196.62744140625
4776,1,47770,1197.201171875
4777,1,47780,1198.2203369140625
4778,1,47790,1198.033935546875
4779,1,47800,1198.7188720703125
4780,1,47810,1199.3411865234375
4781,1,47820,1199.7113037109375
4782,1,47830,1200.2652587890625
4783,1,47840,1200.5625
4784,1,47850,1201.4879150390625
4785,1,47860,1201.6529541015625
4786,1,47870,1201.926513671875
4787,1,47880,1202.6549072265625
4788,1,47890,1203.35009765625
4789,1,47900,1203.419677734375
4790,1,47910,1204.192626953125
4791,1,47920,1204.71630859375
4792,1,47930,1204.961181640625
4793,1,47940,1205.698486328125
4794,1,47950,1206.3468017578125
4795,1,47960,1206.5260009765625
4796,1,47970,1207.0914306640625
4797,1,47980,1207.3646240234375
4798,1,47990,1208.104736328125
4799,1,48000,1208.2490234375
4800,1,48010,1208.8956298828125
4801,1,48020,1210.074462890625
4802,1,48030,1209.828369140625
4803,1,48040,1210.2833251953125
4804,1,48050,1211.468017578125
4805,1,48060,1211.3302001953125
4806,1,48070,1211.9090576171875
4807,1,48080,1212.0216064453125
4808,1,48090,1212.91748046875
4809,1,48100,1213.322509765625
4810,1,48110,1213.5986328125
4811,1,48120,1214.7091064453125
4812,1,48130,1214.9156494140625
4813,1,48140,1215.06298828125
4814,1,48150,1216.21044921875
4815,1,48160,1216.0640869140625
4816,1,48170,1216.5986328125
4817,1,48180,1217.19482421875
4818,1,48190,1217.53466796875
4819,1,48200,1218.179443359375
4820,1,48210,1218.8658447265625
4821,1,48220,1219.4932861328125
4822,1,48230,1219.66748046875
4823,1,48240,1219.8900146484375
4824,1,48250,1220.98095703125
4825,1,48260,1221.2613525390625
4826,1,48270,1221.4019775390625
4827,1,48280,1222.0157470703125
4828,1,48290,1222.8443603515625
4829,1,48300,1222.841796875
4830,1,48310,1223.6396484375
4831,1,48320,1224.259521484375
4832,1,48330,1224.495849609375
4833,1,48340,1225.05322265625
4834,1,48350,1225.8299560546875
4835,1,48360,1225.993896484375
4836,1,48370,1226.5167236328125
4837,1,48380,1226.782470703125
4838,1,48390,1227.580078125
4839,1,48400,1227.7132568359375
4840,1,48410,1228.533203125
4841,1,48420,1229.094970703125
4842,1,48430,1229.3021240234375
4843,1,48440,1229.7760009765625
4844,1,48450,1231.0211181640625
4845,1,48460,1230.7396240234375
4846,1,48470,1231.3980712890625
4847,1,48480,1232.078125
4848,1,48490,1232.8631591796875
4849,1,48500,1232.950439453125
4850,1,48510,1233.139892578125
4851,1,48520,1233.8492431640625
4852,1,48530,1234.4581298828125
4853,1,48540,1234.6820068359375
4854,1,48550,1235.7445068359375
4855,1,48560,1236.9822998046875
4856,1,48570,1236.2584228515625
4857,1,48580,1237.2584228515625
4858,1,48590,1237.1044921875
4859,1,48600,1237.735595703125
4860,1,48610,1238.35595703125
4861,1,48620,1238.77490234375
4862,1,48630,1239.3575439453125
4863,1,48640,1239.4793701171875
4864,1,48650,1240.1279296875
4865,1,48660,1240.85107421875
4866,1,48670,1240.9420166015625
4867,1,48680,1242.0028076171875
4868,1,48690,1242.26513671875
4869,1,48700,1242.5565185546875
4870,1,48710,1243.5172119140625
4871,1,48720,1243.3668212890625
4872,1,48730,1243.9857177734375
4873,1,48740,1244.699462890625
4874,1,48750,1245.0618896484375
4875,1,48760,1245.5889892578125
4876,1,48770,1246.36083984375
4877,1,48780,1246.908935546875
4878,1,48790,1247.1248779296875
4879,1,48800,1247.35302734375
4880,1,48810,1248.3968505859375
4881,1,48820,1248.6553955078125
4882,1,48830,1249.028564453125
4883,1,48840,1250.0001220703125
4884,1,48850,1250.2149658203125
4885,1,48860,1250.3717041015625
4886,1,48870,1251.10498046875
4887,1,48880,1251.416259765625
4888,1,48890,1252.0504150390625
4889,1,48900,1252.6400146484375
4890,1,48910,1253.2310791015625
4891,1,48920,1253.481201171875
4892,1,48930,1254.1458740234375
4893,1,48940,1254.771728515625
4894,1,48950,1254.9573974609375
4895,1,48960,1255.266845703125
4896,1,48970,1256.3499755859375
4897,1,48980,1256.5255126953125
4898,1,48990,1256.7315673828125
4899,1,49000,1257.45947265625
4900,1,49010,1258.1634521484375
4901,1,49020,1258.26416015625
4902,1,49030,1259.029052734375
4903,1,49040,1259.3360595703125
4904,1,49050,1259.767578125
4905,1,49060,1260.522705078125
4906,1,49070,1261.1068115234375
4907,1,49080,1261.481201171875
4908,1,49090,1262.1378173828125
4909,1,49100,1262.796875
4910,1,49110,1262.9678955078125
4911,1,49120,1263.2091064453125
4912,1,49130,1264.2435302734375
4913,1,49140,1264.509033203125
4914,1,49150,1264.67138671875
4915,1,49160,1265.4119873046875
4916,1,49170,1266.12939453125
4917,1,49180,1266.220458984375
4918,1,49190,1266.9058837890625
4919,1,49200,1267.3614501953125
4920,1,49210,1267.91162109375
4921,1,49220,1268.4898681640625
4922,1,49230,1269.08642578125
4923,1,49240,1269.4056396484375
4924,1,49250,1269.97998046875
4925,1,49260,1270.720703125
4926,1,49270,1270.8486328125
4927,1,49280,1271.033935546875
4928,1,49290,1272.212158203125
4929,1,49300,1272.429931640625
4930,1,49310,1272.737548828125
4931,1,49320,1273.3602294921875
4932,1,49330,1274.1920166015625
4933,1,49340,1274.0640869140625
4934,1,49350,1274.8204345703125
4935,1,49360,1275.2197265625
4936,1,49370,1275.7618408203125
4937,1,49380,1276.4271240234375
4938,1,49390,1276.9976806640625
4939,1,49400,1277.3878173828125
4940,1,49410,1278.0186767578125
4941,1,49420,1278.6846923828125
4942,1,49430,1278.8189697265625
4943,1,49440,1279.115478515625
4944,1,49450,1280.1168212890625
4945,1,49460,1280.4251708984375
4946,1,49470,1280.79443359375
4947,1,49480,1281.2158203125
4948,1,49490,1282.0079345703125
4949,1,49500,1282.1365966796875
4950,1,49510,1282.84228515625
4951,1,49520,1283.1163330078125
4952,1,49530,1283.8153076171875
4953,1,49540,1284.2703857421875
4954,1,49550,1284.660400390625
4955,1,49560,1285.3271484375
4956,1,49570,1286.56103515625
4957,1,49580,1286.24609375
4958,1,49590,1286.8885498046875
4959,1,49600,1287.0841064453125
4960,1,49610,1288.163818359375
4961,1,49620,1288.3692626953125
4962,1,49630,1288.697998046875
4963,1,49640,1289.73095703125
4964,1,49650,1289.9234619140625
4965,1,49660,1290.1927490234375
4966,1,49670,1291.2120361328125
4967,1,49680,1291.1151123046875
4968,1,49690,1291.7572021484375
4969,1,49700,1292.9072265625
4970,1,49710,1292.64599609375
4971,1,49720,1293.2427978515625
4972,1,49730,1294.1024169921875
4973,1,49740,1294.2918701171875
4974,1,49750,1294.979248046875
4975,1,49760,1295.0853271484375
4976,1,49770,1295.8812255859375
4977,1,49780,1296.50146484375
4978,1,49790,1296.7188720703125
4979,1,49800,1297.453857421875
4980,1,49810,1298.05859375
4981,1,49820,1298.286376953125
4982,1,49830,1299.9298095703125
4983,1,49840,1299.102783203125
4984,1,49850,1299.744140625
4985,1,49860,1300.978515625
4986,1,49870,1300.7037353515625
4987,1,49880,1301.373046875
4988,1,49890,1302.529052734375
4989,1,49900,1302.245849609375
4990,1,49910,1302.926513671875
4991,1,49920,1303.608642578125
4992,1,49930,1303.9007568359375
4993,1,49940,1304.3946533203125
4994,1,49950,1305.10888671875
4995,1,49960,1305.352783203125
4996,1,49970,1306.031982421875
4997,1,49980,1306.240234375
4998,1,49990,1307.0770263671875
4999,1,50000,1307.1361083984375
5000,1,50010,1307.9927978515625
5001,1,50020,1308.66259765625
5002,1,50030,1308.83837890625
5003,1,50040,1309.471435546875
5004,1,50050,1310.122314453125
5005,1,50060,1310.4425048828125
5006,1,50070,1311.060302734375
5007,1,50080,1311.2669677734375
5008,1,50090,1312.51806640625
5009,1,50100,1312.5565185546875
5010,1,50110,1313.1536865234375
5011,1,50120,1313.37548828125
5012,1,50130,1314.0816650390625
5013,1,50140,1314.8736572265625
5014,1,50150,1314.9981689453125
5015,1,50160,1315.3492431640625
5016,1,50170,1316.556396484375
5017,1,50180,1316.6649169921875
5018,1,50190,1316.817626953125
5019,1,50200,1317.919189453125
5020,1,50210,1318.1094970703125
5021,1,50220,1318.4803466796875
5022,1,50230,1319.4857177734375
5023,1,50240,1319.3839111328125
5024,1,50250,1320.0511474609375
5025,1,50260,1321.1923828125
5026,1,50270,1320.978759765625
5027,1,50280,1321.586181640625
5028,1,50290,1322.7840576171875
5029,1,50300,1322.56884765625
5030,1,50310,1323.2196044921875
5031,1,50320,1323.837158203125
5032,1,50330,1324.1160888671875
5033,1,50340,1324.8114013671875
5034,1,50350,1325.4305419921875
5035,1,50360,1325.7344970703125
5036,1,50370,1326.254150390625
5037,1,50380,1326.597412109375
5038,1,50390,1327.4434814453125
5039,1,50400,1327.439208984375
5040,1,50410,1328.0938720703125
5041,1,50420,1328.8995361328125
5042,1,50430,1329.0675048828125
5043,1,50440,1329.714599609375
5044,1,50450,1330.429443359375
5045,1,50460,1330.5057373046875
5046,1,50470,1331.2462158203125
5047,1,50480,1331.595458984375
5048,1,50490,1332.169189453125
5049,1,50500,1332.959716796875
5050,1,50510,1333.259521484375
5051,1,50520,1333.7264404296875
5052,1,50530,1334.3681640625
5053,1,50540,1334.7125244140625
5054,1,50550,1335.307861328125
5055,1,50560,1335.57666015625
5056,1,50570,1336.3621826171875
5057,1,50580,1336.8717041015625
5058,1,50590,1337.24169921875
5059,1,50600,1338.52099609375
5060,1,50610,1338.4752197265625
5061,1,50620,1338.6756591796875
5062,1,50630,1339.5306396484375
5063,1,50640,1339.5733642578125
5064,1,50650,1340.348876953125
5065,1,50660,1341.1568603515625
5066,1,50670,1341.1939697265625
5067,1,50680,1341.936279296875
5068,1,50690,1342.7598876953125
5069,1,50700,1342.85302734375
5070,1,50710,1343.5692138671875
5071,1,50720,1343.91552734375
5072,1,50730,1344.443115234375
5073,1,50740,1345.0123291015625
5074,1,50750,1345.531005859375
5075,1,50760,1346.000732421875
5076,1,50770,1346.7027587890625
5077,1,50780,1347.12841796875
5078,1,50790,1347.6669921875
5079,1,50800,1347.80126953125
5080,1,50810,1348.583740234375
5081,1,50820,1349.1451416015625
5082,1,50830,1349.5631103515625
5083,1,50840,1350.18310546875
5084,1,50850,1350.7591552734375
5085,1,50860,1351.21484375
5086,1,50870,1351.80322265625
5087,1,50880,1352.0328369140625
5088,1,50890,1352.748046875
5089,1,50900,1353.3670654296875
5090,1,50910,1353.503662109375
5091,1,50920,1354.2325439453125
5092,1,50930,1355.008056640625
5093,1,50940,1355.083251953125
5094,1,50950,1355.8602294921875
5095,1,50960,1356.1002197265625
5096,1,50970,1356.7852783203125
5097,1,50980,1357.4202880859375
5098,1,50990,1357.7835693359375
5099,1,51000,1358.330810546875
5100,1,51010,1359.0614013671875
5101,1,51020,1359.31201171875
5102,1,51030,1360.0233154296875
5103,1,51040,1360.1400146484375
5104,1,51050,1361.0296630859375
5105,1,51060,1361.5257568359375
5106,1,51070,1361.7847900390625
5107,1,51080,1362.5643310546875
5108,1,51090,1363.196533203125
5109,1,51100,1363.3798828125
5110,1,51110,1364.125244140625
5111,1,51120,1364.25048828125
5112,1,51130,1365.0323486328125
5113,1,51140,1366.0208740234375
5114,1,51150,1365.822265625
5115,1,51160,1366.645263671875
5116,1,51170,1367.6522216796875
5117,1,51180,1367.4263916015625
5118,1,51190,1368.3050537109375
5119,1,51200,1368.6700439453125
5120,1,51210,1369.1768798828125
5121,1,51220,1369.796875
5122,1,51230,1370.416015625
5123,1,51240,1370.5947265625
5124,1,51250,1371.35205078125
5125,1,51260,1372.1104736328125
5126,1,51270,1372.41064453125
5127,1,51280,1372.665771484375
5128,1,51290,1373.6470947265625
5129,1,51300,1373.902099609375
5130,1,51310,1374.0665283203125
5131,1,51320,1374.9322509765625
5132,1,51330,1375.6318359375
5133,1,51340,1375.829833984375
5134,1,51350,1377.073974609375
5135,1,51360,1376.63525390625
5136,1,51370,1377.411376953125
5137,1,51380,1378.104248046875
5138,1,51390,1378.2252197265625
5139,1,51400,1378.980712890625
5140,1,51410,1379.7283935546875
5141,1,51420,1379.8155517578125
5142,1,51430,1380.541259765625
5143,1,51440,1380.863525390625
5144,1,51450,1381.54248046875
5145,1,51460,1382.2000732421875
5146,1,51470,1382.4813232421875
5147,1,51480,1383.0277099609375
5148,1,51490,1383.7606201171875
5149,1,51500,1384.1280517578125
5150,1,51510,1384.722412109375
5151,1,51520,1385.3887939453125
5152,1,51530,1385.577880859375
5153,1,51540,1386.2791748046875
5154,1,51550,1387.0736083984375
5155,1,51560,1387.1982421875
5156,1,51570,1387.9859619140625
5157,1,51580,1388.648681640625
5158,1,51590,1388.8404541015625
5159,1,51600,1389.201416015625
5160,1,51610,1390.1702880859375
5161,1,51620,1390.4844970703125
5162,1,51630,1390.754638671875
5163,1,51640,1391.7987060546875
5164,1,51650,1392.161865234375
5165,1,51660,1392.36328125
5166,1,51670,1393.499755859375
5167,1,51680,1393.163330078125
5168,1,51690,1393.8988037109375
5169,1,51700,1395.069580078125
5170,1,51710,1394.8470458984375
5171,1,51720,1395.580322265625
5172,1,51730,1396.31787109375
5173,1,51740,1396.5238037109375
5174,1,51750,1397.20458984375
5175,1,51760,1397.653564453125
5176,1,51770,1398.1685791015625
5177,1,51780,1398.92333984375
5178,1,51790,1399.2169189453125
5179,1,51800,1399.815673828125
5180,1,51810,1400.9197998046875
5181,1,51820,1400.6107177734375
5182,1,51830,1401.3505859375
5183,1,51840,1402.552490234375
5184,1,51850,1402.25537109375
5185,1,51860,1402.9168701171875
5186,1,51870,1403.595703125
5187,1,51880,1403.90185546875
5188,1,51890,1404.6654052734375
5189,1,51900,1405.249755859375
5190,1,51910,1405.6177978515625
5191,1,51920,1405.7672119140625
5192,1,51930,1406.948974609375
5193,1,51940,1407.1260986328125
5194,1,51950,1407.388427734375
5195,1,51960,1408.2215576171875
5196,1,51970,1408.76416015625
5197,1,51980,1409.035400390625
5198,1,51990,1409.7601318359375
5199,1,52000,1409.921142578125
5200,1,52010,1410.66748046875
5201,1,52020,1411.4677734375
5202,1,52030,1411.4866943359375
5203,1,52040,1412.6285400390625
5204,1,52050,1413.0291748046875
5205,1,52060,1413.1802978515625
5206,1,52070,1414.2958984375
5207,1,52080,1414.75634765625
5208,1,52090,1414.8052978515625
5209,1,52100,1416.0169677734375
5210,1,52110,1415.7626953125
5211,1,52120,1416.4647216796875
5212,1,52130,1417.648681640625
5213,1,52140,1417.425537109375
5214,1,52150,1418.0159912109375
5215,1,52160,1418.4495849609375
5216,1,52170,1419.08251953125
5217,1,52180,1419.706787109375
5218,1,52190,1420.11865234375
5219,1,52200,1420.7117919921875
5220,1,52210,1421.240234375
5221,1,52220,1421.618896484375
5222,1,52230,1422.293701171875
5223,1,52240,1422.5233154296875
5224,1,52250,1423.244873046875
5225,1,52260,1423.8988037109375
5226,1,52270,1424.5377197265625
5227,1,52280,1424.8497314453125
5228,1,52290,1425.6092529296875
5229,1,52300,1426.355712890625
5230,1,52310,1426.5531005859375
5231,1,52320,1427.3109130859375
5232,1,52330,1427.88232421875
5233,1,52340,1428.16650390625
5234,1,52350,1428.35009765625
5235,1,52360,1429.1798095703125
5236,1,52370,1429.8114013671875
5237,1,52380,1430.0355224609375
5238,1,52390,1430.8536376953125
5239,1,52400,1430.9400634765625
5240,1,52410,1432.0928955078125
5241,1,52420,1432.322998046875
5242,1,52430,1432.655029296875
5243,1,52440,1433.7216796875
5244,1,52450,1434.1129150390625
5245,1,52460,1434.13330078125
5246,1,52470,1435.42138671875
5247,1,52480,1435.1044921875
5248,1,52490,1435.849365234375
5249,1,52500,1436.944580078125
5250,1,52510,1436.900634765625
5251,1,52520,1437.4591064453125
5252,1,52530,1438.384521484375
5253,1,52540,1438.4615478515625
5254,1,52550,1439.0797119140625
5255,1,52560,1439.4512939453125
5256,1,52570,1440.1912841796875
5257,1,52580,1441.13720703125
5258,1,52590,1441.0350341796875
5259,1,52600,1441.803466796875
5260,1,52610,1442.842529296875
5261,1,52620,1442.7081298828125
5262,1,52630,1443.2921142578125
5263,1,52640,1443.9783935546875
5264,1,52650,1444.356689453125
5265,1,52660,1445.053955078125
5266,1,52670,1445.3701171875
5267,1,52680,1445.9862060546875
5268,1,52690,1446.6678466796875
5269,1,52700,1446.9949951171875
5270,1,52710,1447.6851806640625
5271,1,52720,1448.3779296875
5272,1,52730,1448.6019287109375
5273,1,52740,1449.226318359375
5274,1,52750,1449.8619384765625
5275,1,52760,1450.181396484375
5276,1,52770,1450.847900390625
5277,1,52780,1451.6898193359375
5278,1,52790,1452.345703125
5279,1,52800,1452.1044921875
5280,1,52810,1452.9830322265625
5281,1,52820,1453.520263671875
5282,1,52830,1453.9495849609375
5283,1,52840,1454.6187744140625
5284,1,52850,1455.092041015625
5285,1,52860,1455.9342041015625
5286,1,52870,1456.14111328125
5287,1,52880,1456.2939453125
5288,1,52890,1457.408935546875
5289,1,52900,1457.809814453125
5290,1,52910,1458.0504150390625
5291,1,52920,1458.8338623046875
5292,1,52930,1459.4422607421875
5293,1,52940,1459.57080078125
5294,1,52950,1460.40625
5295,1,52960,1460.5513916015625
5296,1,52970,1461.687255859375
5297,1,52980,1461.9859619140625
5298,1,52990,1462.223388671875
5299,1,53000,1463.435302734375
5300,1,53010,1463.60791015625
5301,1,53020,1464.4775390625
5302,1,53030,1464.6964111328125
5303,1,53040,1464.8267822265625
5304,1,53050,1465.556396484375
5305,1,53060,1466.4141845703125
5306,1,53070,1466.7449951171875
5307,1,53080,1467.6649169921875
5308,1,53090,1467.8668212890625
5309,1,53100,1468.2550048828125
5310,1,53110,1469.4539794921875
5311,1,53120,1469.163818359375
5312,1,53130,1469.9317626953125
5313,1,53140,1471.0101318359375
5314,1,53150,1470.8099365234375
5315,1,53160,1471.4949951171875
5316,1,53170,1472.3795166015625
5317,1,53180,1472.503173828125
5318,1,53190,1473.5440673828125
5319,1,53200,1473.445068359375
5320,1,53210,1474.1453857421875
5321,1,53220,1475.284423828125
5322,1,53230,1475.058349609375
5323,1,53240,1475.8597412109375
5324,1,53250,1477.2178955078125
5325,1,53260,1476.8546142578125
5326,1,53270,1477.4609375
5327,1,53280,1477.6710205078125
5328,1,53290,1478.4110107421875
5329,1,53300,1479.5220947265625
5330,1,53310,1479.3707275390625
5331,1,53320,1480.130859375
5332,1,53330,1481.32958984375
5333,1,53340,1480.955078125
5334,1,53350,1481.6431884765625
5335,1,53360,1481.985595703125
5336,1,53370,1482.848876953125
5337,1,53380,1483.3607177734375
5338,1,53390,1483.8160400390625
5339,1,53400,1484.409912109375
5340,1,53410,1485.4864501953125
5341,1,53420,1485.1524658203125
5342,1,53430,1486.0606689453125
5343,1,53440,1486.6429443359375
5344,1,53450,1487.0362548828125
5345,1,53460,1487.69970703125
5346,1,53470,1487.99462890625
5347,1,53480,1489.2474365234375
5348,1,53490,1489.8145751953125
5349,1,53500,1489.6490478515625
5350,1,53510,1490.2587890625
5351,1,53520,1491.0185546875
5352,1,53530,1491.345947265625
5353,1,53540,1491.892333984375
5354,1,53550,1492.28076171875
5355,1,53560,1492.9288330078125
5356,1,53570,1493.6156005859375
5357,1,53580,1494.1641845703125
5358,1,53590,1494.6209716796875
5359,1,53600,1495.3934326171875
5360,1,53610,1495.6492919921875
5361,1,53620,1496.32470703125
5362,1,53630,1496.9852294921875
5363,1,53640,1497.2464599609375
5364,1,53650,1497.927734375
5365,1,53660,1498.3565673828125
5366,1,53670,1498.9237060546875
5367,1,53680,1499.4991455078125
5368,1,53690,1500.0396728515625
5369,1,53700,1500.55517578125
5370,1,53710,1501.3819580078125
5371,1,53720,1501.5875244140625
5372,1,53730,1502.34814453125
5373,1,53740,1502.721923828125
5374,1,53750,1503.2867431640625
5375,1,53760,1503.875244140625
5376,1,53770,1504.2493896484375
5377,1,53780,1504.95361328125
5378,1,53790,1505.6370849609375
5379,1,53800,1506.0054931640625
5380,1,53810,1506.6041259765625
5381,1,53820,1506.9515380859375
5382,1,53830,1507.61279296875
5383,1,53840,1508.2913818359375
5384,1,53850,1508.576171875
5385,1,53860,1509.244140625
5386,1,53870,1509.8848876953125
5387,1,53880,1510.2369384765625
5388,1,53890,1510.8736572265625
5389,1,53900,1511.3167724609375
5390,1,53910,1511.943359375
5391,1,53920,1512.2232666015625
5392,1,53930,1513.476806640625
5393,1,53940,1513.5350341796875
5394,1,53950,1514.239990234375
5395,1,53960,1514.6004638671875
5396,1,53970,1515.272705078125
5397,1,53980,1515.709228515625
5398,1,53990,1516.1697998046875
5399,1,54000,1516.5614013671875
5400,1,54010,1517.3731689453125
5401,1,54020,1517.7528076171875
5402,1,54030,1518.53515625
5403,1,54040,1518.8507080078125
5404,1,54050,1519.6854248046875
5405,1,54060,1519.87890625
5406,1,54070,1520.490966796875
5407,1,54080,1521.236083984375
5408,1,54090,1521.5286865234375
5409,1,54100,1522.1993408203125
5410,1,54110,1522.9781494140625
5411,1,54120,1523.3079833984375
5412,1,54130,1523.89697265625
5413,1,54140,1524.467041015625
5414,1,54150,1525.5047607421875
5415,1,54160,1525.6109619140625
5416,1,54170,1525.9500732421875
5417,1,54180,1526.460205078125
5418,1,54190,1527.2838134765625
5419,1,54200,1527.62646484375
5420,1,54210,1528.2652587890625
5421,1,54220,1528.6905517578125
5422,1,54230,1529.23974609375
5423,1,54240,1529.957275390625
5424,1,54250,1530.30859375
5425,1,54260,1531.00732421875
5426,1,54270,1531.60302734375
5427,1,54280,1531.8453369140625
5428,1,54290,1532.592529296875
5429,1,54300,1533.125732421875
5430,1,54310,1533.5718994140625
5431,1,54320,1534.3438720703125
5432,1,54330,1534.5567626953125
5433,1,54340,1535.26953125
5434,1,54350,1535.76220703125
5435,1,54360,1536.2955322265625
5436,1,54370,1537.0042724609375
5437,1,54380,1537.410888671875
5438,1,54390,1538.099853515625
5439,1,54400,1538.6998291015625
5440,1,54410,1539.0064697265625
5441,1,54420,1539.683349609375
5442,1,54430,1540.0633544921875
5443,1,54440,1540.6632080078125
5444,1,54450,1541.870361328125
5445,1,54460,1541.7135009765625
5446,1,54470,1542.4586181640625
5447,1,54480,1543.1009521484375
5448,1,54490,1543.2840576171875
5449,1,54500,1544.1243896484375
5450,1,54510,1544.324951171875
5451,1,54520,1545.008544921875
5452,1,54530,1546.256103515625
5453,1,54540,1545.951416015625
5454,1,54550,1552.7874755859375
5455,1,54560,1547.0980224609375
5456,1,54570,1547.6129150390625
5457,1,54580,1548.4383544921875
5458,1,54590,1549.4305419921875
5459,1,54600,1549.3739013671875
5460,1,54610,1550.4664306640625
5461,1,54620,1550.339599609375
5462,1,54630,1551.085693359375
5463,1,54640,1551.52978515625
5464,1,54650,1552.10791015625
5465,1,54660,1553.304931640625
5466,1,54670,1553.0123291015625
5467,1,54680,1553.838623046875
5468,1,54690,1554.6220703125
5469,1,54700,1554.8739013671875
5470,1,54710,1555.922607421875
5471,1,54720,1555.6932373046875
5472,1,54730,1556.54248046875
5473,1,54740,1557.69775390625
5474,1,54750,1557.4722900390625
5475,1,54760,1558.1964111328125
5476,1,54770,1558.896240234375
5477,1,54780,1559.1497802734375
5478,1,54790,1560.234130859375
5479,1,54800,1560.2955322265625
5480,1,54810,1561.4493408203125
5481,1,54820,1561.74853515625
5482,1,54830,1561.8072509765625
5483,1,54840,1563.0875244140625
5484,1,54850,1563.3211669921875
5485,1,54860,1563.61474609375
5486,1,54870,1564.7330322265625
5487,1,54880,1564.599853515625
5488,1,54890,1565.3389892578125
5489,1,54900,1566.0985107421875
5490,1,54910,1566.265625
5491,1,54920,1567.4368896484375
5492,1,54930,1567.712890625
5493,1,54940,1568.01611328125
5494,1,54950,1568.87939453125
5495,1,54960,1568.88623046875
5496,1,54970,1570.129150390625
5497,1,54980,1570.4183349609375
5498,1,54990,1570.7666015625
5499,1,55000,1571.789794921875
5500,1,55010,1572.1552734375
5501,1,55020,1572.3756103515625
5502,1,55030,1573.3282470703125
5503,1,55040,1573.4010009765625
5504,1,55050,1574.5611572265625
5505,1,55060,1574.8919677734375
5506,1,55070,1575.124267578125
5507,1,55080,1575.9281005859375
5508,1,55090,1576.4615478515625
5509,1,55100,1577.2850341796875
5510,1,55110,1577.482421875
5511,1,55120,1577.842041015625
5512,1,55130,1578.6248779296875
5513,1,55140,1579.1693115234375
5514,1,55150,1580.0050048828125
5515,1,55160,1580.1956787109375
5516,1,55170,1580.948486328125
5517,1,55180,1581.386962890625
5518,1,55190,1582.0537109375
5519,1,55200,1582.6756591796875
5520,1,55210,1583.0743408203125
5521,1,55220,1583.71435546875
5522,1,55230,1584.3836669921875
5523,1,55240,1585.2169189453125
5524,1,55250,1585.417236328125
5525,1,55260,1585.7978515625
5526,1,55270,1586.4537353515625
5527,1,55280,1587.19482421875
5528,1,55290,1587.2877197265625
5529,1,55300,1588.0980224609375
5530,1,55310,1588.4417724609375
5531,1,55320,1589.14013671875
5532,1,55330,1590.2564697265625
5533,1,55340,1590.035888671875
5534,1,55350,1590.8834228515625
5535,1,55360,1591.16943359375
5536,1,55370,1591.74169921875
5537,1,55380,1592.9998779296875
5538,1,55390,1592.8795166015625
5539,1,55400,1593.6357421875
5540,1,55410,1594.471923828125
5541,1,55420,1594.5579833984375
5542,1,55430,1595.6815185546875
5543,1,55440,1595.6326904296875
5544,1,55450,1596.83984375
5545,1,55460,1597.159423828125
5546,1,55470,1597.2938232421875
5547,1,55480,1598.370361328125
5548,1,55490,1598.7022705078125
5549,1,55500,1598.892822265625
5550,1,55510,1599.8765869140625
5551,1,55520,1599.905517578125
5552,1,55530,1601.0947265625
5553,1,55540,1601.404541015625
5554,1,55550,1601.77685546875
5555,1,55560,1602.4539794921875
5556,1,55570,1603.2381591796875
5557,1,55580,1603.7620849609375
5558,1,55590,1604.090087890625
5559,1,55600,1604.40673828125
5560,1,55610,1605.573974609375
5561,1,55620,1605.856689453125
5562,1,55630,1606.2772216796875
5563,1,55640,1606.9468994140625
5564,1,55650,1607.6444091796875
5565,1,55660,1608.4407958984375
5566,1,55670,1608.75146484375
5567,1,55680,1608.8258056640625
5568,1,55690,1609.68701171875
5569,1,55700,1610.47802734375
5570,1,55710,1611.0166015625
5571,1,55720,1612.3453369140625
5572,1,55730,1612.5208740234375
5573,1,55740,1612.47998046875
5574,1,55750,1613.1195068359375
5575,1,55760,1613.8426513671875
5576,1,55770,1614.0482177734375
5577,1,55780,1614.7882080078125
5578,1,55790,1615.10888671875
5579,1,55800,1615.8037109375
5580,1,55810,1616.9976806640625
5581,1,55820,1616.8232421875
5582,1,55830,1617.512939453125
5583,1,55840,1617.9017333984375
5584,1,55850,1618.56689453125
5585,1,55860,1619.7833251953125
5586,1,55870,1620.2139892578125
5587,1,55880,1620.67431640625
5588,1,55890,1621.04443359375
5589,1,55900,1621.2449951171875
5590,1,55910,1622.4417724609375
5591,1,55920,1622.365966796875
5592,1,55930,1623.1053466796875
5593,1,55940,1623.8701171875
5594,1,55950,1624.083251953125
5595,1,55960,1625.3160400390625
5596,1,55970,1625.4443359375
5597,1,55980,1626.1943359375
5598,1,55990,1626.416259765625
5599,1,56000,1626.8734130859375
5600,1,56010,1627.5517578125
5601,1,56020,1628.2830810546875
5602,1,56030,1629.0091552734375
5603,1,56040,1629.312744140625
5604,1,56050,1630.04736328125
5605,1,56060,1630.33935546875
5606,1,56070,1630.985595703125
5607,1,56080,1632.282958984375
5608,1,56090,1632.01513671875
5609,1,56100,1632.78125
5610,1,56110,1633.10205078125
5611,1,56120,1633.6888427734375
5612,1,56130,1634.958740234375
5613,1,56140,1634.8873291015625
5614,1,56150,1635.506103515625
5615,1,56160,1635.7996826171875
5616,1,56170,1636.587646484375
5617,1,56180,1637.7432861328125
5618,1,56190,1637.6097412109375
5619,1,56200,1638.29541015625
5620,1,56210,1639.1568603515625
5621,1,56220,1639.135498046875
5622,1,56230,1640.4437255859375
5623,1,56240,1640.218505859375
5624,1,56250,1641.12353515625
5625,1,56260,1641.778564453125
5626,1,56270,1641.9068603515625
5627,1,56280,1643.1456298828125
5628,1,56290,1643.525390625
5629,1,56300,1643.7803955078125
5630,1,56310,1644.509033203125
5631,1,56320,1644.71142578125
5632,1,56330,1645.912841796875
5633,1,56340,1646.2640380859375
5634,1,56350,1647.0224609375
5635,1,56360,1647.3614501953125
5636,1,56370,1648.0133056640625
5637,1,56380,1648.454833984375
5638,1,56390,1648.9918212890625
5639,1,56400,1649.7877197265625
5640,1,56410,1650.053466796875
5641,1,56420,1650.731201171875
5642,1,56430,1651.14892578125
5643,1,56440,1651.7696533203125
5644,1,56450,1652.9234619140625
5645,1,56460,1652.7308349609375
5646,1,56470,1653.5880126953125
5647,1,56480,1653.9854736328125
5648,1,56490,1655.07470703125
5649,1,56500,1655.8409423828125
5650,1,56510,1655.5294189453125
5651,1,56520,1656.388427734375
5652,1,56530,1657.1461181640625
5653,1,56540,1657.3541259765625
5654,1,56550,1658.42041015625
5655,1,56560,1658.4580078125
5656,1,56570,1659.6163330078125
5657,1,56580,1660.99365234375
5658,1,56590,1660.2725830078125
5659,1,56600,1660.960205078125
5660,1,56610,1661.5897216796875
5661,1,56620,1662.3756103515625
5662,1,56630,1662.678955078125
5663,1,56640,1662.80224609375
5664,1,56650,1663.7210693359375
5665,1,56660,1664.40966796875
5666,1,56670,1665.0045166015625
5667,1,56680,1665.35205078125
5668,1,56690,1666.16845703125
5669,1,56700,1666.5687255859375
5670,1,56710,1667.1431884765625
5671,1,56720,1667.8607177734375
5672,1,56730,1668.184814453125
5673,1,56740,1669.4228515625
5674,1,56750,1669.2486572265625
5675,1,56760,1669.9095458984375
5676,1,56770,1670.85888671875
5677,1,56780,1670.9124755859375
5678,1,56790,1672.1800537109375
5679,1,56800,1671.9412841796875
5680,1,56810,1672.8955078125
5681,1,56820,1673.6201171875
5682,1,56830,1673.636962890625
5683,1,56840,1674.9215087890625
5684,1,56850,1675.1556396484375
5685,1,56860,1675.931884765625
5686,1,56870,1676.2723388671875
5687,1,56880,1676.593505859375
5688,1,56890,1677.419677734375
5689,1,56900,1678.1251220703125
5690,1,56910,1678.7391357421875
5691,1,56920,1679.054931640625
5692,1,56930,1679.724365234375
5693,1,56940,1680.216064453125
5694,1,56950,1680.818359375
5695,1,56960,1681.4779052734375
5696,1,56970,1681.8663330078125
5697,1,56980,1683.0086669921875
5698,1,56990,1682.8927001953125
5699,1,57000,1683.689697265625
5700,1,57010,1684.4783935546875
5701,1,57020,1684.5738525390625
5702,1,57030,1685.822998046875
5703,1,57040,1685.6036376953125
5704,1,57050,1686.4364013671875
5705,1,57060,1687.2159423828125
5706,1,57070,1687.505126953125
5707,1,57080,1688.6610107421875
5708,1,57090,1688.7802734375
5709,1,57100,1690.128173828125
5710,1,57110,1689.8717041015625
5711,1,57120,1690.2186279296875
5712,1,57130,1691.2169189453125
5713,1,57140,1691.7783203125
5714,1,57150,1692.494140625
5715,1,57160,1692.653076171875
5716,1,57170,1693.51220703125
5717,1,57180,1693.8134765625
5718,1,57190,1694.5648193359375
5719,1,57200,1694.7730712890625
5720,1,57210,1695.527099609375
5721,1,57220,1696.5728759765625
5722,1,57230,1696.4964599609375
5723,1,57240,1697.3258056640625
5724,1,57250,1698.11474609375
5725,1,57260,1698.4129638671875
5726,1,57270,1699.5189208984375
5727,1,57280,1699.3087158203125
5728,1,57290,1700.5738525390625
5729,1,57300,1701.10693359375
5730,1,57310,1701.1998291015625
5731,1,57320,1701.9178466796875
5732,1,57330,1702.591796875
5733,1,57340,1703.46875
5734,1,57350,1703.747314453125
5735,1,57360,1703.9805908203125
5736,1,57370,1704.8603515625
5737,1,57380,1705.4368896484375
5738,1,57390,1706.0628662109375
5739,1,57400,1706.3974609375
5740,1,57410,1707.697265625
5741,1,57420,1707.5521240234375
5742,1,57430,1708.3162841796875
5743,1,57440,1708.6324462890625
5744,1,57450,1709.302001953125
5745,1,57460,1710.4127197265625
5746,1,57470,1710.275146484375
5747,1,57480,1711.51220703125
5748,1,57490,1711.7698974609375
5749,1,57500,1712.177490234375
5750,1,57510,1712.9615478515625
5751,1,57520,1713.0224609375
5752,1,57530,1714.3446044921875
5753,1,57540,1714.640869140625
5754,1,57550,1715.263916015625
5755,1,57560,1715.77783203125
5756,1,57570,1716.3865966796875
5757,1,57580,1716.6973876953125
5758,1,57590,1717.5509033203125
5759,1,57600,1718.0831298828125
5760,1,57610,1718.5057373046875
5761,1,57620,1719.7337646484375
5762,1,57630,1719.5699462890625
5763,1,57640,1720.2655029296875
5764,1,57650,1721.06640625
5765,1,57660,1721.3232421875
5766,1,57670,1722.4671630859375
5767,1,57680,1722.202392578125
5768,1,57690,1723.6885986328125
5769,1,57700,1723.894287109375
5770,1,57710,1724.1932373046875
5771,1,57720,1724.873046875
5772,1,57730,1725.70458984375
5773,1,57740,1726.4185791015625
5774,1,57750,1726.6676025390625
5775,1,57760,1726.862548828125
5776,1,57770,1727.8631591796875
5777,1,57780,1728.3912353515625
5778,1,57790,1728.774658203125
5779,1,57800,1729.53564453125
5780,1,57810,1730.6611328125
5781,1,57820,1730.6114501953125
5782,1,57830,1731.7633056640625
5783,1,57840,1731.5667724609375
5784,1,57850,1732.235107421875
5785,1,57860,1733.1361083984375
5786,1,57870,1733.402099609375
5787,1,57880,1734.5537109375
5788,1,57890,1735.104736328125
5789,1,57900,1735.1904296875
5790,1,57910,1736.0277099609375
5791,1,57920,1736.177734375
5792,1,57930,1737.09716796875
5793,1,57940,1737.7138671875
5794,1,57950,1738.4384765625
5795,1,57960,1738.752685546875
5796,1,57970,1739.94140625
5797,1,57980,1739.8577880859375
5798,1,57990,1740.6063232421875
5799,1,58000,1740.9219970703125
5800,1,58010,1741.607666015625
5801,1,58020,1742.8408203125
5802,1,58030,1742.6837158203125
5803,1,58040,1743.8497314453125
5804,1,58050,1744.0621337890625
5805,1,58060,1744.4837646484375
5806,1,58070,1745.310791015625
5807,1,58080,1746.966796875
5808,1,58090,1746.7252197265625
5809,1,58100,1747.1240234375
5810,1,58110,1747.8197021484375
5811,1,58120,1748.04638671875
5812,1,58130,1748.847900390625
5813,1,58140,1749.2174072265625
5814,1,58150,1749.933837890625
5815,1,58160,1750.1822509765625
5816,1,58170,1750.9810791015625
5817,1,58180,1751.9678955078125
5818,1,58190,1751.8662109375
5819,1,58200,1752.697021484375
5820,1,58210,1753.458740234375
5821,1,58220,1753.7122802734375
5822,1,58230,1754.506591796875
5823,1,58240,1754.73095703125
5824,1,58250,1755.96484375
5825,1,58260,1756.33984375
5826,1,58270,1757.1015625
5827,1,58280,1757.48828125
5828,1,58290,1758.177734375
5829,1,58300,1758.5018310546875
5830,1,58310,1759.103271484375
5831,1,58320,1759.8388671875
5832,1,58330,1760.287841796875
5833,1,58340,1761.4658203125
5834,1,58350,1761.2890625
5835,1,58360,1762.0054931640625
5836,1,58370,1762.8717041015625
5837,1,58380,1763.1495361328125
5838,1,58390,1763.889892578125
5839,1,58400,1764.23974609375
5840,1,58410,1765.299072265625
5841,1,58420,1765.7562255859375
5842,1,58430,1766.2884521484375
5843,1,58440,1766.7454833984375
5844,1,58450,1767.4053955078125
5845,1,58460,1767.8677978515625
5846,1,58470,1768.524169921875
5847,1,58480,1769.25341796875
5848,1,58490,1769.5478515625
5849,1,58500,1770.86962890625
5850,1,58510,1770.51416015625
5851,1,58520,1771.2962646484375
5852,1,58530,1772.2391357421875
5853,1,58540,1772.491943359375
5854,1,58550,1773.149658203125
5855,1,58560,1773.495849609375
5856,1,58570,1774.6649169921875
5857,1,58580,1775.0338134765625
5858,1,58590,1775.65185546875
5859,1,58600,1776.1739501953125
5860,1,58610,1776.79150390625
5861,1,58620,1777.1640625
5862,1,58630,1777.86181640625
5863,1,58640,1778.59716796875
5864,1,58650,1779.0087890625
5865,1,58660,1780.2557373046875
5866,1,58670,1779.86572265625
5867,1,58680,1781.1573486328125
5868,1,58690,1781.5123291015625
5869,1,58700,1781.8095703125
5870,1,58710,1782.624755859375
5871,1,58720,1782.7279052734375
5872,1,58730,1784.0123291015625
5873,1,58740,1784.352294921875
5874,1,58750,1785.23388671875
5875,1,58760,1785.37548828125
5876,1,58770,1786.573974609375
5877,1,58780,1786.4190673828125
5878,1,58790,1787.143798828125
5879,1,58800,1787.4844970703125
5880,1,58810,1788.2625732421875
5881,1,58820,1789.543212890625
5882,1,58830,1789.2449951171875
5883,1,58840,1790.686767578125
5884,1,58850,1790.927978515625
5885,1,58860,1791.264892578125
5886,1,58870,1792.2109375
5887,1,58880,1792.074462890625
5888,1,58890,1793.0921630859375
5889,1,58900,1793.879638671875
5890,1,58910,1794.619873046875
5891,1,58920,1794.7891845703125
5892,1,58930,1796.056640625
5893,1,58940,1795.8839111328125
5894,1,58950,1797.0799560546875
5895,1,58960,1796.962646484375
5896,1,58970,1797.630615234375
5897,1,58980,1798.5987548828125
5898,1,58990,1798.7855224609375
5899,1,59000,1799.9267578125
5900,1,59010,1800.3173828125
5901,1,59020,1800.94384765625
5902,1,59030,1801.925537109375
5903,1,59040,1802.0074462890625
5904,1,59050,1802.4505615234375
5905,1,59060,1803.228515625
5906,1,59070,1803.48291015625
5907,1,59080,1804.2843017578125
5908,1,59090,1805.1246337890625
5909,1,59100,1805.405029296875
5910,1,59110,1806.6258544921875
5911,1,59120,1806.3194580078125
5912,1,59130,1807.4718017578125
5913,1,59140,1808.0556640625
5914,1,59150,1808.1689453125
5915,1,59160,1809.0576171875
5916,1,59170,1809.64453125
5917,1,59180,1810.0609130859375
5918,1,59190,1810.7264404296875
5919,1,59200,1811.5072021484375
5920,1,59210,1811.8843994140625
5921,1,59220,1813.6533203125
5922,1,59230,1813.0579833984375
5923,1,59240,1813.69482421875
5924,1,59250,1814.469482421875
5925,1,59260,1814.7984619140625
5926,1,59270,1815.573486328125
5927,1,59280,1815.74609375
5928,1,59290,1817.0582275390625
5929,1,59300,1817.37353515625
5930,1,59310,1817.987060546875
5931,1,59320,1818.451416015625
5932,1,59330,1819.6260986328125
5933,1,59340,1819.593017578125
5934,1,59350,1820.185546875
5935,1,59360,1820.668212890625
5936,1,59370,1821.3521728515625
5937,1,59380,1822.0560302734375
5938,1,59390,1822.358154296875
5939,1,59400,1823.691162109375
5940,1,59410,1824.0684814453125
5941,1,59420,1824.702392578125
5942,1,59430,1824.97802734375
5943,1,59440,1825.675048828125
5944,1,59450,1826.079833984375
5945,1,59460,1826.8548583984375
5946,1,59470,1827.177734375
5947,1,59480,1828.0089111328125
5948,1,59490,1828.787109375
5949,1,59500,1829.03955078125
5950,1,59510,1830.29052734375
5951,1,59520,1830.0185546875
5952,1,59530,1831.2353515625
5953,1,59540,1831.6036376953125
5954,1,59550,1832.2308349609375
5955,1,59560,1832.669677734375
5956,1,59570,1833.5032958984375
5957,1,59580,1833.8367919921875
5958,1,59590,1835.0972900390625
5959,1,59600,1834.928955078125
5960,1,59610,1835.5648193359375
5961,1,59620,1836.799072265625
5962,1,59630,1836.7069091796875
5963,1,59640,1837.7423095703125
5964,1,59650,1838.151611328125
5965,1,59660,1839.005615234375
5966,1,59670,1839.2540283203125
5967,1,59680,1839.5260009765625
5968,1,59690,1840.596435546875
5969,1,59700,1841.2200927734375
5970,1,59710,1841.4954833984375
5971,1,59720,1842.200439453125
5972,1,59730,1843.49560546875
5973,1,59740,1843.16845703125
5974,1,59750,1844.531494140625
5975,1,59760,1844.3275146484375
5976,1,59770,1846.0323486328125
5977,1,59780,1845.92822265625
5978,1,59790,1846.087890625
5979,1,59800,1847.1868896484375
5980,1,59810,1847.8475341796875
5981,1,59820,1848.10009765625
5982,1,59830,1848.8040771484375
5983,1,59840,1849.4324951171875
5984,1,59850,1849.89892578125
5985,1,59860,1851.0909423828125
5986,1,59870,1851.0234375
5987,1,59880,1852.2415771484375
5988,1,59890,1852.4520263671875
5989,1,59900,1853.2442626953125
5990,1,59910,1853.6121826171875
5991,1,59920,1853.8914794921875
5992,1,59930,1854.918701171875
5993,1,59940,1855.4072265625
5994,1,59950,1855.75390625
5995,1,59960,1856.6136474609375
5996,1,59970,1857.6898193359375
5997,1,59980,1857.674560546875
5998,1,59990,1858.7701416015625
5999,1,60000,1858.6500244140625
6000,1,60010,1859.8812255859375
6001,1,60020,1860.282470703125
6002,1,60030,1860.9259033203125
6003,1,60040,1861.3282470703125
6004,1,60050,1862.0152587890625
6005,1,60060,1862.4544677734375
6006,1,60070,1863.149169921875
6007,1,60080,1863.622314453125
6008,1,60090,1864.193359375
6009,1,60100,1865.4459228515625
6010,1,60110,1865.3289794921875
6011,1,60120,1866.4486083984375
6012,1,60130,1866.8782958984375
6013,1,60140,1867.6954345703125
6014,1,60150,1867.885009765625
6015,1,60160,1868.7471923828125
6016,1,60170,1869.08544921875
6017,1,60180,1869.806640625
6018,1,60190,1870.3212890625
6019,1,60200,1870.9188232421875
6020,1,60210,1871.8016357421875
6021,1,60220,1871.909423828125
6022,1,60230,1872.8292236328125
6023,1,60240,1872.97412109375
6024,1,60250,1874.3563232421875
6025,1,60260,1874.537841796875
6026,1,60270,1875.461181640625
6027,1,60280,1875.6649169921875
6028,1,60290,1876.9915771484375
6029,1,60300,1876.8458251953125
6030,1,60310,1878.0347900390625
6031,1,60320,1878.0328369140625
6032,1,60330,1878.6485595703125
6033,1,60340,1879.5235595703125
6034,1,60350,1879.7454833984375
6035,1,60360,1880.572021484375
6036,1,60370,1881.3389892578125
6037,1,60380,1881.980712890625
6038,1,60390,1882.358154296875
6039,1,60400,1883.0418701171875
6040,1,60410,1883.4805908203125
6041,1,60420,1884.5521240234375
6042,1,60430,1884.473388671875
6043,1,60440,1885.8228759765625
6044,1,60450,1886.1298828125
6045,1,60460,1891.9559326171875
6046,1,60470,1887.28564453125
6047,1,60480,1887.427490234375
6048,1,60490,1888.241943359375
6049,1,60500,1889.2484130859375
6050,1,60510,1889.5574951171875
6051,1,60520,1890.146728515625
6052,1,60530,1891.228515625
6053,1,60540,1891.2440185546875
6054,1,60550,1892.5771484375
6055,1,60560,1892.3087158203125
6056,1,60570,1893.662109375
6057,1,60580,1893.886474609375
6058,1,60590,1894.5982666015625
6059,1,60600,1895.016845703125
6060,1,60610,1896.189453125
6061,1,60620,1896.21630859375
6062,1,60630,1896.866943359375
6063,1,60640,1897.092041015625
6064,1,60650,1897.9337158203125
6065,1,60660,1898.762939453125
6066,1,60670,1899.6302490234375
6067,1,60680,1900.014404296875
6068,1,60690,1900.6202392578125
6069,1,60700,1901.1072998046875
6070,1,60710,1901.6795654296875
6071,1,60720,1902.3072509765625
6072,1,60730,1902.770751953125
6073,1,60740,1903.9967041015625
6074,1,60750,1903.81640625
6075,1,60760,1905.111572265625
6076,1,60770,1905.338623046875
6077,1,60780,1906.2362060546875
6078,1,60790,1906.5926513671875
6079,1,60800,1907.1488037109375
6080,1,60810,1907.6072998046875
6081,1,60820,1908.456298828125
6082,1,60830,1908.8475341796875
6083,1,60840,1909.508056640625
6084,1,60850,1910.9388427734375
6085,1,60860,1910.5860595703125
6086,1,60870,1911.7718505859375
6087,1,60880,1911.6416015625
6088,1,60890,1912.9622802734375
6089,1,60900,1913.2576904296875
6090,1,60910,1913.9466552734375
6091,1,60920,1914.41357421875
6092,1,60930,1915.55712890625
6093,1,60940,1915.4326171875
6094,1,60950,1916.751708984375
6095,1,60960,1916.6204833984375
6096,1,60970,1917.3626708984375
6097,1,60980,1918.4366455078125
6098,1,60990,1918.4788818359375
6099,1,61000,1919.3614501953125
6100,1,61010,1919.9730224609375
6101,1,61020,1920.3758544921875
6102,1,61030,1921.1915283203125
6103,1,61040,1921.4951171875
6104,1,61050,1922.1756591796875
6105,1,61060,1923.4691162109375
6106,1,61070,1923.1695556640625
6107,1,61080,1924.4156494140625
6108,1,61090,1924.7945556640625
6109,1,61100,1925.5911865234375
6110,1,61110,1926.0491943359375
6111,1,61120,1926.6644287109375
6112,1,61130,1927.20458984375
6113,1,61140,1928.25341796875
6114,1,61150,1928.19921875
6115,1,61160,1929.447998046875
6116,1,61170,1929.77587890625
6117,1,61180,1929.93505859375
6118,1,61190,1930.88720703125
6119,1,61200,1931.6456298828125
6120,1,61210,1932.1505126953125
6121,1,61220,1932.76171875
6122,1,61230,1933.136474609375
6123,1,61240,1933.854248046875
6124,1,61250,1935.1376953125
6125,1,61260,1935.089599609375
6126,1,61270,1936.1236572265625
6127,1,61280,1935.975830078125
6128,1,61290,1937.36865234375
6129,1,61300,1937.6331787109375
6130,1,61310,1938.324951171875
6131,1,61320,1938.7896728515625
6132,1,61330,1939.8634033203125
6133,1,61340,1939.674560546875
6134,1,61350,1941.038330078125
6135,1,61360,1940.8287353515625
6136,1,61370,1941.669189453125
6137,1,61380,1942.589599609375
6138,1,61390,1942.80517578125
6139,1,61400,1943.70703125
6140,1,61410,1944.3436279296875
6141,1,61420,1945.7388916015625
6142,1,61430,1945.55810546875
6143,1,61440,1945.962890625
6144,1,61450,1946.7808837890625
6145,1,61460,1947.52197265625
6146,1,61470,1947.6959228515625
6147,1,61480,1948.572509765625
6148,1,61490,1949.3782958984375
6149,1,61500,1950.045166015625
6150,1,61510,1950.4810791015625
6151,1,61520,1951.0557861328125
6152,1,61530,1951.657958984375
6153,1,61540,1952.7730712890625
6154,1,61550,1952.65673828125
6155,1,61560,1953.8355712890625
6156,1,61570,1954.284423828125
6157,1,61580,1954.9105224609375
6158,1,61590,1955.3306884765625
6159,1,61600,1956.0194091796875
6160,1,61610,1956.4195556640625
6161,1,61620,1957.6744384765625
6162,1,61630,1957.439208984375
6163,1,61640,1958.9185791015625
6164,1,61650,1959.0538330078125
6165,1,61660,1959.689453125
6166,1,61670,1960.283935546875
6167,1,61680,1960.5347900390625
6168,1,61690,1961.4525146484375
6169,1,61700,1962.20068359375
6170,1,61710,1962.4931640625
6171,1,61720,1963.8883056640625
6172,1,61730,1964.178955078125
6173,1,61740,1964.31787109375
6174,1,61750,1965.225830078125
6175,1,61760,1965.3160400390625
6176,1,61770,1966.4281005859375
6177,1,61780,1966.998779296875
6178,1,61790,1967.4930419921875
6179,1,61800,1968.2064208984375
6180,1,61810,1969.0618896484375
6181,1,61820,1969.345458984375
6182,1,61830,1970.132568359375
6183,1,61840,1970.3485107421875
6184,1,61850,1971.19677734375
6185,1,61860,1971.9266357421875
6186,1,61870,1972.316650390625
6187,1,61880,1973.09375
6188,1,61890,1974.8311767578125
6189,1,61900,1974.1904296875
6190,1,61910,1975.424560546875
6191,1,61920,1975.164306640625
6192,1,61930,1976.534423828125
6193,1,61940,1976.8232421875
6194,1,61950,1977.837890625
6195,1,61960,1978.063720703125
6196,1,61970,1979.309814453125
6197,1,61980,1979.177734375
6198,1,61990,1980.3441162109375
6199,1,62000,1980.2552490234375
6200,1,62010,1981.4530029296875
6201,1,62020,1981.7347412109375
6202,1,62030,1982.6302490234375
6203,1,62040,1983.0274658203125
6204,1,62050,1984.1671142578125
6205,1,62060,1984.5927734375
6206,1,62070,1985.3609619140625
6207,1,62080,1985.0843505859375
6208,1,62090,1986.4793701171875
6209,1,62100,1986.739501953125
6210,1,62110,1987.4447021484375
6211,1,62120,1987.7950439453125
6212,1,62130,1989.1370849609375
6213,1,62140,1988.990478515625
6214,1,62150,1990.058837890625
6215,1,62160,1990.234619140625
6216,1,62170,1991.3907470703125
6217,1,62180,1991.7362060546875
6218,1,62190,1992.424072265625
6219,1,62200,1992.7528076171875
6220,1,62210,1994.1083984375
6221,1,62220,1993.83349609375
6222,1,62230,1995.61572265625
6223,1,62240,1994.9365234375
6224,1,62250,1996.3599853515625
6225,1,62260,1996.61669921875
6226,1,62270,1997.423095703125
6227,1,62280,1997.7459716796875
6228,1,62290,1999.0389404296875
6229,1,62300,1998.9244384765625
6230,1,62310,2000.1092529296875
6231,1,62320,2000.012939453125
6232,1,62330,2000.8404541015625
6233,1,62340,2001.78369140625
6234,1,62350,2002.0294189453125
6235,1,62360,2002.964111328125
6236,1,62370,2003.5855712890625
6237,1,62380,2003.86474609375
6238,1,62390,2004.59765625
6239,1,62400,2005.5106201171875
6240,1,62410,2005.69482421875
6241,1,62420,2006.667236328125
6242,1,62430,2006.9102783203125
6243,1,62440,2007.8621826171875
6244,1,62450,2008.6339111328125
6245,1,62460,2009.060302734375
6246,1,62470,2009.654296875
6247,1,62480,2009.925537109375
6248,1,62490,2010.7462158203125
6249,1,62500,2011.7255859375
6250,1,62510,2011.7955322265625
6251,1,62520,2012.7664794921875
6252,1,62530,2013.46435546875
6253,1,62540,2013.939697265625
6254,1,62550,2014.53466796875
6255,1,62560,2015.028564453125
6256,1,62570,2015.7464599609375
6257,1,62580,2016.74365234375
6258,1,62590,2016.87548828125
6259,1,62600,2017.7042236328125
6260,1,62610,2018.548828125
6261,1,62620,2018.9456787109375
6262,1,62630,2019.6334228515625
6263,1,62640,2019.9608154296875
6264,1,62650,2020.8046875
6265,1,62660,2021.6737060546875
6266,1,62670,2021.904052734375
6267,1,62680,2022.62109375
6268,1,62690,2023.3441162109375
6269,1,62700,2023.809814453125
6270,1,62710,2025.0169677734375
6271,1,62720,2024.999267578125
6272,1,62730,2026.708740234375
6273,1,62740,2026.4888916015625
6274,1,62750,2027.2244873046875
6275,1,62760,2027.7332763671875
6276,1,62770,2028.8427734375
6277,1,62780,2028.801513671875
6278,1,62790,2030.034423828125
6279,1,62800,2029.8697509765625
6280,1,62810,2031.195068359375
6281,1,62820,2031.4176025390625
6282,1,62830,2032.241943359375
6283,1,62840,2032.6658935546875
6284,1,62850,2033.8341064453125
6285,1,62860,2033.7916259765625
6286,1,62870,2035.03759765625
6287,1,62880,2034.86279296875
6288,1,62890,2036.278564453125
6289,1,62900,2037.10986328125
6290,1,62910,2037.2569580078125
6291,1,62920,2037.709716796875
6292,1,62930,2038.841552734375
6293,1,62940,2038.765625
6294,1,62950,2040.147216796875
6295,1,62960,2039.9359130859375
6296,1,62970,2041.135009765625
6297,1,62980,2041.6942138671875
6298,1,62990,2042.314453125
6299,1,63000,2042.5836181640625
6300,1,63010,2043.9759521484375
6301,1,63020,2043.735595703125
6302,1,63030,2045.0025634765625
6303,1,63040,2044.8956298828125
6304,1,63050,2046.2320556640625
6305,1,63060,2046.466552734375
6306,1,63070,2047.345458984375
6307,1,63080,2047.6591796875
6308,1,63090,2048.845703125
6309,1,63100,2048.908203125
6310,1,63110,2049.974365234375
6311,1,63120,2049.951416015625
6312,1,63130,2051.39111328125
6313,1,63140,2051.546875
6314,1,63150,2052.01611328125
6315,1,63160,2052.718017578125
6316,1,63170,2053.61962890625
6317,1,63180,2053.738037109375
6318,1,63190,2054.6552734375
6319,1,63200,2054.911865234375
6320,1,63210,2055.882080078125
6321,1,63220,2056.692138671875
6322,1,63230,2057.536865234375
6323,1,63240,2057.720703125
6324,1,63250,2058.563720703125
6325,1,63260,2058.918701171875
6326,1,63270,2059.704833984375
6327,1,63280,2059.746337890625
6328,1,63290,2060.789794921875
6329,1,63300,2061.624755859375
6330,1,63310,2062.052978515625
6331,1,63320,2062.63623046875
6332,1,63330,2063.569091796875
6333,1,63340,2064.24658203125
6334,1,63350,2064.706298828125
6335,1,63360,2065.454833984375
6336,1,63370,2065.933837890625
6337,1,63380,2067.032958984375
6338,1,63390,2067.42919921875
6339,1,63400,2068.19580078125
6340,1,63410,2068.56689453125
6341,1,63420,2069.318115234375
6342,1,63430,2069.5966796875
6343,1,63440,2070.505126953125
6344,1,63450,2070.8271484375
6345,1,63460,2072.286865234375
6346,1,63470,2072.08544921875
6347,1,63480,2073.366455078125
6348,1,63490,2073.762451171875
6349,1,63500,2074.32421875
6350,1,63510,2074.82421875
6351,1,63520,2075.52490234375
6352,1,63530,2075.841064453125
6353,1,63540,2076.7998046875
6354,1,63550,2077.01611328125
6355,1,63560,2077.97021484375
6356,1,63570,2078.737060546875
6357,1,63580,2079.06591796875
6358,1,63590,2079.987548828125
6359,1,63600,2080.275146484375
6360,1,63610,2081.136474609375
6361,1,63620,2081.951904296875
6362,1,63630,2082.006103515625
6363,1,63640,2082.956787109375
6364,1,63650,2084.164794921875
6365,1,63660,2084.04736328125
6366,1,63670,2085.293212890625
6367,1,63680,2085.21923828125
6368,1,63690,2086.569091796875
6369,1,63700,2086.846923828125
6370,1,63710,2087.6708984375
6371,1,63720,2088.08984375
6372,1,63730,2089.2548828125
6373,1,63740,2089.13916015625
6374,1,63750,2090.306640625
6375,1,63760,2090.16845703125
6376,1,63770,2091.427978515625
6377,1,63780,2091.893798828125
6378,1,63790,2092.646484375
6379,1,63800,2093.03857421875
6380,1,63810,2094.058349609375
6381,1,63820,2094.219970703125
6382,1,63830,2095.24365234375
6383,1,63840,2095.350341796875
6384,1,63850,2096.272705078125
6385,1,63860,2097.15478515625
6386,1,63870,2097.455322265625
6387,1,63880,2098.4091796875
6388,1,63890,2099.145751953125
6389,1,63900,2099.227783203125
6390,1,63910,2100.23193359375
6391,1,63920,2100.773681640625
6392,1,63930,2101.34033203125
6393,1,63940,2102.507080078125
6394,1,63950,2102.37890625
6395,1,63960,2103.662841796875
6396,1,63970,2104.03955078125
6397,1,63980,2104.811279296875
6398,1,63990,2105.1240234375
6399,1,64000,2105.93896484375
6400,1,64010,2106.212646484375
6401,1,64020,2107.664794921875
6402,1,64030,2107.4306640625
6403,1,64040,2108.23779296875
6404,1,64050,2109.01904296875
6405,1,64060,2109.571044921875
6406,1,64070,2110.290283203125
6407,1,64080,2110.645751953125
6408,1,64090,2111.35693359375
6409,1,64100,2112.291259765625
6410,1,64110,2112.913330078125
6411,1,64120,2113.494873046875
6412,1,64130,2114.69189453125
6413,1,64140,2114.60546875
6414,1,64150,2115.84228515625
6415,1,64160,2115.69921875
6416,1,64170,2116.93359375
6417,1,64180,2117.40234375
6418,1,64190,2118.113037109375
6419,1,64200,2118.632080078125
6420,1,64210,2119.817138671875
6421,1,64220,2119.54638671875
6422,1,64230,2120.61376953125
6423,1,64240,2120.710693359375
6424,1,64250,2121.76416015625
6425,1,64260,2122.430908203125
6426,1,64270,2122.91845703125
6427,1,64280,2123.569580078125
6428,1,64290,2124.54638671875
6429,1,64300,2125.3037109375
6430,1,64310,2125.604736328125
6431,1,64320,2126.369873046875
6432,1,64330,2126.7392578125
6433,1,64340,2127.966552734375
6434,1,64350,2127.852294921875
6435,1,64360,2129.303466796875
6436,1,64370,2129.572265625
6437,1,64380,2130.356689453125
6438,1,64390,2130.77685546875
6439,1,64400,2131.023193359375
6440,1,64410,2131.79296875
6441,1,64420,2132.79443359375
6442,1,64430,2132.9951171875
6443,1,64440,2133.91455078125
6444,1,64450,2134.616943359375
6445,1,64460,2135.20703125
6446,1,64470,2136.1982421875
6447,1,64480,2136.129638671875
6448,1,64490,2137.33935546875
6449,1,64500,2137.8125
6450,1,64510,2139.0595703125
6451,1,64520,2138.996337890625
6452,1,64530,2140.2451171875
6453,1,64540,2140.02587890625
6454,1,64550,2141.458740234375
6455,1,64560,2141.291259765625
6456,1,64570,2142.284423828125
6457,1,64580,2142.958984375
6458,1,64590,2143.44384765625
6459,1,64600,2144.00537109375
6460,1,64610,2145.040283203125
6461,1,64620,2145.298583984375
6462,1,64630,2146.2255859375
6463,1,64640,2146.785888671875
6464,1,64650,2147.364990234375
6465,1,64660,2148.567138671875
6466,1,64670,2148.961669921875
6467,1,64680,2149.66650390625
6468,1,64690,2150.006103515625
6469,1,64700,2150.82470703125
6470,1,64710,2151.108154296875
6471,1,64720,2151.913818359375
6472,1,64730,2152.4052734375
6473,1,64740,2153.40234375
6474,1,64750,2153.524169921875
6475,1,64760,2154.52294921875
6476,1,64770,2155.197509765625
6477,1,64780,2155.6025390625
6478,1,64790,2156.679931640625
6479,1,64800,2156.684814453125
6480,1,64810,2158.054443359375
6481,1,64820,2158.34521484375
6482,1,64830,2159.308349609375
6483,1,64840,2159.4931640625
6484,1,64850,2160.97705078125
6485,1,64860,2160.683837890625
6486,1,64870,2162.09033203125
6487,1,64880,2161.751220703125
6488,1,64890,2162.81005859375
6489,1,64900,2163.630615234375
6490,1,64910,2163.936279296875
6491,1,64920,2164.7109375
6492,1,64930,2165.694580078125
6493,1,64940,2165.77197265625
6494,1,64950,2166.84033203125
6495,1,64960,2167.41357421875
6496,1,64970,2167.696533203125
6497,1,64980,2169.0361328125
6498,1,64990,2169.129638671875
6499,1,65000,2170.28466796875
6500,1,65010,2170.595458984375
6501,1,65020,2171.41455078125
6502,1,65030,2171.846435546875
6503,1,65040,2172.227783203125
6504,1,65050,2173.003662109375
6505,1,65060,2173.990234375
6506,1,65070,2174.09619140625
6507,1,65080,2175.1123046875
6508,1,65090,2176.271728515625
6509,1,65100,2176.16552734375
6510,1,65110,2177.42919921875
6511,1,65120,2177.065185546875
6512,1,65130,2178.75390625
6513,1,65140,2179.629150390625
6514,1,65150,2179.58642578125
6515,1,65160,2180.267822265625
6516,1,65170,2181.1083984375
6517,1,65180,2181.4462890625
6518,1,65190,2182.14501953125
6519,1,65200,2182.43896484375
6520,1,65210,2183.529052734375
6521,1,65220,2184.575439453125
6522,1,65230,2184.6279296875
6523,1,65240,2185.76171875
6524,1,65250,2186.189453125
6525,1,65260,2186.906494140625
6526,1,65270,2187.30810546875
6527,1,65280,2188.03271484375
6528,1,65290,2188.511962890625
6529,1,65300,2189.37255859375
6530,1,65310,2189.645751953125
6531,1,65320,2190.552978515625
6532,1,65330,2191.326904296875
6533,1,65340,2191.677001953125
6534,1,65350,2193.010986328125
6535,1,65360,2192.784912109375
6536,1,65370,2194.192138671875
6537,1,65380,2194.469482421875
6538,1,65390,2195.296630859375
6539,1,65400,2195.715576171875
6540,1,65410,2196.626953125
6541,1,65420,2202.4970703125
6542,1,65430,2197.853515625
6543,1,65440,2197.848388671875
6544,1,65450,2200.0966796875
6545,1,65460,2200.114501953125
6546,1,65470,2200.152587890625
6547,1,65480,2201.319091796875
6548,1,65490,2201.57470703125
6549,1,65500,2202.50390625
6550,1,65510,2202.864013671875
6551,1,65520,2203.47998046875
6552,1,65530,2204.04248046875
6553,1,65540,2205.119140625
6554,1,65550,2205.22998046875
6555,1,65560,2206.102783203125
6556,1,65570,2207.356689453125
6557,1,65580,2207.23388671875
6558,1,65590,2208.481689453125
6559,1,65600,2208.35009765625
6560,1,65610,2209.8798828125
6561,1,65620,2210.160888671875
6562,1,65630,2210.827880859375
6563,1,65640,2211.418212890625
6564,1,65650,2212.358642578125
6565,1,65660,2212.4853515625
6566,1,65670,2213.4775390625
6567,1,65680,2214.041259765625
6568,1,65690,2214.449951171875
6569,1,65700,2215.80078125
6570,1,65710,2215.650146484375
6571,1,65720,2216.980224609375
6572,1,65730,2217.316162109375
6573,1,65740,2218.15380859375
6574,1,65750,2218.46728515625
6575,1,65760,2218.903076171875
6576,1,65770,2219.686767578125
6577,1,65780,2220.675537109375
6578,1,65790,2221.2119140625
6579,1,65800,2221.6240234375
6580,1,65810,2223.132568359375
6581,1,65820,2222.919677734375
6582,1,65830,2224.246826171875
6583,1,65840,2224.137451171875
6584,1,65850,2224.99853515625
6585,1,65860,2225.91552734375
6586,1,65870,2226.17529296875
6587,1,65880,2226.93359375
6588,1,65890,2228.09228515625
6589,1,65900,2228.474365234375
6590,1,65910,2229.528076171875
6591,1,65920,2229.748046875
6592,1,65930,2230.13037109375
6593,1,65940,2231.404052734375
6594,1,65950,2231.33837890625
6595,1,65960,2232.269287109375
6596,1,65970,2233.0068359375
6597,1,65980,2233.59716796875
6598,1,65990,2234.852783203125
6599,1,66000,2234.4599609375
6600,1,66010,2235.77587890625
6601,1,66020,2236.3798828125
6602,1,66030,2236.85009765625
6603,1,66040,2237.45849609375
6604,1,66050,2238.4384765625
6605,1,66060,2239.175048828125
6606,1,66070,2239.6162109375
6607,1,66080,2240.1279296875
6608,1,66090,2240.621337890625
6609,1,66100,2241.90576171875
6610,1,66110,2241.769775390625
6611,1,66120,2243.1435546875
6612,1,66130,2243.51416015625
6613,1,66140,2243.8203125
6614,1,66150,2244.703857421875
6615,1,66160,2245.029052734375
6616,1,66170,2246.210205078125
6617,1,66180,2246.7001953125
6618,1,66190,2247.560302734375
6619,1,66200,2247.772216796875
6620,1,66210,2249.722412109375
6621,1,66220,2249.22119140625
6622,1,66230,2250.0556640625
6623,1,66240,2250.25244140625
6624,1,66250,2251.15966796875
6625,1,66260,2252.279296875
6626,1,66270,2252.467529296875
6627,1,66280,2253.509521484375
6628,1,66290,2254.029296875
6629,1,66300,2254.748779296875
6630,1,66310,2255.198974609375
6631,1,66320,2255.5615234375
6632,1,66330,2256.374755859375
6633,1,66340,2257.43505859375
6634,1,66350,2258.069091796875
6635,1,66360,2258.932861328125
6636,1,66370,2259.591552734375
6637,1,66380,2259.64697265625
6638,1,66390,2260.92822265625
6639,1,66400,2260.6533203125
6640,1,66410,2261.885498046875
6641,1,66420,2262.55029296875
6642,1,66430,2262.9375
6643,1,66440,2264.213623046875
6644,1,66450,2264.462890625
6645,1,66460,2265.33740234375
6646,1,66470,2265.79931640625
6647,1,66480,2266.420654296875
6648,1,66490,2267.020751953125
6649,1,66500,2267.859619140625
6650,1,66510,2268.56982421875
6651,1,66520,2269.116455078125
6652,1,66530,2270.300537109375
6653,1,66540,2270.21533203125
6654,1,66550,2271.422119140625
6655,1,66560,2271.403076171875
6656,1,66570,2272.29833984375
6657,1,66580,2273.068115234375
6658,1,66590,2273.57958984375
6659,1,66600,2274.2587890625
6660,1,66610,2275.12744140625
6661,1,66620,2275.83837890625
6662,1,66630,2276.300537109375
6663,1,66640,2277.018798828125
6664,1,66650,2277.43994140625
6665,1,66660,2278.95068359375
6666,1,66670,2278.691162109375
6667,1,66680,2279.671630859375
6668,1,66690,2280.7568359375
6669,1,66700,2280.6708984375
6670,1,66710,2281.978759765625
6671,1,66720,2282.001953125
6672,1,66730,2282.791748046875
6673,1,66740,2283.694091796875
6674,1,66750,2283.986083984375
6675,1,66760,2285.337646484375
6676,1,66770,2285.698974609375
6677,1,66780,2286.30712890625
6678,1,66790,2286.935546875
6679,1,66800,2287.536376953125
6680,1,66810,2288.54833984375
6681,1,66820,2288.970947265625
6682,1,66830,2289.2470703125
6683,1,66840,2290.142578125
6684,1,66850,2291.47607421875
6685,1,66860,2291.201171875
6686,1,66870,2292.553466796875
6687,1,66880,2292.5439453125
6688,1,66890,2293.4580078125
6689,1,66900,2294.269775390625
6690,1,66910,2294.60009765625
6691,1,66920,2295.83837890625
6692,1,66930,2296.251220703125
6693,1,66940,2296.96875
6694,1,66950,2297.491943359375
6695,1,66960,2297.91162109375
6696,1,66970,2298.670166015625
6697,1,66980,2299.611572265625
6698,1,66990,2300.2548828125
6699,1,67000,2300.666748046875
6700,1,67010,2301.89892578125
6701,1,67020,2301.830322265625
6702,1,67030,2302.795166015625
6703,1,67040,2303.066650390625
6704,1,67050,2304.1708984375
6705,1,67060,2305.306884765625
6706,1,67070,2305.091796875
6707,1,67080,2306.409423828125
6708,1,67090,2306.87255859375
6709,1,67100,2307.70947265625
6710,1,67110,2308.17529296875
6711,1,67120,2308.4423828125
6712,1,67130,2309.8896484375
6713,1,67140,2310.239013671875
6714,1,67150,2310.87109375
6715,1,67160,2311.324462890625
6716,1,67170,2312.523681640625
6717,1,67180,2312.62255859375
6718,1,67190,2313.506591796875
6719,1,67200,2314.07177734375
6720,1,67210,2314.597412109375
6721,1,67220,2315.89599609375
6722,1,67230,2315.781982421875
6723,1,67240,2317.154052734375
6724,1,67250,2318.09912109375
6725,1,67260,2318.1279296875
6726,1,67270,2319.120361328125
6727,1,67280,2318.990234375
6728,1,67290,2320.524169921875
6729,1,67300,2320.905029296875
6730,1,67310,2321.23291015625
6731,1,67320,2321.980712890625
6732,1,67330,2323.023681640625
6733,1,67340,2323.671875
6734,1,67350,2324.03271484375
6735,1,67360,2324.682861328125
6736,1,67370,2325.390625
6737,1,67380,2326.149169921875
6738,1,67390,2326.51123046875
6739,1,67400,2327.486572265625
6740,1,67410,2328.6669921875
6741,1,67420,2328.525390625
6742,1,67430,2329.876220703125
6743,1,67440,2329.70361328125
6744,1,67450,2330.65478515625
6745,1,67460,2331.55517578125
6746,1,67470,2331.869140625
6747,1,67480,2333.02001953125
6748,1,67490,2333.709716796875
6749,1,67500,2334.4287109375
6750,1,67510,2334.7890625
6751,1,67520,2335.1513671875
6752,1,67530,2335.966552734375
6753,1,67540,2337.555908203125
6754,1,67550,2337.499755859375
6755,1,67560,2338.0078125
6756,1,67570,2339.276123046875
6757,1,67580,2339.180908203125
6758,1,67590,2340.231689453125
6759,1,67600,2340.94775390625
6760,1,67610,2341.311279296875
6761,1,67620,2342.71630859375
6762,1,67630,2342.49658203125
6763,1,67640,2343.43212890625
6764,1,67650,2344.336669921875
6765,1,67660,2344.78173828125
6766,1,67670,2346.0078125
6767,1,67680,2345.958251953125
6768,1,67690,2347.13525390625
6769,1,67700,2347.539306640625
6770,1,67710,2348.071533203125
6771,1,67720,2348.610107421875
6772,1,67730,2349.748779296875
6773,1,67740,2350.3251953125
6774,1,67750,2350.779541015625
6775,1,67760,2351.5126953125
6776,1,67770,2352.21240234375
6777,1,67780,2353.000732421875
6778,1,67790,2353.62890625
6779,1,67800,2354.211181640625
6780,1,67810,2355.378173828125
6781,1,67820,2355.23828125
6782,1,67830,2356.897705078125
6783,1,67840,2356.5234375
6784,1,67850,2357.61572265625
6785,1,67860,2358.581298828125
6786,1,67870,2358.671630859375
6787,1,67880,2359.868408203125
6788,1,67890,2360.43212890625
6789,1,67900,2360.89111328125
6790,1,67910,2362.02587890625
6791,1,67920,2361.71240234375
6792,1,67930,2363.280517578125
6793,1,67940,2363.658203125
6794,1,67950,2364.144775390625
6795,1,67960,2364.9736328125
6796,1,67970,2365.796875
6797,1,67980,2366.606201171875
6798,1,67990,2366.9453125
6799,1,68000,2367.612548828125
6800,1,68010,2368.20703125
6801,1,68020,2369.1396484375
6802,1,68030,2369.728759765625
6803,1,68040,2370.289306640625
6804,1,68050,2371.675048828125
6805,1,68060,2371.399658203125
6806,1,68070,2372.467529296875
6807,1,68080,2372.735107421875
6808,1,68090,2373.64404296875
6809,1,68100,2374.9287109375
6810,1,68110,2374.630859375
6811,1,68120,2376.213134765625
6812,1,68130,2376.58984375
6813,1,68140,2376.919677734375
6814,1,68150,2378.068359375
6815,1,68160,2378.10498046875
6816,1,68170,2379.565673828125
6817,1,68180,2379.8623046875
6818,1,68190,2380.20556640625
6819,1,68200,2381.57958984375
6820,1,68210,2381.9443359375
6821,1,68220,2382.6162109375
6822,1,68230,2383.1376953125
6823,1,68240,2383.52734375
6824,1,68250,2384.377197265625
6825,1,68260,2385.7978515625
6826,1,68270,2385.9765625
6827,1,68280,2386.505126953125
6828,1,68290,2387.314208984375
6829,1,68300,2387.644287109375
6830,1,68310,2388.72509765625
6831,1,68320,2389.377197265625
6832,1,68330,2389.783935546875
6833,1,68340,2391.01220703125
6834,1,68350,2390.947509765625
6835,1,68360,2391.992431640625
6836,1,68370,2393.017822265625
6837,1,68380,2393.20166015625
6838,1,68390,2394.4423828125
6839,1,68400,2394.86767578125
6840,1,68410,2395.340087890625
6841,1,68420,2396.412841796875
6842,1,68430,2396.372802734375
6843,1,68440,2397.6494140625
6844,1,68450,2398.183837890625
6845,1,68460,2398.5693359375
6846,1,68470,2399.78271484375
6847,1,68480,2399.758056640625
6848,1,68490,2401.017822265625
6849,1,68500,2401.45263671875
6850,1,68510,2401.98095703125
6851,1,68520,2402.57080078125
6852,1,68530,2403.744384765625
6853,1,68540,2404.72802734375
6854,1,68550,2404.806884765625
6855,1,68560,2405.250732421875
6856,1,68570,2406.0908203125
6857,1,68580,2407.04052734375
6858,1,68590,2407.598876953125
6859,1,68600,2408.128662109375
6860,1,68610,2409.618896484375
6861,1,68620,2409.416748046875
6862,1,68630,2410.385009765625
6863,1,68640,2411.00634765625
6864,1,68650,2411.407470703125
6865,1,68660,2412.715087890625
6866,1,68670,2412.5947265625
6867,1,68680,2414.12451171875
6868,1,68690,2414.93115234375
6869,1,68700,2414.781494140625
6870,1,68710,2416.302490234375
6871,1,68720,2415.928955078125
6872,1,68730,2417.031494140625
6873,1,68740,2418.172607421875
6874,1,68750,2418.007080078125
6875,1,68760,2419.411376953125
6876,1,68770,2419.75732421875
6877,1,68780,2420.37158203125
6878,1,68790,2421.652587890625
6879,1,68800,2421.420166015625
6880,1,68810,2422.73681640625
6881,1,68820,2423.64501953125
6882,1,68830,2423.56640625
6883,1,68840,2424.877685546875
6884,1,68850,2425.369384765625
6885,1,68860,2426.123779296875
6886,1,68870,2426.6005859375
6887,1,68880,2426.91357421875
6888,1,68890,2428.196533203125
6889,1,68900,2428.8388671875
6890,1,68910,2429.522216796875
6891,1,68920,2429.949462890625
6892,1,68930,2430.88818359375
6893,1,68940,2431.467529296875
6894,1,68950,2431.9375
6895,1,68960,2433.34326171875
6896,1,68970,2433.166015625
6897,1,68980,2434.184326171875
6898,1,68990,2434.8466796875
6899,1,69000,2435.446044921875
6900,1,69010,2436.640869140625
6901,1,69020,2436.550537109375
6902,1,69030,2437.54296875
6903,1,69040,2438.121826171875
6904,1,69050,2438.74462890625
6905,1,69060,2439.89306640625
6906,1,69070,2439.959228515625
6907,1,69080,2440.958740234375
6908,1,69090,2442.27099609375
6909,1,69100,2442.5322265625
6910,1,69110,2443.313720703125
6911,1,69120,2443.17138671875
6912,1,69130,2444.15185546875
6913,1,69140,2445.39453125
6914,1,69150,2445.389404296875
6915,1,69160,2446.7353515625
6916,1,69170,2447.1943359375
6917,1,69180,2447.63720703125
6918,1,69190,2448.870849609375
6919,1,69200,2448.73828125
6920,1,69210,2449.822998046875
6921,1,69220,2450.564208984375
6922,1,69230,2450.889404296875
6923,1,69240,2452.626708984375
6924,1,69250,2452.702392578125
6925,1,69260,2453.122314453125
6926,1,69270,2454.380126953125
6927,1,69280,2454.267333984375
6928,1,69290,2455.62744140625
6929,1,69300,2455.942138671875
6930,1,69310,2456.408203125
6931,1,69320,2457.68505859375
6932,1,69330,2458.107177734375
6933,1,69340,2458.82958984375
6934,1,69350,2459.4091796875
6935,1,69360,2459.7578125
6936,1,69370,2460.843994140625
6937,1,69380,2461.71923828125
6938,1,69390,2462.13525390625
6939,1,69400,2462.72021484375
6940,1,69410,2463.659423828125
6941,1,69420,2464.364501953125
6942,1,69430,2464.93212890625
6943,1,69440,2465.44580078125
6944,1,69450,2466.153564453125
6945,1,69460,2466.982666015625
6946,1,69470,2467.859375
6947,1,69480,2468.236083984375
6948,1,69490,2469.1708984375
6949,1,69500,2469.858642578125
6950,1,69510,2470.30908203125
6951,1,69520,2471.06103515625
6952,1,69530,2471.648193359375
6953,1,69540,2472.4755859375
6954,1,69550,2473.150634765625
6955,1,69560,2473.6689453125
6956,1,69570,2475.011474609375
6957,1,69580,2475.007568359375
6958,1,69590,2475.922607421875
6959,1,69600,2476.66650390625
6960,1,69610,2477.198486328125
6961,1,69620,2478.066162109375
6962,1,69630,2478.375
6963,1,69640,2479.19921875
6964,1,69650,2481.0693359375
6965,1,69660,2480.532958984375
6966,1,69670,2481.400146484375
6967,1,69680,2482.22998046875
6968,1,69690,2482.587646484375
6969,1,69700,2484.10009765625
6970,1,69710,2483.814453125
6971,1,69720,2484.854736328125
6972,1,69730,2486.10302734375
6973,1,69740,2486.046630859375
6974,1,69750,2486.8857421875
6975,1,69760,2492.730712890625
6976,1,69770,2488.3095703125
6977,1,69780,2489.5576171875
6978,1,69790,2489.587890625
6979,1,69800,2490.309326171875
6980,1,69810,2491.61572265625
6981,1,69820,2491.41455078125
6982,1,69830,2492.873291015625
6983,1,69840,2492.69775390625
6984,1,69850,2493.756103515625
6985,1,69860,2494.94482421875
6986,1,69870,2494.9365234375
6987,1,69880,2496.1298828125
6988,1,69890,2496.656494140625
6989,1,69900,2497.144775390625
6990,1,69910,2498.422119140625
6991,1,69920,2498.68994140625
6992,1,69930,2499.1787109375
6993,1,69940,2500.599365234375
6994,1,69950,2500.4345703125
6995,1,69960,2501.65283203125
6996,1,69970,2502.152587890625
6997,1,69980,2502.647216796875
6998,1,69990,2503.89306640625
6999,1,70000,2503.731201171875
7000,1,70010,2504.6083984375
7001,1,70020,2505.939453125
7002,1,70030,2505.968017578125
7003,1,70040,2507.383056640625
7004,1,70050,2507.6494140625
7005,1,70060,2508.64453125
7006,1,70070,2509.43603515625
7007,1,70080,2509.220703125
7008,1,70090,2510.18359375
7009,1,70100,2511.15380859375
7010,1,70110,2511.408447265625
7011,1,70120,2512.925048828125
7012,1,70130,2513.385986328125
7013,1,70140,2513.767333984375
7014,1,70150,2515.023193359375
7015,1,70160,2514.872802734375
7016,1,70170,2516.204833984375
7017,1,70180,2516.71826171875
7018,1,70190,2517.678955078125
7019,1,70200,2518.290283203125
7020,1,70210,2518.72021484375
7021,1,70220,2519.24560546875
7022,1,70230,2520.49462890625
7023,1,70240,2520.4833984375
7024,1,70250,2521.650146484375
7025,1,70260,2522.270263671875
7026,1,70270,2522.677001953125
7027,1,70280,2523.810791015625
7028,1,70290,2524.27587890625
7029,1,70300,2524.720947265625
7030,1,70310,2525.9404296875
7031,1,70320,2525.997802734375
7032,1,70330,2527.5224609375
7033,1,70340,2527.825927734375
7034,1,70350,2528.227783203125
7035,1,70360,2529.4951171875
7036,1,70370,2529.9169921875
7037,1,70380,2530.449462890625
7038,1,70390,2531.557373046875
7039,1,70400,2531.41845703125
7040,1,70410,2532.851806640625
7041,1,70420,2533.398193359375
7042,1,70430,2533.71630859375
7043,1,70440,2535.056884765625
7044,1,70450,2535.545166015625
7045,1,70460,2536.4755859375
7046,1,70470,2537.19873046875
7047,1,70480,2537.01708984375
7048,1,70490,2538.227783203125
7049,1,70500,2539.89599609375
7050,1,70510,2539.30419921875
7051,1,70520,2540.45263671875
7052,1,70530,2541.0810546875
7053,1,70540,2541.504150390625
7054,1,70550,2542.781005859375
7055,1,70560,2542.68115234375
7056,1,70570,2543.608154296875
7057,1,70580,2544.34375
7058,1,70590,2545.636962890625
7059,1,70600,2546.2333984375
7060,1,70610,2546.57958984375
7061,1,70620,2547.17626953125
7062,1,70630,2548.380126953125
7063,1,70640,2548.27001953125
7064,1,70650,2549.24609375
7065,1,70660,2550.490234375
7066,1,70670,2550.46875
7067,1,70680,2551.84228515625
7068,1,70690,2552.189453125
7069,1,70700,2552.677001953125
7070,1,70710,2553.892333984375
7071,1,70720,2553.845947265625
7072,1,70730,2554.83837890625
7073,1,70740,2556.007568359375
7074,1,70750,2555.9716796875
7075,1,70760,2557.037841796875
7076,1,70770,2558.177734375
7077,1,70780,2558.005859375
7078,1,70790,2559.535400390625
7079,1,70800,2559.3544921875
7080,1,70810,2560.57861328125
7081,1,70820,2561.671630859375
7082,1,70830,2561.484619140625
7083,1,70840,2562.61767578125
7084,1,70850,2563.760498046875
7085,1,70860,2564.26416015625
7086,1,70870,2565.02880859375
7087,1,70880,2564.9697265625
7088,1,70890,2566.074462890625
7089,1,70900,2567.190185546875
7090,1,70910,2567.014404296875
7091,1,70920,2568.178955078125
7092,1,70930,2569.487548828125
7093,1,70940,2569.35546875
7094,1,70950,2570.822509765625
7095,1,70960,2570.692138671875
7096,1,70970,2571.7705078125
7097,1,70980,2572.788818359375
7098,1,70990,2573.256103515625
7099,1,71000,2573.862060546875
7100,1,71010,2574.9580078125
7101,1,71020,2575.18798828125
7102,1,71030,2575.869384765625
7103,1,71040,2576.1640625
7104,1,71050,2577.151123046875
7105,1,71060,2578.428466796875
7106,1,71070,2578.314697265625
7107,1,71080,2579.451416015625
7108,1,71090,2580.72119140625
7109,1,71100,2580.6484375
7110,1,71110,2581.472412109375
7111,1,71120,2582.240234375
7112,1,71130,2582.78955078125
7113,1,71140,2584.082763671875
7114,1,71150,2584.057861328125
7115,1,71160,2585.126708984375
7116,1,71170,2586.253662109375
7117,1,71180,2586.054931640625
7118,1,71190,2587.103271484375
7119,1,71200,2587.966552734375
7120,1,71210,2588.4990234375
7121,1,71220,2589.341064453125
7122,1,71230,2590.1044921875
7123,1,71240,2590.56689453125
7124,1,71250,2591.9970703125
7125,1,71260,2591.901123046875
7126,1,71270,2592.74365234375
7127,1,71280,2593.45751953125
7128,1,71290,2593.962158203125
7129,1,71300,2595.059814453125
7130,1,71310,2595.6572265625
7131,1,71320,2596.030517578125
7132,1,71330,2597.279296875
7133,1,71340,2597.893310546875
7134,1,71350,2598.37939453125
7135,1,71360,2599.046142578125
7136,1,71370,2599.681640625
7137,1,71380,2600.7021484375
7138,1,71390,2601.9404296875
7139,1,71400,2601.846923828125
7140,1,71410,2602.823486328125
7141,1,71420,2603.588623046875
7142,1,71430,2604.064208984375
7143,1,71440,2604.409912109375
7144,1,71450,2605.848388671875
7145,1,71460,2606.079345703125
7146,1,71470,2607.0693359375
7147,1,71480,2607.5146484375
7148,1,71490,2608.436767578125
7149,1,71500,2609.026123046875
7150,1,71510,2609.62939453125
7151,1,71520,2610.616943359375
7152,1,71530,2611.319091796875
7153,1,71540,2611.931640625
7154,1,71550,2612.317138671875
7155,1,71560,2613.627197265625
7156,1,71570,2614.073974609375
7157,1,71580,2614.768310546875
7158,1,71590,2615.306640625
7159,1,71600,2615.695068359375
7160,1,71610,2617.02685546875
7161,1,71620,2617.4130859375
7162,1,71630,2617.835205078125
7163,1,71640,2619.3916015625
7164,1,71650,2620.3779296875
7165,1,71660,2620.124267578125
7166,1,71670,2621.41015625
7167,1,71680,2621.326904296875
7168,1,71690,2622.33837890625
7169,1,71700,2623.478271484375
7170,1,71710,2623.425048828125
7171,1,71720,2624.7890625
7172,1,71730,2625.37841796875
7173,1,71740,2625.935546875
7174,1,71750,2627.220947265625
7175,1,71760,2626.808837890625
7176,1,71770,2627.91943359375
7177,1,71780,2629.72021484375
7178,1,71790,2629.171142578125
7179,1,71800,2630.239501953125
7180,1,71810,2631.361328125
7181,1,71820,2631.301025390625
7182,1,71830,2632.54638671875
7183,1,71840,2632.917724609375
7184,1,71850,2633.6416015625
7185,1,71860,2634.804443359375
7186,1,71870,2634.80517578125
7187,1,71880,2635.936279296875
7188,1,71890,2637.14697265625
7189,1,71900,2637.034912109375
7190,1,71910,2638.507080078125
7191,1,71920,2638.700927734375
7192,1,71930,2639.191162109375
7193,1,71940,2640.255615234375
7194,1,71950,2640.93115234375
7195,1,71960,2641.460693359375
7196,1,71970,2642.413818359375
7197,1,71980,2643.22119140625
7198,1,71990,2643.793212890625
7199,1,72000,2644.017822265625
7200,1,72010,2645.4384765625
7201,1,72020,2645.7275390625
7202,1,72030,2646.6162109375
7203,1,72040,2647.537841796875
7204,1,72050,2648.221435546875
7205,1,72060,2648.61181640625
7206,1,72070,2649.29248046875
7207,1,72080,2649.815673828125
7208,1,72090,2651.01416015625
7209,1,72100,2651.60791015625
7210,1,72110,2651.952392578125
7211,1,72120,2653.134521484375
7212,1,72130,2653.689453125
7213,1,72140,2654.05908203125
7214,1,72150,2655.495361328125
7215,1,72160,2655.239990234375
7216,1,72170,2657.007080078125
7217,1,72180,2657.617919921875
7218,1,72190,2657.404541015625
7219,1,72200,2658.55859375
7220,1,72210,2659.96044921875
7221,1,72220,2659.65771484375
7222,1,72230,2661.216796875
7223,1,72240,2661.081298828125
7224,1,72250,2662.245361328125
7225,1,72260,2663.36181640625
7226,1,72270,2663.294921875
7227,1,72280,2664.4482421875
7228,1,72290,2665.716552734375
7229,1,72300,2665.642333984375
7230,1,72310,2666.488037109375
7231,1,72320,2667.152099609375
7232,1,72330,2667.684326171875
7233,1,72340,2668.72900390625
7234,1,72350,2669.466552734375
7235,1,72360,2669.8603515625
7236,1,72370,2670.882568359375
7237,1,72380,2671.625
7238,1,72390,2672.232421875
7239,1,72400,2672.54638671875
7240,1,72410,2673.88623046875
7241,1,72420,2674.232666015625
7242,1,72430,2674.83935546875
7243,1,72440,2675.956298828125
7244,1,72450,2676.576171875
7245,1,72460,2676.81103515625
7246,1,72470,2678.312744140625
7247,1,72480,2678.089599609375
7248,1,72490,2679.534423828125
7249,1,72500,2680.0830078125
7250,1,72510,2680.483642578125
7251,1,72520,2681.789306640625
7252,1,72530,2682.197265625
7253,1,72540,2682.895751953125
7254,1,72550,2684.503173828125
7255,1,72560,2683.80908203125
7256,1,72570,2684.808349609375
7257,1,72580,2686.262939453125
7258,1,72590,2686.06591796875
7259,1,72600,2687.27490234375
7260,1,72610,2688.41552734375
7261,1,72620,2688.351318359375
7262,1,72630,2689.385009765625
7263,1,72640,2690.041748046875
7264,1,72650,2690.646728515625
7265,1,72660,2691.48974609375
7266,1,72670,2692.24609375
7267,1,72680,2693.2802734375
7268,1,72690,2693.8037109375
7269,1,72700,2694.47119140625
7270,1,72710,2694.9931640625
7271,1,72720,2695.49462890625
7272,1,72730,2696.740966796875
7273,1,72740,2697.222900390625
7274,1,72750,2697.626220703125
7275,1,72760,2699.075439453125
7276,1,72770,2699.46337890625
7277,1,72780,2699.870849609375
7278,1,72790,2701.2275390625
7279,1,72800,2700.907958984375
7280,1,72810,2702.332763671875
7281,1,72820,2703.353759765625
7282,1,72830,2703.53369140625
7283,1,72840,2704.291748046875
7284,1,72850,2705.61376953125
7285,1,72860,2705.526611328125
7286,1,72870,2706.7919921875
7287,1,72880,2707.37744140625
7288,1,72890,2707.752685546875
7289,1,72900,2708.862548828125
7290,1,72910,2709.60009765625
7291,1,72920,2710.121337890625
7292,1,72930,2711.591796875
7293,1,72940,2711.84521484375
7294,1,72950,2712.2880859375
7295,1,72960,2712.5361328125
7296,1,72970,2713.984375
7297,1,72980,2714.479736328125
7298,1,72990,2714.856201171875
7299,1,73000,2716.275634765625
7300,1,73010,2716.6923828125
7301,1,73020,2717.0869140625
7302,1,73030,2718.25048828125
7303,1,73040,2718.370849609375
7304,1,73050,2719.462890625
7305,1,73060,2720.691650390625
7306,1,73070,2720.578369140625
7307,1,73080,2721.670654296875
7308,1,73090,2722.870361328125
7309,1,73100,2722.777099609375
7310,1,73110,2723.949951171875
7311,1,73120,2724.507568359375
7312,1,73130,2725.079833984375
7313,1,73140,2726.071044921875
7314,1,73150,2726.691650390625
7315,1,73160,2727.2861328125
7316,1,73170,2728.40625
7317,1,73180,2729.577392578125
7318,1,73190,2729.64697265625
7319,1,73200,2729.97607421875
7320,1,73210,2731.418701171875
7321,1,73220,2731.768310546875
7322,1,73230,2732.242431640625
7323,1,73240,2733.5419921875
7324,1,73250,2733.960693359375
7325,1,73260,2734.515625
7326,1,73270,2735.80078125
7327,1,73280,2735.48779296875
7328,1,73290,2736.811279296875
7329,1,73300,2737.94384765625
7330,1,73310,2737.88330078125
7331,1,73320,2738.93701171875
7332,1,73330,2740.239990234375
7333,1,73340,2740.08837890625
7334,1,73350,2741.160888671875
7335,1,73360,2741.772705078125
7336,1,73370,2742.4794921875
7337,1,73380,2743.4814453125
7338,1,73390,2744.177978515625
7339,1,73400,2744.6103515625
7340,1,73410,2745.566650390625
7341,1,73420,2746.5
7342,1,73430,2747.46923828125
7343,1,73440,2747.347412109375
7344,1,73450,2748.718017578125
7345,1,73460,2749.123291015625
7346,1,73470,2749.45263671875
7347,1,73480,2750.82373046875
7348,1,73490,2751.27685546875
7349,1,73500,2751.796142578125
7350,1,73510,2753.134033203125
7351,1,73520,2752.98095703125
7352,1,73530,2754.078125
7353,1,73540,2755.434814453125
7354,1,73550,2755.315185546875
7355,1,73560,2756.239501953125
7356,1,73570,2757.4228515625
7357,1,73580,2757.410888671875
7358,1,73590,2758.608154296875
7359,1,73600,2759.283447265625
7360,1,73610,2760.1875
7361,1,73620,2760.579345703125
7362,1,73630,2761.612548828125
7363,1,73640,2762.33154296875
7364,1,73650,2762.947265625
7365,1,73660,2769.824951171875
7366,1,73670,2764.711669921875
7367,1,73680,2765.25341796875
7368,1,73690,2765.64599609375
7369,1,73700,2766.813232421875
7370,1,73710,2766.890380859375
7371,1,73720,2767.78759765625
7372,1,73730,2769.260009765625
7373,1,73740,2769.20263671875
7374,1,73750,2770.25048828125
7375,1,73760,2770.776123046875
7376,1,73770,2771.344482421875
7377,1,73780,2772.4736328125
7378,1,73790,2773.08740234375
7379,1,73800,2773.688232421875
7380,1,73810,2774.56201171875
7381,1,73820,2775.433349609375
7382,1,73830,2776.00439453125
7383,1,73840,2776.416015625
7384,1,73850,2777.7587890625
7385,1,73860,2778.189208984375
7386,1,73870,2778.538330078125
7387,1,73880,2779.762451171875
7388,1,73890,2780.79443359375
7389,1,73900,2780.7724609375
7390,1,73910,2781.79736328125
7391,1,73920,2782.3623046875
7392,1,73930,2783.061279296875
7393,1,73940,2783.997314453125
7394,1,73950,2784.745361328125
7395,1,73960,2785.244140625
7396,1,73970,2786.484130859375
7397,1,73980,2786.897216796875
7398,1,73990,2787.604736328125
7399,1,74000,2787.884765625
7400,1,74010,2789.193359375
7401,1,74020,2789.9208984375
7402,1,74030,2790.258056640625
7403,1,74040,2791.57373046875
7404,1,74050,2792.615234375
7405,1,74060,2792.474365234375
7406,1,74070,2793.677978515625
7407,1,74080,2794.04638671875
7408,1,74090,2794.85546875
7409,1,74100,2796.156005859375
7410,1,74110,2796.419921875
7411,1,74120,2796.828857421875
7412,1,74130,2797.88818359375
7413,1,74140,2798.714599609375
7414,1,74150,2799.34619140625
7415,1,74160,2799.67333984375
7416,1,74170,2801.451904296875
7417,1,74180,2801.52880859375
7418,1,74190,2801.8466796875
7419,1,74200,2803.077880859375
7420,1,74210,2803.76513671875
7421,1,74220,2804.14306640625
7422,1,74230,2805.485595703125
7423,1,74240,2805.3125
7424,1,74250,2806.465087890625
7425,1,74260,2807.721435546875
7426,1,74270,2808.06982421875
7427,1,74280,2808.54248046875
7428,1,74290,2810.246826171875
7429,1,74300,2810.35693359375
7430,1,74310,2810.83203125
7431,1,74320,2811.301025390625
7432,1,74330,2812.637939453125
7433,1,74340,2813.19384765625
7434,1,74350,2813.578857421875
7435,1,74360,2814.917236328125
7436,1,74370,2815.395751953125
7437,1,74380,2815.9130859375
7438,1,74390,2817.035888671875
7439,1,74400,2817.5810546875
7440,1,74410,2818.1953125
7441,1,74420,2819.108642578125
7442,1,74430,2819.8349609375
7443,1,74440,2820.313232421875
7444,1,74450,2821.333740234375
7445,1,74460,2822.157470703125
7446,1,74470,2822.564453125
7447,1,74480,2822.970947265625
7448,1,74490,2824.438232421875
7449,1,74500,2824.91748046875
7450,1,74510,2825.326904296875
7451,1,74520,2826.68505859375
7452,1,74530,2827.7646484375
7453,1,74540,2827.525390625
7454,1,74550,2828.83837890625
7455,1,74560,2829.175537109375
7456,1,74570,2829.720458984375
7457,1,74580,2831.038818359375
7458,1,74590,2831.4775390625
7459,1,74600,2832.03564453125
7460,1,74610,2832.972412109375
7461,1,74620,2833.8984375
7462,1,74630,2834.233642578125
7463,1,74640,2834.7890625
7464,1,74650,2836.1474609375
7465,1,74660,2837.1171875
7466,1,74670,2837.14111328125
7467,1,74680,2837.955810546875
7468,1,74690,2839.365478515625
7469,1,74700,2839.217529296875
7470,1,74710,2840.471923828125
7471,1,74720,2840.819091796875
7472,1,74730,2841.588623046875
7473,1,74740,2842.770263671875
7474,1,74750,2843.35107421875
7475,1,74760,2844.192138671875
7476,1,74770,2844.726318359375
7477,1,74780,2845.218994140625
7478,1,74790,2846.42822265625
7479,1,74800,2846.494140625
7480,1,74810,2847.51220703125
7481,1,74820,2848.784912109375
7482,1,74830,2848.662841796875
7483,1,74840,2849.921875
7484,1,74850,2851.13916015625
7485,1,74860,2850.916748046875
7486,1,74870,2852.078369140625
7487,1,74880,2852.402099609375
7488,1,74890,2853.807861328125
7489,1,74900,2854.332763671875
7490,1,74910,2854.658447265625
7491,1,74920,2855.917236328125
7492,1,74930,2856.52197265625
7493,1,74940,2857.10498046875
7494,1,74950,2858.359619140625
7495,1,74960,2858.76708984375
7496,1,74970,2859.15966796875
7497,1,74980,2860.46142578125
7498,1,74990,2860.94189453125
7499,1,75000,2861.57763671875
7500,1,75010,2862.66064453125
7501,1,75020,2863.266845703125
7502,1,75030,2863.91259765625
7503,1,75040,2864.300048828125
7504,1,75050,2865.501708984375
7505,1,75060,2866.557373046875
7506,1,75070,2866.593994140625
7507,1,75080,2867.42236328125
7508,1,75090,2868.66796875
7509,1,75100,2868.74267578125
7510,1,75110,2869.83203125
7511,1,75120,2870.532958984375
7512,1,75130,2871.20068359375
7513,1,75140,2872.222900390625
7514,1,75150,2872.56298828125
7515,1,75160,2873.811767578125
7516,1,75170,2874.278076171875
7517,1,75180,2874.730224609375
7518,1,75190,2876.076416015625
7519,1,75200,2876.141357421875
7520,1,75210,2877.076171875
7521,1,75220,2878.42578125
7522,1,75230,2878.7197265625
7523,1,75240,2879.38427734375
7524,1,75250,2880.879150390625
7525,1,75260,2880.8818359375
7526,1,75270,2881.690185546875
7527,1,75280,2881.845703125
7528,1,75290,2883.36376953125
7529,1,75300,2883.873291015625
7530,1,75310,2884.369140625
7531,1,75320,2885.58837890625
7532,1,75330,2886.580322265625
7533,1,75340,2886.615966796875
7534,1,75350,2887.611328125
7535,1,75360,2888.309326171875
7536,1,75370,2889.53955078125
7537,1,75380,2889.906005859375
7538,1,75390,2890.688720703125
7539,1,75400,2891.528564453125
7540,1,75410,2892.0966796875
7541,1,75420,2892.688720703125
7542,1,75430,2893.892333984375
7543,1,75440,2893.8310546875
7544,1,75450,2894.806640625
7545,1,75460,2896.19775390625
7546,1,75470,2896.611572265625
7547,1,75480,2897.028564453125
7548,1,75490,2898.7275390625
7549,1,75500,2898.950439453125
7550,1,75510,2899.519287109375
7551,1,75520,2899.75048828125
7552,1,75530,2901.19775390625
7553,1,75540,2901.690673828125
7554,1,75550,2902.015869140625
7555,1,75560,2903.0234375
7556,1,75570,2904.53955078125
7557,1,75580,2904.325439453125
7558,1,75590,2905.53125
7559,1,75600,2906.145751953125
7560,1,75610,2906.64990234375
7561,1,75620,2907.7568359375
7562,1,75630,2908.10888671875
7563,1,75640,2909.475341796875
7564,1,75650,2909.91796875
7565,1,75660,2910.43505859375
7566,1,75670,2911.753173828125
7567,1,75680,2911.82470703125
7568,1,75690,2912.701416015625
7569,1,75700,2913.959716796875
7570,1,75710,2914.227783203125
7571,1,75720,2915.032470703125
7572,1,75730,2916.055419921875
7573,1,75740,2916.690673828125
7574,1,75750,2917.384765625
7575,1,75760,2917.80224609375
7576,1,75770,2918.705078125
7577,1,75780,2920.107177734375
7578,1,75790,2919.7919921875
7579,1,75800,2920.970458984375
7580,1,75810,2922.3583984375
7581,1,75820,2922.187744140625
7582,1,75830,2923.4130859375
7583,1,75840,2924.23876953125
7584,1,75850,2924.92529296875
7585,1,75860,2925.516845703125
7586,1,75870,2926.1015625
7587,1,75880,2927.38330078125
7588,1,75890,2928.217529296875
7589,1,75900,2928.14208984375
7590,1,75910,2929.4873046875
7591,1,75920,2929.837158203125
7592,1,75930,2930.552978515625
7593,1,75940,2931.650634765625
7594,1,75950,2932.490966796875
7595,1,75960,2933.49560546875
7596,1,75970,2933.66748046875
7597,1,75980,2934.47998046875
7598,1,75990,2935.662353515625
7599,1,76000,2935.555908203125
7600,1,76010,2937.832763671875
7601,1,76020,2937.86083984375
7602,1,76030,2938.328125
7603,1,76040,2938.69873046875
7604,1,76050,2939.95263671875
7605,1,76060,2940.680419921875
7606,1,76070,2941.927978515625
7607,1,76080,2941.606201171875
7608,1,76090,2942.712158203125
7609,1,76100,2944.013916015625
7610,1,76110,2943.835693359375
7611,1,76120,2945.126220703125
7612,1,76130,2946.279541015625
7613,1,76140,2946.787353515625
7614,1,76150,2947.14306640625
7615,1,76160,2947.67626953125
7616,1,76170,2949.045166015625
7617,1,76180,2949.578857421875
7618,1,76190,2950.72265625
7619,1,76200,2951.363037109375
7620,1,76210,2952.00341796875
7621,1,76220,2952.088623046875
7622,1,76230,2953.30078125
7623,1,76240,2953.987060546875
7624,1,76250,2954.881103515625
7625,1,76260,2955.494384765625
7626,1,76270,2956.041259765625
7627,1,76280,2957.237060546875
7628,1,76290,2957.79833984375
7629,1,76300,2958.26171875
7630,1,76310,2959.6533203125
7631,1,76320,2959.974853515625
7632,1,76330,2960.48046875
7633,1,76340,2961.663818359375
7634,1,76350,2962.669189453125
7635,1,76360,2962.90087890625
7636,1,76370,2964.141845703125
7637,1,76380,2964.337158203125
7638,1,76390,2965.62353515625
7639,1,76400,2965.555908203125
7640,1,76410,2966.44677734375
7641,1,76420,2968.32080078125
7642,1,76430,2968.4013671875
7643,1,76440,2969.087890625
7644,1,76450,2969.901123046875
7645,1,76460,2970.748779296875
7646,1,76470,2971.5283203125
7647,1,76480,2971.451904296875
7648,1,76490,2972.55126953125
7649,1,76500,2973.961181640625
7650,1,76510,2973.81689453125
7651,1,76520,2974.89990234375
7652,1,76530,2976.15087890625
7653,1,76540,2976.75830078125
7654,1,76550,2977.08740234375
7655,1,76560,2977.64111328125
7656,1,76570,2979.048828125
7657,1,76580,2979.975341796875
7658,1,76590,2979.736083984375
7659,1,76600,2981.067626953125
7660,1,76610,2982.495849609375
7661,1,76620,2982.22509765625
7662,1,76630,2983.322509765625
7663,1,76640,2983.620361328125
7664,1,76650,2985.708251953125
7665,1,76660,2985.50537109375
7666,1,76670,2986.04736328125
7667,1,76680,2987.214599609375
7668,1,76690,2988.3193359375
7669,1,76700,2988.232421875
7670,1,76710,2989.368408203125
7671,1,76720,2990.255859375
7672,1,76730,2991.0390625
7673,1,76740,2991.5830078125
7674,1,76750,2991.9052734375
7675,1,76760,2993.9638671875
7676,1,76770,2993.873779296875
7677,1,76780,2994.6396484375
7678,1,76790,2995.861083984375
7679,1,76800,2996.055908203125
7680,1,76810,2996.635986328125
7681,1,76820,2997.856201171875
7682,1,76830,2998.559326171875
7683,1,76840,2999.326416015625
7684,1,76850,2999.91845703125
7685,1,76860,3000.511474609375
7686,1,76870,3001.7470703125
7687,1,76880,3002.078125
7688,1,76890,3002.60498046875
7689,1,76900,3003.601806640625
7690,1,76910,3004.65380859375
7691,1,76920,3005.384765625
7692,1,76930,3006.099853515625
7693,1,76940,3006.328125
7694,1,76950,3007.892333984375
7695,1,76960,3007.594970703125
7696,1,76970,3008.728759765625
7697,1,76980,3009.724365234375
7698,1,76990,3010.991455078125
7699,1,77000,3011.164794921875
7700,1,77010,3012.176513671875
7701,1,77020,3012.91259765625
7702,1,77030,3013.88916015625
7703,1,77040,3013.68408203125
7704,1,77050,3014.917236328125
7705,1,77060,3016.031982421875
7706,1,77070,3016.578125
7707,1,77080,3017.011962890625
7708,1,77090,3018.187744140625
7709,1,77100,3020.25390625
7710,1,77110,3020.034912109375
7711,1,77120,3019.836669921875
7712,1,77130,3020.84912109375
7713,1,77140,3022.35546875
7714,1,77150,3022.5732421875
7715,1,77160,3023.05908203125
7716,1,77170,3024.14990234375
7717,1,77180,3025.074462890625
7718,1,77190,3025.83935546875
7719,1,77200,3026.1962890625
7720,1,77210,3026.89453125
7721,1,77220,3028.6591796875
7722,1,77230,3028.165283203125
7723,1,77240,3029.31591796875
7724,1,77250,3030.337890625
7725,1,77260,3030.927001953125
7726,1,77270,3031.61083984375
7727,1,77280,3031.75830078125
7728,1,77290,3033.011962890625
7729,1,77300,3034.494140625
7730,1,77310,3034.402587890625
7731,1,77320,3035.452880859375
7732,1,77330,3037.095458984375
7733,1,77340,3037.17236328125
7734,1,77350,3037.625244140625
7735,1,77360,3038.3330078125
7736,1,77370,3039.494384765625
7737,1,77380,3040.3203125
7738,1,77390,3040.51416015625
7739,1,77400,3041.535888671875
7740,1,77410,3042.888671875
7741,1,77420,3043.173828125
7742,1,77430,3043.863037109375
7743,1,77440,3044.75
7744,1,77450,3045.8330078125
7745,1,77460,3046.5205078125
7746,1,77470,3046.458740234375
7747,1,77480,3047.519287109375
7748,1,77490,3049.03759765625
7749,1,77500,3049.4375
7750,1,77510,3049.974853515625
7751,1,77520,3050.3388671875
7752,1,77530,3051.927978515625
7753,1,77540,3052.530517578125
7754,1,77550,3053.268310546875
7755,1,77560,3053.8310546875
7756,1,77570,3055.05029296875
7757,1,77580,3055.346435546875
7758,1,77590,3055.94189453125
7759,1,77600,3056.28125
7760,1,77610,3057.98291015625
7761,1,77620,3058.63720703125
7762,1,77630,3058.8017578125
7763,1,77640,3059.80908203125
7764,1,77650,3061.1240234375
7765,1,77660,3061.411376953125
7766,1,77670,3062.36083984375
7767,1,77680,3062.705078125
7768,1,77690,3063.861572265625
7769,1,77700,3064.9111328125
7770,1,77710,3064.718994140625
7771,1,77720,3066.035888671875
7772,1,77730,3067.275146484375
7773,1,77740,3067.691650390625
7774,1,77750,3068.161376953125
7775,1,77760,3068.726318359375
7776,1,77770,3070.026611328125
7777,1,77780,3071.175048828125
7778,1,77790,3070.989013671875
7779,1,77800,3072.22802734375
7780,1,77810,3073.023193359375
7781,1,77820,3073.591796875
7782,1,77830,3074.3310546875
7783,1,77840,3074.762939453125
7784,1,77850,3076.030517578125
7785,1,77860,3077.062255859375
7786,1,77870,3077.095458984375
7787,1,77880,3078.61474609375
7788,1,77890,3079.531494140625
7789,1,77900,3079.634765625
7790,1,77910,3080.94921875
7791,1,77920,3080.802978515625
7792,1,77930,3082.77880859375
7793,1,77940,3083.097900390625
7794,1,77950,3083.0673828125
7795,1,77960,3084.408203125
7796,1,77970,3085.511474609375
7797,1,77980,3085.955810546875
7798,1,77990,3086.5185546875
7799,1,78000,3087.013671875
7800,1,78010,3088.248779296875
7801,1,78020,3089.238525390625
7802,1,78030,3089.048095703125
7803,1,78040,3090.404296875
7804,1,78050,3091.248291015625
7805,1,78060,3092.050048828125
7806,1,78070,3092.6171875
7807,1,78080,3092.974853515625
7808,1,78090,3094.38330078125
7809,1,78100,3095.591552734375
7810,1,78110,3096.336669921875
7811,1,78120,3096.457763671875
7812,1,78130,3097.53662109375
7813,1,78140,3098.257080078125
7814,1,78150,3099.108154296875
7815,1,78160,3099.239990234375
7816,1,78170,3100.226318359375
7817,1,78180,3101.664794921875
7818,1,78190,3102.048583984375
7819,1,78200,3102.5732421875
7820,1,78210,3103.47705078125
7821,1,78220,3104.597412109375
7822,1,78230,3105.17236328125
7823,1,78240,3105.159423828125
7824,1,78250,3106.837646484375
7825,1,78260,3107.598388671875
7826,1,78270,3108.337158203125
7827,1,78280,3108.526123046875
7828,1,78290,3110.2138671875
7829,1,78300,3110.091552734375
7830,1,78310,3111.56298828125
7831,1,78320,3111.8330078125
7832,1,78330,3112.974853515625
7833,1,78340,3113.885009765625
7834,1,78350,3114.399169921875
7835,1,78360,3115.40380859375
7836,1,78370,3116.044921875
7837,1,78380,3116.46142578125
7838,1,78390,3117.646728515625
7839,1,78400,3117.917724609375
7840,1,78410,3118.72509765625
7841,1,78420,3119.684814453125
7842,1,78430,3120.36083984375
7843,1,78440,3121.498291015625
7844,1,78450,3122.336181640625
7845,1,78460,3122.58984375
7846,1,78470,3123.564208984375
7847,1,78480,3124.13818359375
7848,1,78490,3125.1611328125
7849,1,78500,3125.8271484375
7850,1,78510,3126.185302734375
7851,1,78520,3127.435791015625
7852,1,78530,3128.57177734375
7853,1,78540,3128.475830078125
7854,1,78550,3129.67431640625
7855,1,78560,3130.28271484375
7856,1,78570,3131.48583984375
7857,1,78580,3132.307373046875
7858,1,78590,3132.566650390625
7859,1,78600,3133.69091796875
7860,1,78610,3134.69775390625
7861,1,78620,3135.1923828125
7862,1,78630,3135.727783203125
7863,1,78640,3136.008544921875
7864,1,78650,3137.957275390625
7865,1,78660,3138.470947265625
7866,1,78670,3138.34033203125
7867,1,78680,3139.457275390625
7868,1,78690,3140.890625
7869,1,78700,3141.28125
7870,1,78710,3142.0126953125
7871,1,78720,3142.334228515625
7872,1,78730,3143.57958984375
7873,1,78740,3144.756103515625
7874,1,78750,3145.091064453125
7875,1,78760,3146.6513671875
7876,1,78770,3146.7099609375
7877,1,78780,3147.82373046875
7878,1,78790,3148.571533203125
7879,1,78800,3148.65087890625
7880,1,78810,3149.673095703125
7881,1,78820,3150.72705078125
7882,1,78830,3151.065673828125
7883,1,78840,3151.76220703125
7884,1,78850,3152.869873046875
7885,1,78860,3153.31201171875
7886,1,78870,3155.3310546875
7887,1,78880,3154.87890625
7888,1,78890,3155.837158203125
7889,1,78900,3156.9365234375
7890,1,78910,3157.06640625
7891,1,78920,3158.420654296875
7892,1,78930,3159.093994140625
7893,1,78940,3159.671875
7894,1,78950,3160.359375
7895,1,78960,3161.203857421875
7896,1,78970,3162.268310546875
7897,1,78980,3163.322265625
7898,1,78990,3163.2099609375
7899,1,79000,3164.801025390625
7900,1,79010,3165.679443359375
7901,1,79020,3165.6484375
7902,1,79030,3166.79296875
7903,1,79040,3167.090576171875
7904,1,79050,3168.460205078125
7905,1,79060,3169.414306640625
7906,1,79070,3169.3505859375
7907,1,79080,3170.705810546875
7908,1,79090,3172.218994140625
7909,1,79100,3172.143310546875
7910,1,79110,3172.940185546875
7911,1,79120,3173.50146484375
7912,1,79130,3174.75244140625
7913,1,79140,3175.96533203125
7914,1,79150,3175.924560546875
7915,1,79160,3177.244384765625
7916,1,79170,3178.162353515625
7917,1,79180,3178.5654296875
7918,1,79190,3180.0322265625
7919,1,79200,3179.352783203125
7920,1,79210,3180.703369140625
7921,1,79220,3181.92919921875
7922,1,79230,3182.315673828125
7923,1,79240,3182.736328125
7924,1,79250,3184.067138671875
7925,1,79260,3184.357666015625
7926,1,79270,3185.77783203125
7927,1,79280,3186.379638671875
7928,1,79290,3186.748291015625
7929,1,79300,3188.663818359375
7930,1,79310,3188.18603515625
7931,1,79320,3189.6005859375
7932,1,79330,3190.700927734375
7933,1,79340,3190.51123046875
7934,1,79350,3191.797119140625
7935,1,79360,3192.455078125
7936,1,79370,3193.357177734375
7937,1,79380,3193.806884765625
7938,1,79390,3194.55419921875
7939,1,79400,3195.481201171875
7940,1,79410,3196.947509765625
7941,1,79420,3197.08544921875
7942,1,79430,3197.8369140625
7943,1,79440,3198.388916015625
7944,1,79450,3199.38916015625
7945,1,79460,3201.023193359375
7946,1,79470,3201.181640625
7947,1,79480,3201.550048828125
7948,1,79490,3202.943603515625
7949,1,79500,3203.46826171875
7950,1,79510,3205.236328125
7951,1,79520,3204.60986328125
7952,1,79530,3205.502685546875
7953,1,79540,3206.6865234375
7954,1,79550,3207.314208984375
7955,1,79560,3208.37939453125
7956,1,79570,3209.025390625
7957,1,79580,3209.22998046875
7958,1,79590,3210.25390625
7959,1,79600,3211.197998046875
7960,1,79610,3212.244384765625
7961,1,79620,3213.2861328125
7962,1,79630,3213.323486328125
7963,1,79640,3214.66650390625
7964,1,79650,3215.593017578125
7965,1,79660,3215.68017578125
7966,1,79670,3216.650634765625
7967,1,79680,3217.18701171875
7968,1,79690,3218.383544921875
7969,1,79700,3219.39208984375
7970,1,79710,3219.38916015625
7971,1,79720,3220.5771484375
7972,1,79730,3221.604736328125
7973,1,79740,3222.238037109375
7974,1,79750,3223.293212890625
7975,1,79760,3223.1201171875
7976,1,79770,3224.305908203125
7977,1,79780,3225.2744140625
7978,1,79790,3225.916015625
7979,1,79800,3227.098388671875
7980,1,79810,3227.58447265625
7981,1,79820,3227.978515625
7982,1,79830,3229.684814453125
7983,1,79840,3229.64306640625
7984,1,79850,3230.755126953125
7985,1,79860,3231.4423828125
7986,1,79870,3231.925048828125
7987,1,79880,3233.05322265625
7988,1,79890,3234.31689453125
7989,1,79900,3234.745849609375
7990,1,79910,3235.43359375
7991,1,79920,3235.701904296875
7992,1,79930,3237.08056640625
7993,1,79940,3238.37158203125
7994,1,79950,3238.613525390625
7995,1,79960,3239.187744140625
7996,1,79970,3240.3623046875
7997,1,79980,3241.103759765625
7998,1,79990,3242.100830078125
7999,1,80000,3242.323486328125
8000,1,80010,3243.181640625
8001,1,80020,3243.984130859375
8002,1,80030,3244.825439453125
8003,1,80040,3246.423828125
8004,1,80050,3246.54296875
8005,1,80060,3246.972412109375
8006,1,80070,3247.9716796875
8007,1,80080,3248.615234375
8008,1,80090,3249.886474609375
8009,1,80100,3250.231689453125
8010,1,80110,3250.712890625
8011,1,80120,3251.77880859375
8012,1,80130,3253.201416015625
8013,1,80140,3253.618896484375
8014,1,80150,3254.19775390625
8015,1,80160,3254.6181640625
8016,1,80170,3255.679931640625
8017,1,80180,3257.00634765625
8018,1,80190,3257.51513671875
8019,1,80200,3258.014892578125
8020,1,80210,3259.078857421875
8021,1,80220,3259.557861328125
8022,1,80230,3260.7900390625
8023,1,80240,3261.196044921875
8024,1,80250,3262.3427734375
8025,1,80260,3262.867919921875
8026,1,80270,3263.228759765625
8027,1,80280,3264.7529296875
8028,1,80290,3265.72607421875
8029,1,80300,3265.7919921875
8030,1,80310,3266.789306640625
8031,1,80320,3267.284423828125
8032,1,80330,3268.520751953125
8033,1,80340,3269.681396484375
8034,1,80350,3269.79248046875
8035,1,80360,3270.693359375
8036,1,80370,3271.669189453125
8037,1,80380,3272.26025390625
8038,1,80390,3273.526611328125
8039,1,80400,3273.74365234375
8040,1,80410,3274.48828125
8041,1,80420,3275.57275390625
8042,1,80430,3276.151611328125
8043,1,80440,3283.352783203125
8044,1,80450,3278.215087890625
8045,1,80460,3279.4658203125
8046,1,80470,3279.451416015625
8047,1,80480,3280.012451171875
8048,1,80490,3281.097412109375
8049,1,80500,3282.2626953125
8050,1,80510,3282.211181640625
8051,1,80520,3283.4619140625
8052,1,80530,3284.62255859375
8053,1,80540,3284.91748046875
8054,1,80550,3285.8974609375
8055,1,80560,3286.496337890625
8056,1,80570,3287.2587890625
8057,1,80580,3288.2294921875
8058,1,80590,3288.84912109375
8059,1,80600,3289.77001953125
8060,1,80610,3290.510498046875
8061,1,80620,3290.94775390625
8062,1,80630,3292.044921875
8063,1,80640,3292.68701171875
8064,1,80650,3293.96826171875
8065,1,80660,3294.27685546875
8066,1,80670,3294.955322265625
8067,1,80680,3295.8134765625
8068,1,80690,3297.291015625
8069,1,80700,3297.687255859375
8070,1,80710,3298.517333984375
8071,1,80720,3298.605224609375
8072,1,80730,3299.741455078125
8073,1,80740,3300.845947265625
8074,1,80750,3301.560791015625
8075,1,80760,3302.551513671875
8076,1,80770,3303.607666015625
8077,1,80780,3303.5361328125
8078,1,80790,3304.900146484375
8079,1,80800,3305.274658203125
8080,1,80810,3306.298828125
8081,1,80820,3307.09375
8082,1,80830,3307.49072265625
8083,1,80840,3308.5810546875
8084,1,80850,3309.872314453125
8085,1,80860,3310.31005859375
8086,1,80870,3312.0224609375
8087,1,80880,3311.28369140625
8088,1,80890,3312.396484375
8089,1,80900,3313.485107421875
8090,1,80910,3314.19091796875
8091,1,80920,3315.2724609375
8092,1,80930,3315.779296875
8093,1,80940,3316.28857421875
8094,1,80950,3317.30517578125
8095,1,80960,3318.025390625
8096,1,80970,3319.001708984375
8097,1,80980,3320.241943359375
8098,1,80990,3320.101318359375
8099,1,81000,3321.329833984375
8100,1,81010,3322.273193359375
8101,1,81020,3322.9658203125
8102,1,81030,3323.978271484375
8103,1,81040,3323.959716796875
8104,1,81050,3325.126953125
8105,1,81060,3326.290283203125
8106,1,81070,3327.01513671875
8107,1,81080,3328.11376953125
8108,1,81090,3328.85546875
8109,1,81100,3328.886474609375
8110,1,81110,3330.056396484375
8111,1,81120,3330.880859375
8112,1,81130,3331.934814453125
8113,1,81140,3332.86376953125
8114,1,81150,3333.085693359375
8115,1,81160,3334.38330078125
8116,1,81170,3335.05712890625
8117,1,81180,3336.25927734375
8118,1,81190,3336.83544921875
8119,1,81200,3337.138671875
8120,1,81210,3337.581787109375
8121,1,81220,3338.87255859375
8122,1,81230,3339.3623046875
8123,1,81240,3340.613037109375
8124,1,81250,3341.6025390625
8125,1,81260,3341.529541015625
8126,1,81270,3342.808837890625
8127,1,81280,3343.86865234375
8128,1,81290,3344.59521484375
8129,1,81300,3345.57177734375
8130,1,81310,3345.940185546875
8131,1,81320,3346.633544921875
8132,1,81330,3347.834228515625
8133,1,81340,3348.158935546875
8134,1,81350,3349.77001953125
8135,1,81360,3349.925537109375
8136,1,81370,3350.9443359375
8137,1,81380,3351.636962890625
8138,1,81390,3352.112060546875
8139,1,81400,3353.50390625
8140,1,81410,3354.385009765625
8141,1,81420,3354.82958984375
8142,1,81430,3355.5302734375
8143,1,81440,3355.9287109375
8144,1,81450,3356.990234375
8145,1,81460,3358.292236328125
8146,1,81470,3358.7841796875
8147,1,81480,3359.865966796875
8148,1,81490,3360.455078125
8149,1,81500,3360.861083984375
8150,1,81510,3362.02197265625
8151,1,81520,3362.71337890625
8152,1,81530,3363.72509765625
8153,1,81540,3364.861083984375
8154,1,81550,3364.532470703125
8155,1,81560,3365.881591796875
8156,1,81570,3366.7861328125
8157,1,81580,3367.75244140625
8158,1,81590,3368.842529296875
8159,1,81600,3368.632080078125
8160,1,81610,3369.783447265625
8161,1,81620,3370.693359375
8162,1,81630,3371.2958984375
8163,1,81640,3372.635498046875
8164,1,81650,3373.56396484375
8165,1,81660,3373.5107421875
8166,1,81670,3374.627685546875
8167,1,81680,3375.139892578125
8168,1,81690,3376.1416015625
8169,1,81700,3377.501708984375
8170,1,81710,3377.916015625
8171,1,81720,3378.5048828125
8172,1,81730,3379.684326171875
8173,1,81740,3380.01611328125
8174,1,81750,3381.441162109375
8175,1,81760,3381.884521484375
8176,1,81770,3383.1044921875
8177,1,81780,3383.661865234375
8178,1,81790,3383.952880859375
8179,1,81800,3385.257568359375
8180,1,81810,3386.40234375
8181,1,81820,3386.6845703125
8182,1,81830,3387.871337890625
8183,1,81840,3387.9833984375
8184,1,81850,3388.93701171875
8185,1,81860,3389.92138671875
8186,1,81870,3390.6826171875
8187,1,81880,3391.73681640625
8188,1,81890,3393.579345703125
8189,1,81900,3393.052978515625
8190,1,81910,3393.90869140625
8191,1,81920,3394.45361328125
8192,1,81930,3395.78759765625
8193,1,81940,3396.91064453125
8194,1,81950,3397.683837890625
8195,1,81960,3398.105712890625
8196,1,81970,3399.007080078125
8197,1,81980,3399.3203125
8198,1,81990,3401.156005859375
8199,1,82000,3401.47900390625
8200,1,82010,3402.064208984375
8201,1,82020,3403.06982421875
8202,1,82030,3403.654541015625
8203,1,82040,3404.326416015625
8204,1,82050,3405.44384765625
8205,1,82060,3405.952392578125
8206,1,82070,3407.16162109375
8207,1,82080,3406.947998046875
8208,1,82090,3409.166748046875
8209,1,82100,3409.639404296875
8210,1,82110,3409.590087890625
8211,1,82120,3411.256103515625
8212,1,82130,3412.515625
8213,1,82140,3412.369140625
8214,1,82150,3413.375
8215,1,82160,3414.071044921875
8216,1,82170,3414.854736328125
8217,1,82180,3416.208740234375
8218,1,82190,3417.15673828125
8219,1,82200,3417.620361328125
8220,1,82210,3418.296630859375
8221,1,82220,3418.681640625
8222,1,82230,3419.738525390625
8223,1,82240,3420.264892578125
8224,1,82250,3421.36572265625
8225,1,82260,3422.47607421875
8226,1,82270,3422.344482421875
8227,1,82280,3423.6240234375
8228,1,82290,3424.580078125
8229,1,82300,3425.441650390625
8230,1,82310,3426.360107421875
8231,1,82320,3426.924072265625
8232,1,82330,3428.083251953125
8233,1,82340,3428.503173828125
8234,1,82350,3428.94677734375
8235,1,82360,3430.0185546875
8236,1,82370,3431.364990234375
8237,1,82380,3431.855712890625
8238,1,82390,3432.911376953125
8239,1,82400,3432.889404296875
8240,1,82410,3434.0869140625
8241,1,82420,3435.126953125
8242,1,82430,3435.77587890625
8243,1,82440,3437.27880859375
8244,1,82450,3437.785400390625
8245,1,82460,3437.7861328125
8246,1,82470,3439.16748046875
8247,1,82480,3439.308349609375
8248,1,82490,3440.484619140625
8249,1,82500,3441.770751953125
8250,1,82510,3442.312255859375
8251,1,82520,3443.63037109375
8252,1,82530,3444.172607421875
8253,1,82540,3444.29638671875
8254,1,82550,3445.51611328125
8255,1,82560,3446.4541015625
8256,1,82570,3447.2529296875
8257,1,82580,3448.36865234375
8258,1,82590,3448.760986328125
8259,1,82600,3449.259521484375
8260,1,82610,3450.5087890625
8261,1,82620,3450.966552734375
8262,1,82630,3452.327392578125
8263,1,82640,3452.51220703125
8264,1,82650,3453.72314453125
8265,1,82660,3454.49853515625
8266,1,82670,3455.1328125
8267,1,82680,3456.588623046875
8268,1,82690,3457.12744140625
8269,1,82700,3457.894775390625
8270,1,82710,3458.679443359375
8271,1,82720,3459.141357421875
8272,1,82730,3459.799560546875
8273,1,82740,3460.84033203125
8274,1,82750,3461.400390625
8275,1,82760,3462.70849609375
8276,1,82770,3463.925537109375
8277,1,82780,3464.701171875
8278,1,82790,3464.800048828125
8279,1,82800,3465.323974609375
8280,1,82810,3466.15283203125
8281,1,82820,3467.58251953125
8282,1,82830,3468.148193359375
8283,1,82840,3469.416015625
8284,1,82850,3470.315673828125
8285,1,82860,3470.2060546875
8286,1,82870,3471.55615234375
8287,1,82880,3472.19921875
8288,1,82890,3472.9990234375
8289,1,82900,3474.370361328125
8290,1,82910,3474.847412109375
8291,1,82920,3475.82421875
8292,1,82930,3476.25732421875
8293,1,82940,3477.176025390625
8294,1,82950,3477.985595703125
8295,1,82960,3478.341796875
8296,1,82970,3479.608154296875
8297,1,82980,3481.1611328125
8298,1,82990,3481.454833984375
8299,1,83000,3481.735107421875
8300,1,83010,3482.78125
8301,1,83020,3483.4033203125
8302,1,83030,3484.267822265625
8303,1,83040,3485.2060546875
8304,1,83050,3486.356689453125
8305,1,83060,3487.531494140625
8306,1,83070,3487.1875
8307,1,83080,3488.26611328125
8308,1,83090,3489.4970703125
8309,1,83100,3489.88916015625
8310,1,83110,3491.5908203125
8311,1,83120,3491.956298828125
8312,1,83130,3492.589111328125
8313,1,83140,3493.338623046875
8314,1,83150,3493.898193359375
8315,1,83160,3494.786865234375
8316,1,83170,3496.587158203125
8317,1,83180,3496.640625
8318,1,83190,3497.996337890625
8319,1,83200,3498.114013671875
8320,1,83210,3498.80126953125
8321,1,83220,3499.92919921875
8322,1,83230,3500.3447265625
8323,1,83240,3501.29541015625
8324,1,83250,3502.763671875
8325,1,83260,3503.24560546875
8326,1,83270,3504.737548828125
8327,1,83280,3504.245849609375
8328,1,83290,3505.322021484375
8329,1,83300,3506.471435546875
8330,1,83310,3506.80419921875
8331,1,83320,3508.30712890625
8332,1,83330,3509.345947265625
8333,1,83340,3509.686279296875
8334,1,83350,3510.40771484375
8335,1,83360,3510.842041015625
8336,1,83370,3511.81884765625
8337,1,83380,3512.9091796875
8338,1,83390,3513.69482421875
8339,1,83400,3514.977294921875
8340,1,83410,3516.0595703125
8341,1,83420,3516.50048828125
8342,1,83430,3516.9248046875
8343,1,83440,3517.516357421875
8344,1,83450,3524.3388671875
8345,1,83460,3519.6455078125
8346,1,83470,3520.505615234375
8347,1,83480,3521.345458984375
8348,1,83490,3522.099853515625
8349,1,83500,3522.35595703125
8350,1,83510,3523.79931640625
8351,1,83520,3524.029052734375
8352,1,83530,3525.030029296875
8353,1,83540,3526.835693359375
8354,1,83550,3527.052001953125
8355,1,83560,3528.362060546875
8356,1,83570,3529.081787109375
8357,1,83580,3529.09521484375
8358,1,83590,3530.466064453125
8359,1,83600,3530.8095703125
8360,1,83610,3531.990234375
8361,1,83620,3533.432373046875
8362,1,83630,3533.642578125
8363,1,83640,3534.02294921875
8364,1,83650,3535.1484375
8365,1,83660,3535.380615234375
8366,1,83670,3536.593994140625
8367,1,83680,3537.274658203125
8368,1,83690,3538.583740234375
8369,1,83700,3539.25048828125
8370,1,83710,3539.909423828125
8371,1,83720,3540.468017578125
8372,1,83730,3542.146240234375
8373,1,83740,3542.641357421875
8374,1,83750,3543.41796875
8375,1,83760,3544.021240234375
8376,1,83770,3545.07958984375
8377,1,83780,3545.9150390625
8378,1,83790,3546.3720703125
8379,1,83800,3546.91455078125
8380,1,83810,3548.215087890625
8381,1,83820,3548.494384765625
8382,1,83830,3550.222900390625
8383,1,83840,3550.504150390625
8384,1,83850,3552.571533203125
8385,1,83860,3552.593505859375
8386,1,83870,3552.493408203125
8387,1,83880,3553.6025390625
8388,1,83890,3554.71044921875
8389,1,83900,3555.234375
8390,1,83910,3557.079345703125
8391,1,83920,3556.9951171875
8392,1,83930,3557.85009765625
8393,1,83940,3559.052001953125
8394,1,83950,3559.1259765625
8395,1,83960,3560.221435546875
8396,1,83970,3561.279541015625
8397,1,83980,3561.913330078125
8398,1,83990,3563.102783203125
8399,1,84000,3563.499755859375
8400,1,84010,3564.380859375
8401,1,84020,3565.687744140625
8402,1,84030,3565.60009765625
8403,1,84040,3567.190673828125
8404,1,84050,3567.832275390625
8405,1,84060,3568.171142578125
8406,1,84070,3569.132568359375
8407,1,84080,3569.939208984375
8408,1,84090,3570.99072265625
8409,1,84100,3572.118408203125
8410,1,84110,3572.392822265625
8411,1,84120,3573.331787109375
8412,1,84130,3574.357177734375
8413,1,84140,3574.78515625
8414,1,84150,3575.884521484375
8415,1,84160,3576.6328125
8416,1,84170,3577.658935546875
8417,1,84180,3578.813720703125
8418,1,84190,3578.8974609375
8419,1,84200,3579.8125
8420,1,84210,3581.041015625
8421,1,84220,3581.444091796875
8422,1,84230,3582.92919921875
8423,1,84240,3583.07958984375
8424,1,84250,3584.215576171875
8425,1,84260,3585.39306640625
8426,1,84270,3585.793701171875
8427,1,84280,3586.36669921875
8428,1,84290,3587.547607421875
8429,1,84300,3588.03857421875
8430,1,84310,3589.078857421875
8431,1,84320,3589.35400390625
8432,1,84330,3591.0087890625
8433,1,84340,3591.87451171875
8434,1,84350,3592.493896484375
8435,1,84360,3593.5712890625
8436,1,84370,3594.070068359375
8437,1,84380,3594.477294921875
8438,1,84390,3595.817138671875
8439,1,84400,3595.818359375
8440,1,84410,3597.363037109375
8441,1,84420,3599.131591796875
8442,1,84430,3598.85595703125
8443,1,84440,3599.817626953125
8444,1,84450,3600.6025390625
8445,1,84460,3600.97509765625
8446,1,84470,3602.348876953125
8447,1,84480,3602.9130859375
8448,1,84490,3603.802734375
8449,1,84500,3605.4091796875
8450,1,84510,3605.64208984375
8451,1,84520,3606.978759765625
8452,1,84530,3607.747314453125
8453,1,84540,3607.76611328125
8454,1,84550,3608.864990234375
8455,1,84560,3609.205322265625
8456,1,84570,3610.421630859375
8457,1,84580,3611.453369140625
8458,1,84590,3612.103759765625
8459,1,84600,3613.302490234375
8460,1,84610,3615.14453125
8461,1,84620,3614.68115234375
8462,1,84630,3615.419189453125
8463,1,84640,3615.922119140625
8464,1,84650,3617.2900390625
8465,1,84660,3618.41552734375
8466,1,84670,3618.574462890625
8467,1,84680,3619.752197265625
8468,1,84690,3620.896240234375
8469,1,84700,3621.414306640625
8470,1,84710,3622.677734375
8471,1,84720,3622.54833984375
8472,1,84730,3623.632080078125
8473,1,84740,3624.67236328125
8474,1,84750,3625.1279296875
8475,1,84760,3626.169189453125
8476,1,84770,3627.6484375
8477,1,84780,3628.31982421875
8478,1,84790,3629.45068359375
8479,1,84800,3630.03271484375
8480,1,84810,3630.617431640625
8481,1,84820,3631.26025390625
8482,1,84830,3631.775390625
8483,1,84840,3632.9013671875
8484,1,84850,3633.830078125
8485,1,84860,3634.715087890625
8486,1,84870,3635.771240234375
8487,1,84880,3636.149658203125
8488,1,84890,3637.908203125
8489,1,84900,3638.204345703125
8490,1,84910,3638.2744140625
8491,1,84920,3639.35205078125
8492,1,84930,3640.3017578125
8493,1,84940,3640.82421875
8494,1,84950,3642.12548828125
8495,1,84960,3642.961181640625
8496,1,84970,3644.37939453125
8497,1,84980,3644.90869140625
8498,1,84990,3645.36669921875
8499,1,85000,3646.722412109375
8500,1,85010,3647.07666015625
8501,1,85020,3647.60791015625
8502,1,85030,3648.649169921875
8503,1,85040,3648.958251953125
8504,1,85050,3650.3681640625
8505,1,85060,3651.6396484375
8506,1,85070,3652.078857421875
8507,1,85080,3653.688232421875
8508,1,85090,3654.25
8509,1,85100,3654.212890625
8510,1,85110,3655.38330078125
8511,1,85120,3655.6650390625
8512,1,85130,3656.842041015625
8513,1,85140,3657.840087890625
8514,1,85150,3658.818359375
8515,1,85160,3659.861083984375
8516,1,85170,3661.331298828125
8517,1,85180,3661.287109375
8518,1,85190,3662.248291015625
8519,1,85200,3662.25634765625
8520,1,85210,3663.407958984375
8521,1,85220,3664.488525390625
8522,1,85230,3664.9580078125
8523,1,85240,3666.22900390625
8524,1,85250,3667.55029296875
8525,1,85260,3667.854248046875
8526,1,85270,3669.158447265625
8527,1,85280,3669.283203125
8528,1,85290,3670.495849609375
8529,1,85300,3671.360595703125
8530,1,85310,3671.8193359375
8531,1,85320,3672.819580078125
8532,1,85330,3673.952392578125
8533,1,85340,3674.083740234375
8534,1,85350,3675.605224609375
8535,1,85360,3676.417724609375
8536,1,85370,3677.2138671875
8537,1,85380,3678.519775390625
8538,1,85390,3678.537353515625
8539,1,85400,3679.711669921875
8540,1,85410,3680.403076171875
8541,1,85420,3680.851806640625
8542,1,85430,3681.89111328125
8543,1,85440,3682.38818359375
8544,1,85450,3683.9833984375
8545,1,85460,3684.94677734375
8546,1,85470,3685.617431640625
8547,1,85480,3686.578369140625
8548,1,85490,3687.976806640625
8549,1,85500,3688.0400390625
8550,1,85510,3689.03759765625
8551,1,85520,3689.00048828125
8552,1,85530,3690.375
8553,1,85540,3691.7900390625
8554,1,85550,3691.768310546875
8555,1,85560,3692.68994140625
8556,1,85570,3694.06396484375
8557,1,85580,3694.560546875
8558,1,85590,3695.791748046875
8559,1,85600,3695.9658203125
8560,1,85610,3697.099365234375
8561,1,85620,3698.205078125
8562,1,85630,3698.31640625
8563,1,85640,3699.654052734375
8564,1,85650,3700.52392578125
8565,1,85660,3700.84765625
8566,1,85670,3702.2236328125
8567,1,85680,3702.847412109375
8568,1,85690,3703.81640625
8569,1,85700,3705.080078125
8570,1,85710,3705.314453125
8571,1,85720,3706.623779296875
8572,1,85730,3707.554443359375
8573,1,85740,3707.64013671875
8574,1,85750,3708.968994140625
8575,1,85760,3709.031982421875
8576,1,85770,3710.370361328125
8577,1,85780,3711.431640625
8578,1,85790,3712.127685546875
8579,1,85800,3713.426025390625
8580,1,85810,3714.353515625
8581,1,85820,3714.939208984375
8582,1,85830,3715.782958984375
8583,1,85840,3716.191650390625
8584,1,85850,3717.091796875
8585,1,85860,3718.18896484375
8586,1,85870,3718.504150390625
8587,1,85880,3719.510498046875
8588,1,85890,3721.216064453125
8589,1,85900,3721.5625
8590,1,85910,3723.20849609375
8591,1,85920,3723.069091796875
8592,1,85930,3724.0166015625
8593,1,85940,3725.382080078125
8594,1,85950,3725.330810546875
8595,1,85960,3726.7275390625
8596,1,85970,3727.480224609375
8597,1,85980,3728.079833984375
8598,1,85990,3728.8388671875
8599,1,86000,3729.784912109375
8600,1,86010,3730.907470703125
8601,1,86020,3732.00341796875
8602,1,86030,3732.7470703125
8603,1,86040,3733.87109375
8604,1,86050,3734.7529296875
8605,1,86060,3735.165283203125
8606,1,86070,3735.974853515625
8607,1,86080,3735.887451171875
8608,1,86090,3737.5068359375
8609,1,86100,3738.17236328125
8610,1,86110,3738.7763671875
8611,1,86120,3739.78076171875
8612,1,86130,3740.793701171875
8613,1,86140,3741.99951171875
8614,1,86150,3742.984619140625
8615,1,86160,3743.037109375
8616,1,86170,3744.441650390625
8617,1,86180,3745.826171875
8618,1,86190,3745.57861328125
8619,1,86200,3746.476318359375
8620,1,86210,3747.62744140625
8621,1,86220,3748.00244140625
8622,1,86230,3749.13232421875
8623,1,86240,3749.3203125
8624,1,86250,3750.605224609375
8625,1,86260,3757.591064453125
8626,1,86270,3752.95947265625
8627,1,86280,3753.365234375
8628,1,86290,3754.52197265625
8629,1,86300,3754.999267578125
8630,1,86310,3756.140869140625
8631,1,86320,3756.541015625
8632,1,86330,3757.24951171875
8633,1,86340,3758.58154296875
8634,1,86350,3759.287109375
8635,1,86360,3760.301025390625
8636,1,86370,3761.20068359375
8637,1,86380,3761.643798828125
8638,1,86390,3762.50048828125
8639,1,86400,3763.2607421875
8640,1,86410,3764.412109375
8641,1,86420,3765.49853515625
8642,1,86430,3766.28369140625
8643,1,86440,3767.124755859375
8644,1,86450,3768.325927734375
8645,1,86460,3768.8388671875
8646,1,86470,3769.49169921875
8647,1,86480,3769.842041015625
8648,1,86490,3770.8828125
8649,1,86500,3772.25244140625
8650,1,86510,3772.843017578125
8651,1,86520,3773.421142578125
8652,1,86530,3775.02783203125
8653,1,86540,3775.30908203125
8654,1,86550,3776.848876953125
8655,1,86560,3777.264892578125
8656,1,86570,3777.980712890625
8657,1,86580,3778.964111328125
8658,1,86590,3779.6201171875
8659,1,86600,3780.537109375
8660,1,86610,3781.392333984375
8661,1,86620,3781.805908203125
8662,1,86630,3783.241455078125
8663,1,86640,3783.5185546875
8664,1,86650,3784.27734375
8665,1,86660,3785.63525390625
8666,1,86670,3786.181396484375
8667,1,86680,3787.38818359375
8668,1,86690,3788.67431640625
8669,1,86700,3789.202880859375
8670,1,86710,3789.803955078125
8671,1,86720,3790.77197265625
8672,1,86730,3791.36279296875
8673,1,86740,3792.125
8674,1,86750,3793.599853515625
8675,1,86760,3793.785400390625
8676,1,86770,3795.193115234375
8677,1,86780,3795.762939453125
8678,1,86790,3797.27099609375
8679,1,86800,3796.962158203125
8680,1,86810,3798.402587890625
8681,1,86820,3799.494140625
8682,1,86830,3800.2236328125
8683,1,86840,3800.824951171875
8684,1,86850,3802.181396484375
8685,1,86860,3802.68603515625
8686,1,86870,3803.761474609375
8687,1,86880,3803.355224609375
8688,1,86890,3804.831298828125
8689,1,86900,3806.83740234375
8690,1,86910,3806.122314453125
8691,1,86920,3807.157958984375
8692,1,86930,3808.405029296875
8693,1,86940,3808.8720703125
8694,1,86950,3810.97705078125
8695,1,86960,3811.080078125
8696,1,86970,3811.890625
8697,1,86980,3813.4677734375
8698,1,86990,3813.8662109375
8699,1,87000,3814.55029296875
8700,1,87010,3815.563720703125
8701,1,87020,3816.3232421875
8702,1,87030,3817.500244140625
8703,1,87040,3817.206298828125
8704,1,87050,3818.803466796875
8705,1,87060,3819.51416015625
8706,1,87070,3819.895751953125
8707,1,87080,3821.5888671875
8708,1,87090,3822.02734375
8709,1,87100,3822.640380859375
8710,1,87110,3823.53173828125
8711,1,87120,3824.545654296875
8712,1,87130,3825.341796875
8713,1,87140,3826.56494140625
8714,1,87150,3827.5546875
8715,1,87160,3828.021240234375
8716,1,87170,3829.606689453125
8717,1,87180,3829.51318359375
8718,1,87190,3830.692626953125
8719,1,87200,3831.30126953125
8720,1,87210,3831.7919921875
8721,1,87220,3833.328857421875
8722,1,87230,3833.50341796875
8723,1,87240,3835.09375
8724,1,87250,3836.0537109375
8725,1,87260,3836.69873046875
8726,1,87270,3837.224365234375
8727,1,87280,3837.46142578125
8728,1,87290,3838.963134765625
8729,1,87300,3840.544921875
8730,1,87310,3840.71533203125
8731,1,87320,3842.018310546875
8732,1,87330,3843.05322265625
8733,1,87340,3843.45166015625
8734,1,87350,3844.72119140625
8735,1,87360,3844.793701171875
8736,1,87370,3846.272705078125
8737,1,87380,3847.36181640625
8738,1,87390,3847.510009765625
8739,1,87400,3848.21630859375
8740,1,87410,3849.584228515625
8741,1,87420,3850.01953125
8742,1,87430,3850.94580078125
8743,1,87440,3851.205078125
8744,1,87450,3852.592041015625
8745,1,87460,3853.93505859375
8746,1,87470,3854.26953125
8747,1,87480,3855.303466796875
8748,1,87490,3856.357421875
8749,1,87500,3856.8203125
8750,1,87510,3858.386962890625
8751,1,87520,3858.8134765625
8752,1,87530,3859.5078125
8753,1,87540,3860.6982421875
8754,1,87550,3861.1484375
8755,1,87560,3862.511962890625
8756,1,87570,3863.178466796875
8757,1,87580,3863.56298828125
8758,1,87590,3864.5908203125
8759,1,87600,3864.850830078125
8760,1,87610,3866.2998046875
8761,1,87620,3867.106201171875
8762,1,87630,3867.603759765625
8763,1,87640,3868.551513671875
8764,1,87650,3869.985595703125
8765,1,87660,3870.327392578125
8766,1,87670,3871.263916015625
8767,1,87680,3871.75830078125
8768,1,87690,3872.814453125
8769,1,87700,3874.941162109375
8770,1,87710,3874.966552734375
8771,1,87720,3875.86767578125
8772,1,87730,3877.27392578125
8773,1,87740,3877.671142578125
8774,1,87750,3878.57373046875
8775,1,87760,3879.160400390625
8776,1,87770,3880.560302734375
8777,1,87780,3881.631103515625
8778,1,87790,3881.731201171875
8779,1,87800,3882.822265625
8780,1,87810,3884.216064453125
8781,1,87820,3884.598388671875
8782,1,87830,3885.702392578125
8783,1,87840,3886.118408203125
8784,1,87850,3887.2724609375
8785,1,87860,3888.33740234375
8786,1,87870,3889.322509765625
8787,1,87880,3889.467529296875
8788,1,87890,3890.867431640625
8789,1,87900,3890.93994140625
8790,1,87910,3892.22607421875
8791,1,87920,3892.439697265625
8792,1,87930,3893.527099609375
8793,1,87940,3894.44482421875
8794,1,87950,3895.181396484375
8795,1,87960,3896.362548828125
8796,1,87970,3897.05859375
8797,1,87980,3897.731201171875
8798,1,87990,3898.767333984375
8799,1,88000,3899.3701171875
8800,1,88010,3900.6943359375
8801,1,88020,3901.857177734375
8802,1,88030,3901.932373046875
8803,1,88040,3903.82470703125
8804,1,88050,3904.37353515625
8805,1,88060,3904.76708984375
8806,1,88070,3905.7841796875
8807,1,88080,3906.512939453125
8808,1,88090,3907.352783203125
8809,1,88100,3908.6025390625
8810,1,88110,3909.021728515625
8811,1,88120,3910.13232421875
8812,1,88130,3911.7109375
8813,1,88140,3911.756591796875
8814,1,88150,3912.7294921875
8815,1,88160,3913.07666015625
8816,1,88170,3914.3330078125
8817,1,88180,3915.5654296875
8818,1,88190,3915.879150390625
8819,1,88200,3917.101318359375
8820,1,88210,3918.088623046875
8821,1,88220,3918.656982421875
8822,1,88230,3919.612548828125
8823,1,88240,3919.92822265625
8824,1,88250,3921.822509765625
8825,1,88260,3922.341064453125
8826,1,88270,3922.72509765625
8827,1,88280,3923.84521484375
8828,1,88290,3924.669921875
8829,1,88300,3925.5791015625
8830,1,88310,3926.078125
8831,1,88320,3926.45458984375
8832,1,88330,3927.711669921875
8833,1,88340,3928.96337890625
8834,1,88350,3929.432861328125
8835,1,88360,3930.42578125
8836,1,88370,3931.642333984375
8837,1,88380,3932.28564453125
8838,1,88390,3933.31640625
8839,1,88400,3933.49169921875
8840,1,88410,3934.47802734375
8841,1,88420,3935.75634765625
8842,1,88430,3936.098388671875
8843,1,88440,3937.32275390625
8844,1,88450,3938.464599609375
8845,1,88460,3939.10986328125
8846,1,88470,3940.55029296875
8847,1,88480,3940.54150390625
8848,1,88490,3941.682373046875
8849,1,88500,3942.8447265625
8850,1,88510,3942.988525390625
8851,1,88520,3944.360107421875
8852,1,88530,3945.39501953125
8853,1,88540,3946.572509765625
8854,1,88550,3947.474365234375
8855,1,88560,3948.156494140625
8856,1,88570,3949.110595703125
8857,1,88580,3949.966552734375
8858,1,88590,3951.3349609375
8859,1,88600,3951.471435546875
8860,1,88610,3952.925048828125
8861,1,88620,3953.160888671875
8862,1,88630,3954.244384765625
8863,1,88640,3955.152099609375
8864,1,88650,3955.831787109375
8865,1,88660,3956.71435546875
8866,1,88670,3957.281494140625
8867,1,88680,3958.35302734375
8868,1,88690,3959.68994140625
8869,1,88700,3959.908447265625
8870,1,88710,3961.139404296875
8871,1,88720,3961.48046875
8872,1,88730,3962.71630859375
8873,1,88740,3963.6787109375
8874,1,88750,3964.201416015625
8875,1,88760,3965.25244140625
8876,1,88770,3966.457763671875
8877,1,88780,3966.889404296875
8878,1,88790,3967.91943359375
8879,1,88800,3968.3994140625
8880,1,88810,3970.09521484375
8881,1,88820,3970.5888671875
8882,1,88830,3971.47265625
8883,1,88840,3972.36181640625
8884,1,88850,3973.49609375
8885,1,88860,3973.83251953125
8886,1,88870,3974.93701171875
8887,1,88880,3982.0458984375
8888,1,88890,3976.4580078125
8889,1,88900,3978.125
8890,1,88910,3978.065673828125
8891,1,88920,3979.43310546875
8892,1,88930,3980.18408203125
8893,1,88940,3980.6640625
8894,1,88950,3981.80810546875
8895,1,88960,3982.513671875
8896,1,88970,3983.447509765625
8897,1,88980,3985.228271484375
8898,1,88990,3985.163330078125
8899,1,89000,3986.365966796875
8900,1,89010,3987.330078125
8901,1,89020,3987.847900390625
8902,1,89030,3988.5498046875
8903,1,89040,3989.29345703125
8904,1,89050,3990.421142578125
8905,1,89060,3992.230224609375
8906,1,89070,3992.288330078125
8907,1,89080,3993.25390625
8908,1,89090,3994.504150390625
8909,1,89100,3994.922119140625
8910,1,89110,3995.943603515625
8911,1,89120,3996.5458984375
8912,1,89130,3997.44140625
8913,1,89140,3998.70068359375
8914,1,89150,3999.187744140625
8915,1,89160,4000.306396484375
8916,1,89170,4001.592041015625
8917,1,89180,4001.747802734375
8918,1,89190,4002.80126953125
8919,1,89200,4003.41748046875
8920,1,89210,4004.65380859375
8921,1,89220,4005.7421875
8922,1,89230,4006.6923828125
8923,1,89240,4007.64208984375
8924,1,89250,4008.324462890625
8925,1,89260,4008.832275390625
8926,1,89270,4010.11083984375
8927,1,89280,4010.583984375
8928,1,89290,4011.544189453125
8929,1,89300,4012.802001953125
8930,1,89310,4013.125732421875
8931,1,89320,4014.156005859375
8932,1,89330,4015.427978515625
8933,1,89340,4017.025146484375
8934,1,89350,4016.536376953125
8935,1,89360,4017.11474609375
8936,1,89370,4018.104248046875
8937,1,89380,4019.556884765625
8938,1,89390,4020.05224609375
8939,1,89400,4021.2890625
8940,1,89410,4022.0986328125
8941,1,89420,4022.82666015625
8942,1,89430,4023.968017578125
8943,1,89440,4023.99658203125
8944,1,89450,4025.05859375
8945,1,89460,4026.36083984375
8946,1,89470,4026.64697265625
8947,1,89480,4028.613525390625
8948,1,89490,4029.039794921875
8949,1,89500,4029.50634765625
8950,1,89510,4030.50048828125
8951,1,89520,4031.090087890625
8952,1,89530,4032.2119140625
8953,1,89540,4033.46337890625
8954,1,89550,4034.08154296875
8955,1,89560,4035.089599609375
8956,1,89570,4036.194091796875
8957,1,89580,4036.4736328125
8958,1,89590,4037.719482421875
8959,1,89600,4037.960693359375
8960,1,89610,4039.14013671875
8961,1,89620,4040.114501953125
8962,1,89630,4040.702392578125
8963,1,89640,4041.820556640625
8964,1,89650,4043.429931640625
8965,1,89660,4043.3798828125
8966,1,89670,4044.42431640625
8967,1,89680,4045.4833984375
8968,1,89690,4046.224609375
8969,1,89700,4047.506591796875
8970,1,89710,4047.6064453125
8971,1,89720,4048.68798828125
8972,1,89730,4050.595458984375
8973,1,89740,4050.687255859375
8974,1,89750,4051.93994140625
8975,1,89760,4052.490234375
8976,1,89770,4053.487060546875
8977,1,89780,4055.078369140625
8978,1,89790,4055.34765625
8979,1,89800,4056.115478515625
8980,1,89810,4058.307861328125
8981,1,89820,4057.90673828125
8982,1,89830,4058.593505859375
8983,1,89840,4059.415283203125
8984,1,89850,4060.984375
8985,1,89860,4061.6904296875
8986,1,89870,4062.285400390625
8987,1,89880,4063.07861328125
8988,1,89890,4063.95263671875
8989,1,89900,4064.797119140625
8990,1,89910,4065.961181640625
8991,1,89920,4066.086181640625
8992,1,89930,4067.11376953125
8993,1,89940,4068.8037109375
8994,1,89950,4069.166015625
8995,1,89960,4070.440673828125
8996,1,89970,4071.661865234375
8997,1,89980,4071.54296875
8998,1,89990,4072.5048828125
8999,1,90000,4073.3193359375
9000,1,90010,4074.093505859375
9001,1,90020,4075.645263671875
9002,1,90030,4075.92919921875
9003,1,90040,4076.944091796875
9004,1,90050,4077.72119140625
9005,1,90060,4079.489501953125
9006,1,90070,4080.351806640625
9007,1,90080,4079.78125
9008,1,90090,4080.96826171875
9009,1,90100,4082.079833984375
9010,1,90110,4082.533203125
9011,1,90120,4083.930908203125
9012,1,90130,4084.592041015625
9013,1,90140,4085.9736328125
9014,1,90150,4086.429931640625
9015,1,90160,4087.23876953125
9016,1,90170,4088.30859375
9017,1,90180,4088.96826171875
9018,1,90190,4089.88671875
9019,1,90200,4091.343505859375
9020,1,90210,4092.386474609375
9021,1,90220,4092.535400390625
9022,1,90230,4093.104248046875
9023,1,90240,4093.734375
9024,1,90250,4094.89111328125
9025,1,90260,4095.865966796875
9026,1,90270,4096.68505859375
9027,1,90280,4098.13720703125
9028,1,90290,4098.9482421875
9029,1,90300,4099.580078125
9030,1,90310,4100.92822265625
9031,1,90320,4100.96337890625
9032,1,90330,4102.22412109375
9033,1,90340,4103.44970703125
9034,1,90350,4103.7900390625
9035,1,90360,4105.0
9036,1,90370,4106.06591796875
9037,1,90380,4106.625
9038,1,90390,4107.7998046875
9039,1,90400,4107.92333984375
9040,1,90410,4109.224609375
9041,1,90420,4110.734375
9042,1,90430,4110.8125
9043,1,90440,4111.97314453125
9044,1,90450,4113.474609375
9045,1,90460,4113.8125
9046,1,90470,4115.67919921875
9047,1,90480,4115.154296875
9048,1,90490,4116.4384765625
9049,1,90500,4117.5458984375
9050,1,90510,4118.18603515625
9051,1,90520,4119.07763671875
9052,1,90530,4120.546875
9053,1,90540,4120.64208984375
9054,1,90550,4122.00830078125
9055,1,90560,4122.12451171875
9056,1,90570,4123.53955078125
9057,1,90580,4124.24072265625
9058,1,90590,4124.609375
9059,1,90600,4125.599609375
9060,1,90610,4126.94970703125
9061,1,90620,4127.1689453125
9062,1,90630,4129.0341796875
9063,1,90640,4129.00341796875
9064,1,90650,4130.1533203125
9065,1,90660,4131.40869140625
9066,1,90670,4131.744140625
9067,1,90680,4132.92138671875
9068,1,90690,4134.2841796875
9069,1,90700,4134.68505859375
9070,1,90710,4136.38720703125
9071,1,90720,4135.87646484375
9072,1,90730,4137.58349609375
9073,1,90740,4138.80419921875
9074,1,90750,4139.28515625
9075,1,90760,4140.12451171875
9076,1,90770,4141.4189453125
9077,1,90780,4142.0166015625
9078,1,90790,4143.533203125
9079,1,90800,4143.3330078125
9080,1,90810,4144.4609375
9081,1,90820,4145.677734375
9082,1,90830,4146.0576171875
9083,1,90840,4147.16748046875
9084,1,90850,4148.74755859375
9085,1,90860,4148.56494140625
9086,1,90870,4149.64501953125
9087,1,90880,4150.22998046875
9088,1,90890,4151.32958984375
9089,1,90900,4152.37646484375
9090,1,90910,4153.12158203125
9091,1,90920,4153.97412109375
9092,1,90930,4155.33837890625
9093,1,90940,4155.42626953125
9094,1,90950,4156.720703125
9095,1,90960,4157.1005859375
9096,1,90970,4158.88330078125
9097,1,90980,4160.1494140625
9098,1,90990,4160.3740234375
9099,1,91000,4161.6787109375
9100,1,91010,4162.59521484375
9101,1,91020,4163.22412109375
9102,1,91030,4164.29638671875
9103,1,91040,4164.76806640625
9104,1,91050,4165.69921875
9105,1,91060,4166.83935546875
9106,1,91070,4167.50244140625
9107,1,91080,4168.57421875
9108,1,91090,4169.701171875
9109,1,91100,4170.13330078125
9110,1,91110,4170.98974609375
9111,1,91120,4171.353515625
9112,1,91130,4172.54931640625
9113,1,91140,4173.64306640625
9114,1,91150,4174.34375
9115,1,91160,4175.35302734375
9116,1,91170,4176.55810546875
9117,1,91180,4176.73876953125
9118,1,91190,4177.8662109375
9119,1,91200,4178.412109375
9120,1,91210,4180.015625
9121,1,91220,4180.9091796875
9122,1,91230,4181.478515625
9123,1,91240,4182.67041015625
9124,1,91250,4183.9736328125
9125,1,91260,4184.3115234375
9126,1,91270,4185.57177734375
9127,1,91280,4186.0947265625
9128,1,91290,4187.14794921875
9129,1,91300,4188.38623046875
9130,1,91310,4188.7763671875
9131,1,91320,4189.9248046875
9132,1,91330,4190.8603515625
9133,1,91340,4197.0322265625
9134,1,91350,4192.18798828125
9135,1,91360,4192.513671875
9136,1,91370,4193.884765625
9137,1,91380,4195.05419921875
9138,1,91390,4195.29638671875
9139,1,91400,4196.56982421875
9140,1,91410,4197.876953125
9141,1,91420,4198.6416015625
9142,1,91430,4199.5546875
9143,1,91440,4200.2490234375
9144,1,91450,4201.35009765625
9145,1,91460,4202.64599609375
9146,1,91470,4202.8720703125
9147,1,91480,4204.0458984375
9148,1,91490,4205.09716796875
9149,1,91500,4205.84521484375
9150,1,91510,4206.67724609375
9151,1,91520,4207.33984375
9152,1,91530,4208.40625
9153,1,91540,4209.18505859375
9154,1,91550,4209.58447265625
9155,1,91560,4211.1796875
9156,1,91570,4211.93896484375
9157,1,91580,4212.52978515625
9158,1,91590,4213.615234375
9159,1,91600,4213.9384765625
9160,1,91610,4215.2939453125
9161,1,91620,4216.642578125
9162,1,91630,4216.85302734375
9163,1,91640,4218.46630859375
9164,1,91650,4219.75146484375
9165,1,91660,4220.00146484375
9166,1,91670,4220.97802734375
9167,1,91680,4221.47265625
9168,1,91690,4222.81494140625
9169,1,91700,4223.95166015625
9170,1,91710,4224.27197265625
9171,1,91720,4225.36962890625
9172,1,91730,4226.73486328125
9173,1,91740,4226.8935546875
9174,1,91750,4227.90576171875
9175,1,91760,4228.24169921875
9176,1,91770,4229.56640625
9177,1,91780,4232.10791015625
9178,1,91790,4230.93896484375
9179,1,91800,4232.263671875
9180,1,91810,4233.27392578125
9181,1,91820,4234.30859375
9182,1,91830,4235.9404296875
9183,1,91840,4235.82080078125
9184,1,91850,4236.87890625
9185,1,91860,4237.908203125
9186,1,91870,4238.65576171875
9187,1,91880,4239.76611328125
9188,1,91890,4240.99560546875
9189,1,91900,4241.25439453125
9190,1,91910,4243.20361328125
9191,1,91920,4242.63232421875
9192,1,91930,4243.81298828125
9193,1,91940,4244.95751953125
9194,1,91950,4245.4443359375
9195,1,91960,4246.57470703125
9196,1,91970,4247.71337890625
9197,1,91980,4248.3388671875
9198,1,91990,4250.38671875
9199,1,92000,4249.9912109375
9200,1,92010,4251.09423828125
9201,1,92020,4252.30322265625
9202,1,92030,4252.83837890625
9203,1,92040,4254.076171875
9204,1,92050,4255.17919921875
9205,1,92060,4255.58984375
9206,1,92070,4258.2900390625
9207,1,92080,4257.04345703125
9208,1,92090,4258.2421875
9209,1,92100,4259.28515625
9210,1,92110,4259.7216796875
9211,1,92120,4261.10986328125
9212,1,92130,4262.1328125
9213,1,92140,4262.57470703125
9214,1,92150,4264.59375
9215,1,92160,4264.3095703125
9216,1,92170,4265.60791015625
9217,1,92180,4266.73193359375
9218,1,92190,4267.328125
9219,1,92200,4268.294921875
9220,1,92210,4269.45361328125
9221,1,92220,4269.98779296875
9222,1,92230,4271.19677734375
9223,1,92240,4271.076171875
9224,1,92250,4272.47607421875
9225,1,92260,4273.564453125
9226,1,92270,4274.06640625
9227,1,92280,4275.228515625
9228,1,92290,4276.98046875
9229,1,92300,4277.26513671875
9230,1,92310,4278.552734375
9231,1,92320,4278.88134765625
9232,1,92330,4279.90625
9233,1,92340,4281.15625
9234,1,92350,4281.494140625
9235,1,92360,4282.73583984375
9236,1,92370,4284.15283203125
9237,1,92380,4284.37890625
9238,1,92390,4285.18408203125
9239,1,92400,4285.60791015625
9240,1,92410,4286.85888671875
9241,1,92420,4287.9423828125
9242,1,92430,4288.34765625
9243,1,92440,4290.08056640625
9244,1,92450,4291.27880859375
9245,1,92460,4292.009765625
9246,1,92470,4292.6474609375
9247,1,92480,4293.32421875
9248,1,92490,4294.12109375
9249,1,92500,4295.58642578125
9250,1,92510,4296.0087890625
9251,1,92520,4297.2099609375
9252,1,92530,4297.90771484375
9253,1,92540,4299.0
9254,1,92550,4299.85302734375
9255,1,92560,4299.92236328125
9256,1,92570,4301.42529296875
9257,1,92580,4302.373046875
9258,1,92590,4303.57080078125
9259,1,92600,4304.18798828125
9260,1,92610,4305.513671875
9261,1,92620,4306.6884765625
9262,1,92630,4307.1845703125
9263,1,92640,4307.45361328125
9264,1,92650,4308.931640625
9265,1,92660,4310.369140625
9266,1,92670,4310.59326171875
9267,1,92680,4311.79931640625
9268,1,92690,4312.44775390625
9269,1,92700,4312.79150390625
9270,1,92710,4314.3095703125
9271,1,92720,4314.40673828125
9272,1,92730,4315.5498046875
9273,1,92740,4317.591796875
9274,1,92750,4317.6181640625
9275,1,92760,4318.75341796875
9276,1,92770,4320.0498046875
9277,1,92780,4320.5166015625
9278,1,92790,4321.599609375
9279,1,92800,4321.9873046875
9280,1,92810,4323.130859375
9281,1,92820,4324.4912109375
9282,1,92830,4324.388671875
9283,1,92840,4325.744140625
9284,1,92850,4326.91845703125
9285,1,92860,4327.22216796875
9286,1,92870,4328.2900390625
9287,1,92880,4329.2421875
9288,1,92890,4330.40185546875
9289,1,92900,4331.591796875
9290,1,92910,4331.89794921875
9291,1,92920,4333.34375
9292,1,92930,4334.9326171875
9293,1,92940,4334.8134765625
9294,1,92950,4336.47802734375
9295,1,92960,4336.6630859375
9296,1,92970,4337.2685546875
9297,1,92980,4338.52978515625
9298,1,92990,4339.1806640625
9299,1,93000,4340.322265625
9300,1,93010,4341.84912109375
9301,1,93020,4342.373046875
9302,1,93030,4343.470703125
9303,1,93040,4343.61474609375
9304,1,93050,4344.90185546875
9305,1,93060,4346.26611328125
9306,1,93070,4346.6240234375
9307,1,93080,4348.21240234375
9308,1,93090,4349.31103515625
9309,1,93100,4349.109375
9310,1,93110,4350.3173828125
9311,1,93120,4350.76318359375
9312,1,93130,4351.810546875
9313,1,93140,4352.94873046875
9314,1,93150,4353.8916015625
9315,1,93160,4355.37158203125
9316,1,93170,4356.8505859375
9317,1,93180,4357.5009765625
9318,1,93190,4357.72314453125
9319,1,93200,4358.666015625
9320,1,93210,4359.1318359375
9321,1,93220,4360.77587890625
9322,1,93230,4361.22021484375
9323,1,93240,4362.380859375
9324,1,93250,4363.13720703125
9325,1,93260,4363.6640625
9326,1,93270,4364.669921875
9327,1,93280,4365.63037109375
9328,1,93290,4367.3896484375
9329,1,93300,4367.96923828125
9330,1,93310,4368.22314453125
9331,1,93320,4369.888671875
9332,1,93330,4371.33447265625
9333,1,93340,4371.27197265625
9334,1,93350,4372.46484375
9335,1,93360,4373.224609375
9336,1,93370,4374.21240234375
9337,1,93380,4374.81884765625
9338,1,93390,4375.14501953125
9339,1,93400,4377.01220703125
9340,1,93410,4377.875
9341,1,93420,4378.50634765625
9342,1,93430,4379.55126953125
9343,1,93440,4380.85107421875
9344,1,93450,4381.08349609375
9345,1,93460,4382.5732421875
9346,1,93470,4382.87158203125
9347,1,93480,4384.32568359375
9348,1,93490,4385.0244140625
9349,1,93500,4385.28271484375
9350,1,93510,4386.6162109375
9351,1,93520,4387.6767578125
9352,1,93530,4388.95556640625
9353,1,93540,4389.9453125
9354,1,93550,4391.40625
9355,1,93560,4391.77783203125
9356,1,93570,4392.32373046875
9357,1,93580,4392.94873046875
9358,1,93590,4394.73046875
9359,1,93600,4394.69482421875
9360,1,93610,4396.38232421875
9361,1,93620,4397.072265625
9362,1,93630,4398.3369140625
9363,1,93640,4398.9990234375
9364,1,93650,4400.416015625
9365,1,93660,4401.06494140625
9366,1,93670,4402.56787109375
9367,1,93680,4402.853515625
9368,1,93690,4403.93310546875
9369,1,93700,4405.296875
9370,1,93710,4406.04833984375
9371,1,93720,4407.0400390625
9372,1,93730,4407.6064453125
9373,1,93740,4408.00830078125
9374,1,93750,4409.22119140625
9375,1,93760,4409.7421875
9376,1,93770,4411.2890625
9377,1,93780,4413.333984375
9378,1,93790,4412.7529296875
9379,1,93800,4413.46923828125
9380,1,93810,4415.15673828125
9381,1,93820,4414.94580078125
9382,1,93830,4417.0537109375
9383,1,93840,4416.3310546875
9384,1,93850,4417.498046875
9385,1,93860,4419.7041015625
9386,1,93870,4419.0078125
9387,1,93880,4421.6669921875
9388,1,93890,4421.84326171875
9389,1,93900,4422.1044921875
9390,1,93910,4423.31982421875
9391,1,93920,4423.66650390625
9392,1,93930,4425.56103515625
9393,1,93940,4426.41650390625
9394,1,93950,4426.6943359375
9395,1,93960,4427.439453125
9396,1,93970,4429.23095703125
9397,1,93980,4429.3916015625
9398,1,93990,4430.9755859375
9399,1,94000,4431.06396484375
9400,1,94010,4433.1513671875
9401,1,94020,4433.87451171875
9402,1,94030,4434.02294921875
9403,1,94040,4435.11865234375
9404,1,94050,4436.05712890625
9405,1,94060,4436.205078125
9406,1,94070,4437.62451171875
9407,1,94080,4438.3388671875
9408,1,94090,4439.68017578125
9409,1,94100,4440.64599609375
9410,1,94110,4441.01904296875
9411,1,94120,4442.55712890625
9412,1,94130,4443.955078125
9413,1,94140,4444.373046875
9414,1,94150,4445.3125
9415,1,94160,4446.3701171875
9416,1,94170,4447.513671875
9417,1,94180,4448.80126953125
9418,1,94190,4449.255859375
9419,1,94200,4450.15966796875
9420,1,94210,4451.29443359375
9421,1,94220,4451.83056640625
9422,1,94230,4452.71484375
9423,1,94240,4453.75390625
9424,1,94250,4454.2841796875
9425,1,94260,4455.81298828125
9426,1,94270,4455.99169921875
9427,1,94280,4457.67529296875
9428,1,94290,4458.8564453125
9429,1,94300,4458.7685546875
9430,1,94310,4460.974609375
9431,1,94320,4460.92431640625
9432,1,94330,4462.10986328125
9433,1,94340,4462.67431640625
9434,1,94350,4463.37646484375
9435,1,94360,4465.06591796875
9436,1,94370,4466.166015625
9437,1,94380,4466.3271484375
9438,1,94390,4468.173828125
9439,1,94400,4468.224609375
9440,1,94410,4468.98681640625
9441,1,94420,4469.96533203125
9442,1,94430,4470.3037109375
9443,1,94440,4471.89453125
9444,1,94450,4473.55126953125
9445,1,94460,4474.369140625
9446,1,94470,4474.60888671875
9447,1,94480,4475.064453125
9448,1,94490,4476.12939453125
9449,1,94500,4477.11962890625
9450,1,94510,4477.57568359375
9451,1,94520,4478.61865234375
9452,1,94530,4480.61083984375
9453,1,94540,4481.70654296875
9454,1,94550,4482.19287109375
9455,1,94560,4482.29833984375
9456,1,94570,4483.587890625
9457,1,94580,4484.380859375
9458,1,94590,4484.82470703125
9459,1,94600,4485.97216796875
9460,1,94610,4488.0849609375
9461,1,94620,4488.02197265625
9462,1,94630,4489.34130859375
9463,1,94640,4489.48828125
9464,1,94650,4490.8212890625
9465,1,94660,4491.6240234375
9466,1,94670,4492.6689453125
9467,1,94680,4493.60400390625
9468,1,94690,4494.8955078125
9469,1,94700,4495.4326171875
9470,1,94710,4496.45751953125
9471,1,94720,4496.84423828125
9472,1,94730,4498.22314453125
9473,1,94740,4498.91796875
9474,1,94750,4499.5361328125
9475,1,94760,4501.2021484375
9476,1,94770,4502.1328125
9477,1,94780,4502.8037109375
9478,1,94790,4504.7109375
9479,1,94800,4504.46875
9480,1,94810,4505.658203125
9481,1,94820,4506.4111328125
9482,1,94830,4507.03125
9483,1,94840,4508.06982421875
9484,1,94850,4509.560546875
9485,1,94860,4510.97705078125
9486,1,94870,4511.7421875
9487,1,94880,4512.4453125
9488,1,94890,4513.20068359375
9489,1,94900,4513.970703125
9490,1,94910,4515.1474609375
9491,1,94920,4516.04345703125
9492,1,94930,4517.94091796875
9493,1,94940,4517.36328125
9494,1,94950,4519.03369140625
9495,1,94960,4519.224609375
9496,1,94970,4520.3271484375
9497,1,94980,4521.32666015625
9498,1,94990,4521.5263671875
9499,1,95000,4523.0830078125
9500,1,95010,4524.35791015625
9501,1,95020,4524.84326171875
9502,1,95030,4525.99365234375
9503,1,95040,4526.3681640625
9504,1,95050,4527.85009765625
9505,1,95060,4529.08837890625
9506,1,95070,4528.90087890625
9507,1,95080,4530.77685546875
9508,1,95090,4531.74609375
9509,1,95100,4532.52685546875
9510,1,95110,4533.55322265625
9511,1,95120,4533.7841796875
9512,1,95130,4535.39990234375
9513,1,95140,4535.91552734375
9514,1,95150,4536.36865234375
9515,1,95160,4538.177734375
9516,1,95170,4539.6884765625
9517,1,95180,4539.572265625
9518,1,95190,4541.14501953125
9519,1,95200,4540.84716796875
9520,1,95210,4542.32861328125
9521,1,95220,4543.5185546875
9522,1,95230,4544.3935546875
9523,1,95240,4546.04150390625
9524,1,95250,4546.29833984375
9525,1,95260,4547.37646484375
9526,1,95270,4548.31640625
9527,1,95280,4548.97900390625
9528,1,95290,4549.5009765625
9529,1,95300,4551.1435546875
9530,1,95310,4551.40185546875
9531,1,95320,4552.86962890625
9532,1,95330,4554.2001953125
9533,1,95340,4554.58984375
9534,1,95350,4556.298828125
9535,1,95360,4555.70458984375
9536,1,95370,4556.97509765625
9537,1,95380,4559.0888671875
9538,1,95390,4559.712890625
9539,1,95400,4560.11328125
9540,1,95410,4561.47802734375
9541,1,95420,4561.916015625
9542,1,95430,4562.7373046875
9543,1,95440,4563.15576171875
9544,1,95450,4564.79150390625
9545,1,95460,4565.90869140625
9546,1,95470,4566.31591796875
9547,1,95480,4567.61279296875
9548,1,95490,4568.63525390625
9549,1,95500,4569.53076171875
9550,1,95510,4570.40625
9551,1,95520,4571.02587890625
9552,1,95530,4572.10595703125
9553,1,95540,4573.4091796875
9554,1,95550,4573.8720703125
9555,1,95560,4574.79052734375
9556,1,95570,4576.58837890625
9557,1,95580,4576.46533203125
9558,1,95590,4578.18017578125
9559,1,95600,4578.25927734375
9560,1,95610,4579.65673828125
9561,1,95620,4581.5888671875
9562,1,95630,4581.10693359375
9563,1,95640,4581.9716796875
9564,1,95650,4583.77783203125
9565,1,95660,4584.767578125
9566,1,95670,4585.96337890625
9567,1,95680,4586.7412109375
9568,1,95690,4586.9931640625
9569,1,95700,4588.58642578125
9570,1,95710,4588.24609375
9571,1,95720,4590.4140625
9572,1,95730,4591.1708984375
9573,1,95740,4592.5830078125
9574,1,95750,4593.49072265625
9575,1,95760,4593.5048828125
9576,1,95770,4594.08984375
9577,1,95780,4595.3701171875
9578,1,95790,4596.94140625
9579,1,95800,4597.75927734375
9580,1,95810,4599.2177734375
9581,1,95820,4599.58349609375
9582,1,95830,4599.98828125
9583,1,95840,4600.4736328125
9584,1,95850,4601.716796875
9585,1,95860,4603.29443359375
9586,1,95870,4603.3701171875
9587,1,95880,4604.59619140625
9588,1,95890,4605.84326171875
9589,1,95900,4606.095703125
9590,1,95910,4607.43115234375
9591,1,95920,4608.14697265625
9592,1,95930,4609.3837890625
9593,1,95940,4610.58056640625
9594,1,95950,4611.5146484375
9595,1,95960,4612.06396484375
9596,1,95970,4613.8564453125
9597,1,95980,4614.38671875
9598,1,95990,4615.71484375
9599,1,96000,4615.78369140625
9600,1,96010,4617.28466796875
9601,1,96020,4617.89453125
9602,1,96030,4617.92431640625
9603,1,96040,4619.58642578125
9604,1,96050,4620.482421875
9605,1,96060,4622.169921875
9606,1,96070,4623.060546875
9607,1,96080,4623.9189453125
9608,1,96090,4624.17626953125
9609,1,96100,4625.03759765625
9610,1,96110,4626.36865234375
9611,1,96120,4627.2412109375
9612,1,96130,4628.31982421875
9613,1,96140,4629.25146484375
9614,1,96150,4630.0556640625
9615,1,96160,4630.09375
9616,1,96170,4631.33984375
9617,1,96180,4633.4072265625
9618,1,96190,4633.53564453125
9619,1,96200,4634.5341796875
9620,1,96210,4635.87109375
9621,1,96220,4636.73681640625
9622,1,96230,4637.21923828125
9623,1,96240,4637.79541015625
9624,1,96250,4639.1689453125
9625,1,96260,4640.39892578125
9626,1,96270,4640.87744140625
9627,1,96280,4642.65234375
9628,1,96290,4643.62548828125
9629,1,96300,4644.7197265625
9630,1,96310,4645.93310546875
9631,1,96320,4646.59326171875
9632,1,96330,4647.09716796875
9633,1,96340,4648.24267578125
9634,1,96350,4648.3671875
9635,1,96360,4648.9775390625
9636,1,96370,4651.12939453125
9637,1,96380,4651.3544921875
9638,1,96390,4652.66015625
9639,1,96400,4653.26513671875
9640,1,96410,4654.96142578125
9641,1,96420,4656.03173828125
9642,1,96430,4655.626953125
9643,1,96440,4657.193359375
9644,1,96450,4659.09912109375
9645,1,96460,4659.84375
9646,1,96470,4660.29638671875
9647,1,96480,4661.02001953125
9648,1,96490,4661.841796875
9649,1,96500,4663.57275390625
9650,1,96510,4663.29052734375
9651,1,96520,4664.80908203125
9652,1,96530,4665.76806640625
9653,1,96540,4666.5302734375
9654,1,96550,4667.2822265625
9655,1,96560,4667.865234375
9656,1,96570,4669.5126953125
9657,1,96580,4670.80859375
9658,1,96590,4671.6875
9659,1,96600,4671.9189453125
9660,1,96610,4672.91943359375
9661,1,96620,4673.48388671875
9662,1,96630,4675.37841796875
9663,1,96640,4675.4619140625
9664,1,96650,4676.4716796875
9665,1,96660,4678.4169921875
9666,1,96670,4678.08984375
9667,1,96680,4679.50732421875
9668,1,96690,4681.39501953125
9669,1,96700,4681.06396484375
9670,1,96710,4683.126953125
9671,1,96720,4683.47705078125
9672,1,96730,4685.4296875
9673,1,96740,4686.0068359375
9674,1,96750,4686.39501953125
9675,1,96760,4687.37353515625
9676,1,96770,4688.25341796875
9677,1,96780,4689.60498046875
9678,1,96790,4689.99462890625
9679,1,96800,4691.62353515625
9680,1,96810,4692.18798828125
9681,1,96820,4693.57470703125
9682,1,96830,4693.23388671875
9683,1,96840,4694.3759765625
9684,1,96850,4696.28662109375
9685,1,96860,4695.62890625
9686,1,96870,4697.72900390625
9687,1,96880,4697.7822265625
9688,1,96890,4700.0244140625
9689,1,96900,4701.00341796875
9690,1,96910,4700.52197265625
9691,1,96920,4701.60498046875
9692,1,96930,4703.2958984375
9693,1,96940,4704.17822265625
9694,1,96950,4705.1513671875
9695,1,96960,4705.099609375
9696,1,96970,4706.4794921875
9697,1,96980,4707.5009765625
9698,1,96990,4708.57958984375
9699,1,97000,4709.478515625
9700,1,97010,4710.60693359375
9701,1,97020,4711.2900390625
9702,1,97030,4712.20751953125
9703,1,97040,4712.5205078125
9704,1,97050,4714.3251953125
9705,1,97060,4716.400390625
9706,1,97070,4716.02734375
9707,1,97080,4717.279296875
9708,1,97090,4719.79638671875
9709,1,97100,4719.54931640625
9710,1,97110,4720.1123046875
9711,1,97120,4720.4072265625
9712,1,97130,4722.8662109375
9713,1,97140,4723.14599609375
9714,1,97150,4723.3310546875
9715,1,97160,4725.7548828125
9716,1,97170,4726.32861328125
9717,1,97180,4726.84814453125
9718,1,97190,4727.396484375
9719,1,97200,4727.611328125
9720,1,97210,4728.95068359375
9721,1,97220,4730.38916015625
9722,1,97230,4731.486328125
9723,1,97240,4732.138671875
9724,1,97250,4733.203125
9725,1,97260,4733.9423828125
9726,1,97270,4735.22509765625
9727,1,97280,4735.7333984375
9728,1,97290,4736.93115234375
9729,1,97300,4738.48583984375
9730,1,97310,4738.15625
9731,1,97320,4739.8251953125
9732,1,97330,4740.6787109375
9733,1,97340,4741.3232421875
9734,1,97350,4742.7265625
9735,1,97360,4742.65234375
9736,1,97370,4744.46044921875
9737,1,97380,4745.9677734375
9738,1,97390,4745.95458984375
9739,1,97400,4747.11474609375
9740,1,97410,4748.001953125
9741,1,97420,4748.623046875
9742,1,97430,4750.27685546875
9743,1,97440,4751.14697265625
9744,1,97450,4751.91015625
9745,1,97460,4753.49755859375
9746,1,97470,4753.70654296875
9747,1,97480,4755.46484375
9748,1,97490,4756.71728515625
9749,1,97500,4756.8388671875
9750,1,97510,4758.46044921875
9751,1,97520,4757.63037109375
9752,1,97530,4759.6630859375
9753,1,97540,4760.49609375
9754,1,97550,4761.18701171875
9755,1,97560,4762.37841796875
9756,1,97570,4763.27978515625
9757,1,97580,4764.9013671875
9758,1,97590,4765.43603515625
9759,1,97600,4765.8251953125
9760,1,97610,4766.8232421875
9761,1,97620,4768.1962890625
9762,1,97630,4768.38134765625
9763,1,97640,4770.28125
9764,1,97650,4771.7919921875
9765,1,97660,4771.7041015625
9766,1,97670,4772.66015625
9767,1,97680,4772.947265625
9768,1,97690,4774.68701171875
9769,1,97700,4775.87109375
9770,1,97710,4776.068359375
9771,1,97720,4777.7158203125
9772,1,97730,4778.482421875
9773,1,97740,4779.9482421875
9774,1,97750,4780.625
9775,1,97760,4781.07568359375
9776,1,97770,4782.134765625
9777,1,97780,4782.9296875
9778,1,97790,4784.55859375
9779,1,97800,4785.6298828125
9780,1,97810,4786.8798828125
9781,1,97820,4786.77001953125
9782,1,97830,4788.0810546875
9783,1,97840,4788.490234375
9784,1,97850,4789.6787109375
9785,1,97860,4791.5205078125
9786,1,97870,4791.65966796875
9787,1,97880,4792.07470703125
9788,1,97890,4794.16015625
9789,1,97900,4794.3515625
9790,1,97910,4795.78857421875
9791,1,97920,4796.11767578125
9792,1,97930,4797.56787109375
9793,1,97940,4798.2568359375
9794,1,97950,4799.119140625
9795,1,97960,4800.609375
9796,1,97970,4801.69921875
9797,1,97980,4801.83837890625
9798,1,97990,4803.078125
9799,1,98000,4804.46826171875
9800,1,98010,4805.06787109375
9801,1,98020,4806.5361328125
9802,1,98030,4806.25390625
9803,1,98040,4808.25
9804,1,98050,4809.15283203125
9805,1,98060,4815.4970703125
9806,1,98070,4811.9814453125
9807,1,98080,4810.70751953125
9808,1,98090,4812.41796875
9809,1,98100,4813.8525390625
9810,1,98110,4814.20703125
9811,1,98120,4815.76220703125
9812,1,98130,4816.37353515625
9813,1,98140,4817.650390625
9814,1,98150,4818.41552734375
9815,1,98160,4818.8876953125
9816,1,98170,4820.35986328125
9817,1,98180,4821.17626953125
9818,1,98190,4821.8291015625
9819,1,98200,4823.1171875
9820,1,98210,4825.0048828125
9821,1,98220,4825.572265625
9822,1,98230,4826.0458984375
9823,1,98240,4826.4619140625
9824,1,98250,4827.8916015625
9825,1,98260,4829.05615234375
9826,1,98270,4829.63916015625
9827,1,98280,4830.72265625
9828,1,98290,4832.2880859375
9829,1,98300,4832.54736328125
9830,1,98310,4833.63623046875
9831,1,98320,4834.07080078125
9832,1,98330,4835.595703125
9833,1,98340,4836.66064453125
9834,1,98350,4837.56005859375
9835,1,98360,4838.30517578125
9836,1,98370,4839.2705078125
9837,1,98380,4840.4111328125
9838,1,98390,4842.29052734375
9839,1,98400,4842.19091796875
9840,1,98410,4842.6591796875
9841,1,98420,4844.8505859375
9842,1,98430,4844.92236328125
9843,1,98440,4846.841796875
9844,1,98450,4847.16455078125
9845,1,98460,4847.60595703125
9846,1,98470,4848.4833984375
9847,1,98480,4849.46142578125
9848,1,98490,4850.689453125
9849,1,98500,4852.404296875
9850,1,98510,4852.19482421875
9851,1,98520,4853.7529296875
9852,1,98530,4854.8642578125
9853,1,98540,4855.36474609375
9854,1,98550,4856.41650390625
9855,1,98560,4856.4453125
9856,1,98570,4858.7158203125
9857,1,98580,4859.54248046875
9858,1,98590,4860.15673828125
9859,1,98600,4860.7666015625
9860,1,98610,4862.54443359375
9861,1,98620,4862.85986328125
9862,1,98630,4864.30078125
9863,1,98640,4864.970703125
9864,1,98650,4865.60302734375
9865,1,98660,4867.474609375
9866,1,98670,4867.60791015625
9867,1,98680,4868.75732421875
9868,1,98690,4869.68212890625
9869,1,98700,4870.19775390625
9870,1,98710,4872.318359375
9871,1,98720,4872.36962890625
9872,1,98730,4873.666015625
9873,1,98740,4874.435546875
9874,1,98750,4875.54345703125
9875,1,98760,4878.07568359375
9876,1,98770,4877.7724609375
9877,1,98780,4878.18310546875
9878,1,98790,4879.24755859375
9879,1,98800,4880.10546875
9880,1,98810,4881.07568359375
9881,1,98820,4882.56298828125
9882,1,98830,4883.0849609375
9883,1,98840,4883.75732421875
9884,1,98850,4885.4326171875
9885,1,98860,4885.841796875
9886,1,98870,4887.1806640625
9887,1,98880,4887.01708984375
9888,1,98890,4888.91015625
9889,1,98900,4890.62548828125
9890,1,98910,4890.49462890625
9891,1,98920,4891.4970703125
9892,1,98930,4892.68994140625
9893,1,98940,4893.896484375
9894,1,98950,4895.0634765625
9895,1,98960,4895.19580078125
9896,1,98970,4896.298828125
9897,1,98980,4897.94775390625
9898,1,98990,4898.251953125
9899,1,99000,4899.478515625
9900,1,99010,4900.4287109375
9901,1,99020,4900.79443359375
9902,1,99030,4902.623046875
9903,1,99040,4902.89208984375
9904,1,99050,4904.38720703125
9905,1,99060,4905.27587890625
9906,1,99070,4906.03759765625
9907,1,99080,4907.099609375
9908,1,99090,4908.45263671875
9909,1,99100,4908.5009765625
9910,1,99110,4910.4873046875
9911,1,99120,4910.59716796875
9912,1,99130,4912.06640625
9913,1,99140,4912.7431640625
9914,1,99150,4913.35498046875
9915,1,99160,4914.8642578125
9916,1,99170,4916.50390625
9917,1,99180,4916.6669921875
9918,1,99190,4917.70751953125
9919,1,99200,4918.48046875
9920,1,99210,4919.5234375
9921,1,99220,4921.36474609375
9922,1,99230,4921.75830078125
9923,1,99240,4923.1826171875
9924,1,99250,4923.7744140625
9925,1,99260,4924.40966796875
9926,1,99270,4925.84619140625
9927,1,99280,4925.7587890625
9928,1,99290,4927.28564453125
9929,1,99300,4928.60205078125
9930,1,99310,4929.34130859375
9931,1,99320,4929.92333984375
9932,1,99330,4931.72412109375
9933,1,99340,4931.89208984375
9934,1,99350,4933.19970703125
9935,1,99360,4933.54736328125
9936,1,99370,4935.162109375
9937,1,99380,4936.43505859375
9938,1,99390,4936.82177734375
9939,1,99400,4938.11279296875
9940,1,99410,4939.16064453125
9941,1,99420,4939.7705078125
9942,1,99430,4941.005859375
9943,1,99440,4941.53076171875
9944,1,99450,4942.33349609375
9945,1,99460,4944.9931640625
9946,1,99470,4945.20703125
9947,1,99480,4945.390625
9948,1,99490,4946.416015625
9949,1,99500,4947.69384765625
9950,1,99510,4950.4716796875
9951,1,99520,4950.087890625
9952,1,99530,4951.462890625
9953,1,99540,4952.72802734375
9954,1,99550,4952.36181640625
9955,1,99560,4954.13818359375
9956,1,99570,4954.35546875
9957,1,99580,4955.77197265625
9958,1,99590,4957.515625
9959,1,99600,4957.154296875
9960,1,99610,4958.45166015625
9961,1,99620,4959.31591796875
9962,1,99630,4959.94091796875
9963,1,99640,4961.1064453125
9964,1,99650,4962.4306640625
9965,1,99660,4963.48974609375
9966,1,99670,4965.10595703125
9967,1,99680,4964.5791015625
9968,1,99690,4966.58447265625
9969,1,99700,4967.50732421875
9970,1,99710,4968.65625
9971,1,99720,4969.48095703125
9972,1,99730,4970.14599609375
9973,1,99740,4970.7353515625
9974,1,99750,4972.65234375
9975,1,99760,4972.79541015625
9976,1,99770,4974.16064453125
9977,1,99780,4975.5234375
9978,1,99790,4975.4619140625
9979,1,99800,4976.76171875
9980,1,99810,4978.1650390625
9981,1,99820,4979.12744140625
9982,1,99830,4980.8935546875
9983,1,99840,4981.45703125
9984,1,99850,4982.564453125
9985,1,99860,4983.23095703125
9986,1,99870,4984.564453125
9987,1,99880,4985.638671875
9988,1,99890,4986.18994140625
9989,1,99900,4986.93896484375
9990,1,99910,4988.365234375
9991,1,99920,4988.68994140625
9992,1,99930,4989.853515625
9993,1,99940,4990.9189453125
9994,1,99950,4991.7138671875
9995,1,99960,4993.04150390625
9996,1,99970,4994.3984375
9997,1,99980,4994.95751953125
9998,1,99990,4996.31640625
