,l_xy,n_pts,time
0,1,10,471.2099304199219
1,2,10,0.1525759994983673
2,3,10,0.1382399946451187
3,4,10,0.131071999669075
4,5,10,0.11673600226640701
5,6,10,0.1228799968957901
6,7,10,0.1382399946451187
7,8,10,0.1228799968957901
8,9,10,0.10649599879980087
9,10,10,0.11776000261306763
10,11,10,0.10649599879980087
11,12,10,0.12083200365304947
12,13,10,0.11366400122642517
13,14,10,0.10649599879980087
14,15,10,0.10751999914646149
15,16,10,0.11161600053310394
16,17,10,0.11776000261306763
17,18,10,0.10444799810647964
18,19,10,0.10649599879980087
19,20,10,0.11673600226640701
20,21,10,0.12902399897575378
21,22,10,0.10649599879980087
22,23,10,0.11161600053310394
23,24,10,0.12185599654912949
24,25,10,0.10649599879980087
25,26,10,0.1454080045223236
26,27,10,0.11059200018644333
27,28,10,0.11161600053310394
28,29,10,0.1085439994931221
29,30,10,0.1085439994931221
30,31,10,0.12185599654912949
31,32,10,0.11059200018644333
32,33,10,0.1085439994931221
33,34,10,0.1157120019197464
34,35,10,0.11673600226640701
35,36,10,0.1085439994931221
36,37,10,0.1085439994931221
37,38,10,0.11980800330638885
38,39,10,0.10751999914646149
39,40,10,0.11673600226640701
40,41,10,0.10956799983978271
41,42,10,0.10956799983978271
42,43,10,0.10751999914646149
43,44,10,0.10751999914646149
44,45,10,0.12492799758911133
45,46,10,0.10751999914646149
46,47,10,0.10751999914646149
47,48,10,0.11059200018644333
48,49,10,0.1085439994931221
49,50,10,0.1085439994931221
50,51,10,0.10649599879980087
51,52,10,0.10751999914646149
52,53,10,0.10956799983978271
53,54,10,0.10751999914646149
54,55,10,0.10751999914646149
55,56,10,0.11468800157308578
56,57,10,0.11059200018644333
57,58,10,0.1085439994931221
58,59,10,0.10956799983978271
59,60,10,0.11059200018644333
60,61,10,0.10751999914646149
61,62,10,0.10956799983978271
62,63,10,0.10751999914646149
63,64,10,0.10751999914646149
64,65,10,0.10956799983978271
65,66,10,0.10751999914646149
66,67,10,0.11468800157308578
67,68,10,0.10751999914646149
68,69,10,0.1085439994931221
69,70,10,0.1085439994931221
70,71,10,0.14336000382900238
71,72,10,0.10751999914646149
72,73,10,0.10751999914646149
73,74,10,0.11059200018644333
74,75,10,0.1085439994931221
75,76,10,0.10444799810647964
76,77,10,0.10649599879980087
77,78,10,0.11264000087976456
78,79,10,0.1085439994931221
79,80,10,0.11059200018644333
80,81,10,0.11059200018644333
81,82,10,0.1157120019197464
82,83,10,0.11673600226640701
83,84,10,0.10956799983978271
84,85,10,0.10751999914646149
85,86,10,0.10649599879980087
86,87,10,0.1085439994931221
87,88,10,0.1085439994931221
88,89,10,0.11366400122642517
89,90,10,0.1085439994931221
90,91,10,0.10649599879980087
91,92,10,0.10751999914646149
92,93,10,0.10751999914646149
93,94,10,0.1085439994931221
94,95,10,0.1085439994931221
95,96,10,0.10956799983978271
96,97,10,0.10751999914646149
97,98,10,0.10751999914646149
98,99,10,0.10956799983978271
99,1,20,0.15360000729560852
100,2,20,0.131071999669075
101,3,20,0.130048006772995
102,4,20,0.12083200365304947
103,5,20,0.14643199741840363
104,6,20,0.13619199395179749
105,7,20,0.131071999669075
106,8,20,0.12390399724245071
107,9,20,0.12083200365304947
108,10,20,0.12083200365304947
109,11,20,0.15052799880504608
110,12,20,0.12083200365304947
111,13,20,0.11468800157308578
112,14,20,0.13312000036239624
113,15,20,0.1157120019197464
114,16,20,0.11980800330638885
115,17,20,0.15462400019168854
116,18,20,0.11161600053310394
117,19,20,0.11776000261306763
118,20,20,0.1157120019197464
119,21,20,0.12902399897575378
120,22,20,0.10751999914646149
121,23,20,0.11468800157308578
122,24,20,0.1157120019197464
123,25,20,0.12390399724245071
124,26,20,0.11366400122642517
125,27,20,0.11468800157308578
126,28,20,0.10751999914646149
127,29,20,0.11161600053310394
128,30,20,0.10649599879980087
129,31,20,0.12185599654912949
130,32,20,0.11264000087976456
131,33,20,0.10751999914646149
132,34,20,0.11264000087976456
133,35,20,0.11366400122642517
134,36,20,0.10956799983978271
135,37,20,0.1085439994931221
136,38,20,0.10547199845314026
137,39,20,0.1085439994931221
138,40,20,0.11776000261306763
139,41,20,0.10649599879980087
140,42,20,0.12902399897575378
141,43,20,0.1085439994931221
142,44,20,0.10751999914646149
143,45,20,0.11468800157308578
144,46,20,0.1085439994931221
145,47,20,0.10751999914646149
146,48,20,0.11468800157308578
147,49,20,0.1085439994931221
148,50,20,0.10649599879980087
149,51,20,0.10751999914646149
150,52,20,0.11264000087976456
151,53,20,0.10649599879980087
152,54,20,0.1085439994931221
153,55,20,0.11059200018644333
154,56,20,0.11468800157308578
155,57,20,0.11059200018644333
156,58,20,0.1085439994931221
157,59,20,0.10751999914646149
158,60,20,0.10751999914646149
159,61,20,0.10649599879980087
160,62,20,0.11878400295972824
161,63,20,0.11468800157308578
162,64,20,0.12185599654912949
163,65,20,0.10649599879980087
164,66,20,0.10649599879980087
165,67,20,0.12083200365304947
166,68,20,0.10956799983978271
167,69,20,0.11059200018644333
168,70,20,0.11366400122642517
169,71,20,0.11468800157308578
170,72,20,0.10649599879980087
171,73,20,0.10649599879980087
172,74,20,0.10649599879980087
173,75,20,0.1085439994931221
174,76,20,0.10751999914646149
175,77,20,0.10649599879980087
176,78,20,0.11264000087976456
177,79,20,0.1085439994931221
178,80,20,0.11673600226640701
179,81,20,0.1085439994931221
180,82,20,0.10649599879980087
181,83,20,0.10649599879980087
182,84,20,0.10649599879980087
183,85,20,0.11673600226640701
184,86,20,0.10751999914646149
185,87,20,0.1085439994931221
186,88,20,0.10751999914646149
187,89,20,0.11264000087976456
188,90,20,0.1085439994931221
189,91,20,0.10956799983978271
190,92,20,0.1085439994931221
191,93,20,0.1085439994931221
192,94,20,0.1085439994931221
193,95,20,0.1157120019197464
194,96,20,0.11161600053310394
195,97,20,0.10956799983978271
196,98,20,0.10649599879980087
197,99,20,0.10751999914646149
198,1,30,0.14233599603176117
199,2,30,0.13926400244235992
200,3,30,0.13209599256515503
201,4,30,0.1382399946451187
202,5,30,0.12697599828243256
203,6,30,0.1372160017490387
204,7,30,0.13516800105571747
205,8,30,0.1382399946451187
206,9,30,0.15564799308776855
207,10,30,0.12697599828243256
208,11,30,0.12390399724245071
209,12,30,0.13619199395179749
210,13,30,0.12492799758911133
211,14,30,0.12492799758911133
212,15,30,0.12083200365304947
213,16,30,0.11366400122642517
214,17,30,0.12390399724245071
215,18,30,0.1157120019197464
216,19,30,0.11673600226640701
217,20,30,0.12083200365304947
218,21,30,0.131071999669075
219,22,30,0.12083200365304947
220,23,30,0.12185599654912949
221,24,30,0.11980800330638885
222,25,30,0.12390399724245071
223,26,30,0.11878400295972824
224,27,30,0.1085439994931221
225,28,30,0.12595200538635254
226,29,30,0.12595200538635254
227,30,30,0.11776000261306763
228,31,30,0.12185599654912949
229,32,30,0.11366400122642517
230,33,30,0.1085439994931221
231,34,30,0.11161600053310394
232,35,30,0.1157120019197464
233,36,30,0.1157120019197464
234,37,30,0.1157120019197464
235,38,30,0.11059200018644333
236,39,30,0.11264000087976456
237,40,30,0.11673600226640701
238,41,30,0.11059200018644333
239,42,30,0.10649599879980087
240,43,30,0.10547199845314026
241,44,30,0.11673600226640701
242,45,30,0.11264000087976456
243,46,30,0.12390399724245071
244,47,30,0.11161600053310394
245,48,30,0.11264000087976456
246,49,30,0.10649599879980087
247,50,30,0.10444799810647964
248,51,30,0.10547199845314026
249,52,30,0.11264000087976456
250,53,30,0.10956799983978271
251,54,30,0.1085439994931221
252,55,30,0.11366400122642517
253,56,30,0.1157120019197464
254,57,30,0.10956799983978271
255,58,30,0.12185599654912949
256,59,30,0.11161600053310394
257,60,30,0.11776000261306763
258,61,30,0.10751999914646149
259,62,30,0.10751999914646149
260,63,30,0.130048006772995
261,64,30,0.11264000087976456
262,65,30,0.10956799983978271
263,66,30,0.1085439994931221
264,67,30,0.11366400122642517
265,68,30,0.10857599973678589
266,69,30,0.10751999914646149
267,70,30,0.11468800157308578
268,71,30,0.10751999914646149
269,72,30,0.1157120019197464
270,73,30,0.10751999914646149
271,74,30,0.11468800157308578
272,75,30,0.10649599879980087
273,76,30,0.10649599879980087
274,77,30,0.10649599879980087
275,78,30,0.11673600226640701
276,79,30,0.10956799983978271
277,80,30,0.1085439994931221
278,81,30,0.10751999914646149
279,82,30,0.11059200018644333
280,83,30,0.10751999914646149
281,84,30,0.10649599879980087
282,85,30,0.1228799968957901
283,86,30,0.10649599879980087
284,87,30,0.10751999914646149
285,88,30,0.1157120019197464
286,89,30,0.11366400122642517
287,90,30,0.1085439994931221
288,91,30,0.10649599879980087
289,92,30,0.10649599879980087
290,93,30,0.11776000261306763
291,94,30,0.10751999914646149
292,95,30,0.11366400122642517
293,96,30,0.11264000087976456
294,97,30,0.10649599879980087
295,98,30,0.1085439994931221
296,99,30,0.10751999914646149
297,1,40,0.1525759994983673
298,2,40,0.14745600521564484
299,3,40,0.14233599603176117
300,4,40,0.131071999669075
301,5,40,0.14643199741840363
302,6,40,0.13414399325847626
303,7,40,0.1443839967250824
304,8,40,0.12390399724245071
305,9,40,0.13926400244235992
306,10,40,0.15564799308776855
307,11,40,0.15769599378108978
308,12,40,0.16179199516773224
309,13,40,0.13619199395179749
310,14,40,0.13209599256515503
311,15,40,0.13516800105571747
312,16,40,0.13312000036239624
313,17,40,0.12697599828243256
314,18,40,0.12185599654912949
315,19,40,0.11776000261306763
316,20,40,0.11878400295972824
317,21,40,0.13516800105571747
318,22,40,0.15052799880504608
319,23,40,0.11980800330638885
320,24,40,0.1157120019197464
321,25,40,0.12697599828243256
322,26,40,0.11264000087976456
323,27,40,0.12390399724245071
324,28,40,0.131071999669075
325,29,40,0.12390399724245071
326,30,40,0.11468800157308578
327,31,40,0.12083200365304947
328,32,40,0.11980800330638885
329,33,40,0.11161600053310394
330,34,40,0.12083200365304947
331,35,40,0.12902399897575378
332,36,40,0.10956799983978271
333,37,40,0.1157120019197464
334,38,40,0.1157120019197464
335,39,40,0.11468800157308578
336,40,40,0.11468800157308578
337,41,40,0.11673600226640701
338,42,40,0.12902399897575378
339,43,40,0.11059200018644333
340,44,40,0.10956799983978271
341,45,40,0.12185599654912949
342,46,40,0.1085439994931221
343,47,40,0.11366400122642517
344,48,40,0.11468800157308578
345,49,40,0.13516800105571747
346,50,40,0.1228799968957901
347,51,40,0.11264000087976456
348,52,40,0.11264000087976456
349,53,40,0.10751999914646149
350,54,40,0.11468800157308578
351,55,40,0.10956799983978271
352,56,40,0.11366400122642517
353,57,40,0.11366400122642517
354,58,40,0.11059200018644333
355,59,40,0.10956799983978271
356,60,40,0.10547199845314026
357,61,40,0.11366400122642517
358,62,40,0.11980800330638885
359,63,40,0.13209599256515503
360,64,40,0.11059200018644333
361,65,40,0.10649599879980087
362,66,40,0.10751999914646149
363,67,40,0.13312000036239624
364,68,40,0.10751999914646149
365,69,40,0.1085439994931221
366,70,40,0.11264000087976456
367,71,40,0.11264000087976456
368,72,40,0.10956799983978271
369,73,40,0.11264000087976456
370,74,40,0.10649599879980087
371,75,40,0.1085439994931221
372,76,40,0.10547199845314026
373,77,40,0.10956799983978271
374,78,40,0.11468800157308578
375,79,40,0.10751999914646149
376,80,40,0.11673600226640701
377,81,40,0.1157120019197464
378,82,40,0.10751999914646149
379,83,40,0.10751999914646149
380,84,40,0.131071999669075
381,85,40,0.1085439994931221
382,86,40,0.10751999914646149
383,87,40,0.11161600053310394
384,88,40,0.10649599879980087
385,89,40,0.11161600053310394
386,90,40,0.11161600053310394
387,91,40,0.11468800157308578
388,92,40,0.10547199845314026
389,93,40,0.10751999914646149
390,94,40,0.10649599879980087
391,95,40,0.11673600226640701
392,96,40,0.11366400122642517
393,97,40,0.10751999914646149
394,98,40,0.10751999914646149
395,99,40,0.10444799810647964
396,1,50,0.16486400365829468
397,2,50,0.15052799880504608
398,3,50,0.1454080045223236
399,4,50,0.14336000382900238
400,5,50,0.13619199395179749
401,6,50,0.1382399946451187
402,7,50,0.1443839967250824
403,8,50,0.13926400244235992
404,9,50,0.1372160017490387
405,10,50,0.130048006772995
406,11,50,0.14336000382900238
407,12,50,0.14131200313568115
408,13,50,0.13414399325847626
409,14,50,0.14131200313568115
410,15,50,0.16896000504493713
411,16,50,0.13516800105571747
412,17,50,0.12595200538635254
413,18,50,0.11366400122642517
414,19,50,0.13414399325847626
415,20,50,0.12697599828243256
416,21,50,0.13209599256515503
417,22,50,0.1157120019197464
418,23,50,0.11980800330638885
419,24,50,0.130048006772995
420,25,50,0.11776000261306763
421,26,50,0.131071999669075
422,27,50,0.12390399724245071
423,28,50,0.11878400295972824
424,29,50,0.1382399946451187
425,30,50,0.1157120019197464
426,31,50,0.12083200365304947
427,32,50,0.13209599256515503
428,33,50,0.10956799983978271
429,34,50,0.13312000036239624
430,35,50,0.131071999669075
431,36,50,0.11161600053310394
432,37,50,0.11673600226640701
433,38,50,0.11878400295972824
434,39,50,0.11468800157308578
435,40,50,0.11878400295972824
436,41,50,0.11161600053310394
437,42,50,0.1228799968957901
438,43,50,0.11366400122642517
439,44,50,0.11366400122642517
440,45,50,0.11366400122642517
441,46,50,0.1157120019197464
442,47,50,0.12390399724245071
443,48,50,0.130048006772995
444,49,50,0.12083200365304947
445,50,50,0.11673600226640701
446,51,50,0.11980800330638885
447,52,50,0.10956799983978271
448,53,50,0.10956799983978271
449,54,50,0.1157120019197464
450,55,50,0.11059200018644333
451,56,50,0.12902399897575378
452,57,50,0.10649599879980087
453,58,50,0.12697599828243256
454,59,50,0.11366400122642517
455,60,50,0.1157120019197464
456,61,50,0.10751999914646149
457,62,50,0.10649599879980087
458,63,50,0.11059200018644333
459,64,50,0.13312000036239624
460,65,50,0.11264000087976456
461,66,50,0.10956799983978271
462,67,50,0.11366400122642517
463,68,50,0.11366400122642517
464,69,50,0.10649599879980087
465,70,50,0.10649599879980087
466,71,50,0.11366400122642517
467,72,50,0.11059200018644333
468,73,50,0.11264000087976456
469,74,50,0.1085439994931221
470,75,50,0.10649599879980087
471,76,50,0.1157120019197464
472,77,50,0.10649599879980087
473,78,50,0.11673600226640701
474,79,50,0.11264000087976456
475,80,50,0.11161600053310394
476,81,50,0.10956799983978271
477,82,50,0.11161600053310394
478,83,50,0.1085439994931221
479,84,50,0.11673600226640701
480,85,50,0.10956799983978271
481,86,50,0.10649599879980087
482,87,50,0.10649599879980087
483,88,50,0.11366400122642517
484,89,50,0.11878400295972824
485,90,50,0.10751999914646149
486,91,50,0.11161600053310394
487,92,50,0.11264000087976456
488,93,50,0.11366400122642517
489,94,50,0.1157120019197464
490,95,50,0.11161600053310394
491,96,50,0.131071999669075
492,97,50,0.11062400043010712
493,98,50,0.12083200365304947
494,99,50,0.11161600053310394
495,1,60,0.18636800348758698
496,2,60,0.16793599724769592
497,3,60,0.15052799880504608
498,4,60,0.14336000382900238
499,5,60,0.15052799880504608
500,6,60,0.13619199395179749
501,7,60,0.1454080045223236
502,8,60,0.14233599603176117
503,9,60,0.16076800227165222
504,10,60,0.13619199395179749
505,11,60,0.15670399367809296
506,12,60,0.1382399946451187
507,13,60,0.13516800105571747
508,14,60,0.1382399946451187
509,15,60,0.1515520066022873
510,16,60,0.14028799533843994
511,17,60,0.13619199395179749
512,18,60,0.15769599378108978
513,19,60,0.12902399897575378
514,20,60,0.12800000607967377
515,21,60,0.13516800105571747
516,22,60,0.12595200538635254
517,23,60,0.12595200538635254
518,24,60,0.13516800105571747
519,25,60,0.1382399946451187
520,26,60,0.12697599828243256
521,27,60,0.1228799968957901
522,28,60,0.12697599828243256
523,29,60,0.12697599828243256
524,30,60,0.12185599654912949
525,31,60,0.12390399724245071
526,32,60,0.11673600226640701
527,33,60,0.1515520066022873
528,34,60,0.13209599256515503
529,35,60,0.12492799758911133
530,36,60,0.1157120019197464
531,37,60,0.11776000261306763
532,38,60,0.131071999669075
533,39,60,0.1157120019197464
534,40,60,0.11980800330638885
535,41,60,0.12800000607967377
536,42,60,0.13312000036239624
537,43,60,0.12185599654912949
538,44,60,0.1228799968957901
539,45,60,0.1228799968957901
540,46,60,0.11980800330638885
541,47,60,0.11366400122642517
542,48,60,0.12083200365304947
543,49,60,0.11366400122642517
544,50,60,0.11161600053310394
545,51,60,0.11673600226640701
546,52,60,0.12083200365304947
547,53,60,0.11264000087976456
548,54,60,0.11059200018644333
549,55,60,0.12083200365304947
550,56,60,0.131071999669075
551,57,60,0.11980800330638885
552,58,60,0.13619199395179749
553,59,60,0.11366400122642517
554,60,60,0.11776000261306763
555,61,60,0.12185599654912949
556,62,60,0.1228799968957901
557,63,60,0.13312000036239624
558,64,60,0.11468800157308578
559,65,60,0.1372160017490387
560,66,60,0.11059200018644333
561,67,60,0.1382399946451187
562,68,60,0.11366400122642517
563,69,60,0.11366400122642517
564,70,60,0.11878400295972824
565,71,60,0.11366400122642517
566,72,60,0.1157120019197464
567,73,60,0.12800000607967377
568,74,60,0.11673600226640701
569,75,60,0.12595200538635254
570,76,60,0.11161600053310394
571,77,60,0.11059200018644333
572,78,60,0.11878400295972824
573,79,60,0.11366400122642517
574,80,60,0.11980800330638885
575,81,60,0.11673600226640701
576,82,60,0.11264000087976456
577,83,60,0.11161600053310394
578,84,60,0.10956799983978271
579,85,60,0.13516800105571747
580,86,60,0.11161600053310394
581,87,60,0.11161600053310394
582,88,60,0.11776000261306763
583,89,60,0.11878400295972824
584,90,60,0.1085439994931221
585,91,60,0.1085439994931221
586,92,60,0.11776000261306763
587,93,60,0.11980800330638885
588,94,60,0.10751999914646149
589,95,60,0.11878400295972824
590,96,60,0.10956799983978271
591,97,60,0.11264000087976456
592,98,60,0.10751999914646149
593,99,60,0.10751999914646149
594,1,70,0.16998399794101715
595,2,70,0.159743994474411
596,3,70,0.1525759994983673
597,4,70,0.1454080045223236
598,5,70,0.13926400244235992
599,6,70,0.13516800105571747
600,7,70,0.13619199395179749
601,8,70,0.14643199741840363
602,9,70,0.13516800105571747
603,10,70,0.1382399946451187
604,11,70,0.13516800105571747
605,12,70,0.1443839967250824
606,13,70,0.13926400244235992
607,14,70,0.130048006772995
608,15,70,0.12800000607967377
609,16,70,0.1372160017490387
610,17,70,0.13414399325847626
611,18,70,0.130048006772995
612,19,70,0.13312000036239624
613,20,70,0.13414399325847626
614,21,70,0.15564799308776855
615,22,70,0.131071999669075
616,23,70,0.13209599256515503
617,24,70,0.12697599828243256
618,25,70,0.1228799968957901
619,26,70,0.1228799968957901
620,27,70,0.11980800330638885
621,28,70,0.13209599256515503
622,29,70,0.12800000607967377
623,30,70,0.11673600226640701
624,31,70,0.13619199395179749
625,32,70,0.12083200365304947
626,33,70,0.12902399897575378
627,34,70,0.11878400295972824
628,35,70,0.12083200365304947
629,36,70,0.12390399724245071
630,37,70,0.11980800330638885
631,38,70,0.13516800105571747
632,39,70,0.12185599654912949
633,40,70,0.11878400295972824
634,41,70,0.12390399724245071
635,42,70,0.11673600226640701
636,43,70,0.11468800157308578
637,44,70,0.13312000036239624
638,45,70,0.12492799758911133
639,46,70,0.11161600053310394
640,47,70,0.131071999669075
641,48,70,0.12390399724245071
642,49,70,0.12902399897575378
643,50,70,0.11366400122642517
644,51,70,0.12902399897575378
645,52,70,0.11366400122642517
646,53,70,0.1085439994931221
647,54,70,0.11673600226640701
648,55,70,0.10751999914646149
649,56,70,0.1228799968957901
650,57,70,0.10956799983978271
651,58,70,0.12083200365304947
652,59,70,0.11264000087976456
653,60,70,0.11264000087976456
654,61,70,0.11980800330638885
655,62,70,0.12492799758911133
656,63,70,0.10649599879980087
657,64,70,0.11878400295972824
658,65,70,0.12185599654912949
659,66,70,0.13209599256515503
660,67,70,0.11673600226640701
661,68,70,0.12083200365304947
662,69,70,0.10956799983978271
663,70,70,0.11673600226640701
664,71,70,0.11878400295972824
665,72,70,0.10956799983978271
666,73,70,0.10956799983978271
667,74,70,0.11264000087976456
668,75,70,0.1085439994931221
669,76,70,0.11059200018644333
670,77,70,0.1085439994931221
671,78,70,0.1228799968957901
672,79,70,0.11776000261306763
673,80,70,0.11264000087976456
674,81,70,0.1157120019197464
675,82,70,0.1228799968957901
676,83,70,0.10547199845314026
677,84,70,0.11468800157308578
678,85,70,0.12083200365304947
679,86,70,0.11366400122642517
680,87,70,0.10956799983978271
681,88,70,0.11059200018644333
682,89,70,0.130048006772995
683,90,70,0.11059200018644333
684,91,70,0.11366400122642517
685,92,70,0.1085439994931221
686,93,70,0.10751999914646149
687,94,70,0.1085439994931221
688,95,70,0.10751999914646149
689,96,70,0.11878400295972824
690,97,70,0.10751999914646149
691,98,70,0.10444799810647964
692,99,70,0.10649599879980087
693,1,80,0.1740799993276596
694,2,80,0.1658879965543747
695,3,80,0.1525759994983673
696,4,80,0.15360000729560852
697,5,80,0.14745600521564484
698,6,80,0.14028799533843994
699,7,80,0.1454080045223236
700,8,80,0.15462400019168854
701,9,80,0.1382399946451187
702,10,80,0.1454080045223236
703,11,80,0.15462400019168854
704,12,80,0.16179199516773224
705,13,80,0.15667200088500977
706,14,80,0.14131200313568115
707,15,80,0.14028799533843994
708,16,80,0.13312000036239624
709,17,80,0.14643199741840363
710,18,80,0.13926400244235992
711,19,80,0.14336000382900238
712,20,80,0.1454080045223236
713,21,80,0.13619199395179749
714,22,80,0.15052799880504608
715,23,80,0.13926400244235992
716,24,80,0.15462400019168854
717,25,80,0.1372160017490387
718,26,80,0.13209599256515503
719,27,80,0.12595200538635254
720,28,80,0.131071999669075
721,29,80,0.12595200538635254
722,30,80,0.131071999669075
723,31,80,0.131071999669075
724,32,80,0.131071999669075
725,33,80,0.11776000261306763
726,34,80,0.130048006772995
727,35,80,0.130048006772995
728,36,80,0.12185599654912949
729,37,80,0.11878400295972824
730,38,80,0.1157120019197464
731,39,80,0.13312000036239624
732,40,80,0.11878400295972824
733,41,80,0.14336000382900238
734,42,80,0.13516800105571747
735,43,80,0.11980800330638885
736,44,80,0.1515520066022873
737,45,80,0.12390399724245071
738,46,80,0.1157120019197464
739,47,80,0.12492799758911133
740,48,80,0.11776000261306763
741,49,80,0.13619199395179749
742,50,80,0.12697599828243256
743,51,80,0.1157120019197464
744,52,80,0.11366400122642517
745,53,80,0.11264000087976456
746,54,80,0.12390399724245071
747,55,80,0.13516800105571747
748,56,80,0.13619199395179749
749,57,80,0.11673600226640701
750,58,80,0.12800000607967377
751,59,80,0.11161600053310394
752,60,80,0.1157120019197464
753,61,80,0.11776000261306763
754,62,80,0.11980800330638885
755,63,80,0.13209599256515503
756,64,80,0.11878400295972824
757,65,80,0.12185599654912949
758,66,80,0.11264000087976456
759,67,80,0.13516800105571747
760,68,80,0.11776000261306763
761,69,80,0.13209599256515503
762,70,80,0.12800000607967377
763,71,80,0.12083200365304947
764,72,80,0.1085439994931221
765,73,80,0.12185599654912949
766,74,80,0.11673600226640701
767,75,80,0.12083200365304947
768,76,80,0.1157120019197464
769,77,80,0.12083200365304947
770,78,80,0.1228799968957901
771,79,80,0.10956799983978271
772,80,80,0.11776000261306763
773,81,80,0.11878400295972824
774,82,80,0.11878400295972824
775,83,80,0.10751999914646149
776,84,80,0.131071999669075
777,85,80,0.11366400122642517
778,86,80,0.11059200018644333
779,87,80,0.10956799983978271
780,88,80,0.10649599879980087
781,89,80,0.11468800157308578
782,90,80,0.11980800330638885
783,91,80,0.1157120019197464
784,92,80,0.10956799983978271
785,93,80,0.12902399897575378
786,94,80,0.11366400122642517
787,95,80,0.11468800157308578
788,96,80,0.1157120019197464
789,97,80,0.131071999669075
790,98,80,0.13516800105571747
791,99,80,0.11468800157308578
792,1,90,0.17100800573825836
793,2,90,0.16486400365829468
794,3,90,0.16896000504493713
795,4,90,0.1515520066022873
796,5,90,0.15462400019168854
797,6,90,0.14745600521564484
798,7,90,0.1454080045223236
799,8,90,0.14336000382900238
800,9,90,0.15462400019168854
801,10,90,0.1525759994983673
802,11,90,0.13926400244235992
803,12,90,0.14336000382900238
804,13,90,0.13516800105571747
805,14,90,0.13312000036239624
806,15,90,0.12902399897575378
807,16,90,0.1382399946451187
808,17,90,0.12902399897575378
809,18,90,0.12800000607967377
810,19,90,0.130048006772995
811,20,90,0.13619199395179749
812,21,90,0.13414399325847626
813,22,90,0.131071999669075
814,23,90,0.13619199395179749
815,24,90,0.13926400244235992
816,25,90,0.12800000607967377
817,26,90,0.12595200538635254
818,27,90,0.16793599724769592
819,28,90,0.130048006772995
820,29,90,0.12697599828243256
821,30,90,0.130048006772995
822,31,90,0.13414399325847626
823,32,90,0.13619199395179749
824,33,90,0.12595200538635254
825,34,90,0.13312000036239624
826,35,90,0.12390399724245071
827,36,90,0.13516800105571747
828,37,90,0.12697599828243256
829,38,90,0.130048006772995
830,39,90,0.12390399724245071
831,40,90,0.13516800105571747
832,41,90,0.14233599603176117
833,42,90,0.12595200538635254
834,43,90,0.11980800330638885
835,44,90,0.11776000261306763
836,45,90,0.1228799968957901
837,46,90,0.131071999669075
838,47,90,0.11980800330638885
839,48,90,0.1157120019197464
840,49,90,0.12185599654912949
841,50,90,0.12595200538635254
842,51,90,0.12492799758911133
843,52,90,0.12083200365304947
844,53,90,0.11366400122642517
845,54,90,0.1157120019197464
846,55,90,0.11878400295972824
847,56,90,0.11980800330638885
848,57,90,0.12185599654912949
849,58,90,0.12390399724245071
850,59,90,0.11161600053310394
851,60,90,0.11878400295972824
852,61,90,0.11264000087976456
853,62,90,0.12390399724245071
854,63,90,0.131071999669075
855,64,90,0.11366400122642517
856,65,90,0.11673600226640701
857,66,90,0.1228799968957901
858,67,90,0.11878400295972824
859,68,90,0.11878400295972824
860,69,90,0.11776000261306763
861,70,90,0.1228799968957901
862,71,90,0.12185599654912949
863,72,90,0.11878400295972824
864,73,90,0.10751999914646149
865,74,90,0.11468800157308578
866,75,90,0.11161600053310394
867,76,90,0.11264000087976456
868,77,90,0.11264000087976456
869,78,90,0.12492799758911133
870,79,90,0.11264000087976456
871,80,90,0.13414399325847626
872,81,90,0.1085439994931221
873,82,90,0.1515520066022873
874,83,90,0.1085439994931221
875,84,90,0.12390399724245071
876,85,90,0.12390399724245071
877,86,90,0.10751999914646149
878,87,90,0.12492799758911133
879,88,90,0.11468800157308578
880,89,90,0.11468800157308578
881,90,90,0.11673600226640701
882,91,90,0.11776000261306763
883,92,90,0.11264000087976456
884,93,90,0.12083200365304947
885,94,90,0.11264000087976456
886,95,90,0.11980800330638885
887,96,90,0.11980800330638885
888,97,90,0.11264000087976456
889,98,90,0.11264000087976456
890,99,90,0.1085439994931221
891,1,100,0.18227200210094452
892,2,100,0.18432000279426575
893,3,100,0.15360000729560852
894,4,100,0.15667200088500977
895,5,100,0.14745600521564484
896,6,100,0.15462400019168854
897,7,100,0.14950400590896606
898,8,100,0.1443839967250824
899,9,100,0.14233599603176117
900,10,100,0.15564799308776855
901,11,100,0.1515520066022873
902,12,100,0.15462400019168854
903,13,100,0.14233599603176117
904,14,100,0.14847999811172485
905,15,100,0.17100800573825836
906,16,100,0.14131200313568115
907,17,100,0.12902399897575378
908,18,100,0.1382399946451187
909,19,100,0.14847999811172485
910,20,100,0.12902399897575378
911,21,100,0.1372160017490387
912,22,100,0.14131200313568115
913,23,100,0.13926400244235992
914,24,100,0.13619199395179749
915,25,100,0.14745600521564484
916,26,100,0.13516800105571747
917,27,100,0.13312000036239624
918,28,100,0.14028799533843994
919,29,100,0.13619199395179749
920,30,100,0.15769599378108978
921,31,100,0.12800000607967377
922,32,100,0.1372160017490387
923,33,100,0.13312000036239624
924,34,100,0.13619199395179749
925,35,100,0.1372160017490387
926,36,100,0.11776000261306763
927,37,100,0.12697599828243256
928,38,100,0.13619199395179749
929,39,100,0.12800000607967377
930,40,100,0.13312000036239624
931,41,100,0.11878400295972824
932,42,100,0.14028799533843994
933,43,100,0.13209599256515503
934,44,100,0.1157120019197464
935,45,100,0.12595200538635254
936,46,100,0.11878400295972824
937,47,100,0.12185599654912949
938,48,100,0.130048006772995
939,49,100,0.12595200538635254
940,50,100,0.12083200365304947
941,51,100,0.12390399724245071
942,52,100,0.13414399325847626
943,53,100,0.131071999669075
944,54,100,0.12595200538635254
945,55,100,0.16486400365829468
946,56,100,0.12390399724245071
947,57,100,0.11161600053310394
948,58,100,0.12697599828243256
949,59,100,0.11776000261306763
950,60,100,0.11673600226640701
951,61,100,0.10751999914646149
952,62,100,0.12390399724245071
953,63,100,0.12185599654912949
954,64,100,0.13516800105571747
955,65,100,0.11468800157308578
956,66,100,0.11161600053310394
957,67,100,0.12185599654912949
958,68,100,0.130048006772995
959,69,100,0.12083200365304947
960,70,100,0.13209599256515503
961,71,100,0.12595200538635254
962,72,100,0.11059200018644333
963,73,100,0.11264000087976456
964,74,100,0.1157120019197464
965,75,100,0.11673600226640701
966,76,100,0.12083200365304947
967,77,100,0.12800000607967377
968,78,100,0.12083200365304947
969,79,100,0.1157120019197464
970,80,100,0.11980800330638885
971,81,100,0.11264000087976456
972,82,100,0.11264000087976456
973,83,100,0.1085439994931221
974,84,100,0.12595200538635254
975,85,100,0.11468800157308578
976,86,100,0.1157120019197464
977,87,100,0.1085439994931221
978,88,100,0.11366400122642517
979,89,100,0.12185599654912949
980,90,100,0.10956799983978271
981,91,100,0.12083200365304947
982,92,100,0.11468800157308578
983,93,100,0.12390399724245071
984,94,100,0.12185599654912949
985,95,100,0.11673600226640701
986,96,100,0.13209599256515503
987,97,100,0.11366400122642517
988,98,100,0.11878400295972824
989,99,100,0.10956799983978271
990,1,110,0.19148799777030945
991,2,110,0.17203199863433838
992,3,110,0.1669120043516159
993,4,110,0.15667200088500977
994,5,110,0.15564799308776855
995,6,110,0.14745600521564484
996,7,110,0.1443839967250824
997,8,110,0.15360000729560852
998,9,110,0.14643199741840363
999,10,110,0.14233599603176117
1000,11,110,0.15564799308776855
1001,12,110,0.14643199741840363
1002,13,110,0.14847999811172485
1003,14,110,0.1454080045223236
1004,15,110,0.15564799308776855
1005,16,110,0.1443839967250824
1006,17,110,0.13619199395179749
1007,18,110,0.1443839967250824
1008,19,110,0.131071999669075
1009,20,110,0.13619199395179749
1010,21,110,0.14233599603176117
1011,22,110,0.131071999669075
1012,23,110,0.14233599603176117
1013,24,110,0.13209599256515503
1014,25,110,0.13312000036239624
1015,26,110,0.1454080045223236
1016,27,110,0.13516800105571747
1017,28,110,0.12390399724245071
1018,29,110,0.12800000607967377
1019,30,110,0.14336000382900238
1020,31,110,0.14028799533843994
1021,32,110,0.12902399897575378
1022,33,110,0.15360000729560852
1023,34,110,0.14131200313568115
1024,35,110,0.13516800105571747
1025,36,110,0.130048006772995
1026,37,110,0.13312000036239624
1027,38,110,0.12800000607967377
1028,39,110,0.12595200538635254
1029,40,110,0.12390399724245071
1030,41,110,0.12697599828243256
1031,42,110,0.12083200365304947
1032,43,110,0.12390399724245071
1033,44,110,0.12800000607967377
1034,45,110,0.12492799758911133
1035,46,110,0.12595200538635254
1036,47,110,0.11980800330638885
1037,48,110,0.14028799533843994
1038,49,110,0.1157120019197464
1039,50,110,0.11980800330638885
1040,51,110,0.11776000261306763
1041,52,110,0.12083200365304947
1042,53,110,0.130048006772995
1043,54,110,0.12492799758911133
1044,55,110,0.11980800330638885
1045,56,110,0.12492799758911133
1046,57,110,0.11878400295972824
1047,58,110,0.12595200538635254
1048,59,110,0.12185599654912949
1049,60,110,0.11980800330638885
1050,61,110,0.12595200538635254
1051,62,110,0.12390399724245071
1052,63,110,0.11980800330638885
1053,64,110,0.12800000607967377
1054,65,110,0.11980800330638885
1055,66,110,0.1157120019197464
1056,67,110,0.11878400295972824
1057,68,110,0.1228799968957901
1058,69,110,0.1372160017490387
1059,70,110,0.11878400295972824
1060,71,110,0.11776000261306763
1061,72,110,0.11980800330638885
1062,73,110,0.14131200313568115
1063,74,110,0.13209599256515503
1064,75,110,0.12697599828243256
1065,76,110,0.12390399724245071
1066,77,110,0.13209599256515503
1067,78,110,0.12492799758911133
1068,79,110,0.11980800330638885
1069,80,110,0.1228799968957901
1070,81,110,0.1157120019197464
1071,82,110,0.11878400295972824
1072,83,110,0.11980800330638885
1073,84,110,0.12185599654912949
1074,85,110,0.131071999669075
1075,86,110,0.11776000261306763
1076,87,110,0.12083200365304947
1077,88,110,0.11980800330638885
1078,89,110,0.131071999669075
1079,90,110,0.11059200018644333
1080,91,110,0.12390399724245071
1081,92,110,0.12800000607967377
1082,93,110,0.11366400122642517
1083,94,110,0.11059200018644333
1084,95,110,0.1157120019197464
1085,96,110,0.12902399897575378
1086,97,110,0.1157120019197464
1087,98,110,0.11468800157308578
1088,99,110,0.10547199845314026
1089,1,120,0.17715199291706085
1090,2,120,0.1802240014076233
1091,3,120,0.17203199863433838
1092,4,120,0.16076800227165222
1093,5,120,0.15462400019168854
1094,6,120,0.159743994474411
1095,7,120,0.15769599378108978
1096,8,120,0.13926400244235992
1097,9,120,0.158720001578331
1098,10,120,0.14847999811172485
1099,11,120,0.1525759994983673
1100,12,120,0.159743994474411
1101,13,120,0.13926400244235992
1102,14,120,0.14131200313568115
1103,15,120,0.14745600521564484
1104,16,120,0.14028799533843994
1105,17,120,0.1382399946451187
1106,18,120,0.158720001578331
1107,19,120,0.14131200313568115
1108,20,120,0.13414399325847626
1109,21,120,0.14233599603176117
1110,22,120,0.1525759994983673
1111,23,120,0.14950400590896606
1112,24,120,0.130048006772995
1113,25,120,0.1382399946451187
1114,26,120,0.12902399897575378
1115,27,120,0.1382399946451187
1116,28,120,0.13516800105571747
1117,29,120,0.12902399897575378
1118,30,120,0.1515520066022873
1119,31,120,0.13209599256515503
1120,32,120,0.1372160017490387
1121,33,120,0.15564799308776855
1122,34,120,0.1382399946451187
1123,35,120,0.13312000036239624
1124,36,120,0.15667200088500977
1125,37,120,0.130048006772995
1126,38,120,0.12595200538635254
1127,39,120,0.13414399325847626
1128,40,120,0.12800000607967377
1129,41,120,0.14847999811172485
1130,42,120,0.13209599256515503
1131,43,120,0.1228799968957901
1132,44,120,0.12390399724245071
1133,45,120,0.13926400244235992
1134,46,120,0.12185599654912949
1135,47,120,0.1454080045223236
1136,48,120,0.131071999669075
1137,49,120,0.1382399946451187
1138,50,120,0.13414399325847626
1139,51,120,0.12390399724245071
1140,52,120,0.12697599828243256
1141,53,120,0.15667200088500977
1142,54,120,0.11878400295972824
1143,55,120,0.11776000261306763
1144,56,120,0.13312000036239624
1145,57,120,0.11673600226640701
1146,58,120,0.12492799758911133
1147,59,120,0.11366400122642517
1148,60,120,0.11776000261306763
1149,61,120,0.11980800330638885
1150,62,120,0.12083200365304947
1151,63,120,0.13619199395179749
1152,64,120,0.12185599654912949
1153,65,120,0.12800000607967377
1154,66,120,0.15462400019168854
1155,67,120,0.14028799533843994
1156,68,120,0.12390399724245071
1157,69,120,0.11366400122642517
1158,70,120,0.12185599654912949
1159,71,120,0.11468800157308578
1160,72,120,0.11468800157308578
1161,73,120,0.14131200313568115
1162,74,120,0.1157120019197464
1163,75,120,0.12595200538635254
1164,76,120,0.11673600226640701
1165,77,120,0.11161600053310394
1166,78,120,0.11980800330638885
1167,79,120,0.11264000087976456
1168,80,120,0.11673600226640701
1169,81,120,0.12492799758911133
1170,82,120,0.12390399724245071
1171,83,120,0.1157120019197464
1172,84,120,0.131071999669075
1173,85,120,0.12185599654912949
1174,86,120,0.11980800330638885
1175,87,120,0.12185599654912949
1176,88,120,0.11980800330638885
1177,89,120,0.1228799968957901
1178,90,120,0.11776000261306763
1179,91,120,0.11468800157308578
1180,92,120,0.11776000261306763
1181,93,120,0.11776000261306763
1182,94,120,0.10956799983978271
1183,95,120,0.11776000261306763
1184,96,120,0.11673600226640701
1185,97,120,0.11264000087976456
1186,98,120,0.10649599879980087
1187,99,120,0.11264000087976456
1188,1,130,0.2027519941329956
1189,2,130,0.1658879965543747
1190,3,130,0.17203199863433838
1191,4,130,0.1525759994983673
1192,5,130,0.159743994474411
1193,6,130,0.16179199516773224
1194,7,130,0.16998399794101715
1195,8,130,0.15769599378108978
1196,9,130,0.15769599378108978
1197,10,130,0.14847999811172485
1198,11,130,0.1382399946451187
1199,12,130,0.15564799308776855
1200,13,130,0.15462400019168854
1201,14,130,0.159743994474411
1202,15,130,0.14336000382900238
1203,16,130,0.1454080045223236
1204,17,130,0.1382720023393631
1205,18,130,0.1382399946451187
1206,19,130,0.16179199516773224
1207,20,130,0.14233599603176117
1208,21,130,0.13619199395179749
1209,22,130,0.1372160017490387
1210,23,130,0.15462400019168854
1211,24,130,0.15360000729560852
1212,25,130,0.15360000729560852
1213,26,130,0.13516800105571747
1214,27,130,0.13209599256515503
1215,28,130,0.13516800105571747
1216,29,130,0.13209599256515503
1217,30,130,0.13926400244235992
1218,31,130,0.13414399325847626
1219,32,130,0.1525759994983673
1220,33,130,0.13209599256515503
1221,34,130,0.131071999669075
1222,35,130,0.131071999669075
1223,36,130,0.12697599828243256
1224,37,130,0.1372160017490387
1225,38,130,0.14847999811172485
1226,39,130,0.15769599378108978
1227,40,130,0.1372160017490387
1228,41,130,0.130048006772995
1229,42,130,0.12902399897575378
1230,43,130,0.12902399897575378
1231,44,130,0.12492799758911133
1232,45,130,0.13209599256515503
1233,46,130,0.1443839967250824
1234,47,130,0.13312000036239624
1235,48,130,0.13414399325847626
1236,49,130,0.15769599378108978
1237,50,130,0.12185599654912949
1238,51,130,0.12390399724245071
1239,52,130,0.130048006772995
1240,53,130,0.12390399724245071
1241,54,130,0.1228799968957901
1242,55,130,0.1228799968957901
1243,56,130,0.12902399897575378
1244,57,130,0.131071999669075
1245,58,130,0.12595200538635254
1246,59,130,0.14336000382900238
1247,60,130,0.13516800105571747
1248,61,130,0.130048006772995
1249,62,130,0.130048006772995
1250,63,130,0.11878400295972824
1251,64,130,0.11673600226640701
1252,65,130,0.11980800330638885
1253,66,130,0.1228799968957901
1254,67,130,0.12083200365304947
1255,68,130,0.11264000087976456
1256,69,130,0.11468800157308578
1257,70,130,0.12185599654912949
1258,71,130,0.1157120019197464
1259,72,130,0.11366400122642517
1260,73,130,0.1157120019197464
1261,74,130,0.11468800157308578
1262,75,130,0.1157120019197464
1263,76,130,0.12492799758911133
1264,77,130,0.12185599654912949
1265,78,130,0.12902399897575378
1266,79,130,0.11878400295972824
1267,80,130,0.11468800157308578
1268,81,130,0.11468800157308578
1269,82,130,0.12492799758911133
1270,83,130,0.1228799968957901
1271,84,130,0.11366400122642517
1272,85,130,0.11059200018644333
1273,86,130,0.11264000087976456
1274,87,130,0.11776000261306763
1275,88,130,0.11980800330638885
1276,89,130,0.11366400122642517
1277,90,130,0.11980800330638885
1278,91,130,0.131071999669075
1279,92,130,0.12083200365304947
1280,93,130,0.1085439994931221
1281,94,130,0.11264000087976456
1282,95,130,0.11673600226640701
1283,96,130,0.10649599879980087
1284,97,130,0.11468800157308578
1285,98,130,0.11059200018644333
1286,99,130,0.12492799758911133
1287,1,140,0.2017280012369156
1288,2,140,0.18943999707698822
1289,3,140,0.17612800002098083
1290,4,140,0.16383999586105347
1291,5,140,0.158720001578331
1292,6,140,0.1740799993276596
1293,7,140,0.15360000729560852
1294,8,140,0.15360000729560852
1295,9,140,0.14847999811172485
1296,10,140,0.14643199741840363
1297,11,140,0.15462400019168854
1298,12,140,0.14745600521564484
1299,13,140,0.158720001578331
1300,14,140,0.15462400019168854
1301,15,140,0.1382399946451187
1302,16,140,0.14643199741840363
1303,17,140,0.14131200313568115
1304,18,140,0.13516800105571747
1305,19,140,0.13926400244235992
1306,20,140,0.13209599256515503
1307,21,140,0.15667200088500977
1308,22,140,0.1382399946451187
1309,23,140,0.1454080045223236
1310,24,140,0.13516800105571747
1311,25,140,0.13516800105571747
1312,26,140,0.14028799533843994
1313,27,140,0.12595200538635254
1314,28,140,0.13312000036239624
1315,29,140,0.130048006772995
1316,30,140,0.131071999669075
1317,31,140,0.1382399946451187
1318,32,140,0.1372160017490387
1319,33,140,0.13619199395179749
1320,34,140,0.1372160017490387
1321,35,140,0.14847999811172485
1322,36,140,0.12800000607967377
1323,37,140,0.13414399325847626
1324,38,140,0.13209599256515503
1325,39,140,0.130048006772995
1326,40,140,0.13414399325847626
1327,41,140,0.130048006772995
1328,42,140,0.1525759994983673
1329,43,140,0.14028799533843994
1330,44,140,0.13312000036239624
1331,45,140,0.12800000607967377
1332,46,140,0.12800000607967377
1333,47,140,0.13414399325847626
1334,48,140,0.12492799758911133
1335,49,140,0.131071999669075
1336,50,140,0.1228799968957901
1337,51,140,0.130048006772995
1338,52,140,0.12083200365304947
1339,53,140,0.130048006772995
1340,54,140,0.11776000261306763
1341,55,140,0.12800000607967377
1342,56,140,0.1382399946451187
1343,57,140,0.14233599603176117
1344,58,140,0.12800000607967377
1345,59,140,0.13516800105571747
1346,60,140,0.1157120019197464
1347,61,140,0.11980800330638885
1348,62,140,0.13619199395179749
1349,63,140,0.12185599654912949
1350,64,140,0.12185599654912949
1351,65,140,0.1228799968957901
1352,66,140,0.131071999669075
1353,67,140,0.12697599828243256
1354,68,140,0.11878400295972824
1355,69,140,0.11673600226640701
1356,70,140,0.11878400295972824
1357,71,140,0.12083200365304947
1358,72,140,0.12492799758911133
1359,73,140,0.131071999669075
1360,74,140,0.11776000261306763
1361,75,140,0.10751999914646149
1362,76,140,0.13312000036239624
1363,77,140,0.16486400365829468
1364,78,140,0.12492799758911133
1365,79,140,0.12595200538635254
1366,80,140,0.12083200365304947
1367,81,140,0.11673600226640701
1368,82,140,0.12492799758911133
1369,83,140,0.11673600226640701
1370,84,140,0.1157120019197464
1371,85,140,0.12390399724245071
1372,86,140,0.11673600226640701
1373,87,140,0.11468800157308578
1374,88,140,0.131071999669075
1375,89,140,0.1228799968957901
1376,90,140,0.12185599654912949
1377,91,140,0.11366400122642517
1378,92,140,0.11059200018644333
1379,93,140,0.11468800157308578
1380,94,140,0.12390399724245071
1381,95,140,0.11264000087976456
1382,96,140,0.12492799758911133
1383,97,140,0.12492799758911133
1384,98,140,0.13209599256515503
1385,99,140,0.13619199395179749
1386,1,150,0.19865599274635315
1387,2,150,0.21913599967956543
1388,3,150,0.187391996383667
1389,4,150,0.16793599724769592
1390,5,150,0.17817600071430206
1391,6,150,0.15462400019168854
1392,7,150,0.15769599378108978
1393,8,150,0.17817600071430206
1394,9,150,0.16179199516773224
1395,10,150,0.15052799880504608
1396,11,150,0.1443839967250824
1397,12,150,0.1525759994983673
1398,13,150,0.14745600521564484
1399,14,150,0.159743994474411
1400,15,150,0.15564799308776855
1401,16,150,0.13619199395179749
1402,17,150,0.15360000729560852
1403,18,150,0.159743994474411
1404,19,150,0.14028799533843994
1405,20,150,0.14131200313568115
1406,21,150,0.14745600521564484
1407,22,150,0.14131200313568115
1408,23,150,0.14028799533843994
1409,24,150,0.14233599603176117
1410,25,150,0.13312000036239624
1411,26,150,0.13926400244235992
1412,27,150,0.1382399946451187
1413,28,150,0.130048006772995
1414,29,150,0.13926400244235992
1415,30,150,0.131071999669075
1416,31,150,0.13209599256515503
1417,32,150,0.13619199395179749
1418,33,150,0.1525759994983673
1419,34,150,0.1372160017490387
1420,35,150,0.13516800105571747
1421,36,150,0.13414399325847626
1422,37,150,0.14233599603176117
1423,38,150,0.14233599603176117
1424,39,150,0.13414399325847626
1425,40,150,0.14131200313568115
1426,41,150,0.14643199741840363
1427,42,150,0.14028799533843994
1428,43,150,0.12800000607967377
1429,44,150,0.13619199395179749
1430,45,150,0.15769599378108978
1431,46,150,0.12185599654912949
1432,47,150,0.131071999669075
1433,48,150,0.1372160017490387
1434,49,150,0.12492799758911133
1435,50,150,0.130048006772995
1436,51,150,0.131071999669075
1437,52,150,0.13516800105571747
1438,53,150,0.12492799758911133
1439,54,150,0.11776000261306763
1440,55,150,0.12390399724245071
1441,56,150,0.13209599256515503
1442,57,150,0.14028799533843994
1443,58,150,0.131071999669075
1444,59,150,0.12595200538635254
1445,60,150,0.13619199395179749
1446,61,150,0.11980800330638885
1447,62,150,0.130048006772995
1448,63,150,0.13209599256515503
1449,64,150,0.1372160017490387
1450,65,150,0.12800000607967377
1451,66,150,0.11878400295972824
1452,67,150,0.13516800105571747
1453,68,150,0.12697599828243256
1454,69,150,0.11776000261306763
1455,70,150,0.12800000607967377
1456,71,150,0.13619199395179749
1457,72,150,0.130048006772995
1458,73,150,0.12595200538635254
1459,74,150,0.12902399897575378
1460,75,150,0.11878400295972824
1461,76,150,0.11980800330638885
1462,77,150,0.12083200365304947
1463,78,150,0.13926400244235992
1464,79,150,0.13516800105571747
1465,80,150,0.12492799758911133
1466,81,150,0.12697599828243256
1467,82,150,0.14336000382900238
1468,83,150,0.12800000607967377
1469,84,150,0.11878400295972824
1470,85,150,0.12595200538635254
1471,86,150,0.1228799968957901
1472,87,150,0.12697599828243256
1473,88,150,0.11878400295972824
1474,89,150,0.11980800330638885
1475,90,150,0.11673600226640701
1476,91,150,0.11776000261306763
1477,92,150,0.11673600226640701
1478,93,150,0.12185599654912949
1479,94,150,0.12697599828243256
1480,95,150,0.11878400295972824
1481,96,150,0.13516800105571747
1482,97,150,0.12800000607967377
1483,98,150,0.1228799968957901
1484,99,150,0.11059200018644333
1485,1,160,0.21094399690628052
1486,2,160,0.2242559939622879
1487,3,160,0.18432000279426575
1488,4,160,0.1740799993276596
1489,5,160,0.16998399794101715
1490,6,160,0.15769599378108978
1491,7,160,0.16383999586105347
1492,8,160,0.17510400712490082
1493,9,160,0.18636800348758698
1494,10,160,0.15052799880504608
1495,11,160,0.15360000729560852
1496,12,160,0.16896000504493713
1497,13,160,0.158720001578331
1498,14,160,0.1454080045223236
1499,15,160,0.1454080045223236
1500,16,160,0.16179199516773224
1501,17,160,0.14745600521564484
1502,18,160,0.14028799533843994
1503,19,160,0.1454080045223236
1504,20,160,0.14643199741840363
1505,21,160,0.1382399946451187
1506,22,160,0.15462400019168854
1507,23,160,0.14336000382900238
1508,24,160,0.158720001578331
1509,25,160,0.15052799880504608
1510,26,160,0.15564799308776855
1511,27,160,0.1372160017490387
1512,28,160,0.14336000382900238
1513,29,160,0.13414399325847626
1514,30,160,0.14131200313568115
1515,31,160,0.13312000036239624
1516,32,160,0.12800000607967377
1517,33,160,0.14028799533843994
1518,34,160,0.1515520066022873
1519,35,160,0.13516800105571747
1520,36,160,0.1372160017490387
1521,37,160,0.131071999669075
1522,38,160,0.1443839967250824
1523,39,160,0.1372160017490387
1524,40,160,0.14950400590896606
1525,41,160,0.1454080045223236
1526,42,160,0.13926400244235992
1527,43,160,0.12492799758911133
1528,44,160,0.15462400019168854
1529,45,160,0.13516800105571747
1530,46,160,0.1382399946451187
1531,47,160,0.12595200538635254
1532,48,160,0.158720001578331
1533,49,160,0.14233599603176117
1534,50,160,0.1372160017490387
1535,51,160,0.12390399724245071
1536,52,160,0.13209599256515503
1537,53,160,0.1228799968957901
1538,54,160,0.12595200538635254
1539,55,160,0.1382399946451187
1540,56,160,0.13926400244235992
1541,57,160,0.12697599828243256
1542,58,160,0.12595200538635254
1543,59,160,0.13209599256515503
1544,60,160,0.13209599256515503
1545,61,160,0.12902399897575378
1546,62,160,0.13209599256515503
1547,63,160,0.13619199395179749
1548,64,160,0.13209599256515503
1549,65,160,0.12595200538635254
1550,66,160,0.11878400295972824
1551,67,160,0.13516800105571747
1552,68,160,0.12492799758911133
1553,69,160,0.13414399325847626
1554,70,160,0.12902399897575378
1555,71,160,0.12492799758911133
1556,72,160,0.1228799968957901
1557,73,160,0.131071999669075
1558,74,160,0.11980800330638885
1559,75,160,0.12185599654912949
1560,76,160,0.11776000261306763
1561,77,160,0.11980800330638885
1562,78,160,0.1382399946451187
1563,79,160,0.13312000036239624
1564,80,160,0.12083200365304947
1565,81,160,0.13414399325847626
1566,82,160,0.1454080045223236
1567,83,160,0.12083200365304947
1568,84,160,0.1372160017490387
1569,85,160,0.12083200365304947
1570,86,160,0.12083200365304947
1571,87,160,0.11776000261306763
1572,88,160,0.15360000729560852
1573,89,160,0.11878400295972824
1574,90,160,0.11980800330638885
1575,91,160,0.11980800330638885
1576,92,160,0.1157120019197464
1577,93,160,0.12902399897575378
1578,94,160,0.12390399724245071
1579,95,160,0.12185599654912949
1580,96,160,0.11673600226640701
1581,97,160,0.13209599256515503
1582,98,160,0.13619199395179749
1583,99,160,0.12800000607967377
1584,1,170,0.22937600314617157
1585,2,170,0.21503999829292297
1586,3,170,0.18534399569034576
1587,4,170,0.17817600071430206
1588,5,170,0.1658879965543747
1589,6,170,0.1515520066022873
1590,7,170,0.16383999586105347
1591,8,170,0.18227200210094452
1592,9,170,0.16793599724769592
1593,10,170,0.18534399569034576
1594,11,170,0.16486400365829468
1595,12,170,0.1525759994983673
1596,13,170,0.1515520066022873
1597,14,170,0.15462400019168854
1598,15,170,0.15360000729560852
1599,16,170,0.15769599378108978
1600,17,170,0.15564799308776855
1601,18,170,0.1515520066022873
1602,19,170,0.14131200313568115
1603,20,170,0.1372160017490387
1604,21,170,0.14336000382900238
1605,22,170,0.1525759994983673
1606,23,170,0.14233599603176117
1607,24,170,0.14233599603176117
1608,25,170,0.14847999811172485
1609,26,170,0.15052799880504608
1610,27,170,0.15360000729560852
1611,28,170,0.13516800105571747
1612,29,170,0.14233599603176117
1613,30,170,0.14847999811172485
1614,31,170,0.14336000382900238
1615,32,170,0.130048006772995
1616,33,170,0.13312000036239624
1617,34,170,0.13312000036239624
1618,35,170,0.13414399325847626
1619,36,170,0.12390399724245071
1620,37,170,0.12697599828243256
1621,38,170,0.14028799533843994
1622,39,170,0.1525759994983673
1623,40,170,0.1454080045223236
1624,41,170,0.1372160017490387
1625,42,170,0.13414399325847626
1626,43,170,0.1382399946451187
1627,44,170,0.131071999669075
1628,45,170,0.15462400019168854
1629,46,170,0.14028799533843994
1630,47,170,0.12902399897575378
1631,48,170,0.13312000036239624
1632,49,170,0.12800000607967377
1633,50,170,0.12185599654912949
1634,51,170,0.15667200088500977
1635,52,170,0.12595200538635254
1636,53,170,0.12390399724245071
1637,54,170,0.12800000607967377
1638,55,170,0.14233599603176117
1639,56,170,0.131071999669075
1640,57,170,0.13209599256515503
1641,58,170,0.11980800330638885
1642,59,170,0.12697599828243256
1643,60,170,0.13516800105571747
1644,61,170,0.1228799968957901
1645,62,170,0.12800000607967377
1646,63,170,0.1228799968957901
1647,64,170,0.11878400295972824
1648,65,170,0.12492799758911133
1649,66,170,0.13209599256515503
1650,67,170,0.14847999811172485
1651,68,170,0.13414399325847626
1652,69,170,0.1228799968957901
1653,70,170,0.11468800157308578
1654,71,170,0.12800000607967377
1655,72,170,0.1228799968957901
1656,73,170,0.14847999811172485
1657,74,170,0.1228799968957901
1658,75,170,0.11980800330638885
1659,76,170,0.11878400295972824
1660,77,170,0.130048006772995
1661,78,170,0.17510400712490082
1662,79,170,0.12902399897575378
1663,80,170,0.1228799968957901
1664,81,170,0.12902399897575378
1665,82,170,0.11264000087976456
1666,83,170,0.13516800105571747
1667,84,170,0.12902399897575378
1668,85,170,0.11980800330638885
1669,86,170,0.12800000607967377
1670,87,170,0.12185599654912949
1671,88,170,0.12595200538635254
1672,89,170,0.12492799758911133
1673,90,170,0.14643199741840363
1674,91,170,0.11673600226640701
1675,92,170,0.13312000036239624
1676,93,170,0.12800000607967377
1677,94,170,0.12185599654912949
1678,95,170,0.12697599828243256
1679,96,170,0.11264000087976456
1680,97,170,0.11468800157308578
1681,98,170,0.12185599654912949
1682,99,170,0.1157120019197464
1683,1,180,0.24166400730609894
1684,2,180,0.2252800017595291
1685,3,180,0.20582400262355804
1686,4,180,0.1802240014076233
1687,5,180,0.17919999361038208
1688,6,180,0.15667200088500977
1689,7,180,0.18432000279426575
1690,8,180,0.17203199863433838
1691,9,180,0.17100800573825836
1692,10,180,0.15462400019168854
1693,11,180,0.16281600296497345
1694,12,180,0.16486400365829468
1695,13,180,0.15667200088500977
1696,14,180,0.15052799880504608
1697,15,180,0.15052799880504608
1698,16,180,0.14745600521564484
1699,17,180,0.15052799880504608
1700,18,180,0.15769599378108978
1701,19,180,0.16383999586105347
1702,20,180,0.15052799880504608
1703,21,180,0.14131200313568115
1704,22,180,0.14745600521564484
1705,23,180,0.1454080045223236
1706,24,180,0.14028799533843994
1707,25,180,0.15462400019168854
1708,26,180,0.13414399325847626
1709,27,180,0.159743994474411
1710,28,180,0.13209599256515503
1711,29,180,0.1443839967250824
1712,30,180,0.13312000036239624
1713,31,180,0.1372160017490387
1714,32,180,0.1382399946451187
1715,33,180,0.15360000729560852
1716,34,180,0.15052799880504608
1717,35,180,0.14028799533843994
1718,36,180,0.12902399897575378
1719,37,180,0.12697599828243256
1720,38,180,0.130048006772995
1721,39,180,0.131071999669075
1722,40,180,0.1382399946451187
1723,41,180,0.1443839967250824
1724,42,180,0.13926400244235992
1725,43,180,0.1454080045223236
1726,44,180,0.12902399897575378
1727,45,180,0.1525759994983673
1728,46,180,0.1382399946451187
1729,47,180,0.1228799968957901
1730,48,180,0.14028799533843994
1731,49,180,0.13209599256515503
1732,50,180,0.12800000607967377
1733,51,180,0.13516800105571747
1734,52,180,0.12697599828243256
1735,53,180,0.12902399897575378
1736,54,180,0.15769599378108978
1737,55,180,0.13414399325847626
1738,56,180,0.13312000036239624
1739,57,180,0.12800000607967377
1740,58,180,0.12800000607967377
1741,59,180,0.12595200538635254
1742,60,180,0.12595200538635254
1743,61,180,0.12800000607967377
1744,62,180,0.1382399946451187
1745,63,180,0.13516800105571747
1746,64,180,0.1372160017490387
1747,65,180,0.131071999669075
1748,66,180,0.1228799968957901
1749,67,180,0.14131200313568115
1750,68,180,0.13209599256515503
1751,69,180,0.11980800330638885
1752,70,180,0.12492799758911133
1753,71,180,0.1372160017490387
1754,72,180,0.12800000607967377
1755,73,180,0.13209599256515503
1756,74,180,0.13516800105571747
1757,75,180,0.13414399325847626
1758,76,180,0.12800000607967377
1759,77,180,0.13312000036239624
1760,78,180,0.130048006772995
1761,79,180,0.11980800330638885
1762,80,180,0.13619199395179749
1763,81,180,0.1228799968957901
1764,82,180,0.14336000382900238
1765,83,180,0.11980800330638885
1766,84,180,0.12697599828243256
1767,85,180,0.12492799758911133
1768,86,180,0.1157120019197464
1769,87,180,0.12492799758911133
1770,88,180,0.11776000261306763
1771,89,180,0.11980800330638885
1772,90,180,0.11878400295972824
1773,91,180,0.11980800330638885
1774,92,180,0.130048006772995
1775,93,180,0.1228799968957901
1776,94,180,0.13209599256515503
1777,95,180,0.12492799758911133
1778,96,180,0.11366400122642517
1779,97,180,0.11673600226640701
1780,98,180,0.11980800330638885
1781,99,180,0.14847999811172485
1782,1,190,0.2385919988155365
1783,2,190,0.21401600539684296
1784,3,190,0.23552000522613525
1785,4,190,0.18636800348758698
1786,5,190,0.2017280012369156
1787,6,190,0.18227200210094452
1788,7,190,0.19251200556755066
1789,8,190,0.17715199291706085
1790,9,190,0.17100800573825836
1791,10,190,0.19251200556755066
1792,11,190,0.17510400712490082
1793,12,190,0.17100800573825836
1794,13,190,0.15462400019168854
1795,14,190,0.16281600296497345
1796,15,190,0.1669120043516159
1797,16,190,0.1515520066022873
1798,17,190,0.15564799308776855
1799,18,190,0.14950400590896606
1800,19,190,0.15564799308776855
1801,20,190,0.14950400590896606
1802,21,190,0.16179199516773224
1803,22,190,0.14336000382900238
1804,23,190,0.15670399367809296
1805,24,190,0.14847999811172485
1806,25,190,0.14336000382900238
1807,26,190,0.1443839967250824
1808,27,190,0.14336000382900238
1809,28,190,0.1454080045223236
1810,29,190,0.13516800105571747
1811,30,190,0.14131200313568115
1812,31,190,0.14847999811172485
1813,32,190,0.14131200313568115
1814,33,190,0.131071999669075
1815,34,190,0.15052799880504608
1816,35,190,0.1658879965543747
1817,36,190,0.13414399325847626
1818,37,190,0.1382399946451187
1819,38,190,0.131071999669075
1820,39,190,0.13926400244235992
1821,40,190,0.131071999669075
1822,41,190,0.131071999669075
1823,42,190,0.131071999669075
1824,43,190,0.12492799758911133
1825,44,190,0.14131200313568115
1826,45,190,0.1730560064315796
1827,46,190,0.13516800105571747
1828,47,190,0.13414399325847626
1829,48,190,0.15052799880504608
1830,49,190,0.14745600521564484
1831,50,190,0.12902399897575378
1832,51,190,0.1382399946451187
1833,52,190,0.13619199395179749
1834,53,190,0.13414399325847626
1835,54,190,0.12902399897575378
1836,55,190,0.1454080045223236
1837,56,190,0.1382399946451187
1838,57,190,0.15462400019168854
1839,58,190,0.13619199395179749
1840,59,190,0.12800000607967377
1841,60,190,0.13312000036239624
1842,61,190,0.13312000036239624
1843,62,190,0.13209599256515503
1844,63,190,0.16383999586105347
1845,64,190,0.1372160017490387
1846,65,190,0.12800000607967377
1847,66,190,0.12390399724245071
1848,67,190,0.13414399325847626
1849,68,190,0.12800000607967377
1850,69,190,0.12697599828243256
1851,70,190,0.130048006772995
1852,71,190,0.13312000036239624
1853,72,190,0.12902399897575378
1854,73,190,0.11980800330638885
1855,74,190,0.12697599828243256
1856,75,190,0.13516800105571747
1857,76,190,0.12800000607967377
1858,77,190,0.12697599828243256
1859,78,190,0.130048006772995
1860,79,190,0.12800000607967377
1861,80,190,0.11673600226640701
1862,81,190,0.1228799968957901
1863,82,190,0.12492799758911133
1864,83,190,0.13619199395179749
1865,84,190,0.12697599828243256
1866,85,190,0.12595200538635254
1867,86,190,0.11468800157308578
1868,87,190,0.11468800157308578
1869,88,190,0.11366400122642517
1870,89,190,0.12800000607967377
1871,90,190,0.12800000607967377
1872,91,190,0.12492799758911133
1873,92,190,0.12800000607967377
1874,93,190,0.1372160017490387
1875,94,190,0.11878400295972824
1876,95,190,0.11980800330638885
1877,96,190,0.13516800105571747
1878,97,190,0.13209599256515503
1879,98,190,0.12492799758911133
1880,99,190,0.11878400295972824
1881,1,200,0.24063999950885773
1882,2,200,0.2242559939622879
1883,3,200,0.22118400037288666
1884,4,200,0.2017280012369156
1885,5,200,0.20479999482631683
1886,6,200,0.17100800573825836
1887,7,200,0.17715199291706085
1888,8,200,0.17203199863433838
1889,9,200,0.16896000504493713
1890,10,200,0.158720001578331
1891,11,200,0.16179199516773224
1892,12,200,0.16179199516773224
1893,13,200,0.16076800227165222
1894,14,200,0.16896000504493713
1895,15,200,0.16076800227165222
1896,16,200,0.1525759994983673
1897,17,200,0.1372160017490387
1898,18,200,0.1443839967250824
1899,19,200,0.14643199741840363
1900,20,200,0.15462400019168854
1901,21,200,0.1515520066022873
1902,22,200,0.15360000729560852
1903,23,200,0.15360000729560852
1904,24,200,0.14847999811172485
1905,25,200,0.16179199516773224
1906,26,200,0.14028799533843994
1907,27,200,0.13516800105571747
1908,28,200,0.14847999811172485
1909,29,200,0.14847999811172485
1910,30,200,0.17817600071430206
1911,31,200,0.14847999811172485
1912,32,200,0.14233599603176117
1913,33,200,0.13312000036239624
1914,34,200,0.1454080045223236
1915,35,200,0.1454080045223236
1916,36,200,0.1454080045223236
1917,37,200,0.15360000729560852
1918,38,200,0.14847999811172485
1919,39,200,0.1443839967250824
1920,40,200,0.13209599256515503
1921,41,200,0.12492799758911133
1922,42,200,0.13619199395179749
1923,43,200,0.13209599256515503
1924,44,200,0.1443839967250824
1925,45,200,0.14336000382900238
1926,46,200,0.131071999669075
1927,47,200,0.12800000607967377
1928,48,200,0.1372160017490387
1929,49,200,0.14233599603176117
1930,50,200,0.14847999811172485
1931,51,200,0.12390399724245071
1932,52,200,0.13209599256515503
1933,53,200,0.13209599256515503
1934,54,200,0.131071999669075
1935,55,200,0.16896000504493713
1936,56,200,0.14950400590896606
1937,57,200,0.14131200313568115
1938,58,200,0.13516800105571747
1939,59,200,0.1372160017490387
1940,60,200,0.15462400019168854
1941,61,200,0.12595200538635254
1942,62,200,0.12390399724245071
1943,63,200,0.13516800105571747
1944,64,200,0.13312000036239624
1945,65,200,0.13516800105571747
1946,66,200,0.13209599256515503
1947,67,200,0.1372160017490387
1948,68,200,0.131071999669075
1949,69,200,0.131071999669075
1950,70,200,0.13414399325847626
1951,71,200,0.13414399325847626
1952,72,200,0.11776000261306763
1953,73,200,0.13516800105571747
1954,74,200,0.12492799758911133
1955,75,200,0.13312000036239624
1956,76,200,0.131071999669075
1957,77,200,0.12697599828243256
1958,78,200,0.13516800105571747
1959,79,200,0.12390399724245071
1960,80,200,0.13414399325847626
1961,81,200,0.12595200538635254
1962,82,200,0.11776000261306763
1963,83,200,0.12800000607967377
1964,84,200,0.131071999669075
1965,85,200,0.12697599828243256
1966,86,200,0.131071999669075
1967,87,200,0.13516800105571747
1968,88,200,0.11878400295972824
1969,89,200,0.12902399897575378
1970,90,200,0.12390399724245071
1971,91,200,0.12390399724245071
1972,92,200,0.1157120019197464
1973,93,200,0.13312000036239624
1974,94,200,0.11878400295972824
1975,95,200,0.11776000261306763
1976,96,200,0.12902399897575378
1977,97,200,0.11878400295972824
1978,98,200,0.12185599654912949
1979,99,200,0.12595200538635254
1980,1,210,0.2672640085220337
1981,2,210,0.2396160066127777
1982,3,210,0.22323200106620789
1983,4,210,0.19763199985027313
1984,5,210,0.18227200210094452
1985,6,210,0.16486400365829468
1986,7,210,0.16896000504493713
1987,8,210,0.16179199516773224
1988,9,210,0.17203199863433838
1989,10,210,0.16076800227165222
1990,11,210,0.17203199863433838
1991,12,210,0.1730560064315796
1992,13,210,0.1658879965543747
1993,14,210,0.15462400019168854
1994,15,210,0.14847999811172485
1995,16,210,0.14643199741840363
1996,17,210,0.15052799880504608
1997,18,210,0.14233599603176117
1998,19,210,0.159743994474411
1999,20,210,0.1443839967250824
2000,21,210,0.15667200088500977
2001,22,210,0.15052799880504608
2002,23,210,0.15462400019168854
2003,24,210,0.15667200088500977
2004,25,210,0.14643199741840363
2005,26,210,0.13312000036239624
2006,27,210,0.13516800105571747
2007,28,210,0.14336000382900238
2008,29,210,0.14028799533843994
2009,30,210,0.14950400590896606
2010,31,210,0.14847999811172485
2011,32,210,0.14847999811172485
2012,33,210,0.1372160017490387
2013,34,210,0.1525759994983673
2014,35,210,0.14745600521564484
2015,36,210,0.1372160017490387
2016,37,210,0.13209599256515503
2017,38,210,0.15462400019168854
2018,39,210,0.14028799533843994
2019,40,210,0.14336000382900238
2020,41,210,0.12800000607967377
2021,42,210,0.13414399325847626
2022,43,210,0.13516800105571747
2023,44,210,0.1454080045223236
2024,45,210,0.13619199395179749
2025,46,210,0.13414399325847626
2026,47,210,0.12800000607967377
2027,48,210,0.13619199395179749
2028,49,210,0.13209599256515503
2029,50,210,0.12492799758911133
2030,51,210,0.13516800105571747
2031,52,210,0.12800000607967377
2032,53,210,0.1372160017490387
2033,54,210,0.12697599828243256
2034,55,210,0.13414399325847626
2035,56,210,0.14643199741840363
2036,57,210,0.14745600521564484
2037,58,210,0.14336000382900238
2038,59,210,0.1525759994983673
2039,60,210,0.13516800105571747
2040,61,210,0.12697599828243256
2041,62,210,0.12800000607967377
2042,63,210,0.1525759994983673
2043,64,210,0.15564799308776855
2044,65,210,0.14847999811172485
2045,66,210,0.13414399325847626
2046,67,210,0.15462400019168854
2047,68,210,0.11673600226640701
2048,69,210,0.12800000607967377
2049,70,210,0.12902399897575378
2050,71,210,0.13516800105571747
2051,72,210,0.130048006772995
2052,73,210,0.11673600226640701
2053,74,210,0.130048006772995
2054,75,210,0.12083200365304947
2055,76,210,0.15462400019168854
2056,77,210,0.12291199713945389
2057,78,210,0.12595200538635254
2058,79,210,0.12083200365304947
2059,80,210,0.13619199395179749
2060,81,210,0.11980800330638885
2061,82,210,0.12697599828243256
2062,83,210,0.130048006772995
2063,84,210,0.13312000036239624
2064,85,210,0.13516800105571747
2065,86,210,0.13414399325847626
2066,87,210,0.12595200538635254
2067,88,210,0.1228799968957901
2068,89,210,0.1228799968957901
2069,90,210,0.11980800330638885
2070,91,210,0.12902399897575378
2071,92,210,0.131071999669075
2072,93,210,0.13926400244235992
2073,94,210,0.1228799968957901
2074,95,210,0.1228799968957901
2075,96,210,0.12185599654912949
2076,97,210,0.11980800330638885
2077,98,210,0.12492799758911133
2078,99,210,0.130048006772995
2079,1,220,0.26521599292755127
2080,2,220,0.25804799795150757
2081,3,220,0.22630399465560913
2082,4,220,0.21196800470352173
2083,5,220,0.2027519941329956
2084,6,220,0.17715199291706085
2085,7,220,0.20479999482631683
2086,8,220,0.159743994474411
2087,9,220,0.14847999811172485
2088,10,220,0.16998399794101715
2089,11,220,0.16179199516773224
2090,12,220,0.16383999586105347
2091,13,220,0.15360000729560852
2092,14,220,0.15564799308776855
2093,15,220,0.1443839967250824
2094,16,220,0.15564799308776855
2095,17,220,0.14950400590896606
2096,18,220,0.14643199741840363
2097,19,220,0.14745600521564484
2098,20,220,0.14131200313568115
2099,21,220,0.14950400590896606
2100,22,220,0.15564799308776855
2101,23,220,0.15462400019168854
2102,24,220,0.14233599603176117
2103,25,220,0.14336000382900238
2104,26,220,0.14950400590896606
2105,27,220,0.14643199741840363
2106,28,220,0.14336000382900238
2107,29,220,0.15564799308776855
2108,30,220,0.14233599603176117
2109,31,220,0.1443839967250824
2110,32,220,0.1454080045223236
2111,33,220,0.15667200088500977
2112,34,220,0.14131200313568115
2113,35,220,0.1382399946451187
2114,36,220,0.14745600521564484
2115,37,220,0.14336000382900238
2116,38,220,0.13619199395179749
2117,39,220,0.13209599256515503
2118,40,220,0.13619199395179749
2119,41,220,0.13312000036239624
2120,42,220,0.1443839967250824
2121,43,220,0.130048006772995
2122,44,220,0.12902399897575378
2123,45,220,0.13414399325847626
2124,46,220,0.14131200313568115
2125,47,220,0.12800000607967377
2126,48,220,0.131071999669075
2127,49,220,0.13414399325847626
2128,50,220,0.12697599828243256
2129,51,220,0.13209599256515503
2130,52,220,0.1454080045223236
2131,53,220,0.13414399325847626
2132,54,220,0.13516800105571747
2133,55,220,0.14745600521564484
2134,56,220,0.12902399897575378
2135,57,220,0.12902399897575378
2136,58,220,0.130048006772995
2137,59,220,0.14233599603176117
2138,60,220,0.14233599603176117
2139,61,220,0.14847999811172485
2140,62,220,0.14028799533843994
2141,63,220,0.12185599654912949
2142,64,220,0.131071999669075
2143,65,220,0.12800000607967377
2144,66,220,0.15462400019168854
2145,67,220,0.13312000036239624
2146,68,220,0.1382399946451187
2147,69,220,0.14131200313568115
2148,70,220,0.14336000382900238
2149,71,220,0.14745600521564484
2150,72,220,0.131071999669075
2151,73,220,0.14336000382900238
2152,74,220,0.13209599256515503
2153,75,220,0.13516800105571747
2154,76,220,0.131071999669075
2155,77,220,0.13312000036239624
2156,78,220,0.13414399325847626
2157,79,220,0.13209599256515503
2158,80,220,0.12492799758911133
2159,81,220,0.14131200313568115
2160,82,220,0.130048006772995
2161,83,220,0.12492799758911133
2162,84,220,0.12185599654912949
2163,85,220,0.13516800105571747
2164,86,220,0.12492799758911133
2165,87,220,0.12185599654912949
2166,88,220,0.13619199395179749
2167,89,220,0.13414399325847626
2168,90,220,0.12390399724245071
2169,91,220,0.12595200538635254
2170,92,220,0.1289920061826706
2171,93,220,0.12800000607967377
2172,94,220,0.12083200365304947
2173,95,220,0.12697599828243256
2174,96,220,0.131071999669075
2175,97,220,0.12185599654912949
2176,98,220,0.11468800157308578
2177,99,220,0.12185599654912949
2178,1,230,0.2549760043621063
2179,2,230,0.25088000297546387
2180,3,230,0.21401600539684296
2181,4,230,0.19046400487422943
2182,5,230,0.18534399569034576
2183,6,230,0.17817600071430206
2184,7,230,0.17203199863433838
2185,8,230,0.1658879965543747
2186,9,230,0.1669120043516159
2187,10,230,0.1669120043516159
2188,11,230,0.159743994474411
2189,12,230,0.16998399794101715
2190,13,230,0.16793599724769592
2191,14,230,0.16793599724769592
2192,15,230,0.14643199741840363
2193,16,230,0.159743994474411
2194,17,230,0.15462400019168854
2195,18,230,0.15462400019168854
2196,19,230,0.18534399569034576
2197,20,230,0.14643199741840363
2198,21,230,0.16998399794101715
2199,22,230,0.15052799880504608
2200,23,230,0.16076800227165222
2201,24,230,0.1669120043516159
2202,25,230,0.1515520066022873
2203,26,230,0.15564799308776855
2204,27,230,0.14745600521564484
2205,28,230,0.14233599603176117
2206,29,230,0.14950400590896606
2207,30,230,0.15052799880504608
2208,31,230,0.14028799533843994
2209,32,230,0.14950400590896606
2210,33,230,0.14336000382900238
2211,34,230,0.15769599378108978
2212,35,230,0.15052799880504608
2213,36,230,0.13926400244235992
2214,37,230,0.14847999811172485
2215,38,230,0.14847999811172485
2216,39,230,0.1372160017490387
2217,40,230,0.13414399325847626
2218,41,230,0.14745600521564484
2219,42,230,0.15564799308776855
2220,43,230,0.13209599256515503
2221,44,230,0.12800000607967377
2222,45,230,0.12902399897575378
2223,46,230,0.12902399897575378
2224,47,230,0.13209599256515503
2225,48,230,0.13209599256515503
2226,49,230,0.1372160017490387
2227,50,230,0.12697599828243256
2228,51,230,0.14643199741840363
2229,52,230,0.13312000036239624
2230,53,230,0.13312000036239624
2231,54,230,0.13414399325847626
2232,55,230,0.12697599828243256
2233,56,230,0.1382399946451187
2234,57,230,0.14233599603176117
2235,58,230,0.14950400590896606
2236,59,230,0.12800000607967377
2237,60,230,0.13926400244235992
2238,61,230,0.1372160017490387
2239,62,230,0.14643199741840363
2240,63,230,0.14336000382900238
2241,64,230,0.14336000382900238
2242,65,230,0.13619199395179749
2243,66,230,0.12697599828243256
2244,67,230,0.14745600521564484
2245,68,230,0.12902399897575378
2246,69,230,0.159743994474411
2247,70,230,0.14028799533843994
2248,71,230,0.131071999669075
2249,72,230,0.130048006772995
2250,73,230,0.12902399897575378
2251,74,230,0.14643199741840363
2252,75,230,0.12697599828243256
2253,76,230,0.14745600521564484
2254,77,230,0.12185599654912949
2255,78,230,0.14028799533843994
2256,79,230,0.13414399325847626
2257,80,230,0.12902399897575378
2258,81,230,0.130048006772995
2259,82,230,0.12083200365304947
2260,83,230,0.13926400244235992
2261,84,230,0.14028799533843994
2262,85,230,0.14643199741840363
2263,86,230,0.11980800330638885
2264,87,230,0.130048006772995
2265,88,230,0.12492799758911133
2266,89,230,0.12902399897575378
2267,90,230,0.12492799758911133
2268,91,230,0.14950400590896606
2269,92,230,0.1382399946451187
2270,93,230,0.12697599828243256
2271,94,230,0.11878400295972824
2272,95,230,0.14131200313568115
2273,96,230,0.12492799758911133
2274,97,230,0.13619199395179749
2275,98,230,0.1372160017490387
2276,99,230,0.1228799968957901
2277,1,240,0.2549760043621063
2278,2,240,0.26316800713539124
2279,3,240,0.2385919988155365
2280,4,240,0.21196800470352173
2281,5,240,0.18329599499702454
2282,6,240,0.1740799993276596
2283,7,240,0.1730560064315796
2284,8,240,0.16998399794101715
2285,9,240,0.17817600071430206
2286,10,240,0.1669120043516159
2287,11,240,0.16793599724769592
2288,12,240,0.16998399794101715
2289,13,240,0.16896000504493713
2290,14,240,0.15360000729560852
2291,15,240,0.14950400590896606
2292,16,240,0.14233599603176117
2293,17,240,0.15052799880504608
2294,18,240,0.158720001578331
2295,19,240,0.15360000729560852
2296,20,240,0.14950400590896606
2297,21,240,0.1454080045223236
2298,22,240,0.15564799308776855
2299,23,240,0.14336000382900238
2300,24,240,0.15564799308776855
2301,25,240,0.1454080045223236
2302,26,240,0.1372160017490387
2303,27,240,0.14028799533843994
2304,28,240,0.1454080045223236
2305,29,240,0.13926400244235992
2306,30,240,0.14643199741840363
2307,31,240,0.14950400590896606
2308,32,240,0.14233599603176117
2309,33,240,0.15564799308776855
2310,34,240,0.1443839967250824
2311,35,240,0.14847999811172485
2312,36,240,0.158720001578331
2313,37,240,0.13312000036239624
2314,38,240,0.14336000382900238
2315,39,240,0.158720001578331
2316,40,240,0.13312000036239624
2317,41,240,0.15052799880504608
2318,42,240,0.1443839967250824
2319,43,240,0.12800000607967377
2320,44,240,0.1525759994983673
2321,45,240,0.14847999811172485
2322,46,240,0.13414399325847626
2323,47,240,0.1454080045223236
2324,48,240,0.131071999669075
2325,49,240,0.14131200313568115
2326,50,240,0.1382399946451187
2327,51,240,0.1454080045223236
2328,52,240,0.13312000036239624
2329,53,240,0.15462400019168854
2330,54,240,0.13619199395179749
2331,55,240,0.1382399946451187
2332,56,240,0.14028799533843994
2333,57,240,0.1454080045223236
2334,58,240,0.131071999669075
2335,59,240,0.14847999811172485
2336,60,240,0.14847999811172485
2337,61,240,0.13926400244235992
2338,62,240,0.13516800105571747
2339,63,240,0.14131200313568115
2340,64,240,0.14131200313568115
2341,65,240,0.12800000607967377
2342,66,240,0.15667200088500977
2343,67,240,0.14131200313568115
2344,68,240,0.13414399325847626
2345,69,240,0.1382399946451187
2346,70,240,0.13619199395179749
2347,71,240,0.12492799758911133
2348,72,240,0.15667200088500977
2349,73,240,0.14950400590896606
2350,74,240,0.12800000607967377
2351,75,240,0.13619199395179749
2352,76,240,0.12492799758911133
2353,77,240,0.12697599828243256
2354,78,240,0.13926400244235992
2355,79,240,0.12595200538635254
2356,80,240,0.12697599828243256
2357,81,240,0.12800000607967377
2358,82,240,0.14745600521564484
2359,83,240,0.11980800330638885
2360,84,240,0.13516800105571747
2361,85,240,0.13209599256515503
2362,86,240,0.12390399724245071
2363,87,240,0.12697599828243256
2364,88,240,0.12390399724245071
2365,89,240,0.1382399946451187
2366,90,240,0.14745600521564484
2367,91,240,0.12492799758911133
2368,92,240,0.12800000607967377
2369,93,240,0.13516800105571747
2370,94,240,0.14643199741840363
2371,95,240,0.13414399325847626
2372,96,240,0.13209599256515503
2373,97,240,0.1372160017490387
2374,98,240,0.14131200313568115
2375,99,240,0.12390399724245071
2376,1,250,0.2682879865169525
2377,2,250,0.2693119943141937
2378,3,250,0.2519040107727051
2379,4,250,0.2099200040102005
2380,5,250,0.23244799673557281
2381,6,250,0.19865599274635315
2382,7,250,0.1730560064315796
2383,8,250,0.18432000279426575
2384,9,250,0.19148799777030945
2385,10,250,0.1884160041809082
2386,11,250,0.18534399569034576
2387,12,250,0.17817600071430206
2388,13,250,0.16998399794101715
2389,14,250,0.16793599724769592
2390,15,250,0.16383999586105347
2391,16,250,0.15462400019168854
2392,17,250,0.14847999811172485
2393,18,250,0.16896000504493713
2394,19,250,0.15564799308776855
2395,20,250,0.15667200088500977
2396,21,250,0.17100800573825836
2397,22,250,0.159743994474411
2398,23,250,0.14847999811172485
2399,24,250,0.17100800573825836
2400,25,250,0.159743994474411
2401,26,250,0.1525759994983673
2402,27,250,0.1454080045223236
2403,28,250,0.15052799880504608
2404,29,250,0.15769599378108978
2405,30,250,0.15052799880504608
2406,31,250,0.14131200313568115
2407,32,250,0.1382399946451187
2408,33,250,0.16076800227165222
2409,34,250,0.14847999811172485
2410,35,250,0.1525759994983673
2411,36,250,0.158720001578331
2412,37,250,0.1382399946451187
2413,38,250,0.14745600521564484
2414,39,250,0.1443839967250824
2415,40,250,0.1454080045223236
2416,41,250,0.14336000382900238
2417,42,250,0.1525759994983673
2418,43,250,0.14336000382900238
2419,44,250,0.15769599378108978
2420,45,250,0.14847999811172485
2421,46,250,0.1382399946451187
2422,47,250,0.1515520066022873
2423,48,250,0.14233599603176117
2424,49,250,0.13312000036239624
2425,50,250,0.13312000036239624
2426,51,250,0.1454080045223236
2427,52,250,0.13209599256515503
2428,53,250,0.14233599603176117
2429,54,250,0.12902399897575378
2430,55,250,0.14643199741840363
2431,56,250,0.1372160017490387
2432,57,250,0.14131200313568115
2433,58,250,0.13619199395179749
2434,59,250,0.1382399946451187
2435,60,250,0.14131200313568115
2436,61,250,0.14336000382900238
2437,62,250,0.14233599603176117
2438,63,250,0.130048006772995
2439,64,250,0.1382399946451187
2440,65,250,0.13516800105571747
2441,66,250,0.15769599378108978
2442,67,250,0.13312000036239624
2443,68,250,0.130048006772995
2444,69,250,0.13209599256515503
2445,70,250,0.1454080045223236
2446,71,250,0.13308799266815186
2447,72,250,0.15667200088500977
2448,73,250,0.1382399946451187
2449,74,250,0.13414399325847626
2450,75,250,0.15769599378108978
2451,76,250,0.12902399897575378
2452,77,250,0.13619199395179749
2453,78,250,0.130048006772995
2454,79,250,0.12390399724245071
2455,80,250,0.13414399325847626
2456,81,250,0.1228799968957901
2457,82,250,0.131071999669075
2458,83,250,0.12185599654912949
2459,84,250,0.14643199741840363
2460,85,250,0.13209599256515503
2461,86,250,0.1372160017490387
2462,87,250,0.13516800105571747
2463,88,250,0.1525759994983673
2464,89,250,0.158720001578331
2465,90,250,0.11980800330638885
2466,91,250,0.12390399724245071
2467,92,250,0.130048006772995
2468,93,250,0.13619199395179749
2469,94,250,0.14847999811172485
2470,95,250,0.13209599256515503
2471,96,250,0.13312000036239624
2472,97,250,0.1443839967250824
2473,98,250,0.12800000607967377
2474,99,250,0.15360000729560852
2475,1,260,0.27910399436950684
2476,2,260,0.23680000007152557
2477,3,260,0.23654399812221527
2478,4,260,0.23535999655723572
2479,5,260,0.21408000588417053
2480,6,260,0.19145600497722626
2481,7,260,0.1879040002822876
2482,8,260,0.16752000153064728
2483,9,260,0.18940800428390503
2484,10,260,0.18940800428390503
2485,11,260,0.1589760035276413
2486,12,260,0.1613440066576004
2487,13,260,0.16329599916934967
2488,14,260,0.1671999990940094
2489,15,260,0.16998399794101715
2490,16,260,0.15331199765205383
2491,17,260,0.14368000626564026
2492,18,260,0.16495999693870544
2493,19,260,0.16358399391174316
2494,20,260,0.15356799960136414
2495,21,260,0.15612800419330597
2496,22,260,0.14051200449466705
2497,23,260,0.1568319946527481
2498,24,260,0.15225599706172943
2499,25,260,0.14326399564743042
2500,26,260,0.15702399611473083
2501,27,260,0.1547199934720993
2502,28,260,0.16182400286197662
2503,29,260,0.1391039937734604
2504,30,260,0.14927999675273895
2505,31,260,0.14975999295711517
2506,32,260,0.14393599331378937
2507,33,260,0.13971200585365295
2508,34,260,0.14524799585342407
2509,35,260,0.14265599846839905
2510,36,260,0.14000000059604645
2511,37,260,0.13596799969673157
2512,38,260,0.14819200336933136
2513,39,260,0.16687999665737152
2514,40,260,0.141184002161026
2515,41,260,0.1337279975414276
2516,42,260,0.13446399569511414
2517,43,260,0.13276800513267517
2518,44,260,0.1350719928741455
2519,45,260,0.14563199877738953
2520,46,260,0.15174399316310883
2521,47,260,0.1494079977273941
2522,48,260,0.15164799988269806
2523,49,260,0.16380800306797028
2524,50,260,0.14399999380111694
2525,51,260,0.1287039965391159
2526,52,260,0.1329919993877411
2527,53,260,0.1305599957704544
2528,54,260,0.12886400520801544
2529,55,260,0.133760005235672
2530,56,260,0.13843199610710144
2531,57,260,0.15308800339698792
2532,58,260,0.132192000746727
2533,59,260,0.14688000082969666
2534,60,260,0.13859200477600098
2535,61,260,0.1329279989004135
2536,62,260,0.13276800513267517
2537,63,260,0.13811199367046356
2538,64,260,0.14652800559997559
2539,65,260,0.14857600629329681
2540,66,260,0.12707200646400452
2541,67,260,0.14371199905872345
2542,68,260,0.12639999389648438
2543,69,260,0.12361600250005722
2544,70,260,0.12854400277137756
2545,71,260,0.13475200533866882
2546,72,260,0.12406399846076965
2547,73,260,0.1311040073633194
2548,74,260,0.13318400084972382
2549,75,260,0.12876799702644348
2550,76,260,0.1382720023393631
2551,77,260,0.12716799974441528
2552,78,260,0.1615999937057495
2553,79,260,0.1393599957227707
2554,80,260,0.1371839940547943
2555,81,260,0.13574400544166565
2556,82,260,0.1289599984884262
2557,83,260,0.12960000336170197
2558,84,260,0.12726399302482605
2559,85,260,0.13238400220870972
2560,86,260,0.12716799974441528
2561,87,260,0.12332800030708313
2562,88,260,0.12358400225639343
2563,89,260,0.138047993183136
2564,90,260,0.12774400413036346
2565,91,260,0.13504000008106232
2566,92,260,0.142752006649971
2567,93,260,0.12720000743865967
2568,94,260,0.1372479945421219
2569,95,260,0.12883199751377106
2570,96,260,0.13580800592899323
2571,97,260,0.13184000551700592
2572,98,260,0.14927999675273895
2573,99,260,0.12566399574279785
2574,1,270,0.26291200518608093
2575,2,270,0.24713599681854248
2576,3,270,0.2734079957008362
2577,4,270,0.21859200298786163
2578,5,270,0.21430400013923645
2579,6,270,0.18825599551200867
2580,7,270,0.18108800053596497
2581,8,270,0.1842239946126938
2582,9,270,0.17961600422859192
2583,10,270,0.18668800592422485
2584,11,270,0.17919999361038208
2585,12,270,0.17017599940299988
2586,13,270,0.1526080071926117
2587,14,270,0.15904000401496887
2588,15,270,0.17151999473571777
2589,16,270,0.16684800386428833
2590,17,270,0.15039999783039093
2591,18,270,0.1404159963130951
2592,19,270,0.151296004652977
2593,20,270,0.158720001578331
2594,21,270,0.14454400539398193
2595,22,270,0.16281600296497345
2596,23,270,0.1767359972000122
2597,24,270,0.15091200172901154
2598,25,270,0.13699199259281158
2599,26,270,0.14742399752140045
2600,27,270,0.1562879979610443
2601,28,270,0.14403200149536133
2602,29,270,0.14691199362277985
2603,30,270,0.1517760008573532
2604,31,270,0.13974399864673615
2605,32,270,0.1472640037536621
2606,33,270,0.1369599997997284
2607,34,270,0.15539200603961945
2608,35,270,0.1603199988603592
2609,36,270,0.14467200636863708
2610,37,270,0.14825600385665894
2611,38,270,0.14972800016403198
2612,39,270,0.13478399813175201
2613,40,270,0.14531199634075165
2614,41,270,0.14531199634075165
2615,42,270,0.13142399489879608
2616,43,270,0.13779200613498688
2617,44,270,0.14895999431610107
2618,45,270,0.13808000087738037
2619,46,270,0.15401600301265717
2620,47,270,0.13993600010871887
2621,48,270,0.13971200585365295
2622,49,270,0.1414719969034195
2623,50,270,0.13424000144004822
2624,51,270,0.13116799294948578
2625,52,270,0.1302720010280609
2626,53,270,0.130048006772995
2627,54,270,0.13516800105571747
2628,55,270,0.1496960073709488
2629,56,270,0.15913599729537964
2630,57,270,0.13276800513267517
2631,58,270,0.12963199615478516
2632,59,270,0.132192000746727
2633,60,270,0.1380160003900528
2634,61,270,0.1382399946451187
2635,62,270,0.1329919993877411
2636,63,270,0.13648000359535217
2637,64,270,0.13075199723243713
2638,65,270,0.13424000144004822
2639,66,270,0.1324480026960373
2640,67,270,0.14003199338912964
2641,68,270,0.16652800142765045
2642,69,270,0.1337279975414276
2643,70,270,0.1319040060043335
2644,71,270,0.13382400572299957
2645,72,270,0.13967999815940857
2646,73,270,0.12783999741077423
2647,74,270,0.14892800152301788
2648,75,270,0.1305920034646988
2649,76,270,0.14051200449466705
2650,77,270,0.13795199990272522
2651,78,270,0.12988799810409546
2652,79,270,0.1260479986667633
2653,80,270,0.13974399864673615
2654,81,270,0.1552319973707199
2655,82,270,0.1422719955444336
2656,83,270,0.13049599528312683
2657,84,270,0.12803199887275696
2658,85,270,0.15913599729537964
2659,86,270,0.12800000607967377
2660,87,270,0.12886400520801544
2661,88,270,0.1250240057706833
2662,89,270,0.14732800424098969
2663,90,270,0.1292160004377365
2664,91,270,0.14790399372577667
2665,92,270,0.13756799697875977
2666,93,270,0.13068799674510956
2667,94,270,0.12544000148773193
2668,95,270,0.13753600418567657
2669,96,270,0.13785600662231445
2670,97,270,0.13247999548912048
2671,98,270,0.13763199746608734
2672,99,270,0.12601600587368011
2673,1,280,0.298880010843277
2674,2,280,0.25382399559020996
2675,3,280,0.2383359968662262
2676,4,280,0.21478399634361267
2677,5,280,0.22310400009155273
2678,6,280,0.18704000115394592
2679,7,280,0.1804800033569336
2680,8,280,0.17715199291706085
2681,9,280,0.1769919991493225
2682,10,280,0.1685120016336441
2683,11,280,0.16630400717258453
2684,12,280,0.18432000279426575
2685,13,280,0.17052799463272095
2686,14,280,0.16435199975967407
2687,15,280,0.1650560051202774
2688,16,280,0.15251199901103973
2689,17,280,0.1554879993200302
2690,18,280,0.14796799421310425
2691,19,280,0.15625600516796112
2692,20,280,0.15094399452209473
2693,21,280,0.16230399906635284
2694,22,280,0.15984000265598297
2695,23,280,0.16380800306797028
2696,24,280,0.14761599898338318
2697,25,280,0.14310400187969208
2698,26,280,0.15884800255298615
2699,27,280,0.1504639983177185
2700,28,280,0.15984000265598297
2701,29,280,0.14326399564743042
2702,30,280,0.14336000382900238
2703,31,280,0.15510399639606476
2704,32,280,0.1504960060119629
2705,33,280,0.14399999380111694
2706,34,280,0.14640000462532043
2707,35,280,0.14787200093269348
2708,36,280,0.13660800457000732
2709,37,280,0.13920000195503235
2710,38,280,0.14105600118637085
2711,39,280,0.1372160017490387
2712,40,280,0.13596799969673157
2713,41,280,0.15263999998569489
2714,42,280,0.16115200519561768
2715,43,280,0.14457599818706512
2716,44,280,0.1388159990310669
2717,45,280,0.14959999918937683
2718,46,280,0.14271999895572662
2719,47,280,0.13497599959373474
2720,48,280,0.13676799833774567
2721,49,280,0.14444799721240997
2722,50,280,0.13600000739097595
2723,51,280,0.13142399489879608
2724,52,280,0.141184002161026
2725,53,280,0.1318719983100891
2726,54,280,0.12867200374603271
2727,55,280,0.13359999656677246
2728,56,280,0.13609600067138672
2729,57,280,0.14115199446678162
2730,58,280,0.13395200669765472
2731,59,280,0.13424000144004822
2732,60,280,0.13068799674510956
2733,61,280,0.1563200056552887
2734,62,280,0.13945600390434265
2735,63,280,0.1414400041103363
2736,64,280,0.14054399728775024
2737,65,280,0.12806400656700134
2738,66,280,0.14083200693130493
2739,67,280,0.14044800400733948
2740,68,280,0.1369599997997284
2741,69,280,0.14009599387645721
2742,70,280,0.14844800531864166
2743,71,280,0.13363200426101685
2744,72,280,0.12848000228405
2745,73,280,0.13731199502944946
2746,74,280,0.13344000279903412
2747,75,280,0.13571199774742126
2748,76,280,0.13545599579811096
2749,77,280,0.16844800114631653
2750,78,280,0.13414399325847626
2751,79,280,0.13046400249004364
2752,80,280,0.13648000359535217
2753,81,280,0.1393280029296875
2754,82,280,0.13286399841308594
2755,83,280,0.13180799782276154
2756,84,280,0.1536960005760193
2757,85,280,0.13100799918174744
2758,86,280,0.1417279988527298
2759,87,280,0.12358400225639343
2760,88,280,0.1435520052909851
2761,89,280,0.13488000631332397
2762,90,280,0.12755200266838074
2763,91,280,0.1372160017490387
2764,92,280,0.1329600065946579
2765,93,280,0.1353600025177002
2766,94,280,0.13631999492645264
2767,95,280,0.13023999333381653
2768,96,280,0.12886400520801544
2769,97,280,0.1297920048236847
2770,98,280,0.13391999900341034
2771,99,280,0.1401280015707016
2772,1,290,0.31174400448799133
2773,2,290,0.2653760015964508
2774,3,290,0.263839989900589
2775,4,290,0.21568000316619873
2776,5,290,0.21772800385951996
2777,6,290,0.19599999487400055
2778,7,290,0.19017599523067474
2779,8,290,0.18428799510002136
2780,9,290,0.19407999515533447
2781,10,290,0.18367999792099
2782,11,290,0.17004799842834473
2783,12,290,0.18028800189495087
2784,13,290,0.16899199783802032
2785,14,290,0.15545600652694702
2786,15,290,0.15408000349998474
2787,16,290,0.1658879965543747
2788,17,290,0.15174399316310883
2789,18,290,0.1518400013446808
2790,19,290,0.1483200043439865
2791,20,290,0.15059199929237366
2792,21,290,0.14892800152301788
2793,22,290,0.1417279988527298
2794,23,290,0.16499200463294983
2795,24,290,0.14179199934005737
2796,25,290,0.14326399564743042
2797,26,290,0.14374400675296783
2798,27,290,0.155008003115654
2799,28,290,0.15423999726772308
2800,29,290,0.1576319932937622
2801,30,290,0.14342400431632996
2802,31,290,0.1467200070619583
2803,32,290,0.14601600170135498
2804,33,290,0.14431999623775482
2805,34,290,0.1544319987297058
2806,35,290,0.14166399836540222
2807,36,290,0.15030400454998016
2808,37,290,0.14847999811172485
2809,38,290,0.14300799369812012
2810,39,290,0.14361600577831268
2811,40,290,0.14496000111103058
2812,41,290,0.1432960033416748
2813,42,290,0.1494400054216385
2814,43,290,0.1382720023393631
2815,44,290,0.14086399972438812
2816,45,290,0.14025600254535675
2817,46,290,0.13600000739097595
2818,47,290,0.1414719969034195
2819,48,290,0.14259199798107147
2820,49,290,0.14655999839305878
2821,50,290,0.13436800241470337
2822,51,290,0.1486400067806244
2823,52,290,0.14582400023937225
2824,53,290,0.14537599682807922
2825,54,290,0.15388800203800201
2826,55,290,0.1348160058259964
2827,56,290,0.14025600254535675
2828,57,290,0.14470399916172028
2829,58,290,0.13091200590133667
2830,59,290,0.14927999675273895
2831,60,290,0.13792000710964203
2832,61,290,0.13449600338935852
2833,62,290,0.13414399325847626
2834,63,290,0.13619199395179749
2835,64,290,0.1356160044670105
2836,65,290,0.13116799294948578
2837,66,290,0.13731199502944946
2838,67,290,0.13388800621032715
2839,68,290,0.1342719942331314
2840,69,290,0.12569600343704224
2841,70,290,0.13555200397968292
2842,71,290,0.14998400211334229
2843,72,290,0.1369280070066452
2844,73,290,0.13436800241470337
2845,74,290,0.14739200472831726
2846,75,290,0.13206399977207184
2847,76,290,0.13312000036239624
2848,77,290,0.1409599930047989
2849,78,290,0.1343040019273758
2850,79,290,0.1409599930047989
2851,80,290,0.14860799908638
2852,81,290,0.13980799913406372
2853,82,290,0.13142399489879608
2854,83,290,0.1348160058259964
2855,84,290,0.12988799810409546
2856,85,290,0.14032000303268433
2857,86,290,0.13894400000572205
2858,87,290,0.16128000617027283
2859,88,290,0.13494400680065155
2860,89,290,0.15161600708961487
2861,90,290,0.13305599987506866
2862,91,290,0.12176000326871872
2863,92,290,0.1348160058259964
2864,93,290,0.12518399953842163
2865,94,290,0.13158400356769562
2866,95,290,0.12848000228405
2867,96,290,0.1289920061826706
2868,97,290,0.13782399892807007
2869,98,290,0.13603200018405914
2870,99,290,0.133760005235672
2871,1,300,0.31567999720573425
2872,2,300,0.25600001215934753
2873,3,300,0.27881601452827454
2874,4,300,0.22864000499248505
2875,5,300,0.21846400201320648
2876,6,300,0.19923199713230133
2877,7,300,0.19948799908161163
2878,8,300,0.18467199802398682
2879,9,300,0.18227200210094452
2880,10,300,0.1820800006389618
2881,11,300,0.1878719925880432
2882,12,300,0.17388799786567688
2883,13,300,0.17228800058364868
2884,14,300,0.16735999286174774
2885,15,300,0.16595199704170227
2886,16,300,0.1605760008096695
2887,17,300,0.16387200355529785
2888,18,300,0.16047999262809753
2889,19,300,0.15136000514030457
2890,20,300,0.14310400187969208
2891,21,300,0.15308800339698792
2892,22,300,0.14825600385665894
2893,23,300,0.14502400159835815
2894,24,300,0.14899200201034546
2895,25,300,0.14947199821472168
2896,26,300,0.14688000082969666
2897,27,300,0.14131200313568115
2898,28,300,0.14560000598430634
2899,29,300,0.14979200065135956
2900,30,300,0.1582079976797104
2901,31,300,0.14947199821472168
2902,32,300,0.1342719942331314
2903,33,300,0.16307200491428375
2904,34,300,0.160863995552063
2905,35,300,0.1451520025730133
2906,36,300,0.15248000621795654
2907,37,300,0.14537599682807922
2908,38,300,0.14399999380111694
2909,39,300,0.15440000593662262
2910,40,300,0.1414400041103363
2911,41,300,0.1472959965467453
2912,42,300,0.14697599411010742
2913,43,300,0.13212800025939941
2914,44,300,0.14102399349212646
2915,45,300,0.16518400609493256
2916,46,300,0.13865600526332855
2917,47,300,0.1329279989004135
2918,48,300,0.14323200285434723
2919,49,300,0.13916799426078796
2920,50,300,0.1348160058259964
2921,51,300,0.13312000036239624
2922,52,300,0.1398400068283081
2923,53,300,0.13257600367069244
2924,54,300,0.1385599970817566
2925,55,300,0.15532800555229187
2926,56,300,0.1499200016260147
2927,57,300,0.1488640010356903
2928,58,300,0.13875199854373932
2929,59,300,0.12880000472068787
2930,60,300,0.1308480054140091
2931,61,300,0.1351040005683899
2932,62,300,0.1327359974384308
2933,63,300,0.1372479945421219
2934,64,300,0.13795199990272522
2935,65,300,0.1358720064163208
2936,66,300,0.14204800128936768
2937,67,300,0.15302400290966034
2938,68,300,0.13264000415802002
2939,69,300,0.13516800105571747
2940,70,300,0.13676799833774567
2941,71,300,0.13900800049304962
2942,72,300,0.13859200477600098
2943,73,300,0.13104000687599182
2944,74,300,0.1454080045223236
2945,75,300,0.14924800395965576
2946,76,300,0.1385599970817566
2947,77,300,0.13568000495433807
2948,78,300,0.13743999600410461
2949,79,300,0.1383039951324463
2950,80,300,0.13737599551677704
2951,81,300,0.13417600095272064
2952,82,300,0.14326399564743042
2953,83,300,0.1303039938211441
2954,84,300,0.14556799829006195
2955,85,300,0.13529600203037262
2956,86,300,0.13011200726032257
2957,87,300,0.13513599336147308
2958,88,300,0.1380160003900528
2959,89,300,0.1324480026960373
2960,90,300,0.15721599757671356
2961,91,300,0.13046400249004364
2962,92,300,0.12454400211572647
2963,93,300,0.12547199428081512
2964,94,300,0.12937599420547485
2965,95,300,0.1268479973077774
2966,96,300,0.13574400544166565
2967,97,300,0.13007999956607819
2968,98,300,0.12540799379348755
2969,99,300,0.13247999548912048
2970,1,310,0.316895991563797
2971,2,310,0.29046401381492615
2972,3,310,0.2759679853916168
2973,4,310,0.22127999365329742
2974,5,310,0.22579200565814972
2975,6,310,0.21820800006389618
2976,7,310,0.20492799580097198
2977,8,310,0.18620799481868744
2978,9,310,0.18467199802398682
2979,10,310,0.18054400384426117
2980,11,310,0.16630400717258453
2981,12,310,0.18991999328136444
2982,13,310,0.16044799983501434
2983,14,310,0.1653439998626709
2984,15,310,0.15228800475597382
2985,16,310,0.16147199273109436
2986,17,310,0.16089600324630737
2987,18,310,0.14918400347232819
2988,19,310,0.1560640037059784
2989,20,310,0.15647999942302704
2990,21,310,0.15760000050067902
2991,22,310,0.1502400040626526
2992,23,310,0.14979200065135956
2993,24,310,0.16291199624538422
2994,25,310,0.14323200285434723
2995,26,310,0.14505599439144135
2996,27,310,0.16044799983501434
2997,28,310,0.15673600137233734
2998,29,310,0.14643199741840363
2999,30,310,0.14416000247001648
3000,31,310,0.16595199704170227
3001,32,310,0.13952000439167023
3002,33,310,0.14524799585342407
3003,34,310,0.1712000072002411
3004,35,310,0.1422719955444336
3005,36,310,0.1438719928264618
3006,37,310,0.1648000031709671
3007,38,310,0.14207999408245087
3008,39,310,0.1457280069589615
3009,40,310,0.1401280015707016
3010,41,310,0.1420159935951233
3011,42,310,0.1459520012140274
3012,43,310,0.14131200313568115
3013,44,310,0.13334399461746216
3014,45,310,0.15404799580574036
3015,46,310,0.1382720023393631
3016,47,310,0.1459839940071106
3017,48,310,0.14550399780273438
3018,49,310,0.15299199521541595
3019,50,310,0.1409280002117157
3020,51,310,0.15248000621795654
3021,52,310,0.14323200285434723
3022,53,310,0.14476799964904785
3023,54,310,0.1348160058259964
3024,55,310,0.13504000008106232
3025,56,310,0.1507200002670288
3026,57,310,0.14060799777507782
3027,58,310,0.13651199638843536
3028,59,310,0.15503999590873718
3029,60,310,0.13407999277114868
3030,61,310,0.13833600282669067
3031,62,310,0.13023999333381653
3032,63,310,0.1502400040626526
3033,64,310,0.13743999600410461
3034,65,310,0.133760005235672
3035,66,310,0.1390720009803772
3036,67,310,0.13548800349235535
3037,68,310,0.14019200205802917
3038,69,310,0.12851199507713318
3039,70,310,0.1353600025177002
3040,71,310,0.1300159990787506
3041,72,310,0.1334719955921173
3042,73,310,0.14643199741840363
3043,74,310,0.13859200477600098
3044,75,310,0.13356800377368927
3045,76,310,0.13974399864673615
3046,77,310,0.13555200397968292
3047,78,310,0.13017599284648895
3048,79,310,0.12972800433635712
3049,80,310,0.13705599308013916
3050,81,310,0.14927999675273895
3051,82,310,0.13264000415802002
3052,83,310,0.13779200613498688
3053,84,310,0.14051200449466705
3054,85,310,0.14486399292945862
3055,86,310,0.13251200318336487
3056,87,310,0.13471999764442444
3057,88,310,0.1329279989004135
3058,89,310,0.1289920061826706
3059,90,310,0.14399999380111694
3060,91,310,0.1518079936504364
3061,92,310,0.12831999361515045
3062,93,310,0.16064000129699707
3063,94,310,0.1297599971294403
3064,95,310,0.1281919926404953
3065,96,310,0.1342719942331314
3066,97,310,0.14310400187969208
3067,98,310,0.15110400319099426
3068,99,310,0.13148799538612366
3069,1,320,0.3199999928474426
3070,2,320,0.27113598585128784
3071,3,320,0.2845759987831116
3072,4,320,0.24191999435424805
3073,5,320,0.22233599424362183
3074,6,320,0.21849599480628967
3075,7,320,0.21299199759960175
3076,8,320,0.18297599256038666
3077,9,320,0.18406400084495544
3078,10,320,0.1746560037136078
3079,11,320,0.17856000363826752
3080,12,320,0.1720000058412552
3081,13,320,0.17289599776268005
3082,14,320,0.16047999262809753
3083,15,320,0.15939199924468994
3084,16,320,0.16256000101566315
3085,17,320,0.1531520038843155
3086,18,320,0.15571199357509613
3087,19,320,0.14883199334144592
3088,20,320,0.15564799308776855
3089,21,320,0.15833599865436554
3090,22,320,0.1570879966020584
3091,23,320,0.1656000018119812
3092,24,320,0.16252799332141876
3093,25,320,0.14633600413799286
3094,26,320,0.15875199437141418
3095,27,320,0.15222400426864624
3096,28,320,0.14668799936771393
3097,29,320,0.15033599734306335
3098,30,320,0.14496000111103058
3099,31,320,0.15769599378108978
3100,32,320,0.15689599514007568
3101,33,320,0.14684799313545227
3102,34,320,0.1547520011663437
3103,35,320,0.1364479959011078
3104,36,320,0.1390399932861328
3105,37,320,0.15196800231933594
3106,38,320,0.14575999975204468
3107,39,320,0.14291200041770935
3108,40,320,0.14985600113868713
3109,41,320,0.15004800260066986
3110,42,320,0.13942399621009827
3111,43,320,0.137472003698349
3112,44,320,0.15673600137233734
3113,45,320,0.14668799936771393
3114,46,320,0.14390400052070618
3115,47,320,0.15328000485897064
3116,48,320,0.1618880033493042
3117,49,320,0.14271999895572662
3118,50,320,0.14054399728775024
3119,51,320,0.14499199390411377
3120,52,320,0.15855999290943146
3121,53,320,0.1353600025177002
3122,54,320,0.13849599659442902
3123,55,320,0.15824000537395477
3124,56,320,0.150751993060112
3125,57,320,0.14550399780273438
3126,58,320,0.13603200018405914
3127,59,320,0.13593600690364838
3128,60,320,0.1430400013923645
3129,61,320,0.1276800036430359
3130,62,320,0.1326719969511032
3131,63,320,0.13648000359535217
3132,64,320,0.1329279989004135
3133,65,320,0.12703999876976013
3134,66,320,0.13859200477600098
3135,67,320,0.13779200613498688
3136,68,320,0.14927999675273895
3137,69,320,0.1364160031080246
3138,70,320,0.1369599997997284
3139,71,320,0.13046400249004364
3140,72,320,0.13868799805641174
3141,73,320,0.13279999792575836
3142,74,320,0.1284479945898056
3143,75,320,0.14086399972438812
3144,76,320,0.1456959992647171
3145,77,320,0.12457600235939026
3146,78,320,0.1401599943637848
3147,79,320,0.1355839967727661
3148,80,320,0.1491519957780838
3149,81,320,0.1456640064716339
3150,82,320,0.14748799800872803
3151,83,320,0.12614400684833527
3152,84,320,0.13952000439167023
3153,85,320,0.12591999769210815
3154,86,320,0.12905600666999817
3155,87,320,0.1361279934644699
3156,88,320,0.15568000078201294
3157,89,320,0.13078400492668152
3158,90,320,0.12940800189971924
3159,91,320,0.1257600039243698
3160,92,320,0.135903999209404
3161,93,320,0.14265599846839905
3162,94,320,0.12464000284671783
3163,95,320,0.12985600531101227
3164,96,320,0.1555519998073578
3165,97,320,0.13424000144004822
3166,98,320,0.1406400054693222
3167,99,320,0.1435520052909851
3168,1,330,0.3373120129108429
3169,2,330,0.2762880027294159
3170,3,330,0.2954559922218323
3171,4,330,0.24988800287246704
3172,5,330,0.24480000138282776
3173,6,330,0.21481600403785706
3174,7,330,0.1971839964389801
3175,8,330,0.18320000171661377
3176,9,330,0.18387199938297272
3177,10,330,0.18940800428390503
3178,11,330,0.17683200538158417
3179,12,330,0.17900800704956055
3180,13,330,0.16422399878501892
3181,14,330,0.1635199934244156
3182,15,330,0.17292800545692444
3183,16,330,0.16259199380874634
3184,17,330,0.15615999698638916
3185,18,330,0.16710400581359863
3186,19,330,0.16553600132465363
3187,20,330,0.1547199934720993
3188,21,330,0.14560000598430634
3189,22,330,0.14643199741840363
3190,23,330,0.14880000054836273
3191,24,330,0.15839999914169312
3192,25,330,0.15833599865436554
3193,26,330,0.1496639996767044
3194,27,330,0.14735999703407288
3195,28,330,0.1427839994430542
3196,29,330,0.14179199934005737
3197,30,330,0.14390400052070618
3198,31,330,0.14467200636863708
3199,32,330,0.1387840062379837
3200,33,330,0.1557759940624237
3201,34,330,0.14390400052070618
3202,35,330,0.13920000195503235
3203,36,330,0.14345599710941315
3204,37,330,0.15532800555229187
3205,38,330,0.1371839940547943
3206,39,330,0.14771200716495514
3207,40,330,0.13964800536632538
3208,41,330,0.17231999337673187
3209,42,330,0.1422400027513504
3210,43,330,0.15798400342464447
3211,44,330,0.1432960033416748
3212,45,330,0.15084800124168396
3213,46,330,0.133215993642807
3214,47,330,0.15507200360298157
3215,48,330,0.14723199605941772
3216,49,330,0.1422719955444336
3217,50,330,0.13526399433612823
3218,51,330,0.13686400651931763
3219,52,330,0.1393280029296875
3220,53,330,0.14188799262046814
3221,54,330,0.14591999351978302
3222,55,330,0.1417279988527298
3223,56,330,0.1475840061903
3224,57,330,0.13702400028705597
3225,58,330,0.13148799538612366
3226,59,330,0.1595200002193451
3227,60,330,0.13792000710964203
3228,61,330,0.14819200336933136
3229,62,330,0.13967999815940857
3230,63,330,0.1435839980840683
3231,64,330,0.1335040032863617
3232,65,330,0.13833600282669067
3233,66,330,0.13235199451446533
3234,67,330,0.14032000303268433
3235,68,330,0.13571199774742126
3236,69,330,0.14214399456977844
3237,70,330,0.1329919993877411
3238,71,330,0.12486399710178375
3239,72,330,0.13334399461746216
3240,73,330,0.15171200037002563
3241,74,330,0.15123200416564941
3242,75,330,0.1318719983100891
3243,76,330,0.12787200510501862
3244,77,330,0.1353919953107834
3245,78,330,0.15119999647140503
3246,79,330,0.13331200182437897
3247,80,330,0.139615997672081
3248,81,330,0.13606399297714233
3249,82,330,0.13519999384880066
3250,83,330,0.12428800016641617
3251,84,330,0.1292479932308197
3252,85,330,0.13680000603199005
3253,86,330,0.12943999469280243
3254,87,330,0.12995199859142303
3255,88,330,0.141184002161026
3256,89,330,0.13542400300502777
3257,90,330,0.14499199390411377
3258,91,330,0.1319040060043335
3259,92,330,0.13337600231170654
3260,93,330,0.1398400068283081
3261,94,330,0.13766400516033173
3262,95,330,0.12854400277137756
3263,96,330,0.13052800297737122
3264,97,330,0.12428800016641617
3265,98,330,0.13247999548912048
3266,99,330,0.15564799308776855
3267,1,340,0.3097600042819977
3268,2,340,0.29465600848197937
3269,3,340,0.2937600016593933
3270,4,340,0.24860799312591553
3271,5,340,0.2558720111846924
3272,6,340,0.22486400604248047
3273,7,340,0.2269120067358017
3274,8,340,0.19676800072193146
3275,9,340,0.1980160027742386
3276,10,340,0.1929280012845993
3277,11,340,0.17712000012397766
3278,12,340,0.17705599963665009
3279,13,340,0.17936000227928162
3280,14,340,0.15760000050067902
3281,15,340,0.16732800006866455
3282,16,340,0.16687999665737152
3283,17,340,0.16182400286197662
3284,18,340,0.1637440025806427
3285,19,340,0.15430399775505066
3286,20,340,0.1552640050649643
3287,21,340,0.1578879952430725
3288,22,340,0.15612800419330597
3289,23,340,0.14761599898338318
3290,24,340,0.1507200002670288
3291,25,340,0.14975999295711517
3292,26,340,0.15132799744606018
3293,27,340,0.15328000485897064
3294,28,340,0.1539520025253296
3295,29,340,0.14271999895572662
3296,30,340,0.15078400075435638
3297,31,340,0.14860799908638
3298,32,340,0.1526080071926117
3299,33,340,0.1462080031633377
3300,34,340,0.1616639941930771
3301,35,340,0.14451199769973755
3302,36,340,0.15353600680828094
3303,37,340,0.15353600680828094
3304,38,340,0.14313599467277527
3305,39,340,0.15705600380897522
3306,40,340,0.13891200721263885
3307,41,340,0.14979200065135956
3308,42,340,0.1385280042886734
3309,43,340,0.14070400595664978
3310,44,340,0.15334400534629822
3311,45,340,0.15654399991035461
3312,46,340,0.1417279988527298
3313,47,340,0.14230400323867798
3314,48,340,0.14652800559997559
3315,49,340,0.14431999623775482
3316,50,340,0.15052799880504608
3317,51,340,0.15996800363063812
3318,52,340,0.16220800578594208
3319,53,340,0.13126400113105774
3320,54,340,0.15107199549674988
3321,55,340,0.1475519984960556
3322,56,340,0.13993600010871887
3323,57,340,0.13814400136470795
3324,58,340,0.14300799369812012
3325,59,340,0.13843199610710144
3326,60,340,0.152319997549057
3327,61,340,0.15244799852371216
3328,62,340,0.14732800424098969
3329,63,340,0.1390399932861328
3330,64,340,0.1311040073633194
3331,65,340,0.1475200057029724
3332,66,340,0.13820800185203552
3333,67,340,0.15558399260044098
3334,68,340,0.13519999384880066
3335,69,340,0.13337600231170654
3336,70,340,0.1337279975414276
3337,71,340,0.1371839940547943
3338,72,340,0.12649600207805634
3339,73,340,0.13887999951839447
3340,74,340,0.12800000607967377
3341,75,340,0.12969599664211273
3342,76,340,0.14083200693130493
3343,77,340,0.1361600011587143
3344,78,340,0.17427200078964233
3345,79,340,0.12995199859142303
3346,80,340,0.13699199259281158
3347,81,340,0.13257600367069244
3348,82,340,0.13651199638843536
3349,83,340,0.13980799913406372
3350,84,340,0.13475200533866882
3351,85,340,0.14988799393177032
3352,86,340,0.1366720050573349
3353,87,340,0.1319359987974167
3354,88,340,0.1332480013370514
3355,89,340,0.15091200172901154
3356,90,340,0.14854399859905243
3357,91,340,0.13222399353981018
3358,92,340,0.14022399485111237
3359,93,340,0.12931199371814728
3360,94,340,0.12892800569534302
3361,95,340,0.1337279975414276
3362,96,340,0.13654400408267975
3363,97,340,0.14185599982738495
3364,98,340,0.12809599936008453
3365,99,340,0.12406399846076965
3366,1,350,0.3429119884967804
3367,2,350,0.2919679880142212
3368,3,350,0.2935360074043274
3369,4,350,0.2812800109386444
3370,5,350,0.2470719963312149
3371,6,350,0.20499199628829956
3372,7,350,0.22627200186252594
3373,8,350,0.2014079988002777
3374,9,350,0.18809600174427032
3375,10,350,0.19011199474334717
3376,11,350,0.18160000443458557
3377,12,350,0.18275199830532074
3378,13,350,0.17164799571037292
3379,14,350,0.1714559942483902
3380,15,350,0.17052799463272095
3381,16,350,0.18297599256038666
3382,17,350,0.16233600676059723
3383,18,350,0.15676799416542053
3384,19,350,0.1562879979610443
3385,20,350,0.1586879938840866
3386,21,350,0.1613440066576004
3387,22,350,0.16009600460529327
3388,23,350,0.1632000058889389
3389,24,350,0.16172799468040466
3390,25,350,0.1528960019350052
3391,26,350,0.14985600113868713
3392,27,350,0.14959999918937683
3393,28,350,0.1459839940071106
3394,29,350,0.14844800531864166
3395,30,350,0.14396800100803375
3396,31,350,0.1472640037536621
3397,32,350,0.14876799285411835
3398,33,350,0.1454080045223236
3399,34,350,0.15462400019168854
3400,35,350,0.15839999914169312
3401,36,350,0.14537599682807922
3402,37,350,0.13609600067138672
3403,38,350,0.13699199259281158
3404,39,350,0.14822399616241455
3405,40,350,0.1467839926481247
3406,41,350,0.14867199957370758
3407,42,350,0.14963200688362122
3408,43,350,0.1504639983177185
3409,44,350,0.13971200585365295
3410,45,350,0.1401280015707016
3411,46,350,0.14496000111103058
3412,47,350,0.1470080018043518
3413,48,350,0.1398719996213913
3414,49,350,0.14972800016403198
3415,50,350,0.13308799266815186
3416,51,350,0.1475840061903
3417,52,350,0.16911999881267548
3418,53,350,0.1507200002670288
3419,54,350,0.13478399813175201
3420,55,350,0.1390399932861328
3421,56,350,0.14812800288200378
3422,57,350,0.133215993642807
3423,58,350,0.14220799505710602
3424,59,350,0.14336000382900238
3425,60,350,0.13699199259281158
3426,61,350,0.13414399325847626
3427,62,350,0.14902399480342865
3428,63,350,0.13926400244235992
3429,64,350,0.1393599957227707
3430,65,350,0.1515520066022873
3431,66,350,0.1369280070066452
3432,67,350,0.13887999951839447
3433,68,350,0.12880000472068787
3434,69,350,0.13600000739097595
3435,70,350,0.1303360015153885
3436,71,350,0.1361600011587143
3437,72,350,0.13974399864673615
3438,73,350,0.15423999726772308
3439,74,350,0.12828800082206726
3440,75,350,0.1281599998474121
3441,76,350,0.1263359934091568
3442,77,350,0.14448000490665436
3443,78,350,0.143327996134758
3444,79,350,0.14348800480365753
3445,80,350,0.13868799805641174
3446,81,350,0.14399999380111694
3447,82,350,0.14127999544143677
3448,83,350,0.14467200636863708
3449,84,350,0.13734400272369385
3450,85,350,0.13385599851608276
3451,86,350,0.13631999492645264
3452,87,350,0.13631999492645264
3453,88,350,0.12278400361537933
3454,89,350,0.1504960060119629
3455,90,350,0.12822400033473969
3456,91,350,0.13407999277114868
3457,92,350,0.13398399949073792
3458,93,350,0.13087999820709229
3459,94,350,0.132192000746727
3460,95,350,0.13542400300502777
3461,96,350,0.13571199774742126
3462,97,350,0.13795199990272522
3463,98,350,0.14448000490665436
3464,99,350,0.12636800110340118
3465,1,360,0.35040000081062317
3466,2,360,0.3198080062866211
3467,3,360,0.2905600070953369
3468,4,360,0.2492160052061081
3469,5,360,0.23187200725078583
3470,6,360,0.2353920042514801
3471,7,360,0.2101760059595108
3472,8,360,0.20787200331687927
3473,9,360,0.1953279972076416
3474,10,360,0.18700799345970154
3475,11,360,0.177279993891716
3476,12,360,0.195360004901886
3477,13,360,0.17740799486637115
3478,14,360,0.17878399789333344
3479,15,360,0.1687680035829544
3480,16,360,0.19232000410556793
3481,17,360,0.16950400173664093
3482,18,360,0.1648319959640503
3483,19,360,0.1751679927110672
3484,20,360,0.15510399639606476
3485,21,360,0.15372799336910248
3486,22,360,0.15807999670505524
3487,23,360,0.16038399934768677
3488,24,360,0.14640000462532043
3489,25,360,0.16790400445461273
3490,26,360,0.1621440052986145
3491,27,360,0.16169600188732147
3492,28,360,0.16924799978733063
3493,29,360,0.14892800152301788
3494,30,360,0.15644800662994385
3495,31,360,0.1385599970817566
3496,32,360,0.1552640050649643
3497,33,360,0.15452800691127777
3498,34,360,0.15302400290966034
3499,35,360,0.14508800208568573
3500,36,360,0.158720001578331
3501,37,360,0.14480000734329224
3502,38,360,0.1576640009880066
3503,39,360,0.1408960074186325
3504,40,360,0.1552640050649643
3505,41,360,0.15139199793338776
3506,42,360,0.1446080058813095
3507,43,360,0.14934399724006653
3508,44,360,0.14153599739074707
3509,45,360,0.15334400534629822
3510,46,360,0.1441279947757721
3511,47,360,0.15279999375343323
3512,48,360,0.14073599874973297
3513,49,360,0.14399999380111694
3514,50,360,0.1560640037059784
3515,51,360,0.1406400054693222
3516,52,360,0.13728000223636627
3517,53,360,0.16128000617027283
3518,54,360,0.16041600704193115
3519,55,360,0.1409280002117157
3520,56,360,0.13942399621009827
3521,57,360,0.14112000167369843
3522,58,360,0.1472640037536621
3523,59,360,0.1432960033416748
3524,60,360,0.13545599579811096
3525,61,360,0.14534400403499603
3526,62,360,0.13766400516033173
3527,63,360,0.14499199390411377
3528,64,360,0.1412159949541092
3529,65,360,0.14396800100803375
3530,66,360,0.15388800203800201
3531,67,360,0.14399999380111694
3532,68,360,0.13305599987506866
3533,69,360,0.1371839940547943
3534,70,360,0.14313599467277527
3535,71,360,0.14265599846839905
3536,72,360,0.13091200590133667
3537,73,360,0.14281600713729858
3538,74,360,0.12940800189971924
3539,75,360,0.14099200069904327
3540,76,360,0.13225600123405457
3541,77,360,0.1385280042886734
3542,78,360,0.13788799941539764
3543,79,360,0.1401599943637848
3544,80,360,0.14025600254535675
3545,81,360,0.14256000518798828
3546,82,360,0.143327996134758
3547,83,360,0.13382400572299957
3548,84,360,0.13651199638843536
3549,85,360,0.13811199367046356
3550,86,360,0.14585599303245544
3551,87,360,0.13078400492668152
3552,88,360,0.13308799266815186
3553,89,360,0.1391039937734604
3554,90,360,0.14883199334144592
3555,91,360,0.12547199428081512
3556,92,360,0.1337919980287552
3557,93,360,0.13251200318336487
3558,94,360,0.12665599584579468
3559,95,360,0.14707200229167938
3560,96,360,0.14281600713729858
3561,97,360,0.13023999333381653
3562,98,360,0.13439999520778656
3563,99,360,0.15699200332164764
3564,1,370,0.3506239950656891
3565,2,370,0.29414400458335876
3566,3,370,0.2990399897098541
3567,4,370,0.2728320062160492
3568,5,370,0.23427200317382812
3569,6,370,0.22275200486183167
3570,7,370,0.21423999965190887
3571,8,370,0.20531199872493744
3572,9,370,0.1924159973859787
3573,10,370,0.18928000330924988
3574,11,370,0.178847998380661
3575,12,370,0.18483200669288635
3576,13,370,0.17615999281406403
3577,14,370,0.1732800006866455
3578,15,370,0.18704000115394592
3579,16,370,0.16767999529838562
3580,17,370,0.15756799280643463
3581,18,370,0.15622399747371674
3582,19,370,0.16070400178432465
3583,20,370,0.15376000106334686
3584,21,370,0.17660799622535706
3585,22,370,0.1493760049343109
3586,23,370,0.1727679967880249
3587,24,370,0.15334400534629822
3588,25,370,0.15216000378131866
3589,26,370,0.1616320013999939
3590,27,370,0.16624000668525696
3591,28,370,0.14265599846839905
3592,29,370,0.15990400314331055
3593,30,370,0.15308800339698792
3594,31,370,0.14825600385665894
3595,32,370,0.14819200336933136
3596,33,370,0.1598079949617386
3597,34,370,0.14448000490665436
3598,35,370,0.17452800273895264
3599,36,370,0.14207999408245087
3600,37,370,0.15836800634860992
3601,38,370,0.1417279988527298
3602,39,370,0.1406719982624054
3603,40,370,0.14998400211334229
3604,41,370,0.14655999839305878
3605,42,370,0.16742399334907532
3606,43,370,0.14470399916172028
3607,44,370,0.14636799693107605
3608,45,370,0.14774399995803833
3609,46,370,0.15270400047302246
3610,47,370,0.14390400052070618
3611,48,370,0.1390399932861328
3612,49,370,0.14425599575042725
3613,50,370,0.15027199685573578
3614,51,370,0.13814400136470795
3615,52,370,0.16099199652671814
3616,53,370,0.1340479999780655
3617,54,370,0.14931200444698334
3618,55,370,0.15148800611495972
3619,56,370,0.14297600090503693
3620,57,370,0.14425599575042725
3621,58,370,0.14127999544143677
3622,59,370,0.15241600573062897
3623,60,370,0.1438719928264618
3624,61,370,0.14220799505710602
3625,62,370,0.13631999492645264
3626,63,370,0.1395840048789978
3627,64,370,0.1478080004453659
3628,65,370,0.13894400000572205
3629,66,370,0.14508800208568573
3630,67,370,0.14060799777507782
3631,68,370,0.1350719928741455
3632,69,370,0.13689599931240082
3633,70,370,0.13177600502967834
3634,71,370,0.1544640064239502
3635,72,370,0.13260799646377563
3636,73,370,0.14361600577831268
3637,74,370,0.13097600638866425
3638,75,370,0.1510079950094223
3639,76,370,0.13769599795341492
3640,77,370,0.15455999970436096
3641,78,370,0.13526399433612823
3642,79,370,0.12483199685811996
3643,80,370,0.14608000218868256
3644,81,370,0.1456959992647171
3645,82,370,0.12796799838542938
3646,83,370,0.13596799969673157
3647,84,370,0.13555200397968292
3648,85,370,0.13516800105571747
3649,86,370,0.13155199587345123
3650,87,370,0.1345600038766861
3651,88,370,0.14268800616264343
3652,89,370,0.14348800480365753
3653,90,370,0.12758399546146393
3654,91,370,0.13052800297737122
3655,92,370,0.14998400211334229
3656,93,370,0.14428800344467163
3657,94,370,0.13702400028705597
3658,95,370,0.1295360028743744
3659,96,370,0.13760000467300415
3660,97,370,0.12992000579833984
3661,98,370,0.13519999384880066
3662,99,370,0.12361600250005722
3663,1,380,0.34508800506591797
3664,2,380,0.30979201197624207
3665,3,380,0.2959359884262085
3666,4,380,0.27238398790359497
3667,5,380,0.24329599738121033
3668,6,380,0.23161600530147552
3669,7,380,0.21695999801158905
3670,8,380,0.2115519940853119
3671,9,380,0.20179200172424316
3672,10,380,0.20019200444221497
3673,11,380,0.1842239946126938
3674,12,380,0.18806399405002594
3675,13,380,0.1889919936656952
3676,14,380,0.18003199994564056
3677,15,380,0.18803200125694275
3678,16,380,0.1693439930677414
3679,17,380,0.15881599485874176
3680,18,380,0.1719360053539276
3681,19,380,0.16332800686359406
3682,20,380,0.16489599645137787
3683,21,380,0.163455992937088
3684,22,380,0.17052799463272095
3685,23,380,0.16150400042533875
3686,24,380,0.15958400070667267
3687,25,380,0.16105599701404572
3688,26,380,0.15254400670528412
3689,27,380,0.1499200016260147
3690,28,380,0.15372799336910248
3691,29,380,0.14099200069904327
3692,30,380,0.16592000424861908
3693,31,380,0.17110399901866913
3694,32,380,0.1472959965467453
3695,33,380,0.1449279934167862
3696,34,380,0.14454400539398193
3697,35,380,0.169855996966362
3698,36,380,0.14511999487876892
3699,37,380,0.15110400319099426
3700,38,380,0.1570879966020584
3701,39,380,0.15859200060367584
3702,40,380,0.15014399588108063
3703,41,380,0.16262400150299072
3704,42,380,0.16524800658226013
3705,43,380,0.1449279934167862
3706,44,380,0.14454400539398193
3707,45,380,0.16969600319862366
3708,46,380,0.15254400670528412
3709,47,380,0.1432960033416748
3710,48,380,0.13769599795341492
3711,49,380,0.14716799557209015
3712,50,380,0.151296004652977
3713,51,380,0.14857600629329681
3714,52,380,0.14630399644374847
3715,53,380,0.13967999815940857
3716,54,380,0.1456959992647171
3717,55,380,0.13891200721263885
3718,56,380,0.1509760022163391
3719,57,380,0.16128000617027283
3720,58,380,0.13609600067138672
3721,59,380,0.1414400041103363
3722,60,380,0.13132800161838531
3723,61,380,0.1525759994983673
3724,62,380,0.14880000054836273
3725,63,380,0.16339200735092163
3726,64,380,0.14313599467277527
3727,65,380,0.15545600652694702
3728,66,380,0.12908799946308136
3729,67,380,0.14256000518798828
3730,68,380,0.1393599957227707
3731,69,380,0.1459839940071106
3732,70,380,0.16543999314308167
3733,71,380,0.14873600006103516
3734,72,380,0.13414399325847626
3735,73,380,0.1409599930047989
3736,74,380,0.13663999736309052
3737,75,380,0.14230400323867798
3738,76,380,0.13148799538612366
3739,77,380,0.13494400680065155
3740,78,380,0.14371199905872345
3741,79,380,0.1383039951324463
3742,80,380,0.141184002161026
3743,81,380,0.12992000579833984
3744,82,380,0.13155199587345123
3745,83,380,0.15535999834537506
3746,84,380,0.13225600123405457
3747,85,380,0.12931199371814728
3748,86,380,0.12544000148773193
3749,87,380,0.12399999797344208
3750,88,380,0.1408960074186325
3751,89,380,0.1517760008573532
3752,90,380,0.16313600540161133
3753,91,380,0.15011200308799744
3754,92,380,0.13120000064373016
3755,93,380,0.14300799369812012
3756,94,380,0.13446399569511414
3757,95,380,0.14793600142002106
3758,96,380,0.14681600034236908
3759,97,380,0.14134399592876434
3760,98,380,0.14521600306034088
3761,99,380,0.1390720009803772
3762,1,390,0.4100480079650879
3763,2,390,0.32524800300598145
3764,3,390,0.3173759877681732
3765,4,390,0.2845120131969452
3766,5,390,0.26361599564552307
3767,6,390,0.24076800048351288
3768,7,390,0.24368000030517578
3769,8,390,0.1982080042362213
3770,9,390,0.19673599302768707
3771,10,390,0.20127999782562256
3772,11,390,0.1879040002822876
3773,12,390,0.17852799594402313
3774,13,390,0.18931199610233307
3775,14,390,0.1815679967403412
3776,15,390,0.18675200641155243
3777,16,390,0.18243199586868286
3778,17,390,0.16121600568294525
3779,18,390,0.1658879965543747
3780,19,390,0.17587199807167053
3781,20,390,0.1658879965543747
3782,21,390,0.1780479997396469
3783,22,390,0.16044799983501434
3784,23,390,0.16361600160598755
3785,24,390,0.15158399939537048
3786,25,390,0.15302400290966034
3787,26,390,0.15561600029468536
3788,27,390,0.16995200514793396
3789,28,390,0.16176000237464905
3790,29,390,0.15385599434375763
3791,30,390,0.15503999590873718
3792,31,390,0.14857600629329681
3793,32,390,0.15987199544906616
3794,33,390,0.14982399344444275
3795,34,390,0.1542080044746399
3796,35,390,0.14575999975204468
3797,36,390,0.15663999319076538
3798,37,390,0.158720001578331
3799,38,390,0.14102399349212646
3800,39,390,0.1581439971923828
3801,40,390,0.1504639983177185
3802,41,390,0.1499519944190979
3803,42,390,0.16752000153064728
3804,43,390,0.1486400067806244
3805,44,390,0.13708800077438354
3806,45,390,0.16223999857902527
3807,46,390,0.14688000082969666
3808,47,390,0.15068799257278442
3809,48,390,0.1499200016260147
3810,49,390,0.17971199750900269
3811,50,390,0.1379839926958084
3812,51,390,0.1427839994430542
3813,52,390,0.1456640064716339
3814,53,390,0.15145599842071533
3815,54,390,0.14265599846839905
3816,55,390,0.17446400225162506
3817,56,390,0.14233599603176117
3818,57,390,0.15212799608707428
3819,58,390,0.15299199521541595
3820,59,390,0.1491519957780838
3821,60,390,0.14371199905872345
3822,61,390,0.14316800236701965
3823,62,390,0.14803199470043182
3824,63,390,0.14323200285434723
3825,64,390,0.14720000326633453
3826,65,390,0.13526399433612823
3827,66,390,0.14000000059604645
3828,67,390,0.15043200552463531
3829,68,390,0.13407999277114868
3830,69,390,0.155008003115654
3831,70,390,0.14528000354766846
3832,71,390,0.1494400054216385
3833,72,390,0.16652800142765045
3834,73,390,0.15385599434375763
3835,74,390,0.15030400454998016
3836,75,390,0.14659200608730316
3837,76,390,0.13433599472045898
3838,77,390,0.1350719928741455
3839,78,390,0.1383039951324463
3840,79,390,0.14310400187969208
3841,80,390,0.13043199479579926
3842,81,390,0.13279999792575836
3843,82,390,0.1446399986743927
3844,83,390,0.13123199343681335
3845,84,390,0.13318400084972382
3846,85,390,0.1422400027513504
3847,86,390,0.1319359987974167
3848,87,390,0.13145600259304047
3849,88,390,0.1273919939994812
3850,89,390,0.14294399321079254
3851,90,390,0.1390720009803772
3852,91,390,0.13766400516033173
3853,92,390,0.13043199479579926
3854,93,390,0.1351040005683899
3855,94,390,0.14688000082969666
3856,95,390,0.13369600474834442
3857,96,390,0.15987199544906616
3858,97,390,0.14028799533843994
3859,98,390,0.1276479959487915
3860,99,390,0.130048006772995
3861,1,400,0.3615359961986542
3862,2,400,0.3304319977760315
3863,3,400,0.31334400177001953
3864,4,400,0.2717120051383972
3865,5,400,0.2462719976902008
3866,6,400,0.23571200668811798
3867,7,400,0.22764800488948822
3868,8,400,0.22627200186252594
3869,9,400,0.19459199905395508
3870,10,400,0.19312000274658203
3871,11,400,0.18700799345970154
3872,12,400,0.19888000190258026
3873,13,400,0.17971199750900269
3874,14,400,0.18345600366592407
3875,15,400,0.17468799650669098
3876,16,400,0.15680000185966492
3877,17,400,0.15859200060367584
3878,18,400,0.16652800142765045
3879,19,400,0.1589439958333969
3880,20,400,0.16128000617027283
3881,21,400,0.1687999963760376
3882,22,400,0.16755199432373047
3883,23,400,0.1666560024023056
3884,24,400,0.16329599916934967
3885,25,400,0.15078400075435638
3886,26,400,0.1563519984483719
3887,27,400,0.15276800096035004
3888,28,400,0.1632319986820221
3889,29,400,0.16627199947834015
3890,30,400,0.1693120002746582
3891,31,400,0.1709119975566864
3892,32,400,0.14767999947071075
3893,33,400,0.14256000518798828
3894,34,400,0.15238399803638458
3895,35,400,0.14636799693107605
3896,36,400,0.1419840008020401
3897,37,400,0.15724800527095795
3898,38,400,0.14662399888038635
3899,39,400,0.14256000518798828
3900,40,400,0.1562879979610443
3901,41,400,0.14870400726795197
3902,42,400,0.14406399428844452
3903,43,400,0.160863995552063
3904,44,400,0.1589439958333969
3905,45,400,0.14662399888038635
3906,46,400,0.15001599490642548
3907,47,400,0.14844800531864166
3908,48,400,0.14908799529075623
3909,49,400,0.15119999647140503
3910,50,400,0.1475200057029724
3911,51,400,0.13651199638843536
3912,52,400,0.14336000382900238
3913,53,400,0.1671999990940094
3914,54,400,0.13843199610710144
3915,55,400,0.1701119989156723
3916,56,400,0.15433600544929504
3917,57,400,0.14511999487876892
3918,58,400,0.15503999590873718
3919,59,400,0.1420159935951233
3920,60,400,0.16073599457740784
3921,61,400,0.13654400408267975
3922,62,400,0.15004800260066986
3923,63,400,0.14000000059604645
3924,64,400,0.14112000167369843
3925,65,400,0.15718400478363037
3926,66,400,0.1332480013370514
3927,67,400,0.14416000247001648
3928,68,400,0.13228799402713776
3929,69,400,0.13820800185203552
3930,70,400,0.14473600685596466
3931,71,400,0.1510079950094223
3932,72,400,0.13728000223636627
3933,73,400,0.1562879979610443
3934,74,400,0.1573439985513687
3935,75,400,0.143327996134758
3936,76,400,0.14735999703407288
3937,77,400,0.12985600531101227
3938,78,400,0.14448000490665436
3939,79,400,0.15343999862670898
3940,80,400,0.13686400651931763
3941,81,400,0.14691199362277985
3942,82,400,0.12902399897575378
3943,83,400,0.14003199338912964
3944,84,400,0.1372160017490387
3945,85,400,0.14841599762439728
3946,86,400,0.1318719983100891
3947,87,400,0.13731199502944946
3948,88,400,0.14767999947071075
3949,89,400,0.13916799426078796
3950,90,400,0.14112000167369843
3951,91,400,0.1284479945898056
3952,92,400,0.133760005235672
3953,93,400,0.1369280070066452
3954,94,400,0.1271360069513321
3955,95,400,0.1462399959564209
3956,96,400,0.13622400164604187
3957,97,400,0.1515520066022873
3958,98,400,0.1419840008020401
3959,99,400,0.133215993642807
3960,1,410,0.3441280126571655
3961,2,410,0.31407999992370605
3962,3,410,0.3008959889411926
3963,4,410,0.2730880081653595
3964,5,410,0.2845120131969452
3965,6,410,0.25065600872039795
3966,7,410,0.22124800086021423
3967,8,410,0.21964800357818604
3968,9,410,0.20556800067424774
3969,10,410,0.1950719952583313
3970,11,410,0.18563200533390045
3971,12,410,0.18943999707698822
3972,13,410,0.1810240000486374
3973,14,410,0.17564800381660461
3974,15,410,0.17564800381660461
3975,16,410,0.17507199943065643
3976,17,410,0.17161600291728973
3977,18,410,0.16121600568294525
3978,19,410,0.17510400712490082
3979,20,410,0.16582399606704712
3980,21,410,0.16553600132465363
3981,22,410,0.15651200711727142
3982,23,410,0.17696000635623932
3983,24,410,0.1635199934244156
3984,25,410,0.1576640009880066
3985,26,410,0.16553600132465363
3986,27,410,0.16118399798870087
3987,28,410,0.1664319932460785
3988,29,410,0.14921599626541138
3989,30,410,0.15865600109100342
3990,31,410,0.15619200468063354
3991,32,410,0.1502079963684082
3992,33,410,0.14287999272346497
3993,34,410,0.15187199413776398
3994,35,410,0.1478399932384491
3995,36,410,0.15689599514007568
3996,37,410,0.14496000111103058
3997,38,410,0.18000000715255737
3998,39,410,0.15347200632095337
3999,40,410,0.1528960019350052
4000,41,410,0.16044799983501434
4001,42,410,0.1510079950094223
4002,43,410,0.1570879966020584
4003,44,410,0.15727999806404114
4004,45,410,0.16911999881267548
4005,46,410,0.15084800124168396
4006,47,410,0.1581760048866272
4007,48,410,0.15561600029468536
4008,49,410,0.1493760049343109
4009,50,410,0.14163200557231903
4010,51,410,0.14284799993038177
4011,52,410,0.14406399428844452
4012,53,410,0.133215993642807
4013,54,410,0.14079999923706055
4014,55,410,0.14319999516010284
4015,56,410,0.1619199961423874
4016,57,410,0.15065599977970123
4017,58,410,0.14844800531864166
4018,59,410,0.14608000218868256
4019,60,410,0.14399999380111694
4020,61,410,0.14591999351978302
4021,62,410,0.1358720064163208
4022,63,410,0.1371839940547943
4023,64,410,0.14601600170135498
4024,65,410,0.15228800475597382
4025,66,410,0.13836799561977386
4026,67,410,0.14419199526309967
4027,68,410,0.14451199769973755
4028,69,410,0.14998400211334229
4029,70,410,0.14742399752140045
4030,71,410,0.14732800424098969
4031,72,410,0.13952000439167023
4032,73,410,0.1515199989080429
4033,74,410,0.1372160017490387
4034,75,410,0.14233599603176117
4035,76,410,0.14035199582576752
4036,77,410,0.13788799941539764
4037,78,410,0.14422400295734406
4038,79,410,0.13513599336147308
4039,80,410,0.13443200290203094
4040,81,410,0.14480000734329224
4041,82,410,0.14294399321079254
4042,83,410,0.13356800377368927
4043,84,410,0.15087999403476715
4044,85,410,0.1380160003900528
4045,86,410,0.1518400013446808
4046,87,410,0.13862399756908417
4047,88,410,0.13631999492645264
4048,89,410,0.13916799426078796
4049,90,410,0.14070400595664978
4050,91,410,0.12467200309038162
4051,92,410,0.14633600413799286
4052,93,410,0.14214399456977844
4053,94,410,0.14396800100803375
4054,95,410,0.1420159935951233
4055,96,410,0.13222399353981018
4056,97,410,0.14300799369812012
4057,98,410,0.12937599420547485
4058,99,410,0.14316800236701965
4059,1,420,0.37510401010513306
4060,2,420,0.3428800106048584
4061,3,420,0.30963200330734253
4062,4,420,0.28940799832344055
4063,5,420,0.27539199590682983
4064,6,420,0.2519040107727051
4065,7,420,0.22806400060653687
4066,8,420,0.2128639966249466
4067,9,420,0.21190400421619415
4068,10,420,0.19356800615787506
4069,11,420,0.19648000597953796
4070,12,420,0.18467199802398682
4071,13,420,0.18281599879264832
4072,14,420,0.18476800620555878
4073,15,420,0.16540800034999847
4074,16,420,0.16729600727558136
4075,17,420,0.16784000396728516
4076,18,420,0.18185600638389587
4077,19,420,0.16284799575805664
4078,20,420,0.1634880006313324
4079,21,420,0.16598400473594666
4080,22,420,0.16169600188732147
4081,23,420,0.16016000509262085
4082,24,420,0.14947199821472168
4083,25,420,0.15171200037002563
4084,26,420,0.17286400496959686
4085,27,420,0.14739200472831726
4086,28,420,0.14790399372577667
4087,29,420,0.15481600165367126
4088,30,420,0.1685120016336441
4089,31,420,0.14688000082969666
4090,32,420,0.1581760048866272
4091,33,420,0.16457599401474
4092,34,420,0.1574079990386963
4093,35,420,0.1531199961900711
4094,36,420,0.15619200468063354
4095,37,420,0.15353600680828094
4096,38,420,0.1759680062532425
4097,39,420,0.15670399367809296
4098,40,420,0.14156800508499146
4099,41,420,0.14207999408245087
4100,42,420,0.15644800662994385
4101,43,420,0.15913599729537964
4102,44,420,0.16153599321842194
4103,45,420,0.14528000354766846
4104,46,420,0.14975999295711517
4105,47,420,0.14441600441932678
4106,48,420,0.14921599626541138
4107,49,420,0.14505599439144135
4108,50,420,0.14655999839305878
4109,51,420,0.141184002161026
4110,52,420,0.13504000008106232
4111,53,420,0.13980799913406372
4112,54,420,0.13680000603199005
4113,55,420,0.13654400408267975
4114,56,420,0.14521600306034088
4115,57,420,0.14268800616264343
4116,58,420,0.14636799693107605
4117,59,420,0.1706240028142929
4118,60,420,0.1371839940547943
4119,61,420,0.14099200069904327
4120,62,420,0.14323200285434723
4121,63,420,0.1605439931154251
4122,64,420,0.14988799393177032
4123,65,420,0.15212799608707428
4124,66,420,0.1377280056476593
4125,67,420,0.15379199385643005
4126,68,420,0.14204800128936768
4127,69,420,0.14246399700641632
4128,70,420,0.13574400544166565
4129,71,420,0.15027199685573578
4130,72,420,0.14022399485111237
4131,73,420,0.14652800559997559
4132,74,420,0.13699199259281158
4133,75,420,0.13868799805641174
4134,76,420,0.15939199924468994
4135,77,420,0.15494400262832642
4136,78,420,0.1456640064716339
4137,79,420,0.15331199765205383
4138,80,420,0.14316800236701965
4139,81,420,0.13206399977207184
4140,82,420,0.13177600502967834
4141,83,420,0.14297600090503693
4142,84,420,0.13212800025939941
4143,85,420,0.160863995552063
4144,86,420,0.14009599387645721
4145,87,420,0.1345600038766861
4146,88,420,0.13779200613498688
4147,89,420,0.1371839940547943
4148,90,420,0.1308159977197647
4149,91,420,0.14444799721240997
4150,92,420,0.13609600067138672
4151,93,420,0.13996799290180206
4152,94,420,0.13020800054073334
4153,95,420,0.13942399621009827
4154,96,420,0.13593600690364838
4155,97,420,0.13769599795341492
4156,98,420,0.13711999356746674
4157,99,420,0.13977600634098053
4158,1,430,0.3710399866104126
4159,2,430,0.3255999982357025
4160,3,430,0.3282560110092163
4161,4,430,0.2903040051460266
4162,5,430,0.26073598861694336
4163,6,430,0.24079999327659607
4164,7,430,0.21910400688648224
4165,8,430,0.22012799978256226
4166,9,430,0.2178560048341751
4167,10,430,0.21852800250053406
4168,11,430,0.18883199989795685
4169,12,430,0.1942719966173172
4170,13,430,0.17452800273895264
4171,14,430,0.1860799938440323
4172,15,430,0.17238399386405945
4173,16,430,0.16998399794101715
4174,17,430,0.16339200735092163
4175,18,430,0.16812799870967865
4176,19,430,0.1770240068435669
4177,20,430,0.1608320027589798
4178,21,430,0.16937600076198578
4179,22,430,0.18092800676822662
4180,23,430,0.15478399395942688
4181,24,430,0.16118399798870087
4182,25,430,0.18223999440670013
4183,26,430,0.16566400229930878
4184,27,430,0.16150400042533875
4185,28,430,0.14924800395965576
4186,29,430,0.15123200416564941
4187,30,430,0.17737600207328796
4188,31,430,0.1648000031709671
4189,32,430,0.14608000218868256
4190,33,430,0.160863995552063
4191,34,430,0.15308800339698792
4192,35,430,0.14870400726795197
4193,36,430,0.14627200365066528
4194,37,430,0.1544640064239502
4195,38,430,0.14102399349212646
4196,39,430,0.14790399372577667
4197,40,430,0.155008003115654
4198,41,430,0.15305599570274353
4199,42,430,0.15408000349998474
4200,43,430,0.15824000537395477
4201,44,430,0.1520639955997467
4202,45,430,0.14403200149536133
4203,46,430,0.14851200580596924
4204,47,430,0.14662399888038635
4205,48,430,0.1369280070066452
4206,49,430,0.1401599943637848
4207,50,430,0.14000000059604645
4208,51,430,0.15161600708961487
4209,52,430,0.15673600137233734
4210,53,430,0.14140799641609192
4211,54,430,0.14176000654697418
4212,55,430,0.14256000518798828
4213,56,430,0.14630399644374847
4214,57,430,0.14310400187969208
4215,58,430,0.1475519984960556
4216,59,430,0.14787200093269348
4217,60,430,0.14496000111103058
4218,61,430,0.15564799308776855
4219,62,430,0.13884800672531128
4220,63,430,0.14454400539398193
4221,64,430,0.14924800395965576
4222,65,430,0.14377599954605103
4223,66,430,0.13551999628543854
4224,67,430,0.15855999290943146
4225,68,430,0.13814400136470795
4226,69,430,0.13756799697875977
4227,70,430,0.14099200069904327
4228,71,430,0.13222399353981018
4229,72,430,0.16288000345230103
4230,73,430,0.13952000439167023
4231,74,430,0.13913600146770477
4232,75,430,0.14614400267601013
4233,76,430,0.13868799805641174
4234,77,430,0.15007999539375305
4235,78,430,0.13766400516033173
4236,79,430,0.13872000575065613
4237,80,430,0.1576640009880066
4238,81,430,0.13519999384880066
4239,82,430,0.13974399864673615
4240,83,430,0.1364160031080246
4241,84,430,0.14192000031471252
4242,85,430,0.13702400028705597
4243,86,430,0.1319359987974167
4244,87,430,0.13040000200271606
4245,88,430,0.1599999964237213
4246,89,430,0.15510399639606476
4247,90,430,0.1390720009803772
4248,91,430,0.12748800218105316
4249,92,430,0.1364479959011078
4250,93,430,0.14057600498199463
4251,94,430,0.13971200585365295
4252,95,430,0.1305599957704544
4253,96,430,0.1287039965391159
4254,97,430,0.13868799805641174
4255,98,430,0.13788799941539764
4256,99,430,0.13235199451446533
4257,1,440,0.37059199810028076
4258,2,440,0.3373120129108429
4259,3,440,0.33535999059677124
4260,4,440,0.30428799986839294
4261,5,440,0.28409600257873535
4262,6,440,0.24211199581623077
4263,7,440,0.24022400379180908
4264,8,440,0.21795199811458588
4265,9,440,0.22390399873256683
4266,10,440,0.20950399339199066
4267,11,440,0.19526399672031403
4268,12,440,0.19283199310302734
4269,13,440,0.18358400464057922
4270,14,440,0.1844480037689209
4271,15,440,0.1783359944820404
4272,16,440,0.17263999581336975
4273,17,440,0.17350399494171143
4274,18,440,0.1706240028142929
4275,19,440,0.16867199540138245
4276,20,440,0.17334400117397308
4277,21,440,0.160863995552063
4278,22,440,0.1658560037612915
4279,23,440,0.16495999693870544
4280,24,440,0.16518400609493256
4281,25,440,0.15667200088500977
4282,26,440,0.1483200043439865
4283,27,440,0.15769599378108978
4284,28,440,0.14300799369812012
4285,29,440,0.16038399934768677
4286,30,440,0.15408000349998474
4287,31,440,0.16598400473594666
4288,32,440,0.15945599973201752
4289,33,440,0.16864000260829926
4290,34,440,0.16208000481128693
4291,35,440,0.15964800119400024
4292,36,440,0.14716799557209015
4293,37,440,0.1499519944190979
4294,38,440,0.14531199634075165
4295,39,440,0.14511999487876892
4296,40,440,0.14579200744628906
4297,41,440,0.14422400295734406
4298,42,440,0.14908799529075623
4299,43,440,0.1518400013446808
4300,44,440,0.1610880047082901
4301,45,440,0.15590399503707886
4302,46,440,0.15107199549674988
4303,47,440,0.1372160017490387
4304,48,440,0.14601600170135498
4305,49,440,0.1558080017566681
4306,50,440,0.14508800208568573
4307,51,440,0.1462080031633377
4308,52,440,0.14867199957370758
4309,53,440,0.15136000514030457
4310,54,440,0.13763199746608734
4311,55,440,0.16489599645137787
4312,56,440,0.1494079977273941
4313,57,440,0.1478399932384491
4314,58,440,0.13894400000572205
4315,59,440,0.1483519971370697
4316,60,440,0.14617599546909332
4317,61,440,0.15228800475597382
4318,62,440,0.1443839967250824
4319,63,440,0.1404159963130951
4320,64,440,0.14713600277900696
4321,65,440,0.14591999351978302
4322,66,440,0.16515199840068817
4323,67,440,0.1544640064239502
4324,68,440,0.1395840048789978
4325,69,440,0.1420159935951233
4326,70,440,0.1417279988527298
4327,71,440,0.14319999516010284
4328,72,440,0.1475200057029724
4329,73,440,0.147039994597435
4330,74,440,0.15039999783039093
4331,75,440,0.1351040005683899
4332,76,440,0.13609600067138672
4333,77,440,0.14947199821472168
4334,78,440,0.14105600118637085
4335,79,440,0.1408960074186325
4336,80,440,0.1393599957227707
4337,81,440,0.1459839940071106
4338,82,440,0.13212800025939941
4339,83,440,0.14556799829006195
4340,84,440,0.14655999839305878
4341,85,440,0.13648000359535217
4342,86,440,0.13363200426101685
4343,87,440,0.1356160044670105
4344,88,440,0.13462400436401367
4345,89,440,0.14339199662208557
4346,90,440,0.13145600259304047
4347,91,440,0.1438719928264618
4348,92,440,0.14211200177669525
4349,93,440,0.1454080045223236
4350,94,440,0.12947200238704681
4351,95,440,0.13996799290180206
4352,96,440,0.13436800241470337
4353,97,440,0.1377280056476593
4354,98,440,0.12780800461769104
4355,99,440,0.14499199390411377
4356,1,450,0.38543999195098877
4357,2,450,0.3635520040988922
4358,3,450,0.337119996547699
4359,4,450,0.2849920094013214
4360,5,450,0.2661759853363037
4361,6,450,0.24403199553489685
4362,7,450,0.2425280064344406
4363,8,450,0.23894399404525757
4364,9,450,0.24447999894618988
4365,10,450,0.19443200528621674
4366,11,450,0.2016959935426712
4367,12,450,0.19379200041294098
4368,13,450,0.17795200645923615
4369,14,450,0.17683200538158417
4370,15,450,0.19017599523067474
4371,16,450,0.18438400328159332
4372,17,450,0.16918399930000305
4373,18,450,0.16752000153064728
4374,19,450,0.1727679967880249
4375,20,450,0.16543999314308167
4376,21,450,0.16047999262809753
4377,22,450,0.1690559983253479
4378,23,450,0.17209599912166595
4379,24,450,0.17708800733089447
4380,25,450,0.1635199934244156
4381,26,450,0.15756799280643463
4382,27,450,0.16198399662971497
4383,28,450,0.15148800611495972
4384,29,450,0.16543999314308167
4385,30,450,0.1430400013923645
4386,31,450,0.1483519971370697
4387,32,450,0.15625600516796112
4388,33,450,0.15334400534629822
4389,34,450,0.15782399475574493
4390,35,450,0.1475840061903
4391,36,450,0.1459520012140274
4392,37,450,0.15081599354743958
4393,38,450,0.16339200735092163
4394,39,450,0.1488640010356903
4395,40,450,0.15849600732326508
4396,41,450,0.15862399339675903
4397,42,450,0.1491519957780838
4398,43,450,0.15625600516796112
4399,44,450,0.1472959965467453
4400,45,450,0.159743994474411
4401,46,450,0.15747199952602386
4402,47,450,0.15187199413776398
4403,48,450,0.13836799561977386
4404,49,450,0.13779200613498688
4405,50,450,0.15222400426864624
4406,51,450,0.15382400155067444
4407,52,450,0.14496000111103058
4408,53,450,0.15750400722026825
4409,54,450,0.14860799908638
4410,55,450,0.14416000247001648
4411,56,450,0.1472959965467453
4412,57,450,0.14921599626541138
4413,58,450,0.13779200613498688
4414,59,450,0.13833600282669067
4415,60,450,0.14524799585342407
4416,61,450,0.15772800147533417
4417,62,450,0.1366720050573349
4418,63,450,0.1517760008573532
4419,64,450,0.14313599467277527
4420,65,450,0.13648000359535217
4421,66,450,0.14662399888038635
4422,67,450,0.16035200655460358
4423,68,450,0.14153599739074707
4424,69,450,0.1409599930047989
4425,70,450,0.13414399325847626
4426,71,450,0.14956800639629364
4427,72,450,0.14399999380111694
4428,73,450,0.1483200043439865
4429,74,450,0.14800000190734863
4430,75,450,0.1350719928741455
4431,76,450,0.15692800283432007
4432,77,450,0.13980799913406372
4433,78,450,0.14908799529075623
4434,79,450,0.14019200205802917
4435,80,450,0.14099200069904327
4436,81,450,0.14163200557231903
4437,82,450,0.14748799800872803
4438,83,450,0.14006400108337402
4439,84,450,0.13782399892807007
4440,85,450,0.13449600338935852
4441,86,450,0.14150400459766388
4442,87,450,0.13980799913406372
4443,88,450,0.13843199610710144
4444,89,450,0.1340479999780655
4445,90,450,0.13327999413013458
4446,91,450,0.13475200533866882
4447,92,450,0.14102399349212646
4448,93,450,0.13334399461746216
4449,94,450,0.14883199334144592
4450,95,450,0.13286399841308594
4451,96,450,0.14079999923706055
4452,97,450,0.14233599603176117
4453,98,450,0.13391999900341034
4454,99,450,0.15267199277877808
4455,1,460,0.3964160084724426
4456,2,460,0.3450559973716736
4457,3,460,0.36451199650764465
4458,4,460,0.3028480112552643
4459,5,460,0.30054399371147156
4460,6,460,0.24809600412845612
4461,7,460,0.24463999271392822
4462,8,460,0.23107199370861053
4463,9,460,0.207519993185997
4464,10,460,0.21007999777793884
4465,11,460,0.2747519910335541
4466,12,460,0.19145600497722626
4467,13,460,0.19097599387168884
4468,14,460,0.18969599902629852
4469,15,460,0.19312000274658203
4470,16,460,0.1870719939470291
4471,17,460,0.17270399630069733
4472,18,460,0.18915200233459473
4473,19,460,0.17129600048065186
4474,20,460,0.17638400197029114
4475,21,460,0.1720000058412552
4476,22,460,0.1674879938364029
4477,23,460,0.18566399812698364
4478,24,460,0.18991999328136444
4479,25,460,0.17523199319839478
4480,26,460,0.16828800737857819
4481,27,460,0.16723200678825378
4482,28,460,0.18025599420070648
4483,29,460,0.15744000673294067
4484,30,460,0.15270400047302246
4485,31,460,0.1562879979610443
4486,32,460,0.16201600432395935
4487,33,460,0.15136000514030457
4488,34,460,0.15955199301242828
4489,35,460,0.15404799580574036
4490,36,460,0.15219199657440186
4491,37,460,0.15491199493408203
4492,38,460,0.15936000645160675
4493,39,460,0.14873600006103516
4494,40,460,0.1520960032939911
4495,41,460,0.14975999295711517
4496,42,460,0.1563200056552887
4497,43,460,0.15455999970436096
4498,44,460,0.15110400319099426
4499,45,460,0.15004800260066986
4500,46,460,0.15887999534606934
4501,47,460,0.14319999516010284
4502,48,460,0.14822399616241455
4503,49,460,0.15744000673294067
4504,50,460,0.16499200463294983
4505,51,460,0.15187199413776398
4506,52,460,0.15747199952602386
4507,53,460,0.17187200486660004
4508,54,460,0.1608320027589798
4509,55,460,0.15503999590873718
4510,56,460,0.1539520025253296
4511,57,460,0.1719679981470108
4512,58,460,0.15139199793338776
4513,59,460,0.1409280002117157
4514,60,460,0.14473600685596466
4515,61,460,0.14153599739074707
4516,62,460,0.14124800264835358
4517,63,460,0.1427839994430542
4518,64,460,0.14918400347232819
4519,65,460,0.15612800419330597
4520,66,460,0.13174399733543396
4521,67,460,0.14822399616241455
4522,68,460,0.1576640009880066
4523,69,460,0.16016000509262085
4524,70,460,0.14627200365066528
4525,71,460,0.13369600474834442
4526,72,460,0.1390720009803772
4527,73,460,0.13699199259281158
4528,74,460,0.14815999567508698
4529,75,460,0.13792000710964203
4530,76,460,0.14953599870204926
4531,77,460,0.13568000495433807
4532,78,460,0.14259199798107147
4533,79,460,0.13600000739097595
4534,80,460,0.1353919953107834
4535,81,460,0.1329919993877411
4536,82,460,0.15014399588108063
4537,83,460,0.1454399973154068
4538,84,460,0.15331199765205383
4539,85,460,0.14441600441932678
4540,86,460,0.13420799374580383
4541,87,460,0.14732800424098969
4542,88,460,0.131071999669075
4543,89,460,0.13583999872207642
4544,90,460,0.1281599998474121
4545,91,460,0.15036800503730774
4546,92,460,0.13760000467300415
4547,93,460,0.14233599603176117
4548,94,460,0.13094399869441986
4549,95,460,0.14895999431610107
4550,96,460,0.13680000603199005
4551,97,460,0.1539199948310852
4552,98,460,0.1432960033416748
4553,99,460,0.1297920048236847
4554,1,470,0.3893440067768097
4555,2,470,0.35625600814819336
4556,3,470,0.34169599413871765
4557,4,470,0.3161279857158661
4558,5,470,0.28886398673057556
4559,6,470,0.27344000339508057
4560,7,470,0.2531839907169342
4561,8,470,0.22867199778556824
4562,9,470,0.22470399737358093
4563,10,470,0.21795199811458588
4564,11,470,0.20614400506019592
4565,12,470,0.19494399428367615
4566,13,470,0.19302399456501007
4567,14,470,0.1812800019979477
4568,15,470,0.1902720034122467
4569,16,470,0.19139200448989868
4570,17,470,0.1682240068912506
4571,18,470,0.1860799938440323
4572,19,470,0.17772799730300903
4573,20,470,0.17103999853134155
4574,21,470,0.16473600268363953
4575,22,470,0.16976000368595123
4576,23,470,0.1664000004529953
4577,24,470,0.16025599837303162
4578,25,470,0.1711679995059967
4579,26,470,0.16380800306797028
4580,27,470,0.15878400206565857
4581,28,470,0.16726399958133698
4582,29,470,0.1738560050725937
4583,30,470,0.16944000124931335
4584,31,470,0.16259199380874634
4585,32,470,0.1605760008096695
4586,33,470,0.15360000729560852
4587,34,470,0.1615999937057495
4588,35,470,0.1488959938287735
4589,36,470,0.16012799739837646
4590,37,470,0.15641599893569946
4591,38,470,0.1443520039319992
4592,39,470,0.14547200500965118
4593,40,470,0.1401599943637848
4594,41,470,0.1488959938287735
4595,42,470,0.1454080045223236
4596,43,470,0.16950400173664093
4597,44,470,0.1451839953660965
4598,45,470,0.17606399953365326
4599,46,470,0.16195200383663177
4600,47,470,0.1611199975013733
4601,48,470,0.14416000247001648
4602,49,470,0.14556799829006195
4603,50,470,0.1393280029296875
4604,51,470,0.15849600732326508
4605,52,470,0.16812799870967865
4606,53,470,0.1565759927034378
4607,54,470,0.160288006067276
4608,55,470,0.1395840048789978
4609,56,470,0.1573439985513687
4610,57,470,0.1486400067806244
4611,58,470,0.16143999993801117
4612,59,470,0.15087999403476715
4613,60,470,0.14761599898338318
4614,61,470,0.1475840061903
4615,62,470,0.1581760048866272
4616,63,470,0.13948799669742584
4617,64,470,0.1430719941854477
4618,65,470,0.14790399372577667
4619,66,470,0.152319997549057
4620,67,470,0.1520960032939911
4621,68,470,0.13660800457000732
4622,69,470,0.1603199988603592
4623,70,470,0.14406399428844452
4624,71,470,0.15427200496196747
4625,72,470,0.1414719969034195
4626,73,470,0.14655999839305878
4627,74,470,0.14591999351978302
4628,75,470,0.13939200341701508
4629,76,470,0.13952000439167023
4630,77,470,0.13568000495433807
4631,78,470,0.14627200365066528
4632,79,470,0.1531520038843155
4633,80,470,0.13289600610733032
4634,81,470,0.15964800119400024
4635,82,470,0.14511999487876892
4636,83,470,0.1395840048789978
4637,84,470,0.13155199587345123
4638,85,470,0.16204799711704254
4639,86,470,0.1507200002670288
4640,87,470,0.1563200056552887
4641,88,470,0.14207999408245087
4642,89,470,0.17449599504470825
4643,90,470,0.14611199498176575
4644,91,470,0.13279999792575836
4645,92,470,0.1419840008020401
4646,93,470,0.15001599490642548
4647,94,470,0.1356479972600937
4648,95,470,0.12851199507713318
4649,96,470,0.14454400539398193
4650,97,470,0.13548800349235535
4651,98,470,0.14585599303245544
4652,99,470,0.14457599818706512
4653,1,480,0.4140160083770752
4654,2,480,0.36396801471710205
4655,3,480,0.35017600655555725
4656,4,480,0.3007360100746155
4657,5,480,0.275519996881485
4658,6,480,0.25036799907684326
4659,7,480,0.23827199637889862
4660,8,480,0.2321919947862625
4661,9,480,0.2093760073184967
4662,10,480,0.2223999947309494
4663,11,480,0.20688000321388245
4664,12,480,0.19923199713230133
4665,13,480,0.18931199610233307
4666,14,480,0.18291200697422028
4667,15,480,0.1980160027742386
4668,16,480,0.18028800189495087
4669,17,480,0.20284800231456757
4670,18,480,0.1881600022315979
4671,19,480,0.16966399550437927
4672,20,480,0.16672000288963318
4673,21,480,0.16742399334907532
4674,22,480,0.17580799758434296
4675,23,480,0.1725119948387146
4676,24,480,0.20537599921226501
4677,25,480,0.14934399724006653
4678,26,480,0.17983999848365784
4679,27,480,0.1796800047159195
4680,28,480,0.1542080044746399
4681,29,480,0.14720000326633453
4682,30,480,0.17769600450992584
4683,31,480,0.15379199385643005
4684,32,480,0.1496639996767044
4685,33,480,0.15795199573040009
4686,34,480,0.1552640050649643
4687,35,480,0.16675199568271637
4688,36,480,0.16316799819469452
4689,37,480,0.15305599570274353
4690,38,480,0.15612800419330597
4691,39,480,0.16092799603939056
4692,40,480,0.15052799880504608
4693,41,480,0.16624000668525696
4694,42,480,0.147039994597435
4695,43,480,0.14873600006103516
4696,44,480,0.1584320068359375
4697,45,480,0.178847998380661
4698,46,480,0.141184002161026
4699,47,480,0.15248000621795654
4700,48,480,0.16035200655460358
4701,49,480,0.14860799908638
4702,50,480,0.14608000218868256
4703,51,480,0.1733119934797287
4704,52,480,0.14009599387645721
4705,53,480,0.16009600460529327
4706,54,480,0.14697599411010742
4707,55,480,0.15388800203800201
4708,56,480,0.1499200016260147
4709,57,480,0.14902399480342865
4710,58,480,0.1420159935951233
4711,59,480,0.15331199765205383
4712,60,480,0.14902399480342865
4713,61,480,0.1395840048789978
4714,62,480,0.15027199685573578
4715,63,480,0.14086399972438812
4716,64,480,0.14163200557231903
4717,65,480,0.1531520038843155
4718,66,480,0.16076800227165222
4719,67,480,0.14857600629329681
4720,68,480,0.1432960033416748
4721,69,480,0.14054399728775024
4722,70,480,0.1504639983177185
4723,71,480,0.15824000537395477
4724,72,480,0.1605760008096695
4725,73,480,0.15001599490642548
4726,74,480,0.13686400651931763
4727,75,480,0.1414400041103363
4728,76,480,0.14496000111103058
4729,77,480,0.1425279974937439
4730,78,480,0.16316799819469452
4731,79,480,0.1401599943637848
4732,80,480,0.13571199774742126
4733,81,480,0.14019200205802917
4734,82,480,0.1520639955997467
4735,83,480,0.1327359974384308
4736,84,480,0.14662399888038635
4737,85,480,0.13990400731563568
4738,86,480,0.13097600638866425
4739,87,480,0.1416960060596466
4740,88,480,0.15596799552440643
4741,89,480,0.1425279974937439
4742,90,480,0.14262400567531586
4743,91,480,0.13087999820709229
4744,92,480,0.1385280042886734
4745,93,480,0.13609600067138672
4746,94,480,0.14787200093269348
4747,95,480,0.14060799777507782
4748,96,480,0.13148799538612366
4749,97,480,0.14640000462532043
4750,98,480,0.14681600034236908
4751,99,480,0.1435520052909851
4752,1,490,0.439520001411438
4753,2,490,0.37964800000190735
4754,3,490,0.34406399726867676
4755,4,490,0.31276801228523254
4756,5,490,0.31510400772094727
4757,6,490,0.26982399821281433
4758,7,490,0.24835200607776642
4759,8,490,0.23606400191783905
4760,9,490,0.22486400604248047
4761,10,490,0.22153599560260773
4762,11,490,0.19804799556732178
4763,12,490,0.19993600249290466
4764,13,490,0.19145600497722626
4765,14,490,0.1761920005083084
4766,15,490,0.18454399704933167
4767,16,490,0.1719679981470108
4768,17,490,0.16950400173664093
4769,18,490,0.19363200664520264
4770,19,490,0.17375999689102173
4771,20,490,0.16704000532627106
4772,21,490,0.17590400576591492
4773,22,490,0.17395199835300446
4774,23,490,0.17903999984264374
4775,24,490,0.1566080003976822
4776,25,490,0.17084799706935883
4777,26,490,0.16223999857902527
4778,27,490,0.15993599593639374
4779,28,490,0.15436799824237823
4780,29,490,0.16249600052833557
4781,30,490,0.16470399498939514
4782,31,490,0.16592000424861908
4783,32,490,0.15145599842071533
4784,33,490,0.15667200088500977
4785,34,490,0.1502400040626526
4786,35,490,0.15571199357509613
4787,36,490,0.15932799875736237
4788,37,490,0.17254400253295898
4789,38,490,0.14662399888038635
4790,39,490,0.1642560064792633
4791,40,490,0.15356799960136414
4792,41,490,0.15440000593662262
4793,42,490,0.14982399344444275
4794,43,490,0.1454399973154068
4795,44,490,0.15414400398731232
4796,45,490,0.1520960032939911
4797,46,490,0.1422400027513504
4798,47,490,0.14166399836540222
4799,48,490,0.14972800016403198
4800,49,490,0.16009600460529327
4801,50,490,0.1598079949617386
4802,51,490,0.15065599977970123
4803,52,490,0.14505599439144135
4804,53,490,0.15238399803638458
4805,54,490,0.1467839926481247
4806,55,490,0.1541759967803955
4807,56,490,0.15647999942302704
4808,57,490,0.14351999759674072
4809,58,490,0.1493760049343109
4810,59,490,0.1424960047006607
4811,60,490,0.16303999722003937
4812,61,490,0.14601600170135498
4813,62,490,0.14451199769973755
4814,63,490,0.13760000467300415
4815,64,490,0.14166399836540222
4816,65,490,0.16128000617027283
4817,66,490,0.14009599387645721
4818,67,490,0.14857600629329681
4819,68,490,0.14710399508476257
4820,69,490,0.15212799608707428
4821,70,490,0.13737599551677704
4822,71,490,0.13523200154304504
4823,72,490,0.15558399260044098
4824,73,490,0.1472640037536621
4825,74,490,0.15756799280643463
4826,75,490,0.1382720023393631
4827,76,490,0.1457280069589615
4828,77,490,0.1406719982624054
4829,78,490,0.14697599411010742
4830,79,490,0.14707200229167938
4831,80,490,0.1430719941854477
4832,81,490,0.13865600526332855
4833,82,490,0.1552640050649643
4834,83,490,0.13929599523544312
4835,84,490,0.1432960033416748
4836,85,490,0.13763199746608734
4837,86,490,0.14310400187969208
4838,87,490,0.1451520025730133
4839,88,490,0.15039999783039093
4840,89,490,0.15068799257278442
4841,90,490,0.1470080018043518
4842,91,490,0.1457280069589615
4843,92,490,0.13439999520778656
4844,93,490,0.15775999426841736
4845,94,490,0.14371199905872345
4846,95,490,0.13548800349235535
4847,96,490,0.13369600474834442
4848,97,490,0.15388800203800201
4849,98,490,0.13257600367069244
4850,99,490,0.13235199451446533
