,l_xy,n_pts,time
0,1,10,0.004849910736083984
1,2,10,0.0028319358825683594
2,3,10,0.0018100738525390625
3,4,10,0.0016329288482666016
4,5,10,0.0014142990112304688
5,6,10,0.00140380859375
6,7,10,0.0012521743774414062
7,8,10,0.0010471343994140625
8,9,10,0.001001119613647461
9,10,10,0.0008590221405029297
10,11,10,0.0007538795471191406
11,12,10,0.0006880760192871094
12,13,10,0.0006759166717529297
13,14,10,0.0007441043853759766
14,15,10,0.0007321834564208984
15,16,10,0.0005519390106201172
16,17,10,0.0006248950958251953
17,18,10,0.0005681514739990234
18,19,10,0.0007319450378417969
19,20,10,0.0006847381591796875
20,21,10,0.0005190372467041016
21,22,10,0.0005068778991699219
22,23,10,0.0006239414215087891
23,24,10,0.0004410743713378906
24,25,10,0.0004799365997314453
25,26,10,0.0005419254302978516
26,27,10,0.00043082237243652344
27,28,10,0.0003800392150878906
28,29,10,0.00039505958557128906
29,30,10,0.0005011558532714844
30,31,10,0.0004673004150390625
31,32,10,0.0003879070281982422
32,33,10,0.0005891323089599609
33,34,10,0.00038695335388183594
34,35,10,0.0003879070281982422
35,36,10,0.00044274330139160156
36,37,10,0.0004069805145263672
37,38,10,0.00037407875061035156
38,39,10,0.0003731250762939453
39,40,10,0.00037097930908203125
40,41,10,0.0003731250762939453
41,42,10,0.000392913818359375
42,43,10,0.00041413307189941406
43,44,10,0.0003688335418701172
44,45,10,0.00037789344787597656
45,46,10,0.00037288665771484375
46,47,10,0.0003707408905029297
47,48,10,0.00033402442932128906
48,49,10,0.00033402442932128906
49,50,10,0.000331878662109375
50,51,10,0.0003337860107421875
51,52,10,0.0003330707550048828
52,53,10,0.00033402442932128906
53,54,10,0.00033402442932128906
54,55,10,0.0003368854522705078
55,56,10,0.0003452301025390625
56,57,10,0.00034308433532714844
57,58,10,0.0003437995910644531
58,59,10,0.00034499168395996094
59,60,10,0.0003440380096435547
60,61,10,0.0003337860107421875
61,62,10,0.000331878662109375
62,63,10,0.00033283233642578125
63,64,10,0.0004088878631591797
64,65,10,0.0004489421844482422
65,66,10,0.0003650188446044922
66,67,10,0.00035309791564941406
67,68,10,0.0003559589385986328
68,69,10,0.0003490447998046875
69,70,10,0.00034618377685546875
70,71,10,0.0003409385681152344
71,72,10,0.00034165382385253906
72,73,10,0.0003383159637451172
73,74,10,0.0003390312194824219
74,75,10,0.0003390312194824219
75,76,10,0.00033783912658691406
76,77,10,0.0003399848937988281
77,78,10,0.0003371238708496094
78,79,10,0.0003247261047363281
79,80,10,0.00032901763916015625
80,81,10,0.0003230571746826172
81,82,10,0.0003218650817871094
82,83,10,0.0003612041473388672
83,84,10,0.000331878662109375
84,85,10,0.0003139972686767578
85,86,10,0.00031375885009765625
86,87,10,0.0003142356872558594
87,88,10,0.0003001689910888672
88,89,10,0.0002989768981933594
89,90,10,0.00030112266540527344
90,91,10,0.00029397010803222656
91,92,10,0.0002932548522949219
92,93,10,0.00029397010803222656
93,94,10,0.0003478527069091797
94,95,10,0.0003139972686767578
95,96,10,0.0002760887145996094
96,97,10,0.0002779960632324219
97,98,10,0.0002779960632324219
98,99,10,0.00027680397033691406
99,1,20,0.010367870330810547
100,2,20,0.008142232894897461
101,3,20,0.007279872894287109
102,4,20,0.005995988845825195
103,5,20,0.005307912826538086
104,6,20,0.004802227020263672
105,7,20,0.003760099411010742
106,8,20,0.003593921661376953
107,9,20,0.0032110214233398438
108,10,20,0.0034418106079101562
109,11,20,0.0029418468475341797
110,12,20,0.0026597976684570312
111,13,20,0.0027408599853515625
112,14,20,0.0030357837677001953
113,15,20,0.002719879150390625
114,16,20,0.0026199817657470703
115,17,20,0.002225160598754883
116,18,20,0.002373218536376953
117,19,20,0.0022580623626708984
118,20,20,0.002177000045776367
119,21,20,0.0019719600677490234
120,22,20,0.0018968582153320312
121,23,20,0.0020170211791992188
122,24,20,0.0019078254699707031
123,25,20,0.0019109249114990234
124,26,20,0.0020210742950439453
125,27,20,0.0020911693572998047
126,28,20,0.001840829849243164
127,29,20,0.002146005630493164
128,30,20,0.0019199848175048828
129,31,20,0.0019071102142333984
130,32,20,0.001935720443725586
131,33,20,0.0018019676208496094
132,34,20,0.0016858577728271484
133,35,20,0.0017018318176269531
134,36,20,0.0016570091247558594
135,37,20,0.0015590190887451172
136,38,20,0.0015139579772949219
137,39,20,0.0016460418701171875
138,40,20,0.0016779899597167969
139,41,20,0.001712799072265625
140,42,20,0.0016901493072509766
141,43,20,0.0016248226165771484
142,44,20,0.0015118122100830078
143,45,20,0.00150299072265625
144,46,20,0.0014982223510742188
145,47,20,0.0015459060668945312
146,48,20,0.001531839370727539
147,49,20,0.0014810562133789062
148,50,20,0.0015497207641601562
149,51,20,0.001455068588256836
150,52,20,0.0014081001281738281
151,53,20,0.0014462471008300781
152,54,20,0.0013659000396728516
153,55,20,0.0014071464538574219
154,56,20,0.0014159679412841797
155,57,20,0.001367807388305664
156,58,20,0.0014531612396240234
157,59,20,0.0012280941009521484
158,60,20,0.0012311935424804688
159,61,20,0.0013051033020019531
160,62,20,0.0014903545379638672
161,63,20,0.0013709068298339844
162,64,20,0.0013031959533691406
163,65,20,0.0013430118560791016
164,66,20,0.0013189315795898438
165,67,20,0.001280069351196289
166,68,20,0.0012879371643066406
167,69,20,0.0012791156768798828
168,70,20,0.0013141632080078125
169,71,20,0.001276254653930664
170,72,20,0.0012731552124023438
171,73,20,0.001255035400390625
172,74,20,0.0012547969818115234
173,75,20,0.0012238025665283203
174,76,20,0.0012378692626953125
175,77,20,0.0013051033020019531
176,78,20,0.0012469291687011719
177,79,20,0.0013151168823242188
178,80,20,0.0012061595916748047
179,81,20,0.0012617111206054688
180,82,20,0.0011930465698242188
181,83,20,0.0012640953063964844
182,84,20,0.0012118816375732422
183,85,20,0.0012149810791015625
184,86,20,0.0012509822845458984
185,87,20,0.0011501312255859375
186,88,20,0.0011570453643798828
187,89,20,0.0012068748474121094
188,90,20,0.0012319087982177734
189,91,20,0.0011157989501953125
190,92,20,0.0011172294616699219
191,93,20,0.0011360645294189453
192,94,20,0.0010879039764404297
193,95,20,0.0011167526245117188
194,96,20,0.0010781288146972656
195,97,20,0.0010597705841064453
196,98,20,0.0012829303741455078
197,99,20,0.0010631084442138672
198,1,30,0.024060964584350586
199,2,30,0.019077062606811523
200,3,30,0.01581120491027832
201,4,30,0.013152599334716797
202,5,30,0.012349843978881836
203,6,30,0.010345935821533203
204,7,30,0.009068965911865234
205,8,30,0.00861811637878418
206,9,30,0.007934808731079102
207,10,30,0.0072650909423828125
208,11,30,0.007029056549072266
209,12,30,0.0060689449310302734
210,13,30,0.0059299468994140625
211,14,30,0.0059931278228759766
212,15,30,0.00580286979675293
213,16,30,0.005544185638427734
214,17,30,0.004976034164428711
215,18,30,0.0049228668212890625
216,19,30,0.004893779754638672
217,20,30,0.005197048187255859
218,21,30,0.005099058151245117
219,22,30,0.004913806915283203
220,23,30,0.004302978515625
221,24,30,0.004415988922119141
222,25,30,0.004185199737548828
223,26,30,0.003983020782470703
224,27,30,0.004070758819580078
225,28,30,0.0040438175201416016
226,29,30,0.004038810729980469
227,30,30,0.003941059112548828
228,31,30,0.003901243209838867
229,32,30,0.003898143768310547
230,33,30,0.0038831233978271484
231,34,30,0.0036029815673828125
232,35,30,0.0037178993225097656
233,36,30,0.0037462711334228516
234,37,30,0.003607034683227539
235,38,30,0.0035409927368164062
236,39,30,0.003777027130126953
237,40,30,0.0037691593170166016
238,41,30,0.003823995590209961
239,42,30,0.0037441253662109375
240,43,30,0.0037720203399658203
241,44,30,0.003596067428588867
242,45,30,0.003760814666748047
243,46,30,0.0035011768341064453
244,47,30,0.0035028457641601562
245,48,30,0.0036432743072509766
246,49,30,0.0034520626068115234
247,50,30,0.003475189208984375
248,51,30,0.003261089324951172
249,52,30,0.003422260284423828
250,53,30,0.0034759044647216797
251,54,30,0.0031249523162841797
252,55,30,0.0032949447631835938
253,56,30,0.0032498836517333984
254,57,30,0.0031909942626953125
255,58,30,0.0031337738037109375
256,59,30,0.0033609867095947266
257,60,30,0.003206014633178711
258,61,30,0.0034170150756835938
259,62,30,0.0032892227172851562
260,63,30,0.0032477378845214844
261,64,30,0.00308990478515625
262,65,30,0.003114938735961914
263,66,30,0.0031249523162841797
264,67,30,0.0030298233032226562
265,68,30,0.0029790401458740234
266,69,30,0.0029990673065185547
267,70,30,0.003002166748046875
268,71,30,0.003032684326171875
269,72,30,0.003050088882446289
270,73,30,0.0030291080474853516
271,74,30,0.0030710697174072266
272,75,30,0.002912759780883789
273,76,30,0.003103017807006836
274,77,30,0.0028836727142333984
275,78,30,0.0027980804443359375
276,79,30,0.0028450489044189453
277,80,30,0.002834796905517578
278,81,30,0.0027756690979003906
279,82,30,0.0027930736541748047
280,83,30,0.0027861595153808594
281,84,30,0.002622842788696289
282,85,30,0.0027420520782470703
283,86,30,0.0028009414672851562
284,87,30,0.0026001930236816406
285,88,30,0.0026290416717529297
286,89,30,0.002734661102294922
287,90,30,0.0024971961975097656
288,91,30,0.002402067184448242
289,92,30,0.002386808395385742
290,93,30,0.0028269290924072266
291,94,30,0.0025289058685302734
292,95,30,0.0025177001953125
293,96,30,0.002583026885986328
294,97,30,0.0025048255920410156
295,98,30,0.0023508071899414062
296,99,30,0.0024309158325195312
297,1,40,0.04346799850463867
298,2,40,0.034024953842163086
299,3,40,0.028532981872558594
300,4,40,0.023148059844970703
301,5,40,0.02066183090209961
302,6,40,0.01815032958984375
303,7,40,0.015677213668823242
304,8,40,0.01587700843811035
305,9,40,0.014194250106811523
306,10,40,0.012877225875854492
307,11,40,0.01214289665222168
308,12,40,0.011343240737915039
309,13,40,0.010639190673828125
310,14,40,0.010407209396362305
311,15,40,0.009555339813232422
312,16,40,0.009152889251708984
313,17,40,0.00952911376953125
314,18,40,0.00913691520690918
315,19,40,0.009057760238647461
316,20,40,0.008337020874023438
317,21,40,0.008414983749389648
318,22,40,0.008318901062011719
319,23,40,0.007646083831787109
320,24,40,0.008003950119018555
321,25,40,0.0076847076416015625
322,26,40,0.00764918327331543
323,27,40,0.007586956024169922
324,28,40,0.007879972457885742
325,29,40,0.007680177688598633
326,30,40,0.007061958312988281
327,31,40,0.006908893585205078
328,32,40,0.006877899169921875
329,33,40,0.007050991058349609
330,34,40,0.007046937942504883
331,35,40,0.006604194641113281
332,36,40,0.006443023681640625
333,37,40,0.006369113922119141
334,38,40,0.0063397884368896484
335,39,40,0.006374835968017578
336,40,40,0.0063169002532958984
337,41,40,0.0062410831451416016
338,42,40,0.00621795654296875
339,43,40,0.005960226058959961
340,44,40,0.006159067153930664
341,45,40,0.00598907470703125
342,46,40,0.00583195686340332
343,47,40,0.006094217300415039
344,48,40,0.005953073501586914
345,49,40,0.005781888961791992
346,50,40,0.0059969425201416016
347,51,40,0.005825042724609375
348,52,40,0.006000041961669922
349,53,40,0.005945920944213867
350,54,40,0.006150960922241211
351,55,40,0.005981922149658203
352,56,40,0.006016731262207031
353,57,40,0.0063343048095703125
354,58,40,0.0064928531646728516
355,59,40,0.0059278011322021484
356,60,40,0.006975889205932617
357,61,40,0.006345987319946289
358,62,40,0.0059909820556640625
359,63,40,0.006012916564941406
360,64,40,0.006066083908081055
361,65,40,0.005706071853637695
362,66,40,0.005805015563964844
363,67,40,0.00574493408203125
364,68,40,0.005692005157470703
365,69,40,0.005432844161987305
366,70,40,0.0054090023040771484
367,71,40,0.0057299137115478516
368,72,40,0.005415916442871094
369,73,40,0.005270957946777344
370,74,40,0.005254030227661133
371,75,40,0.005196094512939453
372,76,40,0.0051381587982177734
373,77,40,0.005215883255004883
374,78,40,0.005113840103149414
375,79,40,0.005201816558837891
376,80,40,0.005450010299682617
377,81,40,0.0052947998046875
378,82,40,0.0054090023040771484
379,83,40,0.005340099334716797
380,84,40,0.0052890777587890625
381,85,40,0.005013942718505859
382,86,40,0.0050427913665771484
383,87,40,0.005056142807006836
384,88,40,0.004893779754638672
385,89,40,0.004816770553588867
386,90,40,0.004838228225708008
387,91,40,0.004770040512084961
388,92,40,0.004675865173339844
389,93,40,0.004744052886962891
390,94,40,0.00462794303894043
391,95,40,0.004670143127441406
392,96,40,0.004534006118774414
393,97,40,0.004672050476074219
394,98,40,0.00471806526184082
395,99,40,0.004441738128662109
396,1,50,0.06868910789489746
397,2,50,0.052731990814208984
398,3,50,0.04512786865234375
399,4,50,0.03615617752075195
400,5,50,0.03346395492553711
401,6,50,0.029504060745239258
402,7,50,0.025946855545043945
403,8,50,0.023451805114746094
404,9,50,0.021036148071289062
405,10,50,0.02024698257446289
406,11,50,0.020101308822631836
407,12,50,0.018081188201904297
408,13,50,0.016865015029907227
409,14,50,0.015184879302978516
410,15,50,0.01628279685974121
411,16,50,0.015413999557495117
412,17,50,0.014688968658447266
413,18,50,0.014058828353881836
414,19,50,0.012970924377441406
415,20,50,0.012813091278076172
416,21,50,0.01331782341003418
417,22,50,0.012339115142822266
418,23,50,0.012562036514282227
419,24,50,0.01228785514831543
420,25,50,0.012101173400878906
421,26,50,0.011687278747558594
422,27,50,0.011902093887329102
423,28,50,0.011305809020996094
424,29,50,0.010952949523925781
425,30,50,0.011297225952148438
426,31,50,0.010553121566772461
427,32,50,0.010699987411499023
428,33,50,0.011898994445800781
429,34,50,0.01111292839050293
430,35,50,0.010987043380737305
431,36,50,0.010985851287841797
432,37,50,0.010599851608276367
433,38,50,0.01024174690246582
434,39,50,0.010056018829345703
435,40,50,0.00995492935180664
436,41,50,0.010170936584472656
437,42,50,0.009801864624023438
438,43,50,0.009654998779296875
439,44,50,0.010026931762695312
440,45,50,0.009721040725708008
441,46,50,0.010026931762695312
442,47,50,0.00990915298461914
443,48,50,0.009573221206665039
444,49,50,0.009377002716064453
445,50,50,0.009502887725830078
446,51,50,0.009053945541381836
447,52,50,0.009510040283203125
448,53,50,0.009151935577392578
449,54,50,0.009131908416748047
450,55,50,0.009202241897583008
451,56,50,0.008755922317504883
452,57,50,0.00886082649230957
453,58,50,0.008704900741577148
454,59,50,0.009021997451782227
455,60,50,0.008965253829956055
456,61,50,0.009047269821166992
457,62,50,0.008680105209350586
458,63,50,0.008779048919677734
459,64,50,0.008651971817016602
460,65,50,0.008707761764526367
461,66,50,0.008498907089233398
462,67,50,0.00872802734375
463,68,50,0.008909940719604492
464,69,50,0.00870203971862793
465,70,50,0.008358240127563477
466,71,50,0.008965015411376953
467,72,50,0.008850812911987305
468,73,50,0.009164094924926758
469,74,50,0.008743047714233398
470,75,50,0.008536100387573242
471,76,50,0.008764266967773438
472,77,50,0.009755849838256836
473,78,50,0.008406877517700195
474,79,50,0.008418083190917969
475,80,50,0.008445024490356445
476,81,50,0.00842905044555664
477,82,50,0.008244991302490234
478,83,50,0.00813913345336914
479,84,50,0.008294105529785156
480,85,50,0.008007049560546875
481,86,50,0.007951974868774414
482,87,50,0.007673978805541992
483,88,50,0.007689952850341797
484,89,50,0.0077283382415771484
485,90,50,0.007616996765136719
486,91,50,0.007736921310424805
487,92,50,0.0073490142822265625
488,93,50,0.007272958755493164
489,94,50,0.0073320865631103516
490,95,50,0.007164955139160156
491,96,50,0.007140159606933594
492,97,50,0.007103919982910156
493,98,50,0.007007122039794922
494,99,50,0.007266998291015625
495,1,60,0.0963740348815918
496,2,60,0.07630610466003418
497,3,60,0.06412005424499512
498,4,60,0.05396318435668945
499,5,60,0.04754495620727539
500,6,60,0.04145002365112305
501,7,60,0.0356898307800293
502,8,60,0.033416032791137695
503,9,60,0.03043985366821289
504,10,60,0.028011083602905273
505,11,60,0.027695178985595703
506,12,60,0.025905370712280273
507,13,60,0.024226903915405273
508,14,60,0.023699045181274414
509,15,60,0.022524118423461914
510,16,60,0.022047996520996094
511,17,60,0.02117180824279785
512,18,60,0.020756006240844727
513,19,60,0.019407033920288086
514,20,60,0.019433975219726562
515,21,60,0.018790006637573242
516,22,60,0.0180051326751709
517,23,60,0.01678776741027832
518,24,60,0.01776599884033203
519,25,60,0.01707172393798828
520,26,60,0.01723480224609375
521,27,60,0.016352176666259766
522,28,60,0.016530752182006836
523,29,60,0.016345739364624023
524,30,60,0.016009092330932617
525,31,60,0.01671886444091797
526,32,60,0.01590895652770996
527,33,60,0.015758991241455078
528,34,60,0.015204191207885742
529,35,60,0.015258312225341797
530,36,60,0.01526784896850586
531,37,60,0.014622926712036133
532,38,60,0.014929056167602539
533,39,60,0.014496088027954102
534,40,60,0.01491999626159668
535,41,60,0.014770984649658203
536,42,60,0.015092134475708008
537,43,60,0.01452493667602539
538,44,60,0.014699935913085938
539,45,60,0.014742136001586914
540,46,60,0.014352083206176758
541,47,60,0.013782978057861328
542,48,60,0.013715028762817383
543,49,60,0.013970136642456055
544,50,60,0.013563871383666992
545,51,60,0.013326883316040039
546,52,60,0.013236284255981445
547,53,60,0.012873172760009766
548,54,60,0.012978792190551758
549,55,60,0.012990951538085938
550,56,60,0.01321101188659668
551,57,60,0.013151168823242188
552,58,60,0.013071060180664062
553,59,60,0.01323390007019043
554,60,60,0.013111114501953125
555,61,60,0.012737035751342773
556,62,60,0.012578010559082031
557,63,60,0.012774229049682617
558,64,60,0.012635946273803711
559,65,60,0.012427091598510742
560,66,60,0.012525081634521484
561,67,60,0.012411832809448242
562,68,60,0.012086153030395508
563,69,60,0.012025833129882812
564,70,60,0.01312708854675293
565,71,60,0.012378931045532227
566,72,60,0.012417078018188477
567,73,60,0.011881113052368164
568,74,60,0.011999845504760742
569,75,60,0.01233983039855957
570,76,60,0.01230001449584961
571,77,60,0.012292861938476562
572,78,60,0.012376070022583008
573,79,60,0.012545108795166016
574,80,60,0.012428760528564453
575,81,60,0.012257099151611328
576,82,60,0.012410163879394531
577,83,60,0.012017965316772461
578,84,60,0.01200413703918457
579,85,60,0.011404991149902344
580,86,60,0.011636018753051758
581,87,60,0.011551856994628906
582,88,60,0.0116119384765625
583,89,60,0.011633157730102539
584,90,60,0.01133584976196289
585,91,60,0.011143922805786133
586,92,60,0.011706113815307617
587,93,60,0.010704994201660156
588,94,60,0.010831832885742188
589,95,60,0.010759115219116211
590,96,60,0.010821819305419922
591,97,60,0.010632991790771484
592,98,60,0.01034402847290039
593,99,60,0.010490179061889648
594,1,70,0.13254690170288086
595,2,70,0.10300898551940918
596,3,70,0.0877540111541748
597,4,70,0.07143092155456543
598,5,70,0.06580805778503418
599,6,70,0.05660104751586914
600,7,70,0.05171680450439453
601,8,70,0.045626163482666016
602,9,70,0.04102921485900879
603,10,70,0.038980960845947266
604,11,70,0.03817105293273926
605,12,70,0.036257028579711914
606,13,70,0.034123897552490234
607,14,70,0.03321504592895508
608,15,70,0.03144693374633789
609,16,70,0.030791044235229492
610,17,70,0.030657052993774414
611,18,70,0.028473854064941406
612,19,70,0.028363943099975586
613,20,70,0.02721261978149414
614,21,70,0.027351856231689453
615,22,70,0.025372982025146484
616,23,70,0.02539682388305664
617,24,70,0.024984121322631836
618,25,70,0.02456068992614746
619,26,70,0.023317813873291016
620,27,70,0.022222042083740234
621,28,70,0.022576093673706055
622,29,70,0.02262401580810547
623,30,70,0.022474050521850586
624,31,70,0.022138118743896484
625,32,70,0.021785736083984375
626,33,70,0.02198624610900879
627,34,70,0.021498918533325195
628,35,70,0.020968914031982422
629,36,70,0.022028207778930664
630,37,70,0.020051002502441406
631,38,70,0.020596027374267578
632,39,70,0.020264863967895508
633,40,70,0.019869327545166016
634,41,70,0.019535064697265625
635,42,70,0.0195772647857666
636,43,70,0.019450902938842773
637,44,70,0.018848180770874023
638,45,70,0.019120216369628906
639,46,70,0.019464969635009766
640,47,70,0.020446062088012695
641,48,70,0.01977992057800293
642,49,70,0.019634008407592773
643,50,70,0.019506216049194336
644,51,70,0.020146846771240234
645,52,70,0.01928091049194336
646,53,70,0.018579959869384766
647,54,70,0.018790006637573242
648,55,70,0.019583940505981445
649,56,70,0.018378019332885742
650,57,70,0.01831817626953125
651,58,70,0.018280029296875
652,59,70,0.01818394660949707
653,60,70,0.017858028411865234
654,61,70,0.017945051193237305
655,62,70,0.017428874969482422
656,63,70,0.017382144927978516
657,64,70,0.01739978790283203
658,65,70,0.01797032356262207
659,66,70,0.017139911651611328
660,67,70,0.017134904861450195
661,68,70,0.01711416244506836
662,69,70,0.017059803009033203
663,70,70,0.016937971115112305
664,71,70,0.017174959182739258
665,72,70,0.01655721664428711
666,73,70,0.01692676544189453
667,74,70,0.016756057739257812
668,75,70,0.016398191452026367
669,76,70,0.016508817672729492
670,77,70,0.016283273696899414
671,78,70,0.0162661075592041
672,79,70,0.016229867935180664
673,80,70,0.01677703857421875
674,81,70,0.01698470115661621
675,82,70,0.016180992126464844
676,83,70,0.016318082809448242
677,84,70,0.01578998565673828
678,85,70,0.015919923782348633
679,86,70,0.015431880950927734
680,87,70,0.015472888946533203
681,88,70,0.015383005142211914
682,89,70,0.015320301055908203
683,90,70,0.015297889709472656
684,91,70,0.015310049057006836
685,92,70,0.014992237091064453
686,93,70,0.014837265014648438
687,94,70,0.015002012252807617
688,95,70,0.015070915222167969
689,96,70,0.014640092849731445
690,97,70,0.014337778091430664
691,98,70,0.014271974563598633
692,99,70,0.01441812515258789
693,1,80,0.17429494857788086
694,2,80,0.13682317733764648
695,3,80,0.115875244140625
696,4,80,0.09537529945373535
697,5,80,0.0858910083770752
698,6,80,0.07491874694824219
699,7,80,0.06590509414672852
700,8,80,0.06199002265930176
701,9,80,0.05554485321044922
702,10,80,0.052098751068115234
703,11,80,0.04840898513793945
704,12,80,0.04668998718261719
705,13,80,0.04494619369506836
706,14,80,0.04085898399353027
707,15,80,0.04049086570739746
708,16,80,0.039649248123168945
709,17,80,0.03824424743652344
710,18,80,0.03796696662902832
711,19,80,0.036000728607177734
712,20,80,0.03471994400024414
713,21,80,0.033850669860839844
714,22,80,0.032730817794799805
715,23,80,0.03252720832824707
716,24,80,0.032839059829711914
717,25,80,0.0318150520324707
718,26,80,0.030500173568725586
719,27,80,0.030826091766357422
720,28,80,0.02969980239868164
721,29,80,0.02892279624938965
722,30,80,0.02848219871520996
723,31,80,0.026541948318481445
724,32,80,0.02763199806213379
725,33,80,0.027302026748657227
726,34,80,0.02749800682067871
727,35,80,0.027182817459106445
728,36,80,0.026990890502929688
729,37,80,0.02698493003845215
730,38,80,0.02686905860900879
731,39,80,0.02735590934753418
732,40,80,0.026221752166748047
733,41,80,0.025864124298095703
734,42,80,0.025477886199951172
735,43,80,0.025141000747680664
736,44,80,0.025086164474487305
737,45,80,0.024871826171875
738,46,80,0.02472090721130371
739,47,80,0.02444911003112793
740,48,80,0.025535106658935547
741,49,80,0.024376869201660156
742,50,80,0.024457931518554688
743,51,80,0.023931026458740234
744,52,80,0.023968935012817383
745,53,80,0.024352073669433594
746,54,80,0.02466726303100586
747,55,80,0.025359153747558594
748,56,80,0.025393247604370117
749,57,80,0.02425408363342285
750,58,80,0.024570941925048828
751,59,80,0.023988008499145508
752,60,80,0.023550033569335938
753,61,80,0.02324199676513672
754,62,80,0.023546934127807617
755,63,80,0.023130178451538086
756,64,80,0.02289295196533203
757,65,80,0.022957801818847656
758,66,80,0.023252010345458984
759,67,80,0.02237391471862793
760,68,80,0.02253890037536621
761,69,80,0.022855281829833984
762,70,80,0.022832155227661133
763,71,80,0.02162909507751465
764,72,80,0.022134065628051758
765,73,80,0.021502971649169922
766,74,80,0.021718978881835938
767,75,80,0.021626949310302734
768,76,80,0.02191781997680664
769,77,80,0.02133774757385254
770,78,80,0.021509170532226562
771,79,80,0.021357059478759766
772,80,80,0.021318912506103516
773,81,80,0.02101302146911621
774,82,80,0.02076101303100586
775,83,80,0.020501136779785156
776,84,80,0.020375728607177734
777,85,80,0.02047419548034668
778,86,80,0.02010202407836914
779,87,80,0.020212888717651367
780,88,80,0.02002692222595215
781,89,80,0.019833087921142578
782,90,80,0.019661903381347656
783,91,80,0.01934194564819336
784,92,80,0.019237041473388672
785,93,80,0.01871013641357422
786,94,80,0.019170045852661133
787,95,80,0.018927812576293945
788,96,80,0.018758058547973633
789,97,80,0.0185699462890625
790,98,80,0.01840686798095703
791,99,80,0.01833510398864746
792,1,90,0.22341012954711914
793,2,90,0.1701219081878662
794,3,90,0.1479201316833496
795,4,90,0.12110424041748047
796,5,90,0.10972809791564941
797,6,90,0.09566688537597656
798,7,90,0.08229994773864746
799,8,90,0.07706403732299805
800,9,90,0.07215094566345215
801,10,90,0.06647109985351562
802,11,90,0.06173896789550781
803,12,90,0.05818986892700195
804,13,90,0.05526304244995117
805,14,90,0.0516972541809082
806,15,90,0.05121302604675293
807,16,90,0.048501014709472656
808,17,90,0.047486066818237305
809,18,90,0.046346426010131836
810,19,90,0.04514789581298828
811,20,90,0.045655012130737305
812,21,90,0.043450117111206055
813,22,90,0.042088985443115234
814,23,90,0.04135704040527344
815,24,90,0.04008817672729492
816,25,90,0.039180755615234375
817,26,90,0.039502859115600586
818,27,90,0.03878617286682129
819,28,90,0.038697004318237305
820,29,90,0.037251949310302734
821,30,90,0.038333892822265625
822,31,90,0.03581118583679199
823,32,90,0.03522920608520508
824,33,90,0.03553295135498047
825,34,90,0.03474688529968262
826,35,90,0.03303718566894531
827,36,90,0.03363490104675293
828,37,90,0.03363394737243652
829,38,90,0.03304004669189453
830,39,90,0.03315567970275879
831,40,90,0.03283405303955078
832,41,90,0.032904863357543945
833,42,90,0.03241562843322754
834,43,90,0.033188819885253906
835,44,90,0.03246712684631348
836,45,90,0.031880855560302734
837,46,90,0.03174090385437012
838,47,90,0.03165578842163086
839,48,90,0.03117203712463379
840,49,90,0.031051158905029297
841,50,90,0.030879974365234375
842,51,90,0.030599355697631836
843,52,90,0.030284881591796875
844,53,90,0.030347108840942383
845,54,90,0.030569791793823242
846,55,90,0.030344009399414062
847,56,90,0.029175758361816406
848,57,90,0.02974700927734375
849,58,90,0.02950596809387207
850,59,90,0.02991509437561035
851,60,90,0.030783891677856445
852,61,90,0.03027629852294922
853,62,90,0.02996993064880371
854,63,90,0.03008890151977539
855,64,90,0.03007793426513672
856,65,90,0.029979944229125977
857,66,90,0.02953195571899414
858,67,90,0.03013300895690918
859,68,90,0.02914881706237793
860,69,90,0.028963088989257812
861,70,90,0.028078079223632812
862,71,90,0.028569936752319336
863,72,90,0.02783203125
864,73,90,0.02766895294189453
865,74,90,0.02778911590576172
866,75,90,0.0280609130859375
867,76,90,0.027793169021606445
868,77,90,0.027515172958374023
869,78,90,0.02742791175842285
870,79,90,0.027190685272216797
871,80,90,0.026519060134887695
872,81,90,0.02664923667907715
873,82,90,0.026732921600341797
874,83,90,0.026362180709838867
875,84,90,0.02661609649658203
876,85,90,0.025880098342895508
877,86,90,0.0258481502532959
878,87,90,0.02594614028930664
879,88,90,0.025573015213012695
880,89,90,0.025262117385864258
881,90,90,0.025304079055786133
882,91,90,0.02520895004272461
883,92,90,0.024756193161010742
884,93,90,0.0243990421295166
885,94,90,0.024260759353637695
886,95,90,0.023936033248901367
887,96,90,0.023947954177856445
888,97,90,0.024474143981933594
889,98,90,0.023622989654541016
890,99,90,0.024506092071533203
891,1,100,0.27881503105163574
892,2,100,0.21559405326843262
893,3,100,0.1846010684967041
894,4,100,0.15274882316589355
895,5,100,0.134321928024292
896,6,100,0.11941313743591309
897,7,100,0.13550186157226562
898,8,100,0.09824299812316895
899,9,100,0.08908867835998535
900,10,100,0.08266997337341309
901,11,100,0.07851123809814453
902,12,100,0.07431817054748535
903,13,100,0.0669102668762207
904,14,100,0.06604790687561035
905,15,100,0.06326603889465332
906,16,100,0.0624089241027832
907,17,100,0.058853864669799805
908,18,100,0.058363914489746094
909,19,100,0.056257009506225586
910,20,100,0.054704904556274414
911,21,100,0.05398392677307129
912,22,100,0.05184316635131836
913,23,100,0.05114102363586426
914,24,100,0.05099797248840332
915,25,100,0.04923820495605469
916,26,100,0.047872066497802734
917,27,100,0.04671192169189453
918,28,100,0.04675602912902832
919,29,100,0.04704928398132324
920,30,100,0.04611492156982422
921,31,100,0.04562997817993164
922,32,100,0.04440808296203613
923,33,100,0.04359698295593262
924,34,100,0.04401874542236328
925,35,100,0.04175591468811035
926,36,100,0.04251599311828613
927,37,100,0.04192376136779785
928,38,100,0.041174888610839844
929,39,100,0.040352821350097656
930,40,100,0.040390968322753906
931,41,100,0.039961814880371094
932,42,100,0.040055036544799805
933,43,100,0.040241241455078125
934,44,100,0.039769887924194336
935,45,100,0.03917098045349121
936,46,100,0.038829803466796875
937,47,100,0.039369821548461914
938,48,100,0.03953099250793457
939,49,100,0.03966379165649414
940,50,100,0.038381099700927734
941,51,100,0.037505149841308594
942,52,100,0.03787708282470703
943,53,100,0.037008047103881836
944,54,100,0.0367889404296875
945,55,100,0.036978960037231445
946,56,100,0.03692126274108887
947,57,100,0.03636670112609863
948,58,100,0.036950111389160156
949,59,100,0.03573489189147949
950,60,100,0.0362241268157959
951,61,100,0.03595328330993652
952,62,100,0.03557395935058594
953,63,100,0.03532695770263672
954,64,100,0.03602313995361328
955,65,100,0.03600502014160156
956,66,100,0.03552985191345215
957,67,100,0.035239219665527344
958,68,100,0.03576397895812988
959,69,100,0.03555727005004883
960,70,100,0.0356290340423584
961,71,100,0.03514695167541504
962,72,100,0.035299062728881836
963,73,100,0.03561806678771973
964,74,100,0.03536581993103027
965,75,100,0.03533220291137695
966,76,100,0.03462100028991699
967,77,100,0.035012006759643555
968,78,100,0.03392672538757324
969,79,100,0.03443098068237305
970,80,100,0.03342700004577637
971,81,100,0.032872915267944336
972,82,100,0.03319287300109863
973,83,100,0.03278207778930664
974,84,100,0.03227686882019043
975,85,100,0.03207898139953613
976,86,100,0.03208422660827637
977,87,100,0.031472206115722656
978,88,100,0.03152894973754883
979,89,100,0.030723094940185547
980,90,100,0.030657052993774414
981,91,100,0.030508041381835938
982,92,100,0.030063867568969727
983,93,100,0.030585050582885742
984,94,100,0.03057265281677246
985,95,100,0.0298459529876709
986,96,100,0.030105113983154297
987,97,100,0.02950596809387207
988,98,100,0.02926802635192871
989,99,100,0.02887439727783203
990,1,110,0.3288109302520752
991,2,110,0.2582111358642578
992,3,110,0.22035980224609375
993,4,110,0.181596040725708
994,5,110,0.16226506233215332
995,6,110,0.14021015167236328
996,7,110,0.12633585929870605
997,8,110,0.11929488182067871
998,9,110,0.10595107078552246
999,10,110,0.09863495826721191
1000,11,110,0.0941617488861084
1001,12,110,0.08929824829101562
1002,13,110,0.08351492881774902
1003,14,110,0.07849502563476562
1004,15,110,0.07781100273132324
1005,16,110,0.07521986961364746
1006,17,110,0.07273483276367188
1007,18,110,0.07107186317443848
1008,19,110,0.06925296783447266
1009,20,110,0.06684470176696777
1010,21,110,0.06579089164733887
1011,22,110,0.06387615203857422
1012,23,110,0.08790397644042969
1013,24,110,0.060854196548461914
1014,25,110,0.060832977294921875
1015,26,110,0.05922889709472656
1016,27,110,0.058084726333618164
1017,28,110,0.05652499198913574
1018,29,110,0.055593013763427734
1019,30,110,0.054939985275268555
1020,31,110,0.053607940673828125
1021,32,110,0.05350518226623535
1022,33,110,0.05335497856140137
1023,34,110,0.05261421203613281
1024,35,110,0.05084490776062012
1025,36,110,0.05096888542175293
1026,37,110,0.05188488960266113
1027,38,110,0.04925704002380371
1028,39,110,0.049919843673706055
1029,40,110,0.04797697067260742
1030,41,110,0.04797506332397461
1031,42,110,0.04641890525817871
1032,43,110,0.046895742416381836
1033,44,110,0.047228097915649414
1034,45,110,0.04691505432128906
1035,46,110,0.04625105857849121
1036,47,110,0.0463259220123291
1037,48,110,0.046562910079956055
1038,49,110,0.04527997970581055
1039,50,110,0.04534101486206055
1040,51,110,0.0452880859375
1041,52,110,0.045098066329956055
1042,53,110,0.04511690139770508
1043,54,110,0.04545092582702637
1044,55,110,0.045816659927368164
1045,56,110,0.044573068618774414
1046,57,110,0.04704689979553223
1047,58,110,0.04358100891113281
1048,59,110,0.04365897178649902
1049,60,110,0.04443478584289551
1050,61,110,0.04350996017456055
1051,62,110,0.04342198371887207
1052,63,110,0.04339408874511719
1053,64,110,0.04305887222290039
1054,65,110,0.04272317886352539
1055,66,110,0.04317903518676758
1056,67,110,0.04252171516418457
1057,68,110,0.0434260368347168
1058,69,110,0.042469024658203125
1059,70,110,0.04173994064331055
1060,71,110,0.04192471504211426
1061,72,110,0.04190397262573242
1062,73,110,0.04207491874694824
1063,74,110,0.04188108444213867
1064,75,110,0.04236912727355957
1065,76,110,0.041699886322021484
1066,77,110,0.0423891544342041
1067,78,110,0.04205799102783203
1068,79,110,0.041802167892456055
1069,80,110,0.041663169860839844
1070,81,110,0.04120206832885742
1071,82,110,0.0403590202331543
1072,83,110,0.03991889953613281
1073,84,110,0.04026198387145996
1074,85,110,0.040219783782958984
1075,86,110,0.03856492042541504
1076,87,110,0.03918194770812988
1077,88,110,0.038353919982910156
1078,89,110,0.0380549430847168
1079,90,110,0.03788399696350098
1080,91,110,0.03811812400817871
1081,92,110,0.03713798522949219
1082,93,110,0.03712797164916992
1083,94,110,0.03597903251647949
1084,95,110,0.036211252212524414
1085,96,110,0.03545212745666504
1086,97,110,0.035015106201171875
1087,98,110,0.034307241439819336
1088,99,110,0.0343167781829834
1089,1,120,0.3854398727416992
1090,2,120,0.30451488494873047
1091,3,120,0.2578558921813965
1092,4,120,0.2138838768005371
1093,5,120,0.19155311584472656
1094,6,120,0.16715288162231445
1095,7,120,0.14941906929016113
1096,8,120,0.1376512050628662
1097,9,120,0.12389111518859863
1098,10,120,0.11452174186706543
1099,11,120,0.10879373550415039
1100,12,120,0.10349488258361816
1101,13,120,0.0982820987701416
1102,14,120,0.09232783317565918
1103,15,120,0.09041905403137207
1104,16,120,0.08881187438964844
1105,17,120,0.08609414100646973
1106,18,120,0.08287286758422852
1107,19,120,0.08096003532409668
1108,20,120,0.07933402061462402
1109,21,120,0.07348203659057617
1110,22,120,0.07291293144226074
1111,23,120,0.07188200950622559
1112,24,120,0.07171177864074707
1113,25,120,0.07064986228942871
1114,26,120,0.06858325004577637
1115,27,120,0.06670475006103516
1116,28,120,0.06699085235595703
1117,29,120,0.06583404541015625
1118,30,120,0.0642697811126709
1119,31,120,0.06493210792541504
1120,32,120,0.06542587280273438
1121,33,120,0.06254982948303223
1122,34,120,0.05932903289794922
1123,35,120,0.061273813247680664
1124,36,120,0.06097006797790527
1125,37,120,0.05910086631774902
1126,38,120,0.05858302116394043
1127,39,120,0.05843091011047363
1128,40,120,0.05871224403381348
1129,41,120,0.05746293067932129
1130,42,120,0.05679011344909668
1131,43,120,0.05704092979431152
1132,44,120,0.05538511276245117
1133,45,120,0.054197072982788086
1134,46,120,0.05377006530761719
1135,47,120,0.05370068550109863
1136,48,120,0.05446815490722656
1137,49,120,0.054981231689453125
1138,50,120,0.05384206771850586
1139,51,120,0.056658029556274414
1140,52,120,0.055809974670410156
1141,53,120,0.05461883544921875
1142,54,120,0.05326104164123535
1143,55,120,0.053636789321899414
1144,56,120,0.05405616760253906
1145,57,120,0.05367088317871094
1146,58,120,0.0541081428527832
1147,59,120,0.05374312400817871
1148,60,120,0.05251502990722656
1149,61,120,0.05202293395996094
1150,62,120,0.05280709266662598
1151,63,120,0.05237126350402832
1152,64,120,0.05151009559631348
1153,65,120,0.05197000503540039
1154,66,120,0.05176973342895508
1155,67,120,0.051093101501464844
1156,68,120,0.05099987983703613
1157,69,120,0.05059409141540527
1158,70,120,0.04920601844787598
1159,71,120,0.04922604560852051
1160,72,120,0.04945087432861328
1161,73,120,0.04918670654296875
1162,74,120,0.04961109161376953
1163,75,120,0.0481569766998291
1164,76,120,0.04862523078918457
1165,77,120,0.048851966857910156
1166,78,120,0.04847073554992676
1167,79,120,0.0480647087097168
1168,80,120,0.04933881759643555
1169,81,120,0.047148942947387695
1170,82,120,0.048300981521606445
1171,83,120,0.04784893989562988
1172,84,120,0.04797530174255371
1173,85,120,0.047577857971191406
1174,86,120,0.04671788215637207
1175,87,120,0.047081947326660156
1176,88,120,0.04712224006652832
1177,89,120,0.046509742736816406
1178,90,120,0.046857357025146484
1179,91,120,0.04495573043823242
1180,92,120,0.043894052505493164
1181,93,120,0.04363703727722168
1182,94,120,0.043103933334350586
1183,95,120,0.0433349609375
1184,96,120,0.04261612892150879
1185,97,120,0.04200410842895508
1186,98,120,0.04181814193725586
1187,99,120,0.04160928726196289
1188,1,130,0.45435595512390137
1189,2,130,0.3537721633911133
1190,3,130,0.30543088912963867
1191,4,130,0.24987387657165527
1192,5,130,0.22783994674682617
1193,6,130,0.19603204727172852
1194,7,130,0.1734321117401123
1195,8,130,0.15738797187805176
1196,9,130,0.14444994926452637
1197,10,130,0.13263797760009766
1198,11,130,0.12892436981201172
1199,12,130,0.11977481842041016
1200,13,130,0.1150810718536377
1201,14,130,0.1094362735748291
1202,15,130,0.10490298271179199
1203,16,130,0.09955596923828125
1204,17,130,0.09694600105285645
1205,18,130,0.09583616256713867
1206,19,130,0.09261608123779297
1207,20,130,0.09047508239746094
1208,21,130,0.0902872085571289
1209,22,130,0.08626413345336914
1210,23,130,0.08346772193908691
1211,24,130,0.08329486846923828
1212,25,130,0.08158397674560547
1213,26,130,0.0806279182434082
1214,27,130,0.07980704307556152
1215,28,130,0.07796883583068848
1216,29,130,0.07930994033813477
1217,30,130,0.07595300674438477
1218,31,130,0.07490873336791992
1219,32,130,0.07311582565307617
1220,33,130,0.07355809211730957
1221,34,130,0.07245802879333496
1222,35,130,0.07171082496643066
1223,36,130,0.07157516479492188
1224,37,130,0.06903815269470215
1225,38,130,0.07011699676513672
1226,39,130,0.06979084014892578
1227,40,130,0.06830000877380371
1228,41,130,0.06781601905822754
1229,42,130,0.06628894805908203
1230,43,130,0.06586003303527832
1231,44,130,0.06612229347229004
1232,45,130,0.06482505798339844
1233,46,130,0.06508588790893555
1234,47,130,0.06441283226013184
1235,48,130,0.06401777267456055
1236,49,130,0.06327700614929199
1237,50,130,0.06236910820007324
1238,51,130,0.06187081336975098
1239,52,130,0.06291389465332031
1240,53,130,0.06099104881286621
1241,54,130,0.06279301643371582
1242,55,130,0.06340932846069336
1243,56,130,0.061690330505371094
1244,57,130,0.06226301193237305
1245,58,130,0.06077122688293457
1246,59,130,0.061364173889160156
1247,60,130,0.06096601486206055
1248,61,130,0.06131100654602051
1249,62,130,0.06461811065673828
1250,63,130,0.06338906288146973
1251,64,130,0.0638420581817627
1252,65,130,0.06346487998962402
1253,66,130,0.061042070388793945
1254,67,130,0.0612490177154541
1255,68,130,0.06058692932128906
1256,69,130,0.06013083457946777
1257,70,130,0.059870004653930664
1258,71,130,0.06076693534851074
1259,72,130,0.0603938102722168
1260,73,130,0.06011080741882324
1261,74,130,0.05879497528076172
1262,75,130,0.05827689170837402
1263,76,130,0.05710005760192871
1264,77,130,0.057428836822509766
1265,78,130,0.07149600982666016
1266,79,130,0.0601499080657959
1267,80,130,0.05768227577209473
1268,81,130,0.057402849197387695
1269,82,130,0.05637383460998535
1270,83,130,0.05783987045288086
1271,84,130,0.055639028549194336
1272,85,130,0.05582785606384277
1273,86,130,0.05499005317687988
1274,87,130,0.0559079647064209
1275,88,130,0.05451083183288574
1276,89,130,0.05481219291687012
1277,90,130,0.0551910400390625
1278,91,130,0.05474591255187988
1279,92,130,0.05415701866149902
1280,93,130,0.05334186553955078
1281,94,130,0.05330777168273926
1282,95,130,0.05344510078430176
1283,96,130,0.052278757095336914
1284,97,130,0.0519716739654541
1285,98,130,0.05090904235839844
1286,99,130,0.05071091651916504
1287,1,140,0.5333828926086426
1288,2,140,0.41880321502685547
1289,3,140,0.3643209934234619
1290,4,140,0.314960241317749
1291,5,140,0.2739880084991455
1292,6,140,0.23595380783081055
1293,7,140,0.2020559310913086
1294,8,140,0.18575787544250488
1295,9,140,0.1734299659729004
1296,10,140,0.16155385971069336
1297,11,140,0.1507730484008789
1298,12,140,0.14635634422302246
1299,13,140,0.14808297157287598
1300,14,140,0.1349020004272461
1301,15,140,0.12685418128967285
1302,16,140,0.12226510047912598
1303,17,140,0.11827301979064941
1304,18,140,0.11345100402832031
1305,19,140,0.1092829704284668
1306,20,140,0.10815191268920898
1307,21,140,0.10552978515625
1308,22,140,0.10259509086608887
1309,23,140,0.10061526298522949
1310,24,140,0.09672069549560547
1311,25,140,0.09408164024353027
1312,26,140,0.09342384338378906
1313,27,140,0.09244704246520996
1314,28,140,0.09102511405944824
1315,29,140,0.08913326263427734
1316,30,140,0.08966922760009766
1317,31,140,0.0876622200012207
1318,32,140,0.08623385429382324
1319,33,140,0.08611679077148438
1320,34,140,0.08766627311706543
1321,35,140,0.0843198299407959
1322,36,140,0.08439803123474121
1323,37,140,0.08297181129455566
1324,38,140,0.08309388160705566
1325,39,140,0.08118605613708496
1326,40,140,0.07939624786376953
1327,41,140,0.08060097694396973
1328,42,140,0.07938790321350098
1329,43,140,0.07914519309997559
1330,44,140,0.07757902145385742
1331,45,140,0.07570672035217285
1332,46,140,0.07590723037719727
1333,47,140,0.07589602470397949
1334,48,140,0.0752718448638916
1335,49,140,0.07443094253540039
1336,50,140,0.07410883903503418
1337,51,140,0.07428407669067383
1338,52,140,0.07440996170043945
1339,53,140,0.07135319709777832
1340,54,140,0.07206511497497559
1341,55,140,0.07207393646240234
1342,56,140,0.07359910011291504
1343,57,140,0.07056093215942383
1344,58,140,0.0720820426940918
1345,59,140,0.07195496559143066
1346,60,140,0.07387614250183105
1347,61,140,0.07086420059204102
1348,62,140,0.07243871688842773
1349,63,140,0.07188105583190918
1350,64,140,0.07095694541931152
1351,65,140,0.07002019882202148
1352,66,140,0.07002592086791992
1353,67,140,0.07088589668273926
1354,68,140,0.0693199634552002
1355,69,140,0.07339692115783691
1356,70,140,0.06906986236572266
1357,71,140,0.06755185127258301
1358,72,140,0.06766796112060547
1359,73,140,0.06728196144104004
1360,74,140,0.06753683090209961
1361,75,140,0.06627774238586426
1362,76,140,0.06767392158508301
1363,77,140,0.06681013107299805
1364,78,140,0.06779694557189941
1365,79,140,0.06761288642883301
1366,80,140,0.06738877296447754
1367,81,140,0.06648707389831543
1368,82,140,0.0670769214630127
1369,83,140,0.06732606887817383
1370,84,140,0.06695175170898438
1371,85,140,0.06640100479125977
1372,86,140,0.06426811218261719
1373,87,140,0.06329703330993652
1374,88,140,0.062222957611083984
1375,89,140,0.062196969985961914
1376,90,140,0.0612950325012207
1377,91,140,0.0600740909576416
1378,92,140,0.06045818328857422
1379,93,140,0.061409950256347656
1380,94,140,0.060569047927856445
1381,95,140,0.06016826629638672
1382,96,140,0.06053328514099121
1383,97,140,0.05996513366699219
1384,98,140,0.058463096618652344
1385,99,140,0.05909395217895508
1386,1,150,0.6043300628662109
1387,2,150,0.473376989364624
1388,3,150,0.4075899124145508
1389,4,150,0.3412809371948242
1390,5,150,0.3056349754333496
1391,6,150,0.2709310054779053
1392,7,150,0.23485732078552246
1393,8,150,0.21798205375671387
1394,9,150,0.19508790969848633
1395,10,150,0.18019700050354004
1396,11,150,0.17062902450561523
1397,12,150,0.1599428653717041
1398,13,150,0.15158581733703613
1399,14,150,0.14501404762268066
1400,15,150,0.1427907943725586
1401,16,150,0.13464689254760742
1402,17,150,0.13265514373779297
1403,18,150,0.1326310634613037
1404,19,150,0.12316012382507324
1405,20,150,0.12037515640258789
1406,21,150,0.11885309219360352
1407,22,150,0.11709713935852051
1408,23,150,0.1151418685913086
1409,24,150,0.11278295516967773
1410,25,150,0.11143612861633301
1411,26,150,0.10617184638977051
1412,27,150,0.1062159538269043
1413,28,150,0.10554695129394531
1414,29,150,0.10381722450256348
1415,30,150,0.10249710083007812
1416,31,150,0.10158610343933105
1417,32,150,0.1004788875579834
1418,33,150,0.09985613822937012
1419,34,150,0.10015702247619629
1420,35,150,0.09814691543579102
1421,36,150,0.09618377685546875
1422,37,150,0.0950469970703125
1423,38,150,0.09414410591125488
1424,39,150,0.09215188026428223
1425,40,150,0.092926025390625
1426,41,150,0.09252786636352539
1427,42,150,0.09025692939758301
1428,43,150,0.09044098854064941
1429,44,150,0.09046316146850586
1430,45,150,0.08971405029296875
1431,46,150,0.08831501007080078
1432,47,150,0.08896994590759277
1433,48,150,0.08672690391540527
1434,49,150,0.08611917495727539
1435,50,150,0.08748292922973633
1436,51,150,0.08579897880554199
1437,52,150,0.0847170352935791
1438,53,150,0.08495378494262695
1439,54,150,0.08472084999084473
1440,55,150,0.08479595184326172
1441,56,150,0.08300900459289551
1442,57,150,0.08184289932250977
1443,58,150,0.08111310005187988
1444,59,150,0.08309388160705566
1445,60,150,0.08232927322387695
1446,61,150,0.0800321102142334
1447,62,150,0.08045125007629395
1448,63,150,0.08114790916442871
1449,64,150,0.08009028434753418
1450,65,150,0.08068609237670898
1451,66,150,0.07962226867675781
1452,67,150,0.08093595504760742
1453,68,150,0.0798349380493164
1454,69,150,0.08011698722839355
1455,70,150,0.07997488975524902
1456,71,150,0.08005309104919434
1457,72,150,0.08031988143920898
1458,73,150,0.08080792427062988
1459,74,150,0.07951712608337402
1460,75,150,0.07849788665771484
1461,76,150,0.07756209373474121
1462,77,150,0.07717108726501465
1463,78,150,0.08173584938049316
1464,79,150,0.07623124122619629
1465,80,150,0.07569313049316406
1466,81,150,0.07733607292175293
1467,82,150,0.07542991638183594
1468,83,150,0.07521510124206543
1469,84,150,0.07409381866455078
1470,85,150,0.07436490058898926
1471,86,150,0.07460904121398926
1472,87,150,0.07339286804199219
1473,88,150,0.0722191333770752
1474,89,150,0.07146215438842773
1475,90,150,0.07098507881164551
1476,91,150,0.07080602645874023
1477,92,150,0.06992101669311523
1478,93,150,0.0694892406463623
1479,94,150,0.06927895545959473
1480,95,150,0.06842422485351562
1481,96,150,0.0672769546508789
1482,97,150,0.06638073921203613
1483,98,150,0.06700420379638672
1484,99,150,0.06713604927062988
1485,1,160,0.6976070404052734
1486,2,160,0.5551249980926514
1487,3,160,0.4745638370513916
1488,4,160,0.3961191177368164
1489,5,160,0.35030198097229004
1490,6,160,0.3074779510498047
1491,7,160,0.2671499252319336
1492,8,160,0.24701404571533203
1493,9,160,0.22600722312927246
1494,10,160,0.20970606803894043
1495,11,160,0.2006981372833252
1496,12,160,0.18907904624938965
1497,13,160,0.17837285995483398
1498,14,160,0.17293310165405273
1499,15,160,0.16388821601867676
1500,16,160,0.16027283668518066
1501,17,160,0.1526777744293213
1502,18,160,0.15097403526306152
1503,19,160,0.14723515510559082
1504,20,160,0.1421201229095459
1505,21,160,0.13795804977416992
1506,22,160,0.13504695892333984
1507,23,160,0.13264894485473633
1508,24,160,0.12870097160339355
1509,25,160,0.12380218505859375
1510,26,160,0.12647485733032227
1511,27,160,0.1242990493774414
1512,28,160,0.12039709091186523
1513,29,160,0.11823606491088867
1514,30,160,0.11842823028564453
1515,31,160,0.11724376678466797
1516,32,160,0.11645698547363281
1517,33,160,0.11533093452453613
1518,34,160,0.11356925964355469
1519,35,160,0.11229801177978516
1520,36,160,0.11208319664001465
1521,37,160,0.11139893531799316
1522,38,160,0.10980391502380371
1523,39,160,0.10846996307373047
1524,40,160,0.10781407356262207
1525,41,160,0.1058969497680664
1526,42,160,0.10656094551086426
1527,43,160,0.10479283332824707
1528,44,160,0.10471081733703613
1529,45,160,0.10216808319091797
1530,46,160,0.10183095932006836
1531,47,160,0.10322189331054688
1532,48,160,0.10234498977661133
1533,49,160,0.10156393051147461
1534,50,160,0.10096120834350586
1535,51,160,0.09786605834960938
1536,52,160,0.09842824935913086
1537,53,160,0.09701704978942871
1538,54,160,0.09811091423034668
1539,55,160,0.09774613380432129
1540,56,160,0.09584283828735352
1541,57,160,0.09658980369567871
1542,58,160,0.0963890552520752
1543,59,160,0.09453988075256348
1544,60,160,0.09432578086853027
1545,61,160,0.09297895431518555
1546,62,160,0.09285593032836914
1547,63,160,0.09363675117492676
1548,64,160,0.09321188926696777
1549,65,160,0.09200477600097656
1550,66,160,0.09262490272521973
1551,67,160,0.09282684326171875
1552,68,160,0.09308791160583496
1553,69,160,0.09175491333007812
1554,70,160,0.09314107894897461
1555,71,160,0.0906069278717041
1556,72,160,0.09018611907958984
1557,73,160,0.08905601501464844
1558,74,160,0.0910952091217041
1559,75,160,0.08995819091796875
1560,76,160,0.09112095832824707
1561,77,160,0.08937811851501465
1562,78,160,0.09066295623779297
1563,79,160,0.08977413177490234
1564,80,160,0.08805394172668457
1565,81,160,0.08861684799194336
1566,82,160,0.08705997467041016
1567,83,160,0.08743095397949219
1568,84,160,0.08619999885559082
1569,85,160,0.08530282974243164
1570,86,160,0.08450818061828613
1571,87,160,0.0846250057220459
1572,88,160,0.08349180221557617
1573,89,160,0.08304715156555176
1574,90,160,0.08296990394592285
1575,91,160,0.08208990097045898
1576,92,160,0.08026313781738281
1577,93,160,0.08125615119934082
1578,94,160,0.07967615127563477
1579,95,160,0.07929015159606934
1580,96,160,0.07949090003967285
1581,97,160,0.0783388614654541
1582,98,160,0.07701992988586426
1583,99,160,0.07614684104919434
1584,1,170,0.7960691452026367
1585,2,170,0.6233260631561279
1586,3,170,0.5339181423187256
1587,4,170,0.44307804107666016
1588,5,170,0.3991711139678955
1589,6,170,0.339404821395874
1590,7,170,0.3002607822418213
1591,8,170,0.2768871784210205
1592,9,170,0.25521421432495117
1593,10,170,0.23485493659973145
1594,11,170,0.22789406776428223
1595,12,170,0.21947598457336426
1596,13,170,0.20158600807189941
1597,14,170,0.18858814239501953
1598,15,170,0.18600702285766602
1599,16,170,0.17774605751037598
1600,17,170,0.1732800006866455
1601,18,170,0.16673994064331055
1602,19,170,0.1647799015045166
1603,20,170,0.1577138900756836
1604,21,170,0.15641093254089355
1605,22,170,0.15000319480895996
1606,23,170,0.1500873565673828
1607,24,170,0.1460580825805664
1608,25,170,0.14182782173156738
1609,26,170,0.14123296737670898
1610,27,170,0.1392519474029541
1611,28,170,0.1362769603729248
1612,29,170,0.13327813148498535
1613,30,170,0.1315021514892578
1614,31,170,0.13081812858581543
1615,32,170,0.13460278511047363
1616,33,170,0.13101601600646973
1617,34,170,0.1311502456665039
1618,35,170,0.12363290786743164
1619,36,170,0.12165498733520508
1620,37,170,0.12105393409729004
1621,38,170,0.12457799911499023
1622,39,170,0.11930513381958008
1623,40,170,0.1185457706451416
1624,41,170,0.11777782440185547
1625,42,170,0.11863303184509277
1626,43,170,0.11837911605834961
1627,44,170,0.11508774757385254
1628,45,170,0.11691117286682129
1629,46,170,0.11400508880615234
1630,47,170,0.11491107940673828
1631,48,170,0.11138725280761719
1632,49,170,0.11253094673156738
1633,50,170,0.11350393295288086
1634,51,170,0.1130211353302002
1635,52,170,0.11056089401245117
1636,53,170,0.10952186584472656
1637,54,170,0.10989189147949219
1638,55,170,0.10911297798156738
1639,56,170,0.10857820510864258
1640,57,170,0.10902190208435059
1641,58,170,0.10789203643798828
1642,59,170,0.10628867149353027
1643,60,170,0.10587167739868164
1644,61,170,0.10721707344055176
1645,62,170,0.1056828498840332
1646,63,170,0.10505199432373047
1647,64,170,0.10311102867126465
1648,65,170,0.10336494445800781
1649,66,170,0.10175800323486328
1650,67,170,0.10300326347351074
1651,68,170,0.1022491455078125
1652,69,170,0.10114502906799316
1653,70,170,0.10185909271240234
1654,71,170,0.10158801078796387
1655,72,170,0.10194110870361328
1656,73,170,0.10179686546325684
1657,74,170,0.1010899543762207
1658,75,170,0.10040712356567383
1659,76,170,0.0996999740600586
1660,77,170,0.09887409210205078
1661,78,170,0.09834718704223633
1662,79,170,0.0980520248413086
1663,80,170,0.09779930114746094
1664,81,170,0.09766507148742676
1665,82,170,0.09731197357177734
1666,83,170,0.09705018997192383
1667,84,170,0.09664678573608398
1668,85,170,0.09536194801330566
1669,86,170,0.09300708770751953
1670,87,170,0.09307312965393066
1671,88,170,0.09285616874694824
1672,89,170,0.0937049388885498
1673,90,170,0.09156012535095215
1674,91,170,0.09054684638977051
1675,92,170,0.09018898010253906
1676,93,170,0.08963394165039062
1677,94,170,0.08802294731140137
1678,95,170,0.08677911758422852
1679,96,170,0.08591890335083008
1680,97,170,0.08457183837890625
1681,98,170,0.08470892906188965
1682,99,170,0.08521080017089844
1683,1,180,0.8778882026672363
1684,2,180,0.6881358623504639
1685,3,180,0.5897989273071289
1686,4,180,0.4887378215789795
1687,5,180,0.4332611560821533
1688,6,180,0.3786430358886719
1689,7,180,0.33220982551574707
1690,8,180,0.31029582023620605
1691,9,180,0.281235933303833
1692,10,180,0.2624540328979492
1693,11,180,0.24981212615966797
1694,12,180,0.23478007316589355
1695,13,180,0.22292423248291016
1696,14,180,0.21289610862731934
1697,15,180,0.20506596565246582
1698,16,180,0.19603705406188965
1699,17,180,0.18964385986328125
1700,18,180,0.19095802307128906
1701,19,180,0.18437719345092773
1702,20,180,0.17667603492736816
1703,21,180,0.17124485969543457
1704,22,180,0.16666078567504883
1705,23,180,0.16216111183166504
1706,24,180,0.16150403022766113
1707,25,180,0.15917205810546875
1708,26,180,0.15505290031433105
1709,27,180,0.1526331901550293
1710,28,180,0.1518700122833252
1711,29,180,0.1476757526397705
1712,30,180,0.146406888961792
1713,31,180,0.14031314849853516
1714,32,180,0.13991189002990723
1715,33,180,0.1399548053741455
1716,34,180,0.1398639678955078
1717,35,180,0.1372668743133545
1718,36,180,0.1360929012298584
1719,37,180,0.13335299491882324
1720,38,180,0.13579392433166504
1721,39,180,0.13428616523742676
1722,40,180,0.13722801208496094
1723,41,180,0.1359872817993164
1724,42,180,0.13582396507263184
1725,43,180,0.13692092895507812
1726,44,180,0.1351909637451172
1727,45,180,0.12952518463134766
1728,46,180,0.1284019947052002
1729,47,180,0.1253807544708252
1730,48,180,0.1243278980255127
1731,49,180,0.12512803077697754
1732,50,180,0.12743330001831055
1733,51,180,0.12586379051208496
1734,52,180,0.12556004524230957
1735,53,180,0.12522315979003906
1736,54,180,0.12463688850402832
1737,55,180,0.12389802932739258
1738,56,180,0.12300491333007812
1739,57,180,0.12097811698913574
1740,58,180,0.12401604652404785
1741,59,180,0.12102603912353516
1742,60,180,0.12196111679077148
1743,61,180,0.11962604522705078
1744,62,180,0.11953306198120117
1745,63,180,0.11753964424133301
1746,64,180,0.11872220039367676
1747,65,180,0.11856603622436523
1748,66,180,0.1165916919708252
1749,67,180,0.11645174026489258
1750,68,180,0.11519408226013184
1751,69,180,0.11510491371154785
1752,70,180,0.11205315589904785
1753,71,180,0.1160593032836914
1754,72,180,0.11361098289489746
1755,73,180,0.11279416084289551
1756,74,180,0.1143941879272461
1757,75,180,0.11312174797058105
1758,76,180,0.1131899356842041
1759,77,180,0.11270904541015625
1760,78,180,0.11360001564025879
1761,79,180,0.11061310768127441
1762,80,180,0.11257410049438477
1763,81,180,0.1140279769897461
1764,82,180,0.11141204833984375
1765,83,180,0.11134576797485352
1766,84,180,0.1112370491027832
1767,85,180,0.11703228950500488
1768,86,180,0.1126699447631836
1769,87,180,0.12468910217285156
1770,88,180,0.10637497901916504
1771,89,180,0.1106729507446289
1772,90,180,0.11556029319763184
1773,91,180,0.10914301872253418
1774,92,180,0.10357499122619629
1775,93,180,0.10506701469421387
1776,94,180,0.10195302963256836
1777,95,180,0.10014009475708008
1778,96,180,0.10002303123474121
1779,97,180,0.10279297828674316
1780,98,180,0.09997296333312988
1781,99,180,0.10052180290222168
1782,1,190,1.0417568683624268
1783,2,190,0.8677749633789062
1784,3,190,0.7627871036529541
1785,4,190,0.5457339286804199
1786,5,190,0.49344587326049805
1787,6,190,0.4310791492462158
1788,7,190,0.3738439083099365
1789,8,190,0.3410029411315918
1790,9,190,0.3139059543609619
1791,10,190,0.29082202911376953
1792,11,190,0.2779812812805176
1793,12,190,0.26776981353759766
1794,13,190,0.25270986557006836
1795,14,190,0.24202418327331543
1796,15,190,0.23247098922729492
1797,16,190,0.22160816192626953
1798,17,190,0.21584796905517578
1799,18,190,0.2098710536956787
1800,19,190,0.20573806762695312
1801,20,190,0.19816923141479492
1802,21,190,0.19678783416748047
1803,22,190,0.18772077560424805
1804,23,190,0.18713974952697754
1805,24,190,0.18106818199157715
1806,25,190,0.18013215065002441
1807,26,190,0.17712116241455078
1808,27,190,0.17592978477478027
1809,28,190,0.17114806175231934
1810,29,190,0.16865086555480957
1811,30,190,0.16611695289611816
1812,31,190,0.16448688507080078
1813,32,190,0.16162896156311035
1814,33,190,0.16101408004760742
1815,34,190,0.15770602226257324
1816,35,190,0.15762019157409668
1817,36,190,0.15433692932128906
1818,37,190,0.15491890907287598
1819,38,190,0.1522681713104248
1820,39,190,0.15249204635620117
1821,40,190,0.14911627769470215
1822,41,190,0.14982104301452637
1823,42,190,0.14809918403625488
1824,43,190,0.14734625816345215
1825,44,190,0.1457521915435791
1826,45,190,0.14499402046203613
1827,46,190,0.14422297477722168
1828,47,190,0.14515209197998047
1829,48,190,0.1434628963470459
1830,49,190,0.14184808731079102
1831,50,190,0.14200305938720703
1832,51,190,0.14686107635498047
1833,52,190,0.14620399475097656
1834,53,190,0.1396479606628418
1835,54,190,0.13617682456970215
1836,55,190,0.13819384574890137
1837,56,190,0.13887882232666016
1838,57,190,0.1359250545501709
1839,58,190,0.13675808906555176
1840,59,190,0.13505005836486816
1841,60,190,0.13237380981445312
1842,61,190,0.1318979263305664
1843,62,190,0.1322932243347168
1844,63,190,0.1317896842956543
1845,64,190,0.13249707221984863
1846,65,190,0.13184404373168945
1847,66,190,0.12871599197387695
1848,67,190,0.1297910213470459
1849,68,190,0.12881112098693848
1850,69,190,0.12880825996398926
1851,70,190,0.12776398658752441
1852,71,190,0.1286172866821289
1853,72,190,0.12639403343200684
1854,73,190,0.1253197193145752
1855,74,190,0.12391495704650879
1856,75,190,0.12543892860412598
1857,76,190,0.12427735328674316
1858,77,190,0.12525296211242676
1859,78,190,0.1276230812072754
1860,79,190,0.1259310245513916
1861,80,190,0.1231839656829834
1862,81,190,0.12358784675598145
1863,82,190,0.12153983116149902
1864,83,190,0.1217501163482666
1865,84,190,0.12279200553894043
1866,85,190,0.11868429183959961
1867,86,190,0.11828303337097168
1868,87,190,0.11865878105163574
1869,88,190,0.11601781845092773
1870,89,190,0.1168367862701416
1871,90,190,0.11706113815307617
1872,91,190,0.1158750057220459
1873,92,190,0.11498379707336426
1874,93,190,0.11339211463928223
1875,94,190,0.11495018005371094
1876,95,190,0.11047673225402832
1877,96,190,0.10793614387512207
1878,97,190,0.11033439636230469
1879,98,190,0.10853290557861328
1880,99,190,0.11537408828735352
1881,1,200,1.103524923324585
1882,2,200,0.8731551170349121
1883,3,200,0.7481119632720947
1884,4,200,0.6244809627532959
1885,5,200,0.5467061996459961
1886,6,200,0.47626805305480957
1887,7,200,0.41625332832336426
1888,8,200,0.38735198974609375
1889,9,200,0.3569803237915039
1890,10,200,0.33191514015197754
1891,11,200,0.3124661445617676
1892,12,200,0.2978518009185791
1893,13,200,0.27774810791015625
1894,14,200,0.26661181449890137
1895,15,200,0.25758886337280273
1896,16,200,0.2711961269378662
1897,17,200,0.2617967128753662
1898,18,200,0.23645281791687012
1899,19,200,0.22663211822509766
1900,20,200,0.2279510498046875
1901,21,200,0.21670794486999512
1902,22,200,0.21365714073181152
1903,23,200,0.20603299140930176
1904,24,200,0.20668792724609375
1905,25,200,0.19788503646850586
1906,26,200,0.19405198097229004
1907,27,200,0.19106316566467285
1908,28,200,0.19361567497253418
1909,29,200,0.18222308158874512
1910,30,200,0.18421602249145508
1911,31,200,0.1808338165283203
1912,32,200,0.17606592178344727
1913,33,200,0.1807849407196045
1914,34,200,0.17486000061035156
1915,35,200,0.16799092292785645
1916,36,200,0.1701970100402832
1917,37,200,0.16862225532531738
1918,38,200,0.1670849323272705
1919,39,200,0.16347432136535645
1920,40,200,0.1636359691619873
1921,41,200,0.16549396514892578
1922,42,200,0.16551780700683594
1923,43,200,0.162567138671875
1924,44,200,0.15983200073242188
1925,45,200,0.16068625450134277
1926,46,200,0.156707763671875
1927,47,200,0.15590715408325195
1928,48,200,0.156890869140625
1929,49,200,0.15523195266723633
1930,50,200,0.15342426300048828
1931,51,200,0.15082883834838867
1932,52,200,0.15418791770935059
1933,53,200,0.15488910675048828
1934,54,200,0.15212702751159668
1935,55,200,0.15099525451660156
1936,56,200,0.15169692039489746
1937,57,200,0.14869904518127441
1938,58,200,0.1477210521697998
1939,59,200,0.14600396156311035
1940,60,200,0.1479628086090088
1941,61,200,0.14608001708984375
1942,62,200,0.14617609977722168
1943,63,200,0.14634203910827637
1944,64,200,0.14396905899047852
1945,65,200,0.14341092109680176
1946,66,200,0.16878414154052734
1947,67,200,0.14325714111328125
1948,68,200,0.14408421516418457
1949,69,200,0.14023494720458984
1950,70,200,0.13994121551513672
1951,71,200,0.1401669979095459
1952,72,200,0.14104413986206055
1953,73,200,0.13866806030273438
1954,74,200,0.1366410255432129
1955,75,200,0.13631892204284668
1956,76,200,0.13840270042419434
1957,77,200,0.13451814651489258
1958,78,200,0.1339120864868164
1959,79,200,0.13588213920593262
1960,80,200,0.13648200035095215
1961,81,200,0.13419198989868164
1962,82,200,0.13446402549743652
1963,83,200,0.13149476051330566
1964,84,200,0.13051700592041016
1965,85,200,0.12905478477478027
1966,86,200,0.12962794303894043
1967,87,200,0.12672924995422363
1968,88,200,0.1273937225341797
1969,89,200,0.12628579139709473
1970,90,200,0.126723051071167
1971,91,200,0.12681078910827637
1972,92,200,0.1266191005706787
1973,93,200,0.12428903579711914
1974,94,200,0.12379693984985352
1975,95,200,0.12021994590759277
1976,96,200,0.12112903594970703
1977,97,200,0.11935925483703613
1978,98,200,0.1185762882232666
1979,99,200,0.11951589584350586
1980,1,210,1.2103450298309326
1981,2,210,0.931891918182373
1982,3,210,0.8094882965087891
1983,4,210,0.688709020614624
1984,5,210,0.598494291305542
1985,6,210,0.5195090770721436
1986,7,210,0.4544341564178467
1987,8,210,0.4185221195220947
1988,9,210,0.3816561698913574
1989,10,210,0.35318613052368164
1990,11,210,0.3297710418701172
1991,12,210,0.3126969337463379
1992,13,210,0.31032705307006836
1993,14,210,0.29302501678466797
1994,15,210,0.2861807346343994
1995,16,210,0.28052401542663574
1996,17,210,0.26113009452819824
1997,18,210,0.25458478927612305
1998,19,210,0.2501370906829834
1999,20,210,0.2406768798828125
2000,21,210,0.2368016242980957
2001,22,210,0.22824788093566895
2002,23,210,0.22535204887390137
2003,24,210,0.21842503547668457
2004,25,210,0.21943211555480957
2005,26,210,0.21039581298828125
2006,27,210,0.20996999740600586
2007,28,210,0.20927214622497559
2008,29,210,0.20838093757629395
2009,30,210,0.20885205268859863
2010,31,210,0.20041394233703613
2011,32,210,0.2015061378479004
2012,33,210,0.19656705856323242
2013,34,210,0.19232487678527832
2014,35,210,0.1887989044189453
2015,36,210,0.1863698959350586
2016,37,210,0.1848163604736328
2017,38,210,0.18275785446166992
2018,39,210,0.18467307090759277
2019,40,210,0.18278980255126953
2020,41,210,0.1957089900970459
2021,42,210,0.1819899082183838
2022,43,210,0.18044805526733398
2023,44,210,0.17715907096862793
2024,45,210,0.17450690269470215
2025,46,210,0.17036700248718262
2026,47,210,0.1730821132659912
2027,48,210,0.1731560230255127
2028,49,210,0.16963529586791992
2029,50,210,0.16872882843017578
2030,51,210,0.1694958209991455
2031,52,210,0.17943191528320312
2032,53,210,0.16846585273742676
2033,54,210,0.16751885414123535
2034,55,210,0.17019104957580566
2035,56,210,0.1673438549041748
2036,57,210,0.16599702835083008
2037,58,210,0.16294193267822266
2038,59,210,0.16430187225341797
2039,60,210,0.16248011589050293
2040,61,210,0.16383600234985352
2041,62,210,0.16106104850769043
2042,63,210,0.15981292724609375
2043,64,210,0.16193914413452148
2044,65,210,0.16154217720031738
2045,66,210,0.15948963165283203
2046,67,210,0.15711498260498047
2047,68,210,0.15478897094726562
2048,69,210,0.15908384323120117
2049,70,210,0.1578218936920166
2050,71,210,0.15696310997009277
2051,72,210,0.15384292602539062
2052,73,210,0.15187573432922363
2053,74,210,0.1516120433807373
2054,75,210,0.15425705909729004
2055,76,210,0.15287184715270996
2056,77,210,0.1530609130859375
2057,78,210,0.14891481399536133
2058,79,210,0.14676690101623535
2059,80,210,0.1479511260986328
2060,81,210,0.14786005020141602
2061,82,210,0.14339780807495117
2062,83,210,0.14510726928710938
2063,84,210,0.14331603050231934
2064,85,210,0.14278912544250488
2065,86,210,0.14504384994506836
2066,87,210,0.14355707168579102
2067,88,210,0.1418471336364746
2068,89,210,0.1426839828491211
2069,90,210,0.1413259506225586
2070,91,210,0.1376819610595703
2071,92,210,0.13538098335266113
2072,93,210,0.1354529857635498
2073,94,210,0.1341400146484375
2074,95,210,0.13234829902648926
2075,96,210,0.13150477409362793
2076,97,210,0.13212323188781738
2077,98,210,0.13057827949523926
2078,99,210,0.1299281120300293
2079,1,220,1.327174186706543
2080,2,220,1.0232560634613037
2081,3,220,0.8696732521057129
2082,4,220,0.7190520763397217
2083,5,220,0.6509740352630615
2084,6,220,0.5761709213256836
2085,7,220,0.49930405616760254
2086,8,220,0.46010327339172363
2087,9,220,0.4278841018676758
2088,10,220,0.39120912551879883
2089,11,220,0.37344813346862793
2090,12,220,0.3761630058288574
2091,13,220,0.3338949680328369
2092,14,220,0.32144999504089355
2093,15,220,0.30693507194519043
2094,16,220,0.2932288646697998
2095,17,220,0.2812058925628662
2096,18,220,0.27916598320007324
2097,19,220,0.26727986335754395
2098,20,220,0.25745391845703125
2099,21,220,0.2562565803527832
2100,22,220,0.25350499153137207
2101,23,220,0.24383306503295898
2102,24,220,0.2401261329650879
2103,25,220,0.2389369010925293
2104,26,220,0.23624300956726074
2105,27,220,0.2318439483642578
2106,28,220,0.22705698013305664
2107,29,220,0.22419977188110352
2108,30,220,0.2221202850341797
2109,31,220,0.21731781959533691
2110,32,220,0.24845099449157715
2111,33,220,0.21402812004089355
2112,34,220,0.21113371849060059
2113,35,220,0.21062397956848145
2114,36,220,0.205352783203125
2115,37,220,0.20290303230285645
2116,38,220,0.19740915298461914
2117,39,220,0.19689011573791504
2118,40,220,0.19565510749816895
2119,41,220,0.20099401473999023
2120,42,220,0.19846582412719727
2121,43,220,0.19396400451660156
2122,44,220,0.19185209274291992
2123,45,220,0.1945328712463379
2124,46,220,0.19210433959960938
2125,47,220,0.19098615646362305
2126,48,220,0.18619918823242188
2127,49,220,0.1869978904724121
2128,50,220,0.1854381561279297
2129,51,220,0.18491911888122559
2130,52,220,0.18563389778137207
2131,53,220,0.1816251277923584
2132,54,220,0.18212628364562988
2133,55,220,0.17978787422180176
2134,56,220,0.17893195152282715
2135,57,220,0.17768502235412598
2136,58,220,0.18061184883117676
2137,59,220,0.18033576011657715
2138,60,220,0.17895817756652832
2139,61,220,0.17705893516540527
2140,62,220,0.17479801177978516
2141,63,220,0.1712501049041748
2142,64,220,0.17518305778503418
2143,65,220,0.1733551025390625
2144,66,220,0.17812609672546387
2145,67,220,0.17293071746826172
2146,68,220,0.17299199104309082
2147,69,220,0.17033791542053223
2148,70,220,0.17220783233642578
2149,71,220,0.1700878143310547
2150,72,220,0.17928218841552734
2151,73,220,0.16776299476623535
2152,74,220,0.16830897331237793
2153,75,220,0.1670970916748047
2154,76,220,0.1699531078338623
2155,77,220,0.16317272186279297
2156,78,220,0.1639397144317627
2157,79,220,0.16190791130065918
2158,80,220,0.16075515747070312
2159,81,220,0.15927982330322266
2160,82,220,0.1611320972442627
2161,83,220,0.15830230712890625
2162,84,220,0.1559600830078125
2163,85,220,0.15567302703857422
2164,86,220,0.15137910842895508
2165,87,220,0.1563880443572998
2166,88,220,0.1565990447998047
2167,89,220,0.15289711952209473
2168,90,220,0.15156984329223633
2169,91,220,0.14980816841125488
2170,92,220,0.15010571479797363
2171,93,220,0.15029191970825195
2172,94,220,0.14937090873718262
2173,95,220,0.1486210823059082
2174,96,220,0.1480398178100586
2175,97,220,0.14632415771484375
2176,98,220,0.15009689331054688
2177,99,220,0.14110183715820312
2178,1,230,1.4468989372253418
2179,2,230,1.131897211074829
2180,3,230,0.9718000888824463
2181,4,230,0.7865159511566162
2182,5,230,0.7151522636413574
2183,6,230,0.6366250514984131
2184,7,230,0.614732027053833
2185,8,230,0.5465631484985352
2186,9,230,0.49440979957580566
2187,10,230,0.4433410167694092
2188,11,230,0.42351388931274414
2189,12,230,0.39659881591796875
2190,13,230,0.37683582305908203
2191,14,230,0.35221099853515625
2192,15,230,0.3477199077606201
2193,16,230,0.33111000061035156
2194,17,230,0.3193509578704834
2195,18,230,0.30641913414001465
2196,19,230,0.2985391616821289
2197,20,230,0.2904489040374756
2198,21,230,0.27940797805786133
2199,22,230,0.27889585494995117
2200,23,230,0.2752978801727295
2201,24,230,0.27344202995300293
2202,25,230,0.2667529582977295
2203,26,230,0.2599489688873291
2204,27,230,0.25478291511535645
2205,28,230,0.2565758228302002
2206,29,230,0.24534296989440918
2207,30,230,0.23867082595825195
2208,31,230,0.23878192901611328
2209,32,230,0.23793482780456543
2210,33,230,0.2296149730682373
2211,34,230,0.2329878807067871
2212,35,230,0.23012566566467285
2213,36,230,0.22858500480651855
2214,37,230,0.23055005073547363
2215,38,230,0.22451996803283691
2216,39,230,0.22322893142700195
2217,40,230,0.21866321563720703
2218,41,230,0.2119598388671875
2219,42,230,0.20994782447814941
2220,43,230,0.2141280174255371
2221,44,230,0.21413087844848633
2222,45,230,0.20899295806884766
2223,46,230,0.2098560333251953
2224,47,230,0.20966005325317383
2225,48,230,0.2052450180053711
2226,49,230,0.20424103736877441
2227,50,230,0.19939303398132324
2228,51,230,0.20554113388061523
2229,52,230,0.21046805381774902
2230,53,230,0.2049109935760498
2231,54,230,0.20385169982910156
2232,55,230,0.20408082008361816
2233,56,230,0.20167899131774902
2234,57,230,0.1971139907836914
2235,58,230,0.19565701484680176
2236,59,230,0.1973559856414795
2237,60,230,0.1956470012664795
2238,61,230,0.1939229965209961
2239,62,230,0.19718384742736816
2240,63,230,0.1961510181427002
2241,64,230,0.19626808166503906
2242,65,230,0.19441008567810059
2243,66,230,0.1894679069519043
2244,67,230,0.1911759376525879
2245,68,230,0.18801307678222656
2246,69,230,0.19087791442871094
2247,70,230,0.189208984375
2248,71,230,0.1890568733215332
2249,72,230,0.18732094764709473
2250,73,230,0.18302392959594727
2251,74,230,0.17972373962402344
2252,75,230,0.18401885032653809
2253,76,230,0.18375301361083984
2254,77,230,0.18487906455993652
2255,78,230,0.18229293823242188
2256,79,230,0.1835339069366455
2257,80,230,0.1786949634552002
2258,81,230,0.17997479438781738
2259,82,230,0.17816925048828125
2260,83,230,0.17403292655944824
2261,84,230,0.17584514617919922
2262,85,230,0.17557787895202637
2263,86,230,0.17117691040039062
2264,87,230,0.17107295989990234
2265,88,230,0.16530919075012207
2266,89,230,0.1646900177001953
2267,90,230,0.16377997398376465
2268,91,230,0.1663968563079834
2269,92,230,0.16593194007873535
2270,93,230,0.16393399238586426
2271,94,230,0.1587390899658203
2272,95,230,0.16078424453735352
2273,96,230,0.16363096237182617
2274,97,230,0.1631309986114502
2275,98,230,0.1608750820159912
2276,99,230,0.15752315521240234
2277,1,240,1.583705186843872
2278,2,240,1.2446098327636719
2279,3,240,1.0534262657165527
2280,4,240,0.8714718818664551
2281,5,240,0.7845780849456787
2282,6,240,0.6931982040405273
2283,7,240,0.6018550395965576
2284,8,240,0.5514140129089355
2285,9,240,0.5012238025665283
2286,10,240,0.4701418876647949
2287,11,240,0.44309091567993164
2288,12,240,0.4188086986541748
2289,13,240,0.39809703826904297
2290,14,240,0.3815622329711914
2291,15,240,0.36156487464904785
2292,16,240,0.3503413200378418
2293,17,240,0.3407900333404541
2294,18,240,0.3367960453033447
2295,19,240,0.32361602783203125
2296,20,240,0.3144068717956543
2297,21,240,0.30636096000671387
2298,22,240,0.2958059310913086
2299,23,240,0.2949519157409668
2300,24,240,0.2908639907836914
2301,25,240,0.28587818145751953
2302,26,240,0.27863025665283203
2303,27,240,0.27357912063598633
2304,28,240,0.26633691787719727
2305,29,240,0.2638521194458008
2306,30,240,0.25994300842285156
2307,31,240,0.256105899810791
2308,32,240,0.25519824028015137
2309,33,240,0.25641608238220215
2310,34,240,0.2562448978424072
2311,35,240,0.2526538372039795
2312,36,240,0.2508127689361572
2313,37,240,0.2446582317352295
2314,38,240,0.23805999755859375
2315,39,240,0.23954391479492188
2316,40,240,0.24097776412963867
2317,41,240,0.23281002044677734
2318,42,240,0.2272961139678955
2319,43,240,0.22732090950012207
2320,44,240,0.233443021774292
2321,45,240,0.23054885864257812
2322,46,240,0.2295548915863037
2323,47,240,0.22252178192138672
2324,48,240,0.22295117378234863
2325,49,240,0.22133708000183105
2326,50,240,0.22084283828735352
2327,51,240,0.22140216827392578
2328,52,240,0.21762323379516602
2329,53,240,0.21581792831420898
2330,54,240,0.2204427719116211
2331,55,240,0.21782803535461426
2332,56,240,0.21736717224121094
2333,57,240,0.21595501899719238
2334,58,240,0.2164900302886963
2335,59,240,0.2138991355895996
2336,60,240,0.21479105949401855
2337,61,240,0.20840001106262207
2338,62,240,0.212935209274292
2339,63,240,0.21242094039916992
2340,64,240,0.2104809284210205
2341,65,240,0.21010184288024902
2342,66,240,0.21617889404296875
2343,67,240,0.2080540657043457
2344,68,240,0.20636796951293945
2345,69,240,0.2028970718383789
2346,70,240,0.20781326293945312
2347,71,240,0.2017219066619873
2348,72,240,0.20361900329589844
2349,73,240,0.20034193992614746
2350,74,240,0.20423388481140137
2351,75,240,0.20101404190063477
2352,76,240,0.1989586353302002
2353,77,240,0.19942092895507812
2354,78,240,0.19756102561950684
2355,79,240,0.19626688957214355
2356,80,240,0.1974780559539795
2357,81,240,0.20111298561096191
2358,82,240,0.19157004356384277
2359,83,240,0.18909597396850586
2360,84,240,0.2149827480316162
2361,85,240,0.1901090145111084
2362,86,240,0.18802309036254883
2363,87,240,0.18640995025634766
2364,88,240,0.1837012767791748
2365,89,240,0.17914795875549316
2366,90,240,0.1806337833404541
2367,91,240,0.1784980297088623
2368,92,240,0.17879819869995117
2369,93,240,0.17716002464294434
2370,94,240,0.1753847599029541
2371,95,240,0.17150211334228516
2372,96,240,0.17308330535888672
2373,97,240,0.1676781177520752
2374,98,240,0.16767001152038574
2375,99,240,0.16821503639221191
2376,1,250,1.7211079597473145
2377,2,250,1.3511548042297363
2378,3,250,1.1619398593902588
2379,4,250,0.9696948528289795
2380,5,250,0.8605549335479736
2381,6,250,0.7414679527282715
2382,7,250,0.6838018894195557
2383,8,250,0.6051888465881348
2384,9,250,0.5586931705474854
2385,10,250,0.5138981342315674
2386,11,250,0.5026109218597412
2387,12,250,0.46949005126953125
2388,13,250,0.5447731018066406
2389,14,250,0.44643187522888184
2390,15,250,0.44664692878723145
2391,16,250,0.4020860195159912
2392,17,250,0.38994908332824707
2393,18,250,0.3648409843444824
2394,19,250,0.34802699089050293
2395,20,250,0.34758496284484863
2396,21,250,0.341019868850708
2397,22,250,0.32825374603271484
2398,23,250,0.31828808784484863
2399,24,250,0.31604623794555664
2400,25,250,0.31034088134765625
2401,26,250,0.3056221008300781
2402,27,250,0.30136919021606445
2403,28,250,0.296550989151001
2404,29,250,0.28920507431030273
2405,30,250,0.28815412521362305
2406,31,250,0.285200834274292
2407,32,250,0.2763950824737549
2408,33,250,0.2821009159088135
2409,34,250,0.27503108978271484
2410,35,250,0.27302122116088867
2411,36,250,0.2707641124725342
2412,37,250,0.272169828414917
2413,38,250,0.26644396781921387
2414,39,250,0.26417112350463867
2415,40,250,0.2644829750061035
2416,41,250,0.2617809772491455
2417,42,250,0.2620081901550293
2418,43,250,0.25443506240844727
2419,44,250,0.259279727935791
2420,45,250,0.2625720500946045
2421,46,250,0.24831366539001465
2422,47,250,0.2510190010070801
2423,48,250,0.2470400333404541
2424,49,250,0.24360299110412598
2425,50,250,0.2458019256591797
2426,51,250,0.24991917610168457
2427,52,250,0.24076008796691895
2428,53,250,0.24018001556396484
2429,54,250,0.24086618423461914
2430,55,250,0.23784995079040527
2431,56,250,0.23584794998168945
2432,57,250,0.2374708652496338
2433,58,250,0.23502802848815918
2434,59,250,0.23483705520629883
2435,60,250,0.23329591751098633
2436,61,250,0.23056483268737793
2437,62,250,0.23201203346252441
2438,63,250,0.2312488555908203
2439,64,250,0.23000717163085938
2440,65,250,0.22740912437438965
2441,66,250,0.22747492790222168
2442,67,250,0.22705411911010742
2443,68,250,0.22614026069641113
2444,69,250,0.22818470001220703
2445,70,250,0.22729086875915527
2446,71,250,0.22831320762634277
2447,72,250,0.22649216651916504
2448,73,250,0.2243180274963379
2449,74,250,0.22701406478881836
2450,75,250,0.22213220596313477
2451,76,250,0.21907496452331543
2452,77,250,0.22002100944519043
2453,78,250,0.215897798538208
2454,79,250,0.2160322666168213
2455,80,250,0.21225595474243164
2456,81,250,0.21129298210144043
2457,82,250,0.21104669570922852
2458,83,250,0.21182584762573242
2459,84,250,0.21173596382141113
2460,85,250,0.20931506156921387
2461,86,250,0.20616912841796875
2462,87,250,0.20462894439697266
2463,88,250,0.20212006568908691
2464,89,250,0.20076799392700195
2465,90,250,0.20213580131530762
2466,91,250,0.19858479499816895
2467,92,250,0.19657206535339355
2468,93,250,0.1974480152130127
2469,94,250,0.19427204132080078
2470,95,250,0.1903369426727295
2471,96,250,0.18829703330993652
2472,97,250,0.18741202354431152
2473,98,250,0.18529415130615234
2474,99,250,0.18457603454589844
2475,1,260,1.8775238990783691
2476,2,260,1.4672551155090332
2477,3,260,1.252851963043213
2478,4,260,1.0187702178955078
2479,5,260,0.9294979572296143
2480,6,260,0.8205101490020752
2481,7,260,0.7004909515380859
2482,8,260,0.6607449054718018
2483,9,260,0.6024141311645508
2484,10,260,0.5591690540313721
2485,11,260,0.5402109622955322
2486,12,260,0.4943561553955078
2487,13,260,0.46267127990722656
2488,14,260,0.4541590213775635
2489,15,260,0.437716007232666
2490,16,260,0.42475223541259766
2491,17,260,0.4105048179626465
2492,18,260,0.4025280475616455
2493,19,260,0.3877401351928711
2494,20,260,0.381544828414917
2495,21,260,0.370250940322876
2496,22,260,0.3538801670074463
2497,23,260,0.35242271423339844
2498,24,260,0.34857821464538574
2499,25,260,0.34760308265686035
2500,26,260,0.33510398864746094
2501,27,260,0.3261740207672119
2502,28,260,0.3268699645996094
2503,29,260,0.31485676765441895
2504,30,260,0.3095581531524658
2505,31,260,0.3059101104736328
2506,32,260,0.3010671138763428
2507,33,260,0.295443058013916
2508,34,260,0.2911820411682129
2509,35,260,0.290877103805542
2510,36,260,0.2839970588684082
2511,37,260,0.28563976287841797
2512,38,260,0.28682494163513184
2513,39,260,0.2793920040130615
2514,40,260,0.27980804443359375
2515,41,260,0.27589988708496094
2516,42,260,0.2766411304473877
2517,43,260,0.2760188579559326
2518,44,260,0.2666940689086914
2519,45,260,0.2644481658935547
2520,46,260,0.26722097396850586
2521,47,260,0.26652073860168457
2522,48,260,0.26445889472961426
2523,49,260,0.2737400531768799
2524,50,260,0.26468920707702637
2525,51,260,0.2613718509674072
2526,52,260,0.2617368698120117
2527,53,260,0.2598609924316406
2528,54,260,0.25288891792297363
2529,55,260,0.2526819705963135
2530,56,260,0.2524278163909912
2531,57,260,0.2501518726348877
2532,58,260,0.2525632381439209
2533,59,260,0.25563693046569824
2534,60,260,0.2579948902130127
2535,61,260,0.25008082389831543
2536,62,260,0.25478291511535645
2537,63,260,0.24937176704406738
2538,64,260,0.24856877326965332
2539,65,260,0.24835205078125
2540,66,260,0.24708008766174316
2541,67,260,0.246690034866333
2542,68,260,0.24370121955871582
2543,69,260,0.2433478832244873
2544,70,260,0.24370980262756348
2545,71,260,0.24274301528930664
2546,72,260,0.24143290519714355
2547,73,260,0.23940706253051758
2548,74,260,0.23526287078857422
2549,75,260,0.24016213417053223
2550,76,260,0.23916196823120117
2551,77,260,0.23476505279541016
2552,78,260,0.23067116737365723
2553,79,260,0.2304980754852295
2554,80,260,0.2279517650604248
2555,81,260,0.22724413871765137
2556,82,260,0.22700071334838867
2557,83,260,0.22597813606262207
2558,84,260,0.22292375564575195
2559,85,260,0.2191486358642578
2560,86,260,0.22386598587036133
2561,87,260,0.22047805786132812
2562,88,260,0.21954894065856934
2563,89,260,0.2161722183227539
2564,90,260,0.21452713012695312
2565,91,260,0.21138715744018555
2566,92,260,0.21149110794067383
2567,93,260,0.2115800380706787
2568,94,260,0.20954585075378418
2569,95,260,0.20717597007751465
2570,96,260,0.20486974716186523
2571,97,260,0.20389699935913086
2572,98,260,0.1979990005493164
2573,99,260,0.1933908462524414
2574,1,270,1.9899330139160156
2575,2,270,2.1585519313812256
2576,3,270,1.3312709331512451
2577,4,270,1.1099672317504883
2578,5,270,1.0901739597320557
2579,6,270,0.910761833190918
2580,7,270,0.776151180267334
2581,8,270,0.7175092697143555
2582,9,270,0.642341136932373
2583,10,270,0.5990238189697266
2584,11,270,0.5672471523284912
2585,12,270,0.5371532440185547
2586,13,270,0.5068509578704834
2587,14,270,0.48017096519470215
2588,15,270,0.49200010299682617
2589,16,270,0.4481990337371826
2590,17,270,0.4361562728881836
2591,18,270,0.42883896827697754
2592,19,270,0.4125790596008301
2593,20,270,0.3976719379425049
2594,21,270,0.3848888874053955
2595,22,270,0.37656617164611816
2596,23,270,0.37406492233276367
2597,24,270,0.3710908889770508
2598,25,270,0.36016392707824707
2599,26,270,0.3590738773345947
2600,27,270,0.3506002426147461
2601,28,270,0.3410019874572754
2602,29,270,0.33516907691955566
2603,30,270,0.33591604232788086
2604,31,270,0.32837510108947754
2605,32,270,0.32395482063293457
2606,33,270,0.31998705863952637
2607,34,270,0.32050204277038574
2608,35,270,0.31387805938720703
2609,36,270,0.3137671947479248
2610,37,270,0.31114768981933594
2611,38,270,0.3058738708496094
2612,39,270,0.30481576919555664
2613,40,270,0.29962897300720215
2614,41,270,0.3025698661804199
2615,42,270,0.30039286613464355
2616,43,270,0.2939629554748535
2617,44,270,0.2892119884490967
2618,45,270,0.29221010208129883
2619,46,270,0.28847599029541016
2620,47,270,0.28861284255981445
2621,48,270,0.2808377742767334
2622,49,270,0.2903010845184326
2623,50,270,0.2910888195037842
2624,51,270,0.28516077995300293
2625,52,270,0.2793309688568115
2626,53,270,0.28174591064453125
2627,54,270,0.29967689514160156
2628,55,270,0.32825374603271484
2629,56,270,0.3286898136138916
2630,57,270,0.31466031074523926
2631,58,270,0.3062911033630371
2632,59,270,0.30417585372924805
2633,60,270,0.2899179458618164
2634,61,270,0.2979588508605957
2635,62,270,0.290294885635376
2636,63,270,0.32512998580932617
2637,64,270,0.30675697326660156
2638,65,270,0.3058500289916992
2639,66,270,0.29958295822143555
2640,67,270,0.2794687747955322
2641,68,270,0.26845693588256836
2642,69,270,0.26862096786499023
2643,70,270,0.2709670066833496
2644,71,270,0.2739870548248291
2645,72,270,0.2943229675292969
2646,73,270,0.30773401260375977
2647,74,270,0.2922029495239258
2648,75,270,0.2736639976501465
2649,76,270,0.2620842456817627
2650,77,270,0.2538418769836426
2651,78,270,0.2531771659851074
2652,79,270,0.2651350498199463
2653,80,270,0.2509031295776367
2654,81,270,0.25244784355163574
2655,82,270,0.25075602531433105
2656,83,270,0.24781298637390137
2657,84,270,0.24326491355895996
2658,85,270,0.24213099479675293
2659,86,270,0.24113678932189941
2660,87,270,0.23870301246643066
2661,88,270,0.23871111869812012
2662,89,270,0.23780488967895508
2663,90,270,0.23664307594299316
2664,91,270,0.23277592658996582
2665,92,270,0.23067617416381836
2666,93,270,0.22890210151672363
2667,94,270,0.22574782371520996
2668,95,270,0.25742387771606445
2669,96,270,0.25003981590270996
2670,97,270,0.27472901344299316
2671,98,270,0.2689530849456787
2672,99,270,0.2505619525909424
2673,1,280,2.392591714859009
2674,2,280,1.6996650695800781
2675,3,280,1.4522182941436768
2676,4,280,1.2066333293914795
2677,5,280,1.0805943012237549
2678,6,280,0.937042236328125
2679,7,280,0.8248710632324219
2680,8,280,0.7980899810791016
2681,9,280,0.7383873462677002
2682,10,280,0.6962108612060547
2683,11,280,0.6377601623535156
2684,12,280,0.6012899875640869
2685,13,280,0.618424654006958
2686,14,280,0.6006860733032227
2687,15,280,0.5602967739105225
2688,16,280,0.5262179374694824
2689,17,280,0.5777161121368408
2690,18,280,0.48755526542663574
2691,19,280,0.460723876953125
2692,20,280,0.44037485122680664
2693,21,280,0.42375993728637695
2694,22,280,0.4156920909881592
2695,23,280,0.4067249298095703
2696,24,280,0.40305113792419434
2697,25,280,0.3910400867462158
2698,26,280,0.3874180316925049
2699,27,280,0.38399386405944824
2700,28,280,0.37709593772888184
2701,29,280,0.3687007427215576
2702,30,280,0.36534619331359863
2703,31,280,0.3657703399658203
2704,32,280,0.3670661449432373
2705,33,280,0.35549092292785645
2706,34,280,0.35766077041625977
2707,35,280,0.3421909809112549
2708,36,280,0.3408651351928711
2709,37,280,0.3341786861419678
2710,38,280,0.3310399055480957
2711,39,280,0.3302879333496094
2712,40,280,0.3286712169647217
2713,41,280,0.3229031562805176
2714,42,280,0.32166385650634766
2715,43,280,0.31928110122680664
2716,44,280,0.31610798835754395
2717,45,280,0.3196980953216553
2718,46,280,0.31009602546691895
2719,47,280,0.30681395530700684
2720,48,280,0.30510687828063965
2721,49,280,0.305225133895874
2722,50,280,0.3111271858215332
2723,51,280,0.3021559715270996
2724,52,280,0.3048741817474365
2725,53,280,0.30109167098999023
2726,54,280,0.2982752323150635
2727,55,280,0.29502320289611816
2728,56,280,0.2965550422668457
2729,57,280,0.2929799556732178
2730,58,280,0.2908780574798584
2731,59,280,0.28998899459838867
2732,60,280,0.29010462760925293
2733,61,280,0.287534236907959
2734,62,280,0.2914860248565674
2735,63,280,0.28862428665161133
2736,64,280,0.30124711990356445
2737,65,280,0.3006911277770996
2738,66,280,0.29158616065979004
2739,67,280,0.28572702407836914
2740,68,280,0.28716492652893066
2741,69,280,0.28644299507141113
2742,70,280,0.28365421295166016
2743,71,280,0.2805969715118408
2744,72,280,0.2794501781463623
2745,73,280,0.27689409255981445
2746,74,280,0.2788701057434082
2747,75,280,0.27265214920043945
2748,76,280,0.27249884605407715
2749,77,280,0.2725381851196289
2750,78,280,0.2697179317474365
2751,79,280,0.2691929340362549
2752,80,280,0.27368807792663574
2753,81,280,0.2655038833618164
2754,82,280,0.2658560276031494
2755,83,280,0.26456570625305176
2756,84,280,0.26364898681640625
2757,85,280,0.2731661796569824
2758,86,280,0.2605161666870117
2759,87,280,0.2564198970794678
2760,88,280,0.25663018226623535
2761,89,280,0.2527611255645752
2762,90,280,0.25037097930908203
2763,91,280,0.24590778350830078
2764,92,280,0.24762678146362305
2765,93,280,0.24356698989868164
2766,94,280,0.2434067726135254
2767,95,280,0.24063897132873535
2768,96,280,0.24062204360961914
2769,97,280,0.23456811904907227
2770,98,280,0.2337188720703125
2771,99,280,0.22725820541381836
2772,1,290,2.3346822261810303
2773,2,290,1.803553819656372
2774,3,290,1.5569589138031006
2775,4,290,1.2993519306182861
2776,5,290,1.1473050117492676
2777,6,290,1.0004308223724365
2778,7,290,0.8939259052276611
2779,8,290,0.8137569427490234
2780,9,290,0.7441411018371582
2781,10,290,0.6904699802398682
2782,11,290,0.6520931720733643
2783,12,290,0.6196608543395996
2784,13,290,0.6059918403625488
2785,14,290,0.5635867118835449
2786,15,290,0.5441131591796875
2787,16,290,0.5163660049438477
2788,17,290,0.5001163482666016
2789,18,290,0.48360610008239746
2790,19,290,0.4736912250518799
2791,20,290,0.46036481857299805
2792,21,290,0.45272183418273926
2793,22,290,0.4430830478668213
2794,23,290,0.43189525604248047
2795,24,290,0.424849271774292
2796,25,290,0.41808009147644043
2797,26,290,0.4051167964935303
2798,27,290,0.39938902854919434
2799,28,290,0.3964657783508301
2800,29,290,0.3898749351501465
2801,30,290,0.38448095321655273
2802,31,290,0.37984585762023926
2803,32,290,0.3767721652984619
2804,33,290,0.37372469902038574
2805,34,290,0.3655259609222412
2806,35,290,0.3739011287689209
2807,36,290,0.35881876945495605
2808,37,290,0.3603940010070801
2809,38,290,0.35483527183532715
2810,39,290,0.3481409549713135
2811,40,290,0.3463916778564453
2812,41,290,0.34885406494140625
2813,42,290,0.3423008918762207
2814,43,290,0.3447997570037842
2815,44,290,0.3418459892272949
2816,45,290,0.3363628387451172
2817,46,290,0.33119702339172363
2818,47,290,0.334881067276001
2819,48,290,0.3307509422302246
2820,49,290,0.32950711250305176
2821,50,290,0.3239619731903076
2822,51,290,0.3205301761627197
2823,52,290,0.3195338249206543
2824,53,290,0.31441569328308105
2825,54,290,0.31778931617736816
2826,55,290,0.31316423416137695
2827,56,290,0.30952978134155273
2828,57,290,0.3105967044830322
2829,58,290,0.3087170124053955
2830,59,290,0.310258150100708
2831,60,290,0.30376482009887695
2832,61,290,0.30869507789611816
2833,62,290,0.3060281276702881
2834,63,290,0.30528903007507324
2835,64,290,0.3034811019897461
2836,65,290,0.31064772605895996
2837,66,290,0.31031179428100586
2838,67,290,0.30213212966918945
2839,68,290,0.30797886848449707
2840,69,290,0.304271936416626
2841,70,290,0.30039310455322266
2842,71,290,0.3013267517089844
2843,72,290,0.29703402519226074
2844,73,290,0.2956862449645996
2845,74,290,0.29058194160461426
2846,75,290,0.2922790050506592
2847,76,290,0.28792905807495117
2848,77,290,0.29024529457092285
2849,78,290,0.2858419418334961
2850,79,290,0.2839789390563965
2851,80,290,0.28365421295166016
2852,81,290,0.27907299995422363
2853,82,290,0.27777981758117676
2854,83,290,0.27519726753234863
2855,84,290,0.27683401107788086
2856,85,290,0.27423906326293945
2857,86,290,0.2747383117675781
2858,87,290,0.27265191078186035
2859,88,290,0.26709413528442383
2860,89,290,0.26627683639526367
2861,90,290,0.26676011085510254
2862,91,290,0.26178979873657227
2863,92,290,0.263031005859375
2864,93,290,0.2575061321258545
2865,94,290,0.25498104095458984
2866,95,290,0.2543609142303467
2867,96,290,0.25379300117492676
2868,97,290,0.2504689693450928
2869,98,290,0.2501718997955322
2870,99,290,0.24443888664245605
2871,1,300,2.4253220558166504
2872,2,300,1.9023470878601074
2873,3,300,1.6257977485656738
2874,4,300,1.3527989387512207
2875,5,300,1.2128512859344482
2876,6,300,1.0439879894256592
2877,7,300,0.9197709560394287
2878,8,300,0.8513011932373047
2879,9,300,0.7738409042358398
2880,10,300,0.7223641872406006
2881,11,300,0.6831021308898926
2882,12,300,0.6489958763122559
2883,13,300,0.6103780269622803
2884,14,300,0.584528923034668
2885,15,300,0.5641589164733887
2886,16,300,0.5436170101165771
2887,17,300,0.5272367000579834
2888,18,300,0.5097458362579346
2889,19,300,0.49880504608154297
2890,20,300,0.4839181900024414
2891,21,300,0.4730849266052246
2892,22,300,0.4631381034851074
2893,23,300,0.4543640613555908
2894,24,300,0.4422321319580078
2895,25,300,0.4319641590118408
2896,26,300,0.4297819137573242
2897,27,300,0.4211997985839844
2898,28,300,0.41635680198669434
2899,29,300,0.407214879989624
2900,30,300,0.40557003021240234
2901,31,300,0.4001772403717041
2902,32,300,0.5136339664459229
2903,33,300,0.4222128391265869
2904,34,300,0.3894650936126709
2905,35,300,0.3807680606842041
2906,36,300,0.3786752223968506
2907,37,300,0.3750598430633545
2908,38,300,0.3698298931121826
2909,39,300,0.363292932510376
2910,40,300,0.3692018985748291
2911,41,300,0.36265087127685547
2912,42,300,0.3620600700378418
2913,43,300,0.3562889099121094
2914,44,300,0.3564159870147705
2915,45,300,0.35121989250183105
2916,46,300,0.3534390926361084
2917,47,300,0.35219693183898926
2918,48,300,0.3461639881134033
2919,49,300,0.34346795082092285
2920,50,300,0.34420204162597656
2921,51,300,0.3390078544616699
2922,52,300,0.3348371982574463
2923,53,300,0.33246493339538574
2924,54,300,0.33315086364746094
2925,55,300,0.3301718235015869
2926,56,300,0.3324732780456543
2927,57,300,0.32996177673339844
2928,58,300,0.3298990726470947
2929,59,300,0.3258509635925293
2930,60,300,0.3249788284301758
2931,61,300,0.32460689544677734
2932,62,300,0.3251357078552246
2933,63,300,0.32309412956237793
2934,64,300,0.3222641944885254
2935,65,300,0.320296049118042
2936,66,300,0.31913208961486816
2937,67,300,0.3195021152496338
2938,68,300,0.31739377975463867
2939,69,300,0.3157081604003906
2940,70,300,0.3145122528076172
2941,71,300,0.312075138092041
2942,72,300,0.3144378662109375
2943,73,300,0.3131420612335205
2944,74,300,0.31241607666015625
2945,75,300,0.30802297592163086
2946,76,300,0.3081347942352295
2947,77,300,0.30604004859924316
2948,78,300,0.30666232109069824
2949,79,300,0.3058040142059326
2950,80,300,0.3010880947113037
2951,81,300,0.3001418113708496
2952,82,300,0.30011916160583496
2953,83,300,0.2960059642791748
2954,84,300,0.29347681999206543
2955,85,300,0.2931678295135498
2956,86,300,0.2881009578704834
2957,87,300,0.28842902183532715
2958,88,300,0.28765392303466797
2959,89,300,0.2849748134613037
2960,90,300,0.28529810905456543
2961,91,300,0.27954888343811035
2962,92,300,0.27848219871520996
2963,93,300,0.27332305908203125
2964,94,300,0.2752518653869629
2965,95,300,0.2712881565093994
2966,96,300,0.26599884033203125
2967,97,300,0.2638700008392334
2968,98,300,0.26378703117370605
2969,99,300,0.2598888874053955
2970,1,310,2.5842349529266357
2971,2,310,2.026495933532715
2972,3,310,1.7405221462249756
2973,4,310,1.439452886581421
2974,5,310,1.3123469352722168
2975,6,310,1.1638820171356201
2976,7,310,1.0006940364837646
2977,8,310,0.9408988952636719
2978,9,310,0.8536770343780518
2979,10,310,0.783170223236084
2980,11,310,0.7371337413787842
2981,12,310,0.6998550891876221
2982,13,310,0.6672770977020264
2983,14,310,0.6369819641113281
2984,15,310,0.6132690906524658
2985,16,310,0.5850141048431396
2986,17,310,0.5711188316345215
2987,18,310,0.5529289245605469
2988,19,310,0.5325150489807129
2989,20,310,0.5227360725402832
2990,21,310,0.5113520622253418
2991,22,310,0.5015900135040283
2992,23,310,0.48754405975341797
2993,24,310,0.477280855178833
2994,25,310,0.46893811225891113
2995,26,310,0.45900511741638184
2996,27,310,0.45847582817077637
2997,28,310,0.4527449607849121
2998,29,310,0.44139695167541504
2999,30,310,0.4402580261230469
3000,31,310,0.43268513679504395
3001,32,310,0.4285731315612793
3002,33,310,0.4221179485321045
3003,34,310,0.41684389114379883
3004,35,310,0.41581273078918457
3005,36,310,0.41018104553222656
3006,37,310,0.4055798053741455
3007,38,310,0.4015207290649414
3008,39,310,0.39633893966674805
3009,40,310,0.39123010635375977
3010,41,310,0.3912839889526367
3011,42,310,0.38745808601379395
3012,43,310,0.3869960308074951
3013,44,310,0.3879716396331787
3014,45,310,0.39448118209838867
3015,46,310,0.3812289237976074
3016,47,310,0.37450194358825684
3017,48,310,0.37792181968688965
3018,49,310,0.3786170482635498
3019,50,310,0.37397098541259766
3020,51,310,0.3734622001647949
3021,52,310,0.3696110248565674
3022,53,310,0.36841392517089844
3023,54,310,0.3668041229248047
3024,55,310,0.3636789321899414
3025,56,310,0.36035799980163574
3026,57,310,0.35938191413879395
3027,58,310,0.3591129779815674
3028,59,310,0.36016082763671875
3029,60,310,0.3556201457977295
3030,61,310,0.35562992095947266
3031,62,310,0.3552238941192627
3032,63,310,0.35345005989074707
3033,64,310,0.34690093994140625
3034,65,310,0.3518657684326172
3035,66,310,0.3494710922241211
3036,67,310,0.3480961322784424
3037,68,310,0.41211986541748047
3038,69,310,0.35409998893737793
3039,70,310,0.4220438003540039
3040,71,310,0.3410189151763916
3041,72,310,0.3521389961242676
3042,73,310,0.34760117530822754
3043,74,310,0.3416721820831299
3044,75,310,0.3320770263671875
3045,76,310,0.3284339904785156
3046,77,310,0.33031415939331055
3047,78,310,0.3278069496154785
3048,79,310,0.32456326484680176
3049,80,310,0.3216688632965088
3050,81,310,0.31862521171569824
3051,82,310,0.32520174980163574
3052,83,310,0.32213306427001953
3053,84,310,0.322843074798584
3054,85,310,0.321652889251709
3055,86,310,0.316054105758667
3056,87,310,0.31559085845947266
3057,88,310,0.3139820098876953
3058,89,310,0.308635950088501
3059,90,310,0.30993032455444336
3060,91,310,0.3078160285949707
3061,92,310,0.3041038513183594
3062,93,310,0.3037087917327881
3063,94,310,0.29943180084228516
3064,95,310,0.30173492431640625
3065,96,310,0.2924537658691406
3066,97,310,0.2943720817565918
3067,98,310,0.2898869514465332
3068,99,310,0.28787779808044434
3069,1,320,2.8198251724243164
3070,2,320,2.208402156829834
3071,3,320,1.917052984237671
3072,4,320,1.5753679275512695
3073,5,320,1.410649061203003
3074,6,320,1.2236859798431396
3075,7,320,1.077451229095459
3076,8,320,0.9940879344940186
3077,9,320,0.9078080654144287
3078,10,320,0.8306596279144287
3079,11,320,0.7803928852081299
3080,12,320,0.7415590286254883
3081,13,320,0.7006130218505859
3082,14,320,0.6728696823120117
3083,15,320,0.6494929790496826
3084,16,320,0.6234219074249268
3085,17,320,0.6045727729797363
3086,18,320,0.5895059108734131
3087,19,320,0.5698339939117432
3088,20,320,0.5524461269378662
3089,21,320,0.5442779064178467
3090,22,320,0.5319709777832031
3091,23,320,0.5219240188598633
3092,24,320,0.5116908550262451
3093,25,320,0.500391960144043
3094,26,320,0.49361395835876465
3095,27,320,0.4858059883117676
3096,28,320,0.4767279624938965
3097,29,320,0.46722912788391113
3098,30,320,0.4625537395477295
3099,31,320,0.4601321220397949
3100,32,320,0.4537630081176758
3101,33,320,0.4491121768951416
3102,34,320,0.4439232349395752
3103,35,320,0.43978404998779297
3104,36,320,0.4363410472869873
3105,37,320,0.4288978576660156
3106,38,320,0.4290759563446045
3107,39,320,0.4242899417877197
3108,40,320,0.4229757785797119
3109,41,320,0.41252994537353516
3110,42,320,0.4140191078186035
3111,43,320,0.4090423583984375
3112,44,320,0.40721988677978516
3113,45,320,0.40233778953552246
3114,46,320,0.4023430347442627
3115,47,320,0.3985610008239746
3116,48,320,0.39996981620788574
3117,49,320,0.394895076751709
3118,50,320,0.3932809829711914
3119,51,320,0.39159679412841797
3120,52,320,0.38921618461608887
3121,53,320,0.38694214820861816
3122,54,320,0.3843860626220703
3123,55,320,0.3779001235961914
3124,56,320,0.3798515796661377
3125,57,320,0.37261009216308594
3126,58,320,0.3760712146759033
3127,59,320,0.3713390827178955
3128,60,320,0.37456679344177246
3129,61,320,0.37306690216064453
3130,62,320,0.37081313133239746
3131,63,320,0.3687279224395752
3132,64,320,0.367581844329834
3133,65,320,0.36684489250183105
3134,66,320,0.3702988624572754
3135,67,320,0.36391592025756836
3136,68,320,0.36307811737060547
3137,69,320,0.3621230125427246
3138,70,320,0.35999393463134766
3139,71,320,0.36237287521362305
3140,72,320,0.36041808128356934
3141,73,320,0.3617379665374756
3142,74,320,0.3594400882720947
3143,75,320,0.3558931350708008
3144,76,320,0.35680723190307617
3145,77,320,0.3543581962585449
3146,78,320,0.35121798515319824
3147,79,320,0.3497023582458496
3148,80,320,0.3504149913787842
3149,81,320,0.34495115280151367
3150,82,320,0.3415670394897461
3151,83,320,0.3369719982147217
3152,84,320,0.3377981185913086
3153,85,320,0.33719921112060547
3154,86,320,0.33443665504455566
3155,87,320,0.3313939571380615
3156,88,320,0.33055901527404785
3157,89,320,0.32569003105163574
3158,90,320,0.32424020767211914
3159,91,320,0.31836676597595215
3160,92,320,0.32213830947875977
3161,93,320,0.3149881362915039
3162,94,320,0.3159618377685547
3163,95,320,0.3124399185180664
3164,96,320,0.31177592277526855
3165,97,320,0.3063008785247803
3166,98,320,0.3040170669555664
3167,99,320,0.2995789051055908
3168,1,330,2.970808744430542
3169,2,330,2.359070062637329
3170,3,330,1.9769690036773682
3171,4,330,1.6326358318328857
3172,5,330,1.467052936553955
3173,6,330,1.2626090049743652
3174,7,330,1.1101350784301758
3175,8,330,1.023216962814331
3176,9,330,0.9488482475280762
3177,10,330,0.8665790557861328
3178,11,330,0.8220019340515137
3179,12,330,0.7782919406890869
3180,13,330,0.7417957782745361
3181,14,330,0.7102890014648438
3182,15,330,0.6872749328613281
3183,16,330,0.659783124923706
3184,17,330,0.6422591209411621
3185,18,330,0.618217945098877
3186,19,330,0.5990469455718994
3187,20,330,0.5841999053955078
3188,21,330,0.5775010585784912
3189,22,330,0.5612657070159912
3190,23,330,0.5446531772613525
3191,24,330,0.5390200614929199
3192,25,330,0.5274100303649902
3193,26,330,0.518608808517456
3194,27,330,0.5115909576416016
3195,28,330,0.5037469863891602
3196,29,330,0.4939126968383789
3197,30,330,0.4922606945037842
3198,31,330,0.48172712326049805
3199,32,330,0.4845597743988037
3200,33,330,0.47528886795043945
3201,34,330,0.46690988540649414
3202,35,330,0.46143317222595215
3203,36,330,0.4584519863128662
3204,37,330,0.4603149890899658
3205,38,330,0.4479200839996338
3206,39,330,0.4440617561340332
3207,40,330,0.44318389892578125
3208,41,330,0.44072484970092773
3209,42,330,0.43281984329223633
3210,43,330,0.4277832508087158
3211,44,330,0.4286947250366211
3212,45,330,0.4252431392669678
3213,46,330,0.4248158931732178
3214,47,330,0.42327404022216797
3215,48,330,0.41742897033691406
3216,49,330,0.41980814933776855
3217,50,330,0.4156508445739746
3218,51,330,0.4147169589996338
3219,52,330,0.40787792205810547
3220,53,330,0.41097021102905273
3221,54,330,0.40479207038879395
3222,55,330,0.4020349979400635
3223,56,330,0.3957250118255615
3224,57,330,0.39498186111450195
3225,58,330,0.3880729675292969
3226,59,330,0.3914780616760254
3227,60,330,0.38863706588745117
3228,61,330,0.3872661590576172
3229,62,330,0.3888711929321289
3230,63,330,0.39203596115112305
3231,64,330,0.38359498977661133
3232,65,330,0.3843119144439697
3233,66,330,0.3850417137145996
3234,67,330,0.382885217666626
3235,68,330,0.4021129608154297
3236,69,330,0.38022613525390625
3237,70,330,0.38147711753845215
3238,71,330,0.3762681484222412
3239,72,330,0.37533020973205566
3240,73,330,0.37669992446899414
3241,74,330,0.3745291233062744
3242,75,330,0.37273287773132324
3243,76,330,0.3707730770111084
3244,77,330,0.36993885040283203
3245,78,330,0.3674790859222412
3246,79,330,0.36927318572998047
3247,80,330,0.36289215087890625
3248,81,330,0.3620171546936035
3249,82,330,0.35928893089294434
3250,83,330,0.3568589687347412
3251,84,330,0.35427212715148926
3252,85,330,0.3538088798522949
3253,86,330,0.3517491817474365
3254,87,330,0.3547859191894531
3255,88,330,0.3461291790008545
3256,89,330,0.34305286407470703
3257,90,330,0.33918070793151855
3258,91,330,0.3390169143676758
3259,92,330,0.3326070308685303
3260,93,330,0.32955408096313477
3261,94,330,0.3252449035644531
3262,95,330,0.33164501190185547
3263,96,330,0.32631993293762207
3264,97,330,0.3234901428222656
3265,98,330,0.31839513778686523
3266,99,330,0.31546497344970703
3267,1,340,3.096143960952759
3268,2,340,2.4298391342163086
3269,3,340,2.0812058448791504
3270,4,340,1.7237319946289062
3271,5,340,1.5534021854400635
3272,6,340,1.3363111019134521
3273,7,340,1.1717643737792969
3274,8,340,1.0853850841522217
3275,9,340,1.0138070583343506
3276,10,340,0.9260931015014648
3277,11,340,0.8766710758209229
3278,12,340,0.830808162689209
3279,13,340,0.78330397605896
3280,14,340,0.7499949932098389
3281,15,340,0.7273738384246826
3282,16,340,0.7000010013580322
3283,17,340,0.6724638938903809
3284,18,340,0.6570818424224854
3285,19,340,0.6384932994842529
3286,20,340,0.6244220733642578
3287,21,340,0.6053938865661621
3288,22,340,0.5942080020904541
3289,23,340,0.5787780284881592
3290,24,340,0.5720779895782471
3291,25,340,0.5609989166259766
3292,26,340,0.5468959808349609
3293,27,340,0.5391349792480469
3294,28,340,0.529778003692627
3295,29,340,0.5241436958312988
3296,30,340,0.5212087631225586
3297,31,340,0.5074219703674316
3298,32,340,0.5018320083618164
3299,33,340,0.5016500949859619
3300,34,340,0.49300098419189453
3301,35,340,0.4877951145172119
3302,36,340,0.4813220500946045
3303,37,340,0.4784278869628906
3304,38,340,0.48003625869750977
3305,39,340,0.4686861038208008
3306,40,340,0.4678919315338135
3307,41,340,0.4656691551208496
3308,42,340,0.4593520164489746
3309,43,340,0.4512181282043457
3310,44,340,0.45038509368896484
3311,45,340,0.44828200340270996
3312,46,340,0.44580578804016113
3313,47,340,0.44451093673706055
3314,48,340,0.4413330554962158
3315,49,340,0.4413278102874756
3316,50,340,0.4378781318664551
3317,51,340,0.43135523796081543
3318,52,340,0.43416690826416016
3319,53,340,0.42885828018188477
3320,54,340,0.43065905570983887
3321,55,340,0.42609620094299316
3322,56,340,0.42757701873779297
3323,57,340,0.4210059642791748
3324,58,340,0.4171772003173828
3325,59,340,0.4134221076965332
3326,60,340,0.4132242202758789
3327,61,340,0.41269993782043457
3328,62,340,0.4110438823699951
3329,63,340,0.4105219841003418
3330,64,340,0.41332006454467773
3331,65,340,0.4100971221923828
3332,66,340,0.4090580940246582
3333,67,340,0.41035914421081543
3334,68,340,0.4124269485473633
3335,69,340,0.4069797992706299
3336,70,340,0.4054887294769287
3337,71,340,0.3997981548309326
3338,72,340,0.40427708625793457
3339,73,340,0.39962100982666016
3340,74,340,0.4026641845703125
3341,75,340,0.3947329521179199
3342,76,340,0.4008631706237793
3343,77,340,0.3926699161529541
3344,78,340,0.3949151039123535
3345,79,340,0.3907182216644287
3346,80,340,0.3884432315826416
3347,81,340,0.38413000106811523
3348,82,340,0.3834407329559326
3349,83,340,0.3766970634460449
3350,84,340,0.37580227851867676
3351,85,340,0.3735952377319336
3352,86,340,0.37134408950805664
3353,87,340,0.36820197105407715
3354,88,340,0.36733388900756836
3355,89,340,0.3625011444091797
3356,90,340,0.3629119396209717
3357,91,340,0.35773706436157227
3358,92,340,0.3544881343841553
3359,93,340,0.35251498222351074
3360,94,340,0.35251927375793457
3361,95,340,0.3457059860229492
3362,96,340,0.34136223793029785
3363,97,340,0.339296817779541
3364,98,340,0.33681678771972656
3365,99,340,0.3326568603515625
3366,1,350,3.284393787384033
3367,2,350,2.550694227218628
3368,3,350,2.198438882827759
3369,4,350,1.8117880821228027
3370,5,350,1.6390690803527832
3371,6,350,1.425304651260376
3372,7,350,1.2520437240600586
3373,8,350,1.1542940139770508
3374,9,350,1.0633420944213867
3375,10,350,0.9781129360198975
3376,11,350,0.9229819774627686
3377,12,350,0.8732430934906006
3378,13,350,0.8271911144256592
3379,14,350,0.7967860698699951
3380,15,350,0.7716038227081299
3381,16,350,0.7407758235931396
3382,17,350,0.842818021774292
3383,18,350,0.712522029876709
3384,19,350,0.676508903503418
3385,20,350,0.6605019569396973
3386,21,350,0.6808829307556152
3387,22,350,0.652911901473999
3388,23,350,0.6278316974639893
3389,24,350,0.6341719627380371
3390,25,350,0.6200859546661377
3391,26,350,0.5908548831939697
3392,27,350,0.5852169990539551
3393,28,350,0.5733399391174316
3394,29,350,0.5670638084411621
3395,30,350,0.5635349750518799
3396,31,350,0.5650589466094971
3397,32,350,0.5529017448425293
3398,33,350,0.5495541095733643
3399,34,350,0.5464940071105957
3400,35,350,0.5224289894104004
3401,36,350,0.5130939483642578
3402,37,350,0.5102219581604004
3403,38,350,0.5035192966461182
3404,39,350,0.5044779777526855
3405,40,350,0.6467759609222412
3406,41,350,0.505903959274292
3407,42,350,0.5206677913665771
3408,43,350,0.5049006938934326
3409,44,350,0.5066609382629395
3410,45,350,0.5071890354156494
3411,46,350,0.5059950351715088
3412,47,350,0.5061070919036865
3413,48,350,0.5037298202514648
3414,49,350,0.5032579898834229
3415,50,350,0.4865400791168213
3416,51,350,0.4916069507598877
3417,52,350,0.49124574661254883
3418,53,350,0.4896540641784668
3419,54,350,0.4812147617340088
3420,55,350,0.48964881896972656
3421,56,350,0.48120903968811035
3422,57,350,0.4695732593536377
3423,58,350,0.45061588287353516
3424,59,350,0.44305920600891113
3425,60,350,0.434798002243042
3426,61,350,0.43915891647338867
3427,62,350,0.4365561008453369
3428,63,350,0.44316625595092773
3429,64,350,0.4283788204193115
3430,65,350,0.43189501762390137
3431,66,350,0.4287540912628174
3432,67,350,0.4302029609680176
3433,68,350,0.42754411697387695
3434,69,350,0.42639589309692383
3435,70,350,0.4389479160308838
3436,71,350,0.43641090393066406
3437,72,350,0.4325103759765625
3438,73,350,0.4304361343383789
3439,74,350,0.4341466426849365
3440,75,350,0.4297962188720703
3441,76,350,0.4259650707244873
3442,77,350,0.42606425285339355
3443,78,350,0.42182397842407227
3444,79,350,0.42027902603149414
3445,80,350,0.42191290855407715
3446,81,350,0.42000389099121094
3447,82,350,0.41361117362976074
3448,83,350,0.4125819206237793
3449,84,350,0.40989017486572266
3450,85,350,0.408905029296875
3451,86,350,0.4059028625488281
3452,87,350,0.4029529094696045
3453,88,350,0.3993699550628662
3454,89,350,0.3919661045074463
3455,90,350,0.39017796516418457
3456,91,350,0.38950395584106445
3457,92,350,0.38347482681274414
3458,93,350,0.4539928436279297
3459,94,350,0.3844261169433594
3460,95,350,0.3725309371948242
3461,96,350,0.43062710762023926
3462,97,350,0.38045811653137207
3463,98,350,0.37184977531433105
3464,99,350,0.3560318946838379
3465,1,360,3.5275299549102783
3466,2,360,2.783083915710449
3467,3,360,2.3785901069641113
3468,4,360,1.97337007522583
3469,5,360,1.7687170505523682
3470,6,360,1.5466301441192627
3471,7,360,1.3450350761413574
3472,8,360,1.2405221462249756
3473,9,360,1.142336130142212
3474,10,360,1.0595719814300537
3475,11,360,0.9937231540679932
3476,12,360,0.927959680557251
3477,13,360,0.8786540031433105
3478,14,360,0.8443789482116699
3479,15,360,0.8123941421508789
3480,16,360,0.7855720520019531
3481,17,360,0.7525482177734375
3482,18,360,0.7370421886444092
3483,19,360,0.7102479934692383
3484,20,360,0.6923069953918457
3485,21,360,0.6782770156860352
3486,22,360,0.6648261547088623
3487,23,360,0.6494278907775879
3488,24,360,0.6379721164703369
3489,25,360,0.6249029636383057
3490,26,360,0.6156480312347412
3491,27,360,0.6060950756072998
3492,28,360,0.5989289283752441
3493,29,360,0.5908451080322266
3494,30,360,0.5842840671539307
3495,31,360,0.578582763671875
3496,32,360,0.5694358348846436
3497,33,360,0.5536239147186279
3498,34,360,0.5546910762786865
3499,35,360,0.5484540462493896
3500,36,360,0.5428450107574463
3501,37,360,0.5359542369842529
3502,38,360,0.5337121486663818
3503,39,360,0.5289638042449951
3504,40,360,0.5282912254333496
3505,41,360,0.5194768905639648
3506,42,360,0.5147557258605957
3507,43,360,0.5135900974273682
3508,44,360,0.5114052295684814
3509,45,360,0.5053129196166992
3510,46,360,0.5005660057067871
3511,47,360,0.48726606369018555
3512,48,360,0.49596118927001953
3513,49,360,0.4909799098968506
3514,50,360,0.4896571636199951
3515,51,360,0.48789501190185547
3516,52,360,0.4848010540008545
3517,53,360,0.48337793350219727
3518,54,360,0.47853803634643555
3519,55,360,0.4768669605255127
3520,56,360,0.4742391109466553
3521,57,360,0.4714949131011963
3522,58,360,0.4714350700378418
3523,59,360,0.46936798095703125
3524,60,360,0.4670908451080322
3525,61,360,0.4630551338195801
3526,62,360,0.46305418014526367
3527,63,360,0.45586705207824707
3528,64,360,0.4586501121520996
3529,65,360,0.4577641487121582
3530,66,360,0.48038291931152344
3531,67,360,0.4523589611053467
3532,68,360,0.45720505714416504
3533,69,360,0.453449010848999
3534,70,360,0.4548778533935547
3535,71,360,0.45343899726867676
3536,72,360,0.4538412094116211
3537,73,360,0.44855308532714844
3538,74,360,0.4441499710083008
3539,75,360,0.44354820251464844
3540,76,360,0.4421830177307129
3541,77,360,0.43903684616088867
3542,78,360,0.4468209743499756
3543,79,360,0.44121766090393066
3544,80,360,0.4334299564361572
3545,81,360,0.4337618350982666
3546,82,360,0.4282660484313965
3547,83,360,0.4250931739807129
3548,84,360,0.42005491256713867
3549,85,360,0.41884326934814453
3550,86,360,0.4174766540527344
3551,87,360,0.4129307270050049
3552,88,360,0.4140439033508301
3553,89,360,0.40801405906677246
3554,90,360,0.40659523010253906
3555,91,360,0.39966797828674316
3556,92,360,0.3990919589996338
3557,93,360,0.3968379497528076
3558,94,360,0.39046597480773926
3559,95,360,0.3907907009124756
3560,96,360,0.3879091739654541
3561,97,360,0.37988996505737305
3562,98,360,0.3789479732513428
3563,99,360,0.3730640411376953
3564,1,370,3.6771788597106934
3565,2,370,2.8563027381896973
3566,3,370,2.474997043609619
3567,4,370,2.0394279956817627
3568,5,370,1.8343722820281982
3569,6,370,1.5846140384674072
3570,7,370,1.3951458930969238
3571,8,370,1.2833552360534668
3572,9,370,1.1852951049804688
3573,10,370,1.0864238739013672
3574,11,370,1.0309090614318848
3575,12,370,0.9830999374389648
3576,13,370,0.9321889877319336
3577,14,370,0.8921189308166504
3578,15,370,0.8627591133117676
3579,16,370,0.8243861198425293
3580,17,370,0.7940640449523926
3581,18,370,0.7775917053222656
3582,19,370,0.7573049068450928
3583,20,370,0.7438418865203857
3584,21,370,0.7181377410888672
3585,22,370,0.6977927684783936
3586,23,370,0.685128927230835
3587,24,370,0.6803028583526611
3588,25,370,0.669835090637207
3589,26,370,0.6591799259185791
3590,27,370,0.6455140113830566
3591,28,370,0.632849931716919
3592,29,370,0.6330931186676025
3593,30,370,0.6198348999023438
3594,31,370,0.6081650257110596
3595,32,370,0.6094090938568115
3596,33,370,0.604252815246582
3597,34,370,0.6149160861968994
3598,35,370,0.5928888320922852
3599,36,370,0.5939509868621826
3600,37,370,0.5822651386260986
3601,38,370,0.5733160972595215
3602,39,370,0.5664429664611816
3603,40,370,0.5589878559112549
3604,41,370,0.5642058849334717
3605,42,370,0.5477609634399414
3606,43,370,0.5453650951385498
3607,44,370,0.5391418933868408
3608,45,370,0.5364179611206055
3609,46,370,0.5358400344848633
3610,47,370,0.5319459438323975
3611,48,370,0.5325140953063965
3612,49,370,0.5411238670349121
3613,50,370,0.528235912322998
3614,51,370,0.5165729522705078
3615,52,370,0.5175268650054932
3616,53,370,0.5168519020080566
3617,54,370,0.5153138637542725
3618,55,370,0.5156919956207275
3619,56,370,0.5115058422088623
3620,57,370,0.5139081478118896
3621,58,370,0.5032858848571777
3622,59,370,0.518002986907959
3623,60,370,0.5050511360168457
3624,61,370,0.5007288455963135
3625,62,370,0.49646472930908203
3626,63,370,0.4894709587097168
3627,64,370,0.4854409694671631
3628,65,370,0.48389387130737305
3629,66,370,0.47922611236572266
3630,67,370,0.4859201908111572
3631,68,370,0.4788680076599121
3632,69,370,0.4822351932525635
3633,70,370,0.4767189025878906
3634,71,370,0.4804248809814453
3635,72,370,0.47776198387145996
3636,73,370,0.4790380001068115
3637,74,370,0.4817023277282715
3638,75,370,0.4816761016845703
3639,76,370,0.4749131202697754
3640,77,370,0.4635038375854492
3641,78,370,0.46633315086364746
3642,79,370,0.4638557434082031
3643,80,370,0.4579582214355469
3644,81,370,0.4569091796875
3645,82,370,0.4519689083099365
3646,83,370,0.45226478576660156
3647,84,370,0.4537851810455322
3648,85,370,0.450653076171875
3649,86,370,0.44480323791503906
3650,87,370,0.4447343349456787
3651,88,370,0.4423239231109619
3652,89,370,0.43831300735473633
3653,90,370,0.4343068599700928
3654,91,370,0.43096494674682617
3655,92,370,0.4264070987701416
3656,93,370,0.42692136764526367
3657,94,370,0.41783618927001953
3658,95,370,0.4125838279724121
3659,96,370,0.4088099002838135
3660,97,370,0.4079549312591553
3661,98,370,0.4014773368835449
3662,99,370,0.4005889892578125
3663,1,380,3.926481008529663
3664,2,380,3.068372964859009
3665,3,380,2.612992763519287
3666,4,380,2.179327964782715
3667,5,380,1.950636863708496
3668,6,380,1.709144115447998
3669,7,380,1.4902629852294922
3670,8,380,1.3815891742706299
3671,9,380,1.2570428848266602
3672,10,380,1.1759331226348877
3673,11,380,1.1054987907409668
3674,12,380,1.0452690124511719
3675,13,380,0.9861750602722168
3676,14,380,0.9467341899871826
3677,15,380,0.9005060195922852
3678,16,380,0.8884837627410889
3679,17,380,0.8462798595428467
3680,18,380,0.8269598484039307
3681,19,380,0.8013088703155518
3682,20,380,0.7800509929656982
3683,21,380,0.7693030834197998
3684,22,380,0.7532081604003906
3685,23,380,0.7309281826019287
3686,24,380,0.7183802127838135
3687,25,380,0.7081561088562012
3688,26,380,0.6948838233947754
3689,27,380,0.6851248741149902
3690,28,380,0.6748957633972168
3691,29,380,0.6636390686035156
3692,30,380,0.6611268520355225
3693,31,380,0.6565871238708496
3694,32,380,0.6458170413970947
3695,33,380,0.6400749683380127
3696,34,380,0.6343767642974854
3697,35,380,0.6208271980285645
3698,36,380,0.618419885635376
3699,37,380,0.6122848987579346
3700,38,380,0.5970649719238281
3701,39,380,0.5937919616699219
3702,40,380,0.585705041885376
3703,41,380,0.5807139873504639
3704,42,380,0.5821752548217773
3705,43,380,0.5758981704711914
3706,44,380,0.5764889717102051
3707,45,380,0.5713591575622559
3708,46,380,0.5781421661376953
3709,47,380,0.5660619735717773
3710,48,380,0.5640199184417725
3711,49,380,0.5503926277160645
3712,50,380,0.5503501892089844
3713,51,380,0.5426409244537354
3714,52,380,0.5462181568145752
3715,53,380,0.5490410327911377
3716,54,380,0.5437498092651367
3717,55,380,0.539820671081543
3718,56,380,0.5340120792388916
3719,57,380,0.5288200378417969
3720,58,380,0.5282688140869141
3721,59,380,0.5248398780822754
3722,60,380,0.5231959819793701
3723,61,380,0.5242371559143066
3724,62,380,0.5248880386352539
3725,63,380,0.5177619457244873
3726,64,380,0.5176479816436768
3727,65,380,0.5146420001983643
3728,66,380,0.5151679515838623
3729,67,380,0.5083200931549072
3730,68,380,0.5076117515563965
3731,69,380,0.5130932331085205
3732,70,380,0.5129077434539795
3733,71,380,0.5097072124481201
3734,72,380,0.507225751876831
3735,73,380,0.5076160430908203
3736,74,380,0.5105330944061279
3737,75,380,0.4961059093475342
3738,76,380,0.49706387519836426
3739,77,380,0.49485301971435547
3740,78,380,0.4968419075012207
3741,79,380,0.4915468692779541
3742,80,380,0.488616943359375
3743,81,380,0.4858248233795166
3744,82,380,0.4841420650482178
3745,83,380,0.4788789749145508
3746,84,380,0.47527289390563965
3747,85,380,0.47641420364379883
3748,86,380,0.4715301990509033
3749,87,380,0.46516895294189453
3750,88,380,0.4672698974609375
3751,89,380,0.4583911895751953
3752,90,380,0.4572129249572754
3753,91,380,0.45327305793762207
3754,92,380,0.45024609565734863
3755,93,380,0.44678592681884766
3756,94,380,0.44431471824645996
3757,95,380,0.4409661293029785
3758,96,380,0.4317739009857178
3759,97,380,0.43697619438171387
3760,98,380,0.426469087600708
3761,99,380,0.4217829704284668
3762,1,390,4.150170803070068
3763,2,390,3.2379467487335205
3764,3,390,2.7698419094085693
3765,4,390,2.2759511470794678
3766,5,390,2.0516281127929688
3767,6,390,1.7837717533111572
3768,7,390,1.5855867862701416
3769,8,390,1.4510760307312012
3770,9,390,1.3307991027832031
3771,10,390,1.222815990447998
3772,11,390,1.1663529872894287
3773,12,390,1.102602243423462
3774,13,390,1.0412657260894775
3775,14,390,0.9952800273895264
3776,15,390,0.9702560901641846
3777,16,390,0.9257149696350098
3778,17,390,0.8933980464935303
3779,18,390,0.8620579242706299
3780,19,390,0.8386740684509277
3781,20,390,0.8171229362487793
3782,21,390,0.8193151950836182
3783,22,390,0.7940719127655029
3784,23,390,0.7733759880065918
3785,24,390,0.760483980178833
3786,25,390,0.7484951019287109
3787,26,390,0.7274389266967773
3788,27,390,0.724510908126831
3789,28,390,0.7171142101287842
3790,29,390,0.7047591209411621
3791,30,390,0.6940648555755615
3792,31,390,0.6789100170135498
3793,32,390,0.6721642017364502
3794,33,390,0.6613688468933105
3795,34,390,0.6681089401245117
3796,35,390,0.6587579250335693
3797,36,390,0.6384639739990234
3798,37,390,0.6408910751342773
3799,38,390,0.637753963470459
3800,39,390,0.6261088848114014
3801,40,390,0.6354849338531494
3802,41,390,0.6278970241546631
3803,42,390,0.6166830062866211
3804,43,390,0.611792802810669
3805,44,390,0.6086232662200928
3806,45,390,0.5996360778808594
3807,46,390,0.5999400615692139
3808,47,390,0.5987038612365723
3809,48,390,0.5879790782928467
3810,49,390,0.5952048301696777
3811,50,390,0.5873231887817383
3812,51,390,0.5906097888946533
3813,52,390,0.5779500007629395
3814,53,390,0.5725429058074951
3815,54,390,0.5735769271850586
3816,55,390,0.5740118026733398
3817,56,390,0.5647156238555908
3818,57,390,0.5606732368469238
3819,58,390,0.5612788200378418
3820,59,390,0.5645599365234375
3821,60,390,0.5625109672546387
3822,61,390,0.554041862487793
3823,62,390,0.5474460124969482
3824,63,390,0.5493388175964355
3825,64,390,0.5439631938934326
3826,65,390,0.5512897968292236
3827,66,390,0.545161247253418
3828,67,390,0.5458388328552246
3829,68,390,0.5345988273620605
3830,69,390,0.5284931659698486
3831,70,390,0.5310931205749512
3832,71,390,0.530587911605835
3833,72,390,0.5257680416107178
3834,73,390,0.5295150279998779
3835,74,390,0.5259487628936768
3836,75,390,0.5212719440460205
3837,76,390,0.5165870189666748
3838,77,390,0.5160479545593262
3839,78,390,0.5136399269104004
3840,79,390,0.5160918235778809
3841,80,390,0.5112478733062744
3842,81,390,0.5085058212280273
3843,82,390,0.5046989917755127
3844,83,390,0.5018930435180664
3845,84,390,0.49768710136413574
3846,85,390,0.49827098846435547
3847,86,390,0.49218010902404785
3848,87,390,0.48749399185180664
3849,88,390,0.49337196350097656
3850,89,390,0.4935638904571533
3851,90,390,0.4867699146270752
3852,91,390,0.4794607162475586
3853,92,390,0.478196382522583
3854,93,390,0.47296595573425293
3855,94,390,0.46613621711730957
3856,95,390,0.4634389877319336
3857,96,390,0.4665970802307129
3858,97,390,0.45670080184936523
3859,98,390,0.4490702152252197
3860,99,390,0.4470968246459961
3861,1,400,4.351866960525513
3862,2,400,3.3889758586883545
3863,3,400,2.923579692840576
3864,4,400,2.414583921432495
3865,5,400,2.156374931335449
3866,6,400,1.870177984237671
3867,7,400,1.6430180072784424
3868,8,400,1.5217270851135254
3869,9,400,1.3919987678527832
3870,10,400,1.2783780097961426
3871,11,400,1.228963851928711
3872,12,400,1.1607639789581299
3873,13,400,1.1054408550262451
3874,14,400,1.0527620315551758
3875,15,400,1.0177290439605713
3876,16,400,0.9756112098693848
3877,17,400,0.9462988376617432
3878,18,400,0.9338750839233398
3879,19,400,0.9172608852386475
3880,20,400,0.8717470169067383
3881,21,400,0.8457338809967041
3882,22,400,0.8330202102661133
3883,23,400,0.8218181133270264
3884,24,400,0.7960319519042969
3885,25,400,0.7879087924957275
3886,26,400,0.7752940654754639
3887,27,400,0.7633647918701172
3888,28,400,0.7477707862854004
3889,29,400,0.7414889335632324
3890,30,400,0.7337131500244141
3891,31,400,0.7109076976776123
3892,32,400,0.7117090225219727
3893,33,400,0.7014837265014648
3894,34,400,0.6921000480651855
3895,35,400,0.6815159320831299
3896,36,400,0.6814630031585693
3897,37,400,0.6634979248046875
3898,38,400,0.6655762195587158
3899,39,400,0.6652050018310547
3900,40,400,0.6529760360717773
3901,41,400,0.6517040729522705
3902,42,400,0.6477999687194824
3903,43,400,0.6442680358886719
3904,44,400,0.6409571170806885
3905,45,400,0.6333260536193848
3906,46,400,0.6285710334777832
3907,47,400,0.6128168106079102
3908,48,400,0.6191539764404297
3909,49,400,0.6239171028137207
3910,50,400,0.6151981353759766
3911,51,400,0.6041967868804932
3912,52,400,0.6135389804840088
3913,53,400,0.6082839965820312
3914,54,400,0.6065371036529541
3915,55,400,0.6010267734527588
3916,56,400,0.6065170764923096
3917,57,400,0.5976011753082275
3918,58,400,0.5926461219787598
3919,59,400,0.5794267654418945
3920,60,400,0.5870919227600098
3921,61,400,0.587622880935669
3922,62,400,0.5920968055725098
3923,63,400,0.5839240550994873
3924,64,400,0.5828390121459961
3925,65,400,0.5757589340209961
3926,66,400,0.5757088661193848
3927,67,400,0.5696239471435547
3928,68,400,0.5732817649841309
3929,69,400,0.558931827545166
3930,70,400,0.5599911212921143
3931,71,400,0.5564301013946533
3932,72,400,0.5593671798706055
3933,73,400,0.5517518520355225
3934,74,400,0.561018705368042
3935,75,400,0.5544030666351318
3936,76,400,0.5571651458740234
3937,77,400,0.5490119457244873
3938,78,400,0.5509920120239258
3939,79,400,0.5410890579223633
3940,80,400,0.5409660339355469
3941,81,400,0.5389318466186523
3942,82,400,0.5351588726043701
3943,83,400,0.5333459377288818
3944,84,400,0.526378870010376
3945,85,400,0.5208442211151123
3946,86,400,0.5172989368438721
3947,87,400,0.5118279457092285
3948,88,400,0.517564058303833
3949,89,400,0.511970043182373
3950,90,400,0.5145659446716309
3951,91,400,0.5067360401153564
3952,92,400,0.5031962394714355
3953,93,400,0.49743103981018066
3954,94,400,0.48796796798706055
3955,95,400,0.49016284942626953
3956,96,400,0.4918529987335205
3957,97,400,0.48589086532592773
3958,98,400,0.4767160415649414
3959,99,400,0.46632909774780273
3960,1,410,4.600717782974243
3961,2,410,3.611794948577881
3962,3,410,3.075150966644287
3963,4,410,2.5593740940093994
3964,5,410,2.279881000518799
3965,6,410,1.9832332134246826
3966,7,410,1.7472500801086426
3967,8,410,1.578827142715454
3968,9,410,1.4660789966583252
3969,10,410,1.3421356678009033
3970,11,410,1.2777841091156006
3971,12,410,1.2070138454437256
3972,13,410,1.1434917449951172
3973,14,410,1.0876269340515137
3974,15,410,1.0538601875305176
3975,16,410,1.0114719867706299
3976,17,410,0.9828081130981445
3977,18,410,0.9554409980773926
3978,19,410,0.9305729866027832
3979,20,410,0.8969390392303467
3980,21,410,0.8907840251922607
3981,22,410,0.8590011596679688
3982,23,410,0.843203067779541
3983,24,410,0.8281171321868896
3984,25,410,0.8129820823669434
3985,26,410,0.7978558540344238
3986,27,410,0.7930951118469238
3987,28,410,0.7776031494140625
3988,29,410,0.7732639312744141
3989,30,410,0.7553367614746094
3990,31,410,0.7466702461242676
3991,32,410,0.7287318706512451
3992,33,410,0.7306067943572998
3993,34,410,0.7154891490936279
3994,35,410,0.7100191116333008
3995,36,410,0.7062070369720459
3996,37,410,0.6986880302429199
3997,38,410,0.6863617897033691
3998,39,410,0.6863229274749756
3999,40,410,0.6856601238250732
4000,41,410,0.6712081432342529
4001,42,410,0.6677336692810059
4002,43,410,0.6639039516448975
4003,44,410,0.6573009490966797
4004,45,410,0.6587519645690918
4005,46,410,0.6529738903045654
4006,47,410,0.6471989154815674
4007,48,410,0.6427309513092041
4008,49,410,0.6422369480133057
4009,50,410,0.6391518115997314
4010,51,410,0.6333589553833008
4011,52,410,0.6295979022979736
4012,53,410,0.6240170001983643
4013,54,410,0.6218149662017822
4014,55,410,0.6208620071411133
4015,56,410,0.6156651973724365
4016,57,410,0.6180689334869385
4017,58,410,0.6120502948760986
4018,59,410,0.6061809062957764
4019,60,410,0.6146738529205322
4020,61,410,0.606896162033081
4021,62,410,0.6000881195068359
4022,63,410,0.6032698154449463
4023,64,410,0.6024069786071777
4024,65,410,0.598567008972168
4025,66,410,0.5990250110626221
4026,67,410,0.6032571792602539
4027,68,410,0.5954561233520508
4028,69,410,0.5923728942871094
4029,70,410,0.591468095779419
4030,71,410,0.5976467132568359
4031,72,410,0.5894660949707031
4032,73,410,0.5860850811004639
4033,74,410,0.6040151119232178
4034,75,410,0.5707857608795166
4035,76,410,0.5728859901428223
4036,77,410,0.602323055267334
4037,78,410,0.5661981105804443
4038,79,410,0.5649738311767578
4039,80,410,0.5582029819488525
4040,81,410,0.5555210113525391
4041,82,410,0.5538101196289062
4042,83,410,0.5534257888793945
4043,84,410,0.5438809394836426
4044,85,410,0.5439062118530273
4045,86,410,0.5394091606140137
4046,87,410,0.5408520698547363
4047,88,410,0.5271949768066406
4048,89,410,0.5287611484527588
4049,90,410,0.5204360485076904
4050,91,410,0.5201928615570068
4051,92,410,0.514423131942749
4052,93,410,0.5151941776275635
4053,94,410,0.5091662406921387
4054,95,410,0.5067970752716064
4055,96,410,0.5013010501861572
4056,97,410,0.4981801509857178
4057,98,410,0.49050307273864746
4058,99,410,0.48785901069641113
4059,1,420,4.712384939193726
4060,2,420,3.6850459575653076
4061,3,420,3.1870527267456055
4062,4,420,2.632108688354492
4063,5,420,2.3625102043151855
4064,6,420,2.0928492546081543
4065,7,420,1.8801610469818115
4066,8,420,1.7152278423309326
4067,9,420,1.5621187686920166
4068,10,420,1.443349838256836
4069,11,420,1.3416681289672852
4070,12,420,1.276141881942749
4071,13,420,1.2069761753082275
4072,14,420,1.1591522693634033
4073,15,420,1.1178250312805176
4074,16,420,1.0731687545776367
4075,17,420,1.038926124572754
4076,18,420,1.015960931777954
4077,19,420,0.986475944519043
4078,20,420,0.9886951446533203
4079,21,420,1.0238678455352783
4080,22,420,0.9308688640594482
4081,23,420,0.8968617916107178
4082,24,420,0.8788230419158936
4083,25,420,0.8815600872039795
4084,26,420,0.8665390014648438
4085,27,420,0.8357160091400146
4086,28,420,0.8251891136169434
4087,29,420,0.8275887966156006
4088,30,420,0.8083140850067139
4089,31,420,0.795598030090332
4090,32,420,0.7811048030853271
4091,33,420,0.7800917625427246
4092,34,420,0.7615509033203125
4093,35,420,0.748507022857666
4094,36,420,0.7460570335388184
4095,37,420,0.7502598762512207
4096,38,420,0.7350518703460693
4097,39,420,0.7319390773773193
4098,40,420,0.725308895111084
4099,41,420,0.7287778854370117
4100,42,420,0.7098119258880615
4101,43,420,0.9960598945617676
4102,44,420,0.7109701633453369
4103,45,420,0.6978840827941895
4104,46,420,0.7026581764221191
4105,47,420,0.7018721103668213
4106,48,420,0.7212028503417969
4107,49,420,0.7722833156585693
4108,50,420,0.6849448680877686
4109,51,420,0.6727418899536133
4110,52,420,0.6610949039459229
4111,53,420,0.6670467853546143
4112,54,420,0.6693339347839355
4113,55,420,0.6829433441162109
4114,56,420,0.799879789352417
4115,57,420,0.6607091426849365
4116,58,420,0.656358003616333
4117,59,420,0.7064127922058105
4118,60,420,0.6415290832519531
4119,61,420,0.631850004196167
4120,62,420,0.634606122970581
4121,63,420,0.6304020881652832
4122,64,420,0.642509937286377
4123,65,420,0.6263599395751953
4124,66,420,0.6254868507385254
4125,67,420,0.6207869052886963
4126,68,420,0.6190121173858643
4127,69,420,0.6159341335296631
4128,70,420,0.6160843372344971
4129,71,420,0.6181938648223877
4130,72,420,0.6044840812683105
4131,73,420,0.6048402786254883
4132,74,420,0.5989048480987549
4133,75,420,0.5985760688781738
4134,76,420,0.6070389747619629
4135,77,420,0.606456995010376
4136,78,420,0.6027319431304932
4137,79,420,0.5970239639282227
4138,80,420,0.5950889587402344
4139,81,420,0.5909693241119385
4140,82,420,0.5957751274108887
4141,83,420,0.5873079299926758
4142,84,420,0.5845823287963867
4143,85,420,0.578822135925293
4144,86,420,0.5799472332000732
4145,87,420,0.572943925857544
4146,88,420,0.5688109397888184
4147,89,420,0.5681018829345703
4148,90,420,0.5642189979553223
4149,91,420,0.5516982078552246
4150,92,420,0.5568208694458008
4151,93,420,0.5416281223297119
4152,94,420,0.5523641109466553
4153,95,420,0.543250322341919
4154,96,420,0.5396389961242676
4155,97,420,0.5302729606628418
4156,98,420,0.5174698829650879
4157,99,420,0.51668381690979
4158,1,430,5.000617980957031
4159,2,430,3.8780081272125244
4160,3,430,3.3510570526123047
4161,4,430,2.7511579990386963
4162,5,430,2.4748642444610596
4163,6,430,2.1373960971832275
4164,7,430,1.8803040981292725
4165,8,430,1.7367091178894043
4166,9,430,1.599586009979248
4167,10,430,1.4880540370941162
4168,11,430,1.3972892761230469
4169,12,430,1.3299450874328613
4170,13,430,1.2583732604980469
4171,14,430,1.194822072982788
4172,15,430,1.153465986251831
4173,16,430,1.1133639812469482
4174,17,430,1.0760540962219238
4175,18,430,1.0508143901824951
4176,19,430,1.0214080810546875
4177,20,430,0.9909408092498779
4178,21,430,0.97198486328125
4179,22,430,0.9470407962799072
4180,23,430,0.92954421043396
4181,24,430,0.9066548347473145
4182,25,430,0.8951365947723389
4183,26,430,0.8787631988525391
4184,27,430,0.8672287464141846
4185,28,430,0.8490166664123535
4186,29,430,0.842519998550415
4187,30,430,0.8266639709472656
4188,31,430,0.8200750350952148
4189,32,430,0.8072941303253174
4190,33,430,0.7996938228607178
4191,34,430,0.785830020904541
4192,35,430,0.7829670906066895
4193,36,430,0.7705557346343994
4194,37,430,0.770280122756958
4195,38,430,0.7572040557861328
4196,39,430,0.7525708675384521
4197,40,430,0.7465777397155762
4198,41,430,0.7448079586029053
4199,42,430,0.7379722595214844
4200,43,430,0.7321510314941406
4201,44,430,0.7245256900787354
4202,45,430,0.7203531265258789
4203,46,430,0.7128229141235352
4204,47,430,0.7139999866485596
4205,48,430,0.7057480812072754
4206,49,430,0.7059650421142578
4207,50,430,0.695214033126831
4208,51,430,0.6921467781066895
4209,52,430,0.6938807964324951
4210,53,430,0.6913979053497314
4211,54,430,0.6807591915130615
4212,55,430,0.6791439056396484
4213,56,430,0.6828699111938477
4214,57,430,0.6803960800170898
4215,58,430,0.6697719097137451
4216,59,430,0.6720819473266602
4217,60,430,0.6682860851287842
4218,61,430,0.666694164276123
4219,62,430,0.6628110408782959
4220,63,430,0.6608500480651855
4221,64,430,0.6558079719543457
4222,65,430,0.6522111892700195
4223,66,430,0.6514029502868652
4224,67,430,0.6534929275512695
4225,68,430,0.6488807201385498
4226,69,430,0.6471350193023682
4227,70,430,0.6436922550201416
4228,71,430,0.6490828990936279
4229,72,430,0.64021897315979
4230,73,430,0.6381669044494629
4231,74,430,0.6302201747894287
4232,75,430,0.6326000690460205
4233,76,430,0.6223611831665039
4234,77,430,0.6219041347503662
4235,78,430,0.6161439418792725
4236,79,430,0.6178631782531738
4237,80,430,0.6130061149597168
4238,81,430,0.6151669025421143
4239,82,430,0.6094930171966553
4240,83,430,0.6054739952087402
4241,84,430,0.603240966796875
4242,85,430,0.6004836559295654
4243,86,430,0.5968408584594727
4244,87,430,0.5929219722747803
4245,88,430,0.5850658416748047
4246,89,430,0.5826151371002197
4247,90,430,0.5743439197540283
4248,91,430,0.577427864074707
4249,92,430,0.5683541297912598
4250,93,430,0.5669100284576416
4251,94,430,0.5708909034729004
4252,95,430,0.5801081657409668
4253,96,430,0.5483152866363525
4254,97,430,0.5494420528411865
4255,98,430,0.5391018390655518
4256,99,430,0.5391829013824463
4257,1,440,5.252629995346069
4258,2,440,4.1095240116119385
4259,3,440,3.5003116130828857
4260,4,440,2.8740289211273193
4261,5,440,2.5838279724121094
4262,6,440,2.2443010807037354
4263,7,440,1.9690988063812256
4264,8,440,1.8192839622497559
4265,9,440,1.679744005203247
4266,10,440,1.558215856552124
4267,11,440,1.479222059249878
4268,12,440,1.4109680652618408
4269,13,440,1.331341028213501
4270,14,440,1.269423246383667
4271,15,440,1.2215731143951416
4272,16,440,1.1772558689117432
4273,17,440,1.1347579956054688
4274,18,440,1.1119039058685303
4275,19,440,1.0749008655548096
4276,20,440,1.037329912185669
4277,21,440,1.0149788856506348
4278,22,440,0.9913599491119385
4279,23,440,0.9629261493682861
4280,24,440,0.9562008380889893
4281,25,440,0.9311070442199707
4282,26,440,0.9220616817474365
4283,27,440,0.9050509929656982
4284,28,440,0.8963420391082764
4285,29,440,0.877629280090332
4286,30,440,0.8736331462860107
4287,31,440,0.8608601093292236
4288,32,440,0.8458070755004883
4289,33,440,0.835974931716919
4290,34,440,0.8332860469818115
4291,35,440,0.8168051242828369
4292,36,440,0.8115589618682861
4293,37,440,0.8018369674682617
4294,38,440,0.801224946975708
4295,39,440,0.7907459735870361
4296,40,440,0.7837886810302734
4297,41,440,0.7737522125244141
4298,42,440,0.7790699005126953
4299,43,440,0.7777862548828125
4300,44,440,0.762840986251831
4301,45,440,0.7701728343963623
4302,46,440,0.7661104202270508
4303,47,440,0.748223066329956
4304,48,440,0.7404518127441406
4305,49,440,0.7385258674621582
4306,50,440,0.7352559566497803
4307,51,440,0.7225387096405029
4308,52,440,0.724423885345459
4309,53,440,0.725017786026001
4310,54,440,0.7174301147460938
4311,55,440,0.7097039222717285
4312,56,440,0.7093517780303955
4313,57,440,0.7025446891784668
4314,58,440,0.7065882682800293
4315,59,440,0.7003512382507324
4316,60,440,0.6960210800170898
4317,61,440,0.693457841873169
4318,62,440,0.6951460838317871
4319,63,440,0.6869549751281738
4320,64,440,0.6885969638824463
4321,65,440,0.6838741302490234
4322,66,440,0.6855049133300781
4323,67,440,0.6785619258880615
4324,68,440,0.6779630184173584
4325,69,440,0.6701803207397461
4326,70,440,0.675494909286499
4327,71,440,0.6711621284484863
4328,72,440,0.6725261211395264
4329,73,440,0.6682250499725342
4330,74,440,0.6686890125274658
4331,75,440,0.6579849720001221
4332,76,440,0.6520922183990479
4333,77,440,0.6470668315887451
4334,78,440,0.663254976272583
4335,79,440,0.6560590267181396
4336,80,440,0.6538376808166504
4337,81,440,0.6474988460540771
4338,82,440,0.6449949741363525
4339,83,440,0.6387648582458496
4340,84,440,0.6378350257873535
4341,85,440,0.635113000869751
4342,86,440,0.6291170120239258
4343,87,440,0.6201410293579102
4344,88,440,0.6225528717041016
4345,89,440,0.6227631568908691
4346,90,440,0.6089980602264404
4347,91,440,0.5999019145965576
4348,92,440,0.6045329570770264
4349,93,440,0.5919501781463623
4350,94,440,0.5889639854431152
4351,95,440,0.5792877674102783
4352,96,440,0.5773370265960693
4353,97,440,0.570591926574707
4354,98,440,0.5693001747131348
4355,99,440,0.561215877532959
4356,1,450,5.46238899230957
4357,2,450,4.22249698638916
4358,3,450,3.6491787433624268
4359,4,450,3.0129311084747314
4360,5,450,2.713995933532715
4361,6,450,2.347661018371582
4362,7,450,2.072640895843506
4363,8,450,1.9001758098602295
4364,9,450,1.7775869369506836
4365,10,450,1.6252338886260986
4366,11,450,1.528111219406128
4367,12,450,1.4443080425262451
4368,13,450,1.3770999908447266
4369,14,450,1.3064370155334473
4370,15,450,1.269300937652588
4371,16,450,1.2187459468841553
4372,17,450,1.1793029308319092
4373,18,450,1.153838872909546
4374,19,450,1.1121318340301514
4375,20,450,1.0841789245605469
4376,21,450,1.0691990852355957
4377,22,450,1.0366060733795166
4378,23,450,1.0181827545166016
4379,24,450,0.9971950054168701
4380,25,450,0.9842219352722168
4381,26,450,0.952538251876831
4382,27,450,0.9477119445800781
4383,28,450,0.928443193435669
4384,29,450,0.9228661060333252
4385,30,450,0.9098260402679443
4386,31,450,0.8996748924255371
4387,32,450,0.8873169422149658
4388,33,450,0.8803353309631348
4389,34,450,0.8641171455383301
4390,35,450,0.8541429042816162
4391,36,450,0.8454928398132324
4392,37,450,0.8415958881378174
4393,38,450,0.8248639106750488
4394,39,450,0.8277478218078613
4395,40,450,0.8275570869445801
4396,41,450,0.8127951622009277
4397,42,450,0.8047077655792236
4398,43,450,0.8010730743408203
4399,44,450,0.7961440086364746
4400,45,450,0.7887232303619385
4401,46,450,0.7809939384460449
4402,47,450,0.7839739322662354
4403,48,450,0.7697389125823975
4404,49,450,0.7729108333587646
4405,50,450,0.7669639587402344
4406,51,450,0.7603540420532227
4407,52,450,0.7542998790740967
4408,53,450,0.7512168884277344
4409,54,450,0.7520451545715332
4410,55,450,0.7463741302490234
4411,56,450,0.7397079467773438
4412,57,450,0.7372591495513916
4413,58,450,0.730191707611084
4414,59,450,0.736912727355957
4415,60,450,0.7269887924194336
4416,61,450,0.7289998531341553
4417,62,450,0.7208027839660645
4418,63,450,0.7235729694366455
4419,64,450,0.7187321186065674
4420,65,450,0.7151501178741455
4421,66,450,0.715116024017334
4422,67,450,0.7134928703308105
4423,68,450,0.7045862674713135
4424,69,450,0.7167680263519287
4425,70,450,0.7051346302032471
4426,71,450,0.7017359733581543
4427,72,450,0.7002360820770264
4428,73,450,0.7033309936523438
4429,74,450,0.6939210891723633
4430,75,450,0.6974899768829346
4431,76,450,0.6876490116119385
4432,77,450,0.6809120178222656
4433,78,450,0.6725759506225586
4434,79,450,0.6733958721160889
4435,80,450,0.6672263145446777
4436,81,450,0.6674261093139648
4437,82,450,0.6644082069396973
4438,83,450,0.6554000377655029
4439,84,450,0.6613249778747559
4440,85,450,0.6662781238555908
4441,86,450,0.6488680839538574
4442,87,450,0.6479198932647705
4443,88,450,0.6362826824188232
4444,89,450,0.6351361274719238
4445,90,450,0.6323459148406982
4446,91,450,0.6334528923034668
4447,92,450,0.623751163482666
4448,93,450,0.616652250289917
4449,94,450,0.6117451190948486
4450,95,450,0.6092057228088379
4451,96,450,0.6050169467926025
4452,97,450,0.5984759330749512
4453,98,450,0.5880811214447021
4454,99,450,0.5847289562225342
4455,1,460,5.702414274215698
4456,2,460,4.459521770477295
4457,3,460,3.8152010440826416
4458,4,460,3.1505730152130127
4459,5,460,2.8271801471710205
4460,6,460,2.4550881385803223
4461,7,460,2.147907018661499
4462,8,460,1.9920010566711426
4463,9,460,1.8290777206420898
4464,10,460,1.687669038772583
4465,11,460,1.5968549251556396
4466,12,460,1.5150601863861084
4467,13,460,1.4312713146209717
4468,14,460,1.3734562397003174
4469,15,460,1.3236589431762695
4470,16,460,1.2748169898986816
4471,17,460,1.2336530685424805
4472,18,460,1.2046809196472168
4473,19,460,1.1663382053375244
4474,20,460,1.1470861434936523
4475,21,460,1.1125812530517578
4476,22,460,1.094008207321167
4477,23,460,1.0588397979736328
4478,24,460,1.0490379333496094
4479,25,460,1.028576135635376
4480,26,460,1.003227949142456
4481,27,460,0.9920201301574707
4482,28,460,0.970473051071167
4483,29,460,0.9597091674804688
4484,30,460,0.9580459594726562
4485,31,460,0.9414279460906982
4486,32,460,0.9342100620269775
4487,33,460,0.9178471565246582
4488,34,460,0.9064440727233887
4489,35,460,0.8937621116638184
4490,36,460,0.8889119625091553
4491,37,460,0.8871951103210449
4492,38,460,0.8682851791381836
4493,39,460,0.857964038848877
4494,40,460,0.8636159896850586
4495,41,460,0.878129243850708
4496,42,460,0.8545219898223877
4497,43,460,0.8517630100250244
4498,44,460,0.8483319282531738
4499,45,460,0.8446512222290039
4500,46,460,0.8407258987426758
4501,47,460,0.8295331001281738
4502,48,460,0.833193302154541
4503,49,460,0.816802978515625
4504,50,460,0.8219659328460693
4505,51,460,0.8904249668121338
4506,52,460,0.9083831310272217
4507,53,460,0.8075649738311768
4508,54,460,0.7790629863739014
4509,55,460,0.7800302505493164
4510,56,460,0.7892279624938965
4511,57,460,0.7845518589019775
4512,58,460,0.7851729393005371
4513,59,460,0.77842116355896
4514,60,460,0.7736189365386963
4515,61,460,0.779958963394165
4516,62,460,0.7737610340118408
4517,63,460,0.768975019454956
4518,64,460,0.7712030410766602
4519,65,460,0.7759177684783936
4520,66,460,0.7658202648162842
4521,67,460,0.7631618976593018
4522,68,460,0.762455940246582
4523,69,460,0.7542788982391357
4524,70,460,0.7493979930877686
4525,71,460,0.7527780532836914
4526,72,460,0.7485370635986328
4527,73,460,0.74403977394104
4528,74,460,0.744736909866333
4529,75,460,0.738455057144165
4530,76,460,0.7381532192230225
4531,77,460,0.7345621585845947
4532,78,460,0.7319109439849854
4533,79,460,0.7204461097717285
4534,80,460,0.7121438980102539
4535,81,460,0.6945040225982666
4536,82,460,0.691403865814209
4537,83,460,0.6881809234619141
4538,84,460,0.704056978225708
4539,85,460,0.6788830757141113
4540,86,460,0.681056022644043
4541,87,460,0.6718330383300781
4542,88,460,0.6728417873382568
4543,89,460,0.665745735168457
4544,90,460,0.660736083984375
4545,91,460,0.6498191356658936
4546,92,460,0.6525208950042725
4547,93,460,0.6477670669555664
4548,94,460,0.6410417556762695
4549,95,460,0.6355748176574707
4550,96,460,0.6282191276550293
4551,97,460,0.6252858638763428
4552,98,460,0.6205546855926514
4553,99,460,0.6102566719055176
4554,1,470,5.928686857223511
4555,2,470,4.6239118576049805
4556,3,470,3.98555326461792
4557,4,470,3.2697339057922363
4558,5,470,2.9604249000549316
4559,6,470,2.560058116912842
4560,7,470,2.2537100315093994
4561,8,470,2.077380895614624
4562,9,470,1.9043090343475342
4563,10,470,1.7630178928375244
4564,11,470,1.6682097911834717
4565,12,470,1.5780830383300781
4566,13,470,1.495771884918213
4567,14,470,1.4266180992126465
4568,15,470,1.3851292133331299
4569,16,470,1.321342945098877
4570,17,470,1.2944519519805908
4571,18,470,1.2523200511932373
4572,19,470,1.2149269580841064
4573,20,470,1.177905797958374
4574,21,470,1.1626520156860352
4575,22,470,1.132605791091919
4576,23,470,1.1097450256347656
4577,24,470,1.0939419269561768
4578,25,470,1.071639060974121
4579,26,470,1.0479309558868408
4580,27,470,1.031083106994629
4581,28,470,1.0121228694915771
4582,29,470,0.9986958503723145
4583,30,470,0.9967911243438721
4584,31,470,0.9789321422576904
4585,32,470,0.9686300754547119
4586,33,470,0.9590010643005371
4587,34,470,0.9429960250854492
4588,35,470,0.9380021095275879
4589,36,470,0.9324731826782227
4590,37,470,0.9314417839050293
4591,38,470,0.9106340408325195
4592,39,470,0.9061329364776611
4593,40,470,0.8908517360687256
4594,41,470,0.8866958618164062
4595,42,470,0.8809328079223633
4596,43,470,0.8727321624755859
4597,44,470,0.862372875213623
4598,45,470,0.8624629974365234
4599,46,470,0.8676941394805908
4600,47,470,0.8597559928894043
4601,48,470,0.8439490795135498
4602,49,470,0.8456380367279053
4603,50,470,0.8287198543548584
4604,51,470,0.8338422775268555
4605,52,470,0.82999587059021
4606,53,470,0.8313748836517334
4607,54,470,0.8217480182647705
4608,55,470,0.8126659393310547
4609,56,470,0.8081789016723633
4610,57,470,0.8086206912994385
4611,58,470,0.8037159442901611
4612,59,470,0.7972450256347656
4613,60,470,0.7929990291595459
4614,61,470,0.7882270812988281
4615,62,470,0.7896320819854736
4616,63,470,0.7891631126403809
4617,64,470,0.7829689979553223
4618,65,470,0.7847957611083984
4619,66,470,0.7814819812774658
4620,67,470,0.7786159515380859
4621,68,470,0.7729411125183105
4622,69,470,0.7716062068939209
4623,70,470,0.7888717651367188
4624,71,470,0.7627151012420654
4625,72,470,0.7628002166748047
4626,73,470,0.7641739845275879
4627,74,470,0.7558739185333252
4628,75,470,0.7569379806518555
4629,76,470,0.7520911693572998
4630,77,470,0.7515780925750732
4631,78,470,0.7415387630462646
4632,79,470,0.7429561614990234
4633,80,470,0.7314221858978271
4634,81,470,0.7283241748809814
4635,82,470,0.7225461006164551
4636,83,470,0.7206790447235107
4637,84,470,0.711982011795044
4638,85,470,0.7103109359741211
4639,86,470,0.7033698558807373
4640,87,470,0.7031152248382568
4641,88,470,0.695915937423706
4642,89,470,0.6947271823883057
4643,90,470,0.6900191307067871
4644,91,470,0.6855471134185791
4645,92,470,0.6780438423156738
4646,93,470,0.6725828647613525
4647,94,470,0.6698980331420898
4648,95,470,0.6671078205108643
4649,96,470,0.6549587249755859
4650,97,470,0.6557121276855469
4651,98,470,0.6447210311889648
4652,99,470,0.6385579109191895
4653,1,480,6.163797855377197
4654,2,480,4.829313039779663
4655,3,480,4.134752035140991
4656,4,480,3.4283981323242188
4657,5,480,3.075623035430908
4658,6,480,2.6780760288238525
4659,7,480,2.357494831085205
4660,8,480,2.2803211212158203
4661,9,480,2.012380838394165
4662,10,480,1.8504359722137451
4663,11,480,1.73392915725708
4664,12,480,1.6552200317382812
4665,13,480,1.5512340068817139
4666,14,480,1.492832899093628
4667,15,480,1.4354119300842285
4668,16,480,1.3901927471160889
4669,17,480,1.3327741622924805
4670,18,480,1.3069019317626953
4671,19,480,1.2679753303527832
4672,20,480,1.239649772644043
4673,21,480,1.2120859622955322
4674,22,480,1.1841461658477783
4675,23,480,1.1564898490905762
4676,24,480,1.1426889896392822
4677,25,480,1.1116528511047363
4678,26,480,1.0960240364074707
4679,27,480,1.0756261348724365
4680,28,480,1.0636811256408691
4681,29,480,1.0432558059692383
4682,30,480,1.0373849868774414
4683,31,480,1.0180788040161133
4684,32,480,1.0087060928344727
4685,33,480,0.9971320629119873
4686,34,480,0.9936168193817139
4687,35,480,0.9754650592803955
4688,36,480,0.9652788639068604
4689,37,480,0.9544000625610352
4690,38,480,0.9441537857055664
4691,39,480,0.9396390914916992
4692,40,480,0.9333040714263916
4693,41,480,0.9266200065612793
4694,42,480,0.9206151962280273
4695,43,480,0.9123682975769043
4696,44,480,0.9012959003448486
4697,45,480,0.8936522006988525
4698,46,480,0.894136905670166
4699,47,480,0.8837258815765381
4700,48,480,0.881619930267334
4701,49,480,0.8749589920043945
4702,50,480,0.8739089965820312
4703,51,480,0.8613560199737549
4704,52,480,0.8672301769256592
4705,53,480,0.8611869812011719
4706,54,480,0.8560612201690674
4707,55,480,0.8527638912200928
4708,56,480,0.8439288139343262
4709,57,480,0.8384289741516113
4710,58,480,0.8638477325439453
4711,59,480,0.8359031677246094
4712,60,480,0.8303921222686768
4713,61,480,0.8271658420562744
4714,62,480,0.8225569725036621
4715,63,480,0.8202087879180908
4716,64,480,0.8189771175384521
4717,65,480,0.8146319389343262
4718,66,480,0.8209521770477295
4719,67,480,0.8206508159637451
4720,68,480,0.8072350025177002
4721,69,480,0.8019731044769287
4722,70,480,0.8061819076538086
4723,71,480,0.8145542144775391
4724,72,480,0.8047468662261963
4725,73,480,0.7974891662597656
4726,74,480,0.7954580783843994
4727,75,480,0.7867131233215332
4728,76,480,0.7842650413513184
4729,77,480,0.781728982925415
4730,78,480,0.7790608406066895
4731,79,480,0.7737550735473633
4732,80,480,0.7737219333648682
4733,81,480,0.7642881870269775
4734,82,480,0.754479169845581
4735,83,480,0.7578699588775635
4736,84,480,0.7589929103851318
4737,85,480,0.7453370094299316
4738,86,480,0.7393736839294434
4739,87,480,0.734724760055542
4740,88,480,0.7265379428863525
4741,89,480,0.7225551605224609
4742,90,480,0.7230379581451416
4743,91,480,0.712155818939209
4744,92,480,0.712573766708374
4745,93,480,0.7031090259552002
4746,94,480,0.7003872394561768
4747,95,480,0.6867020130157471
4748,96,480,0.6883289813995361
4749,97,480,0.681725263595581
4750,98,480,0.6751060485839844
4751,99,480,0.6642229557037354
4752,1,490,6.447877883911133
4753,2,490,5.01849889755249
4754,3,490,4.328269720077515
4755,4,490,3.5584921836853027
4756,5,490,3.2216720581054688
4757,6,490,2.7762269973754883
4758,7,490,2.4533579349517822
4759,8,490,2.2503271102905273
4760,9,490,2.079714059829712
4761,10,490,1.915144920349121
4762,11,490,1.8135576248168945
4763,12,490,1.7475097179412842
4764,13,490,1.639000654220581
4765,14,490,1.5900547504425049
4766,15,490,1.537524938583374
4767,16,490,1.466176986694336
4768,17,490,1.4059855937957764
4769,18,490,1.3672130107879639
4770,19,490,1.3432598114013672
4771,20,490,1.2836649417877197
4772,21,490,1.2669360637664795
4773,22,490,1.2325990200042725
4774,23,490,1.2071292400360107
4775,24,490,1.18308687210083
4776,25,490,1.171036958694458
4777,26,490,1.1727895736694336
4778,27,490,1.1273841857910156
4779,28,490,1.1044931411743164
4780,29,490,1.0972850322723389
4781,30,490,1.0767648220062256
4782,31,490,1.0681090354919434
4783,32,490,1.047307014465332
4784,33,490,1.0401620864868164
4785,34,490,1.0260009765625
4786,35,490,1.0446372032165527
4787,36,490,1.0056262016296387
4788,37,490,0.9963297843933105
4789,38,490,0.9868271350860596
4790,39,490,0.97959303855896
4791,40,490,0.9740862846374512
4792,41,490,0.9672770500183105
4793,42,490,0.958820104598999
4794,43,490,0.956430196762085
4795,44,490,0.9399621486663818
4796,45,490,0.9351930618286133
4797,46,490,0.9323153495788574
4798,47,490,0.9325361251831055
4799,48,490,0.918975830078125
4800,49,490,0.916172981262207
4801,50,490,0.9080111980438232
4802,51,490,0.9082050323486328
4803,52,490,0.8969976902008057
4804,53,490,0.8966779708862305
4805,54,490,0.8896028995513916
4806,55,490,0.8874258995056152
4807,56,490,0.8805937767028809
4808,57,490,0.8774678707122803
4809,58,490,0.868035078048706
4810,59,490,0.8729019165039062
4811,60,490,0.8765802383422852
4812,61,490,0.8623700141906738
4813,62,490,0.8552100658416748
4814,63,490,0.8555548191070557
4815,64,490,0.8433270454406738
4816,65,490,0.8520021438598633
4817,66,490,0.8479132652282715
4818,67,490,0.8444180488586426
4819,68,490,0.8455181121826172
4820,69,490,0.8457489013671875
4821,70,490,0.836057186126709
4822,71,490,0.8361082077026367
4823,72,490,0.8293240070343018
4824,73,490,0.8269011974334717
4825,74,490,0.8260221481323242
4826,75,490,0.8244509696960449
4827,76,490,0.8166379928588867
4828,77,490,0.8200998306274414
4829,78,490,0.8095641136169434
4830,79,490,0.8079972267150879
4831,80,490,0.799267053604126
4832,81,490,0.809816837310791
4833,82,490,0.7962689399719238
4834,83,490,0.7913782596588135
4835,84,490,0.776339054107666
4836,85,490,0.79502272605896
4837,86,490,0.7815380096435547
4838,87,490,0.770622968673706
4839,88,490,0.7584109306335449
4840,89,490,0.7542479038238525
4841,90,490,0.7462809085845947
4842,91,490,0.7439737319946289
4843,92,490,0.7393519878387451
4844,93,490,0.7346339225769043
4845,94,490,0.7298500537872314
4846,95,490,0.7226650714874268
4847,96,490,0.71213698387146
4848,97,490,0.7096679210662842
4849,98,490,0.7025127410888672
4850,99,490,0.6950578689575195
