,l_xy,n_pts,time
0,1,10,1.0104942321777344
1,2,10,0.0004067420959472656
2,3,10,0.00013184547424316406
3,4,10,0.0001049041748046875
4,5,10,9.107589721679688e-05
5,6,10,0.00012230873107910156
6,7,10,8.630752563476562e-05
7,8,10,7.295608520507812e-05
8,9,10,0.00010800361633300781
9,10,10,7.677078247070312e-05
10,11,10,7.176399230957031e-05
11,12,10,9.655952453613281e-05
12,13,10,8.058547973632812e-05
13,14,10,9.655952453613281e-05
14,15,10,9.34600830078125e-05
15,16,10,8.034706115722656e-05
16,17,10,8.559226989746094e-05
17,18,10,8.0108642578125e-05
18,19,10,8.58306884765625e-05
19,20,10,7.62939453125e-05
20,21,10,8.797645568847656e-05
21,22,10,7.510185241699219e-05
22,23,10,8.702278137207031e-05
23,24,10,8.034706115722656e-05
24,25,10,8.273124694824219e-05
25,26,10,8.845329284667969e-05
26,27,10,7.557868957519531e-05
27,28,10,7.700920104980469e-05
28,29,10,0.00013709068298339844
29,30,10,0.0001220703125
30,31,10,9.5367431640625e-05
31,32,10,0.00010418891906738281
32,33,10,0.00010657310485839844
33,34,10,9.894371032714844e-05
34,35,10,0.00011086463928222656
35,36,10,9.799003601074219e-05
36,37,10,0.00011301040649414062
37,38,10,7.557868957519531e-05
38,39,10,7.987022399902344e-05
39,40,10,0.0001049041748046875
40,41,10,8.20159912109375e-05
41,42,10,0.00010275840759277344
42,43,10,8.440017700195312e-05
43,44,10,9.107589721679688e-05
44,45,10,9.393692016601562e-05
45,46,10,7.843971252441406e-05
46,47,10,7.009506225585938e-05
47,48,10,7.724761962890625e-05
48,49,10,7.367134094238281e-05
49,50,10,7.104873657226562e-05
50,51,10,7.581710815429688e-05
51,52,10,6.937980651855469e-05
52,53,10,6.818771362304688e-05
53,54,10,8.797645568847656e-05
54,55,10,7.200241088867188e-05
55,56,10,7.462501525878906e-05
56,57,10,8.511543273925781e-05
57,58,10,7.605552673339844e-05
58,59,10,6.556510925292969e-05
59,60,10,9.274482727050781e-05
60,61,10,7.224082946777344e-05
61,62,10,6.890296936035156e-05
62,63,10,7.677078247070312e-05
63,64,10,0.00010728836059570312
64,65,10,7.176399230957031e-05
65,66,10,7.867813110351562e-05
66,67,10,7.176399230957031e-05
67,68,10,0.00010061264038085938
68,69,10,8.940696716308594e-05
69,70,10,9.179115295410156e-05
70,71,10,6.890296936035156e-05
71,72,10,7.987022399902344e-05
72,73,10,8.58306884765625e-05
73,74,10,9.036064147949219e-05
74,75,10,8.893013000488281e-05
75,76,10,7.295608520507812e-05
76,77,10,6.890296936035156e-05
77,78,10,7.939338684082031e-05
78,79,10,7.414817810058594e-05
79,80,10,7.724761962890625e-05
80,81,10,0.00010085105895996094
81,82,10,7.557868957519531e-05
82,83,10,7.2479248046875e-05
83,84,10,7.867813110351562e-05
84,85,10,7.557868957519531e-05
85,86,10,7.128715515136719e-05
86,87,10,8.106231689453125e-05
87,88,10,7.915496826171875e-05
88,89,10,9.036064147949219e-05
89,90,10,7.796287536621094e-05
90,91,10,8.392333984375e-05
91,92,10,6.818771362304688e-05
92,93,10,8.249282836914062e-05
93,94,10,7.271766662597656e-05
94,95,10,7.128715515136719e-05
95,96,10,8.678436279296875e-05
96,97,10,6.985664367675781e-05
97,98,10,7.152557373046875e-05
98,99,10,6.914138793945312e-05
99,1,20,0.00017118453979492188
100,2,20,0.0001392364501953125
101,3,20,0.0001609325408935547
102,4,20,0.00016236305236816406
103,5,20,0.0001239776611328125
104,6,20,0.00015616416931152344
105,7,20,0.0001456737518310547
106,8,20,0.00012969970703125
107,9,20,0.00012350082397460938
108,10,20,0.0001220703125
109,11,20,0.00012087821960449219
110,12,20,0.0001266002655029297
111,13,20,0.00011205673217773438
112,14,20,0.00010418891906738281
113,15,20,0.00019979476928710938
114,16,20,0.00013256072998046875
115,17,20,0.00011277198791503906
116,18,20,0.00010967254638671875
117,19,20,0.00012612342834472656
118,20,20,0.00014495849609375
119,21,20,0.0001347064971923828
120,22,20,0.0001232624053955078
121,23,20,0.00011301040649414062
122,24,20,0.00011229515075683594
123,25,20,9.560585021972656e-05
124,26,20,0.00011372566223144531
125,27,20,0.00012087821960449219
126,28,20,0.00010085105895996094
127,29,20,0.00011706352233886719
128,30,20,0.00013518333435058594
129,31,20,0.00013184547424316406
130,32,20,0.00015020370483398438
131,33,20,0.00014925003051757812
132,34,20,0.00012731552124023438
133,35,20,0.00011515617370605469
134,36,20,0.0001270771026611328
135,37,20,9.489059448242188e-05
136,38,20,9.202957153320312e-05
137,39,20,0.00011658668518066406
138,40,20,0.00012993812561035156
139,41,20,0.00010156631469726562
140,42,20,9.5367431640625e-05
141,43,20,9.822845458984375e-05
142,44,20,0.00010371208190917969
143,45,20,0.00010752677917480469
144,46,20,0.00010395050048828125
145,47,20,0.00013875961303710938
146,48,20,9.72747802734375e-05
147,49,20,0.00011134147644042969
148,50,20,8.320808410644531e-05
149,51,20,0.00010085105895996094
150,52,20,8.392333984375e-05
151,53,20,9.703636169433594e-05
152,54,20,9.131431579589844e-05
153,55,20,0.00010561943054199219
154,56,20,0.00010561943054199219
155,57,20,9.465217590332031e-05
156,58,20,9.274482727050781e-05
157,59,20,8.20159912109375e-05
158,60,20,9.846687316894531e-05
159,61,20,9.274482727050781e-05
160,62,20,9.751319885253906e-05
161,63,20,0.00010251998901367188
162,64,20,9.226799011230469e-05
163,65,20,7.605552673339844e-05
164,66,20,0.00012683868408203125
165,67,20,0.00010013580322265625
166,68,20,8.058547973632812e-05
167,69,20,9.608268737792969e-05
168,70,20,8.821487426757812e-05
169,71,20,0.00010323524475097656
170,72,20,8.988380432128906e-05
171,73,20,9.1552734375e-05
172,74,20,8.368492126464844e-05
173,75,20,9.751319885253906e-05
174,76,20,8.296966552734375e-05
175,77,20,7.891654968261719e-05
176,78,20,9.584426879882812e-05
177,79,20,0.00011754035949707031
178,80,20,0.00010013580322265625
179,81,20,0.00012493133544921875
180,82,20,9.322166442871094e-05
181,83,20,8.749961853027344e-05
182,84,20,9.608268737792969e-05
183,85,20,9.107589721679688e-05
184,86,20,8.726119995117188e-05
185,87,20,8.988380432128906e-05
186,88,20,8.416175842285156e-05
187,89,20,8.130073547363281e-05
188,90,20,8.940696716308594e-05
189,91,20,8.320808410644531e-05
190,92,20,7.867813110351562e-05
191,93,20,8.96453857421875e-05
192,94,20,8.845329284667969e-05
193,95,20,7.963180541992188e-05
194,96,20,9.226799011230469e-05
195,97,20,8.797645568847656e-05
196,98,20,9.059906005859375e-05
197,99,20,8.797645568847656e-05
198,1,30,0.00028252601623535156
199,2,30,0.00020885467529296875
200,3,30,0.0002079010009765625
201,4,30,0.00023221969604492188
202,5,30,0.00021767616271972656
203,6,30,0.0002608299255371094
204,7,30,0.00024819374084472656
205,8,30,0.00021028518676757812
206,9,30,0.00023603439331054688
207,10,30,0.00013375282287597656
208,11,30,0.0002048015594482422
209,12,30,0.00018787384033203125
210,13,30,0.00023126602172851562
211,14,30,0.0001742839813232422
212,15,30,0.000186920166015625
213,16,30,0.00020837783813476562
214,17,30,0.0001366138458251953
215,18,30,0.00022029876708984375
216,19,30,0.00016236305236816406
217,20,30,0.00017642974853515625
218,21,30,0.00015282630920410156
219,22,30,0.0001583099365234375
220,23,30,0.00015354156494140625
221,24,30,0.00026154518127441406
222,25,30,0.00015091896057128906
223,26,30,0.0001533031463623047
224,27,30,0.0001456737518310547
225,28,30,0.0002493858337402344
226,29,30,0.00017452239990234375
227,30,30,0.00019550323486328125
228,31,30,0.00021696090698242188
229,32,30,0.00012087821960449219
230,33,30,0.0001571178436279297
231,34,30,0.0001373291015625
232,35,30,0.00014281272888183594
233,36,30,0.00012922286987304688
234,37,30,0.00012135505676269531
235,38,30,0.00011205673217773438
236,39,30,0.00013828277587890625
237,40,30,0.00021457672119140625
238,41,30,0.0001430511474609375
239,42,30,0.000202178955078125
240,43,30,0.0001316070556640625
241,44,30,0.000125885009765625
242,45,30,0.00020122528076171875
243,46,30,0.0001399517059326172
244,47,30,0.00013184547424316406
245,48,30,0.00013208389282226562
246,49,30,0.00012063980102539062
247,50,30,0.00011658668518066406
248,51,30,0.00010752677917480469
249,52,30,0.0001671314239501953
250,53,30,0.00012540817260742188
251,54,30,0.00014925003051757812
252,55,30,0.00015664100646972656
253,56,30,0.00011801719665527344
254,57,30,0.00010013580322265625
255,58,30,9.608268737792969e-05
256,59,30,0.00011992454528808594
257,60,30,0.00015997886657714844
258,61,30,0.00013327598571777344
259,62,30,9.894371032714844e-05
260,63,30,9.846687316894531e-05
261,64,30,0.00010442733764648438
262,65,30,9.751319885253906e-05
263,66,30,0.00010180473327636719
264,67,30,9.012222290039062e-05
265,68,30,9.465217590332031e-05
266,69,30,0.0001010894775390625
267,70,30,8.320808410644531e-05
268,71,30,9.775161743164062e-05
269,72,30,0.00011110305786132812
270,73,30,9.655952453613281e-05
271,74,30,0.00011754035949707031
272,75,30,9.417533874511719e-05
273,76,30,9.584426879882812e-05
274,77,30,9.298324584960938e-05
275,78,30,0.000110626220703125
276,79,30,0.00011157989501953125
277,80,30,0.00010967254638671875
278,81,30,0.00010323524475097656
279,82,30,0.00010561943054199219
280,83,30,9.751319885253906e-05
281,84,30,0.00010466575622558594
282,85,30,0.00010275840759277344
283,86,30,9.799003601074219e-05
284,87,30,0.00011277198791503906
285,88,30,0.0001163482666015625
286,89,30,0.00010180473327636719
287,90,30,0.00010132789611816406
288,91,30,8.511543273925781e-05
289,92,30,8.058547973632812e-05
290,93,30,0.00012230873107910156
291,94,30,0.0001010894775390625
292,95,30,9.775161743164062e-05
293,96,30,0.00010204315185546875
294,97,30,0.00010132789611816406
295,98,30,8.749961853027344e-05
296,99,30,0.00010037422180175781
297,1,40,0.00042128562927246094
298,2,40,0.0003039836883544922
299,3,40,0.00030684471130371094
300,4,40,0.00030422210693359375
301,5,40,0.0002624988555908203
302,6,40,0.0003097057342529297
303,7,40,0.000217437744140625
304,8,40,0.00021028518676757812
305,9,40,0.00026726722717285156
306,10,40,0.0003268718719482422
307,11,40,0.00022077560424804688
308,12,40,0.00030303001403808594
309,13,40,0.00031185150146484375
310,14,40,0.00023102760314941406
311,15,40,0.00022840499877929688
312,16,40,0.00021338462829589844
313,17,40,0.00016164779663085938
314,18,40,0.00022602081298828125
315,19,40,0.00017213821411132812
316,20,40,0.0001747608184814453
317,21,40,0.0002720355987548828
318,22,40,0.00017976760864257812
319,23,40,0.00015473365783691406
320,24,40,0.0002396106719970703
321,25,40,0.00022554397583007812
322,26,40,0.00028014183044433594
323,27,40,0.00017690658569335938
324,28,40,0.0002288818359375
325,29,40,0.00016617774963378906
326,30,40,0.00013756752014160156
327,31,40,0.00020241737365722656
328,32,40,0.00017404556274414062
329,33,40,0.00017690658569335938
330,34,40,0.0001990795135498047
331,35,40,0.00016880035400390625
332,36,40,0.0001518726348876953
333,37,40,0.00014472007751464844
334,38,40,0.00018787384033203125
335,39,40,0.00016188621520996094
336,40,40,0.0001537799835205078
337,41,40,0.00012946128845214844
338,42,40,0.00020122528076171875
339,43,40,0.00014090538024902344
340,44,40,0.0002028942108154297
341,45,40,0.0001392364501953125
342,46,40,0.0001308917999267578
343,47,40,0.00013327598571777344
344,48,40,0.0001800060272216797
345,49,40,0.0001506805419921875
346,50,40,0.00011777877807617188
347,51,40,0.0001747608184814453
348,52,40,0.00016641616821289062
349,53,40,0.0001468658447265625
350,54,40,0.00020074844360351562
351,55,40,0.00017499923706054688
352,56,40,0.00019741058349609375
353,57,40,0.00020694732666015625
354,58,40,0.00019788742065429688
355,59,40,0.0001442432403564453
356,60,40,0.0001590251922607422
357,61,40,0.00015211105346679688
358,62,40,0.0001704692840576172
359,63,40,0.000141143798828125
360,64,40,0.00018715858459472656
361,65,40,0.00016164779663085938
362,66,40,0.00019097328186035156
363,67,40,0.0001575946807861328
364,68,40,0.0001583099365234375
365,69,40,0.00012922286987304688
366,70,40,0.00014853477478027344
367,71,40,0.0001666545867919922
368,72,40,0.00012612342834472656
369,73,40,0.00012445449829101562
370,74,40,0.00012612342834472656
371,75,40,0.0001399517059326172
372,76,40,0.00011086463928222656
373,77,40,0.0001304149627685547
374,78,40,0.00011944770812988281
375,79,40,0.0001399517059326172
376,80,40,0.00016617774963378906
377,81,40,0.0001838207244873047
378,82,40,0.00019860267639160156
379,83,40,0.00025463104248046875
380,84,40,0.0002110004425048828
381,85,40,0.00014257431030273438
382,86,40,0.00012946128845214844
383,87,40,0.0001347064971923828
384,88,40,0.00012946128845214844
385,89,40,0.00012087821960449219
386,90,40,0.00012540817260742188
387,91,40,0.00010967254638671875
388,92,40,9.012222290039062e-05
389,93,40,0.00012135505676269531
390,94,40,0.0001220703125
391,95,40,0.00011801719665527344
392,96,40,0.000102996826171875
393,97,40,0.00011157989501953125
394,98,40,0.00011587142944335938
395,99,40,0.00010800361633300781
396,1,50,0.0003838539123535156
397,2,50,0.00030994415283203125
398,3,50,0.0003304481506347656
399,4,50,0.0003039836883544922
400,5,50,0.00027942657470703125
401,6,50,0.00035500526428222656
402,7,50,0.0003204345703125
403,8,50,0.00025391578674316406
404,9,50,0.0002880096435546875
405,10,50,0.00025534629821777344
406,11,50,0.0003390312194824219
407,12,50,0.0002849102020263672
408,13,50,0.00024628639221191406
409,14,50,0.00030541419982910156
410,15,50,0.0003669261932373047
411,16,50,0.00032973289489746094
412,17,50,0.0003132820129394531
413,18,50,0.00026488304138183594
414,19,50,0.0003142356872558594
415,20,50,0.00027680397033691406
416,21,50,0.00024080276489257812
417,22,50,0.00021386146545410156
418,23,50,0.00030541419982910156
419,24,50,0.0003199577331542969
420,25,50,0.00028634071350097656
421,26,50,0.00028133392333984375
422,27,50,0.0003070831298828125
423,28,50,0.0002307891845703125
424,29,50,0.0001919269561767578
425,30,50,0.0002315044403076172
426,31,50,0.00020503997802734375
427,32,50,0.0002243518829345703
428,33,50,0.0003337860107421875
429,34,50,0.0003142356872558594
430,35,50,0.0001990795135498047
431,36,50,0.0002117156982421875
432,37,50,0.00023889541625976562
433,38,50,0.00020503997802734375
434,39,50,0.0002205371856689453
435,40,50,0.0002560615539550781
436,41,50,0.0002598762512207031
437,42,50,0.00021910667419433594
438,43,50,0.0002491474151611328
439,44,50,0.0003027915954589844
440,45,50,0.0002429485321044922
441,46,50,0.00022220611572265625
442,47,50,0.00023317337036132812
443,48,50,0.00023889541625976562
444,49,50,0.00022077560424804688
445,50,50,0.00023794174194335938
446,51,50,0.00021982192993164062
447,52,50,0.00022554397583007812
448,53,50,0.0002372264862060547
449,54,50,0.00022912025451660156
450,55,50,0.00024056434631347656
451,56,50,0.00018310546875
452,57,50,0.00018405914306640625
453,58,50,0.00020623207092285156
454,59,50,0.00021576881408691406
455,60,50,0.0002357959747314453
456,61,50,0.00020933151245117188
457,62,50,0.00019097328186035156
458,63,50,0.0002186298370361328
459,64,50,0.00019407272338867188
460,65,50,0.00017452239990234375
461,66,50,0.00015282630920410156
462,67,50,0.0002009868621826172
463,68,50,0.00020599365234375
464,69,50,0.0002148151397705078
465,70,50,0.00016260147094726562
466,71,50,0.0002105236053466797
467,72,50,0.0002338886260986328
468,73,50,0.00021648406982421875
469,74,50,0.00020194053649902344
470,75,50,0.00017714500427246094
471,76,50,0.00021266937255859375
472,77,50,0.0002052783966064453
473,78,50,0.00021529197692871094
474,79,50,0.00017642974853515625
475,80,50,0.00019311904907226562
476,81,50,0.00016498565673828125
477,82,50,0.0001926422119140625
478,83,50,0.00017070770263671875
479,84,50,0.0002040863037109375
480,85,50,0.0001583099365234375
481,86,50,0.000152587890625
482,87,50,0.0001881122589111328
483,88,50,0.00020647048950195312
484,89,50,0.00013756752014160156
485,90,50,0.0001652240753173828
486,91,50,0.0001785755157470703
487,92,50,0.00017547607421875
488,93,50,0.0001533031463623047
489,94,50,0.00020051002502441406
490,95,50,0.0001652240753173828
491,96,50,0.0001735687255859375
492,97,50,0.0001838207244873047
493,98,50,0.00010943412780761719
494,99,50,0.00014495849609375
495,1,60,0.0005433559417724609
496,2,60,0.0003948211669921875
497,3,60,0.00046372413635253906
498,4,60,0.0005159378051757812
499,5,60,0.00046563148498535156
500,6,60,0.0004832744598388672
501,7,60,0.0005004405975341797
502,8,60,0.0003879070281982422
503,9,60,0.0004668235778808594
504,10,60,0.0003781318664550781
505,11,60,0.0004107952117919922
506,12,60,0.0004134178161621094
507,13,60,0.00047087669372558594
508,14,60,0.00047278404235839844
509,15,60,0.0004570484161376953
510,16,60,0.0004680156707763672
511,17,60,0.00045013427734375
512,18,60,0.00047707557678222656
513,19,60,0.00030541419982910156
514,20,60,0.000324249267578125
515,21,60,0.00037169456481933594
516,22,60,0.00043964385986328125
517,23,60,0.0004258155822753906
518,24,60,0.0004088878631591797
519,25,60,0.00042128562927246094
520,26,60,0.0004143714904785156
521,27,60,0.0003597736358642578
522,28,60,0.0002789497375488281
523,29,60,0.00039196014404296875
524,30,60,0.0003101825714111328
525,31,60,0.0003235340118408203
526,32,60,0.0004067420959472656
527,33,60,0.0004067420959472656
528,34,60,0.00033736228942871094
529,35,60,0.00038170814514160156
530,36,60,0.00041031837463378906
531,37,60,0.000347137451171875
532,38,60,0.00022530555725097656
533,39,60,0.00039839744567871094
534,40,60,0.0003628730773925781
535,41,60,0.0004124641418457031
536,42,60,0.0004374980926513672
537,43,60,0.0004138946533203125
538,44,60,0.00023412704467773438
539,45,60,0.00038909912109375
540,46,60,0.00034499168395996094
541,47,60,0.00037384033203125
542,48,60,0.0003600120544433594
543,49,60,0.0003364086151123047
544,50,60,0.0003466606140136719
545,51,60,0.000278472900390625
546,52,60,0.0002803802490234375
547,53,60,0.0002758502960205078
548,54,60,0.00026988983154296875
549,55,60,0.00029349327087402344
550,56,60,0.00030159950256347656
551,57,60,0.0002739429473876953
552,58,60,0.0002799034118652344
553,59,60,0.00024962425231933594
554,60,60,0.00023937225341796875
555,61,60,0.0002582073211669922
556,62,60,0.0002338886260986328
557,63,60,0.0002853870391845703
558,64,60,0.0002319812774658203
559,65,60,0.0002346038818359375
560,66,60,0.0002989768981933594
561,67,60,0.00021600723266601562
562,68,60,0.0001735687255859375
563,69,60,0.00018095970153808594
564,70,60,0.0002522468566894531
565,71,60,0.00027060508728027344
566,72,60,0.00026869773864746094
567,73,60,0.0002129077911376953
568,74,60,0.00020694732666015625
569,75,60,0.00022983551025390625
570,76,60,0.00023293495178222656
571,77,60,0.0002410411834716797
572,78,60,0.00022339820861816406
573,79,60,0.000213623046875
574,80,60,0.00025081634521484375
575,81,60,0.00023436546325683594
576,82,60,0.00028395652770996094
577,83,60,0.0002224445343017578
578,84,60,0.0002644062042236328
579,85,60,0.00023317337036132812
580,86,60,0.00016427040100097656
581,87,60,0.0002646446228027344
582,88,60,0.00016260147094726562
583,89,60,0.0002200603485107422
584,90,60,0.00020694732666015625
585,91,60,0.0002028942108154297
586,92,60,0.00030159950256347656
587,93,60,0.00022411346435546875
588,94,60,0.00021409988403320312
589,95,60,0.000232696533203125
590,96,60,0.0002040863037109375
591,97,60,0.00023651123046875
592,98,60,0.00022840499877929688
593,99,60,0.0001685619354248047
594,1,70,0.000751495361328125
595,2,70,0.0006189346313476562
596,3,70,0.0005011558532714844
597,4,70,0.0006041526794433594
598,5,70,0.0006103515625
599,6,70,0.0006346702575683594
600,7,70,0.0006558895111083984
601,8,70,0.0004932880401611328
602,9,70,0.000644683837890625
603,10,70,0.0006499290466308594
604,11,70,0.00038051605224609375
605,12,70,0.0005445480346679688
606,13,70,0.0003943443298339844
607,14,70,0.00060272216796875
608,15,70,0.0005965232849121094
609,16,70,0.00040912628173828125
610,17,70,0.0005545616149902344
611,18,70,0.0006399154663085938
612,19,70,0.0006074905395507812
613,20,70,0.0005736351013183594
614,21,70,0.0005013942718505859
615,22,70,0.0006387233734130859
616,23,70,0.0005466938018798828
617,24,70,0.0004982948303222656
618,25,70,0.0005125999450683594
619,26,70,0.0005438327789306641
620,27,70,0.0004532337188720703
621,28,70,0.00034236907958984375
622,29,70,0.0005080699920654297
623,30,70,0.0002758502960205078
624,31,70,0.00044345855712890625
625,32,70,0.0005383491516113281
626,33,70,0.0005381107330322266
627,34,70,0.00030350685119628906
628,35,70,0.0005016326904296875
629,36,70,0.0005280971527099609
630,37,70,0.00051116943359375
631,38,70,0.0005717277526855469
632,39,70,0.0005028247833251953
633,40,70,0.00047707557678222656
634,41,70,0.00048804283142089844
635,42,70,0.0004267692565917969
636,43,70,0.0003905296325683594
637,44,70,0.00033354759216308594
638,45,70,0.0004572868347167969
639,46,70,0.00038242340087890625
640,47,70,0.0004444122314453125
641,48,70,0.0004868507385253906
642,49,70,0.0004971027374267578
643,50,70,0.00045490264892578125
644,51,70,0.0005183219909667969
645,52,70,0.00046634674072265625
646,53,70,0.00025725364685058594
647,54,70,0.0004680156707763672
648,55,70,0.00045990943908691406
649,56,70,0.00036835670471191406
650,57,70,0.0004074573516845703
651,58,70,0.0004253387451171875
652,59,70,0.00033974647521972656
653,60,70,0.0004267692565917969
654,61,70,0.0003247261047363281
655,62,70,0.0004353523254394531
656,63,70,0.0003631114959716797
657,64,70,0.00031685829162597656
658,65,70,0.0004024505615234375
659,66,70,0.0002827644348144531
660,67,70,0.0002663135528564453
661,68,70,0.0003592967987060547
662,69,70,0.0003371238708496094
663,70,70,0.0003407001495361328
664,71,70,0.0003342628479003906
665,72,70,0.0002624988555908203
666,73,70,0.00022459030151367188
667,74,70,0.00035262107849121094
668,75,70,0.0002677440643310547
669,76,70,0.0003094673156738281
670,77,70,0.0002522468566894531
671,78,70,0.0003421306610107422
672,79,70,0.00027823448181152344
673,80,70,0.00031685829162597656
674,81,70,0.0003361701965332031
675,82,70,0.0002608299255371094
676,83,70,0.0003323554992675781
677,84,70,0.0002739429473876953
678,85,70,0.0002913475036621094
679,86,70,0.00019097328186035156
680,87,70,0.0002949237823486328
681,88,70,0.00023245811462402344
682,89,70,0.00025773048400878906
683,90,70,0.0002868175506591797
684,91,70,0.0002899169921875
685,92,70,0.00030732154846191406
686,93,70,0.0002791881561279297
687,94,70,0.00026869773864746094
688,95,70,0.0002582073211669922
689,96,70,0.0002627372741699219
690,97,70,0.0002713203430175781
691,98,70,0.0002467632293701172
692,99,70,0.00028133392333984375
693,1,80,0.0009458065032958984
694,2,80,0.000701904296875
695,3,80,0.000774383544921875
696,4,80,0.0008146762847900391
697,5,80,0.0006618499755859375
698,6,80,0.0008454322814941406
699,7,80,0.0007843971252441406
700,8,80,0.0008604526519775391
701,9,80,0.0006265640258789062
702,10,80,0.0008199214935302734
703,11,80,0.0007977485656738281
704,12,80,0.0005793571472167969
705,13,80,0.0008246898651123047
706,14,80,0.0007560253143310547
707,15,80,0.0006005764007568359
708,16,80,0.0006690025329589844
709,17,80,0.0006725788116455078
710,18,80,0.0008015632629394531
711,19,80,0.0007903575897216797
712,20,80,0.0007936954498291016
713,21,80,0.0006945133209228516
714,22,80,0.0006375312805175781
715,23,80,0.0004775524139404297
716,24,80,0.0007774829864501953
717,25,80,0.0007023811340332031
718,26,80,0.0005953311920166016
719,27,80,0.00042319297790527344
720,28,80,0.0006847381591796875
721,29,80,0.0006778240203857422
722,30,80,0.0005486011505126953
723,31,80,0.0005352497100830078
724,32,80,0.0005168914794921875
725,33,80,0.0005395412445068359
726,34,80,0.0005443096160888672
727,35,80,0.0006544589996337891
728,36,80,0.0006353855133056641
729,37,80,0.0005424022674560547
730,38,80,0.00039577484130859375
731,39,80,0.0007188320159912109
732,40,80,0.0006389617919921875
733,41,80,0.0004994869232177734
734,42,80,0.0005645751953125
735,43,80,0.0005764961242675781
736,44,80,0.0004794597625732422
737,45,80,0.0004870891571044922
738,46,80,0.0005781650543212891
739,47,80,0.0004699230194091797
740,48,80,0.0005075931549072266
741,49,80,0.0005235671997070312
742,50,80,0.0005004405975341797
743,51,80,0.0004723072052001953
744,52,80,0.0004551410675048828
745,53,80,0.0003681182861328125
746,54,80,0.0005528926849365234
747,55,80,0.00047135353088378906
748,56,80,0.0003616809844970703
749,57,80,0.0002925395965576172
750,58,80,0.0005645751953125
751,59,80,0.0005955696105957031
752,60,80,0.0005571842193603516
753,61,80,0.0005114078521728516
754,62,80,0.0004410743713378906
755,63,80,0.0002703666687011719
756,64,80,0.0002968311309814453
757,65,80,0.00026726722717285156
758,66,80,0.0005176067352294922
759,67,80,0.00027632713317871094
760,68,80,0.00043964385986328125
761,69,80,0.00041604042053222656
762,70,80,0.0002777576446533203
763,71,80,0.0002853870391845703
764,72,80,0.00042366981506347656
765,73,80,0.00029778480529785156
766,74,80,0.0004017353057861328
767,75,80,0.0003826618194580078
768,76,80,0.00033211708068847656
769,77,80,0.00031638145446777344
770,78,80,0.0003821849822998047
771,79,80,0.00023436546325683594
772,80,80,0.0003788471221923828
773,81,80,0.00035858154296875
774,82,80,0.00029158592224121094
775,83,80,0.0003414154052734375
776,84,80,0.0003676414489746094
777,85,80,0.00022935867309570312
778,86,80,0.0003299713134765625
779,87,80,0.0003540515899658203
780,88,80,0.00024080276489257812
781,89,80,0.0003211498260498047
782,90,80,0.0003657341003417969
783,91,80,0.0003426074981689453
784,92,80,0.00028634071350097656
785,93,80,0.0002949237823486328
786,94,80,0.0003559589385986328
787,95,80,0.0003402233123779297
788,96,80,0.0003342628479003906
789,97,80,0.00037217140197753906
790,98,80,0.00030612945556640625
791,99,80,0.0002586841583251953
792,1,90,0.0011894702911376953
793,2,90,0.000978708267211914
794,3,90,0.0008518695831298828
795,4,90,0.0008857250213623047
796,5,90,0.0010428428649902344
797,6,90,0.0008378028869628906
798,7,90,0.0008363723754882812
799,8,90,0.0007507801055908203
800,9,90,0.0009508132934570312
801,10,90,0.0008211135864257812
802,11,90,0.0008606910705566406
803,12,90,0.0010256767272949219
804,13,90,0.0010416507720947266
805,14,90,0.0009324550628662109
806,15,90,0.0006189346313476562
807,16,90,0.0009915828704833984
808,17,90,0.0007433891296386719
809,18,90,0.0008056163787841797
810,19,90,0.0008978843688964844
811,20,90,0.0006248950958251953
812,21,90,0.0008199214935302734
813,22,90,0.0008234977722167969
814,23,90,0.0009512901306152344
815,24,90,0.00089263916015625
816,25,90,0.0009162425994873047
817,26,90,0.0009024143218994141
818,27,90,0.0007891654968261719
819,28,90,0.0007407665252685547
820,29,90,0.0008800029754638672
821,30,90,0.0008985996246337891
822,31,90,0.00067901611328125
823,32,90,0.00047087669372558594
824,33,90,0.0007369518280029297
825,34,90,0.0006620883941650391
826,35,90,0.0007190704345703125
827,36,90,0.0006525516510009766
828,37,90,0.0008246898651123047
829,38,90,0.0006842613220214844
830,39,90,0.0006337165832519531
831,40,90,0.00044536590576171875
832,41,90,0.0007677078247070312
833,42,90,0.0007824897766113281
834,43,90,0.0004506111145019531
835,44,90,0.0007326602935791016
836,45,90,0.0006334781646728516
837,46,90,0.0006461143493652344
838,47,90,0.0007522106170654297
839,48,90,0.0007276535034179688
840,49,90,0.0007128715515136719
841,50,90,0.00040912628173828125
842,51,90,0.0005891323089599609
843,52,90,0.0006783008575439453
844,53,90,0.0006020069122314453
845,54,90,0.0006124973297119141
846,55,90,0.0005483627319335938
847,56,90,0.0003216266632080078
848,57,90,0.0006680488586425781
849,58,90,0.0005819797515869141
850,59,90,0.000583648681640625
851,60,90,0.0007114410400390625
852,61,90,0.0005903244018554688
853,62,90,0.0006978511810302734
854,63,90,0.0006043910980224609
855,64,90,0.0006918907165527344
856,65,90,0.0006649494171142578
857,66,90,0.0005629062652587891
858,67,90,0.0006480216979980469
859,68,90,0.0005490779876708984
860,69,90,0.0006847381591796875
861,70,90,0.0005686283111572266
862,71,90,0.0005984306335449219
863,72,90,0.0005092620849609375
864,73,90,0.0004627704620361328
865,74,90,0.0005426406860351562
866,75,90,0.0004718303680419922
867,76,90,0.0005643367767333984
868,77,90,0.0004315376281738281
869,78,90,0.00046372413635253906
870,79,90,0.0005261898040771484
871,80,90,0.00046539306640625
872,81,90,0.00040340423583984375
873,82,90,0.0005512237548828125
874,83,90,0.0004191398620605469
875,84,90,0.00037169456481933594
876,85,90,0.0004737377166748047
877,86,90,0.0004363059997558594
878,87,90,0.00039696693420410156
879,88,90,0.0003910064697265625
880,89,90,0.0003857612609863281
881,90,90,0.0003972053527832031
882,91,90,0.00047779083251953125
883,92,90,0.0002639293670654297
884,93,90,0.00034999847412109375
885,94,90,0.00038909912109375
886,95,90,0.0003535747528076172
887,96,90,0.0002868175506591797
888,97,90,0.00048065185546875
889,98,90,0.00043082237243652344
890,99,90,0.00047898292541503906
891,1,100,0.00142669677734375
892,2,100,0.0010797977447509766
893,3,100,0.0011630058288574219
894,4,100,0.0012030601501464844
895,5,100,0.0013172626495361328
896,6,100,0.0010356903076171875
897,7,100,0.0010800361633300781
898,8,100,0.001054525375366211
899,9,100,0.0011830329895019531
900,10,100,0.0010616779327392578
901,11,100,0.001201629638671875
902,12,100,0.0009753704071044922
903,13,100,0.0010209083557128906
904,14,100,0.0012199878692626953
905,15,100,0.0013573169708251953
906,16,100,0.0011556148529052734
907,17,100,0.0011026859283447266
908,18,100,0.001043081283569336
909,19,100,0.0008389949798583984
910,20,100,0.0011286735534667969
911,21,100,0.001163482666015625
912,22,100,0.0009481906890869141
913,23,100,0.0011279582977294922
914,24,100,0.0009427070617675781
915,25,100,0.0009164810180664062
916,26,100,0.0015392303466796875
917,27,100,0.0010571479797363281
918,28,100,0.0009074211120605469
919,29,100,0.0009293556213378906
920,30,100,0.0010378360748291016
921,31,100,0.000885009765625
922,32,100,0.0005991458892822266
923,33,100,0.0008869171142578125
924,34,100,0.0008451938629150391
925,35,100,0.0009872913360595703
926,36,100,0.0008804798126220703
927,37,100,0.0009920597076416016
928,38,100,0.0012593269348144531
929,39,100,0.001207590103149414
930,40,100,0.0007727146148681641
931,41,100,0.0007991790771484375
932,42,100,0.0008318424224853516
933,43,100,0.0012786388397216797
934,44,100,0.00078582763671875
935,45,100,0.0007512569427490234
936,46,100,0.0007846355438232422
937,47,100,0.0005888938903808594
938,48,100,0.0012574195861816406
939,49,100,0.0008594989776611328
940,50,100,0.001041412353515625
941,51,100,0.0008344650268554688
942,52,100,0.0008156299591064453
943,53,100,0.0008461475372314453
944,54,100,0.0006844997406005859
945,55,100,0.0007166862487792969
946,56,100,0.0008015632629394531
947,57,100,0.000789642333984375
948,58,100,0.0006985664367675781
949,59,100,0.0009055137634277344
950,60,100,0.0007097721099853516
951,61,100,0.0006048679351806641
952,62,100,0.0006134510040283203
953,63,100,0.0007989406585693359
954,64,100,0.0006568431854248047
955,65,100,0.0007719993591308594
956,66,100,0.0008683204650878906
957,67,100,0.0006051063537597656
958,68,100,0.0007421970367431641
959,69,100,0.0006749629974365234
960,70,100,0.0006754398345947266
961,71,100,0.0006933212280273438
962,72,100,0.0008111000061035156
963,73,100,0.0005939006805419922
964,74,100,0.0007162094116210938
965,75,100,0.0007476806640625
966,76,100,0.0006651878356933594
967,77,100,0.0005609989166259766
968,78,100,0.0006721019744873047
969,79,100,0.0006804466247558594
970,80,100,0.0005931854248046875
971,81,100,0.0005691051483154297
972,82,100,0.0006859302520751953
973,83,100,0.0005133152008056641
974,84,100,0.0005736351013183594
975,85,100,0.0006310939788818359
976,86,100,0.0006051063537597656
977,87,100,0.0005345344543457031
978,88,100,0.0006339550018310547
979,89,100,0.0005047321319580078
980,90,100,0.0006232261657714844
981,91,100,0.0004935264587402344
982,92,100,0.0004165172576904297
983,93,100,0.00048613548278808594
984,94,100,0.0004968643188476562
985,95,100,0.00038123130798339844
986,96,100,0.0003445148468017578
987,97,100,0.0003063678741455078
988,98,100,0.0004875659942626953
989,99,100,0.0004565715789794922
990,1,110,0.0015864372253417969
991,2,110,0.0011889934539794922
992,3,110,0.001222848892211914
993,4,110,0.0013256072998046875
994,5,110,0.0013980865478515625
995,6,110,0.001313924789428711
996,7,110,0.0012156963348388672
997,8,110,0.0012559890747070312
998,9,110,0.0011205673217773438
999,10,110,0.0013942718505859375
1000,11,110,0.0013079643249511719
1001,12,110,0.0010161399841308594
1002,13,110,0.0014083385467529297
1003,14,110,0.0011746883392333984
1004,15,110,0.0014204978942871094
1005,16,110,0.0011713504791259766
1006,17,110,0.001409292221069336
1007,18,110,0.001363515853881836
1008,19,110,0.0013189315795898438
1009,20,110,0.0011491775512695312
1010,21,110,0.0011303424835205078
1011,22,110,0.0012559890747070312
1012,23,110,0.0012226104736328125
1013,24,110,0.0011932849884033203
1014,25,110,0.0011224746704101562
1015,26,110,0.0011162757873535156
1016,27,110,0.0012974739074707031
1017,28,110,0.001329183578491211
1018,29,110,0.0012886524200439453
1019,30,110,0.0012979507446289062
1020,31,110,0.0011224746704101562
1021,32,110,0.0011103153228759766
1022,33,110,0.0010166168212890625
1023,34,110,0.0010783672332763672
1024,35,110,0.0010612010955810547
1025,36,110,0.0012547969818115234
1026,37,110,0.0009908676147460938
1027,38,110,0.0009760856628417969
1028,39,110,0.0009789466857910156
1029,40,110,0.0009453296661376953
1030,41,110,0.001104116439819336
1031,42,110,0.0010156631469726562
1032,43,110,0.0009350776672363281
1033,44,110,0.0009179115295410156
1034,45,110,0.0009131431579589844
1035,46,110,0.0009114742279052734
1036,47,110,0.0010347366333007812
1037,48,110,0.0008795261383056641
1038,49,110,0.000965118408203125
1039,50,110,0.0008294582366943359
1040,51,110,0.0008919239044189453
1041,52,110,0.0008521080017089844
1042,53,110,0.0009098052978515625
1043,54,110,0.0009169578552246094
1044,55,110,0.0008599758148193359
1045,56,110,0.0010437965393066406
1046,57,110,0.0008704662322998047
1047,58,110,0.0009589195251464844
1048,59,110,0.0005786418914794922
1049,60,110,0.0008206367492675781
1050,61,110,0.0008151531219482422
1051,62,110,0.000766754150390625
1052,63,110,0.0009036064147949219
1053,64,110,0.0007894039154052734
1054,65,110,0.0007476806640625
1055,66,110,0.0007648468017578125
1056,67,110,0.0006570816040039062
1057,68,110,0.0007050037384033203
1058,69,110,0.0006890296936035156
1059,70,110,0.0006699562072753906
1060,71,110,0.0008461475372314453
1061,72,110,0.0004265308380126953
1062,73,110,0.0008287429809570312
1063,74,110,0.0007276535034179688
1064,75,110,0.0007283687591552734
1065,76,110,0.0007083415985107422
1066,77,110,0.0008912086486816406
1067,78,110,0.0004329681396484375
1068,79,110,0.0006842613220214844
1069,80,110,0.00078582763671875
1070,81,110,0.0007126331329345703
1071,82,110,0.0007081031799316406
1072,83,110,0.0006859302520751953
1073,84,110,0.0006735324859619141
1074,85,110,0.0003921985626220703
1075,86,110,0.00063323974609375
1076,87,110,0.0006480216979980469
1077,88,110,0.0005979537963867188
1078,89,110,0.0005979537963867188
1079,90,110,0.0006480216979980469
1080,91,110,0.00063323974609375
1081,92,110,0.0006575584411621094
1082,93,110,0.0006387233734130859
1083,94,110,0.0006666183471679688
1084,95,110,0.0005867481231689453
1085,96,110,0.0005950927734375
1086,97,110,0.0005240440368652344
1087,98,110,0.0005626678466796875
1088,99,110,0.0005552768707275391
1089,1,120,0.0018608570098876953
1090,2,120,0.001497030258178711
1091,3,120,0.0014939308166503906
1092,4,120,0.0014195442199707031
1093,5,120,0.0014386177062988281
1094,6,120,0.0014729499816894531
1095,7,120,0.0012989044189453125
1096,8,120,0.001382589340209961
1097,9,120,0.001394033432006836
1098,10,120,0.0012409687042236328
1099,11,120,0.001367807388305664
1100,12,120,0.0013916492462158203
1101,13,120,0.0012288093566894531
1102,14,120,0.0013806819915771484
1103,15,120,0.0013608932495117188
1104,16,120,0.0010828971862792969
1105,17,120,0.0013494491577148438
1106,18,120,0.000972747802734375
1107,19,120,0.0013718605041503906
1108,20,120,0.0013301372528076172
1109,21,120,0.0013301372528076172
1110,22,120,0.001348257064819336
1111,23,120,0.0010006427764892578
1112,24,120,0.0013260841369628906
1113,25,120,0.00127410888671875
1114,26,120,0.0013468265533447266
1115,27,120,0.001314401626586914
1116,28,120,0.0013103485107421875
1117,29,120,0.0014560222625732422
1118,30,120,0.0014202594757080078
1119,31,120,0.001294851303100586
1120,32,120,0.001253366470336914
1121,33,120,0.0012500286102294922
1122,34,120,0.0008089542388916016
1123,35,120,0.0012426376342773438
1124,36,120,0.001293182373046875
1125,37,120,0.001138925552368164
1126,38,120,0.0012054443359375
1127,39,120,0.0011742115020751953
1128,40,120,0.000644683837890625
1129,41,120,0.001169443130493164
1130,42,120,0.0011432170867919922
1131,43,120,0.001190185546875
1132,44,120,0.001094818115234375
1133,45,120,0.0010485649108886719
1134,46,120,0.0009751319885253906
1135,47,120,0.0010290145874023438
1136,48,120,0.0010526180267333984
1137,49,120,0.0009815692901611328
1138,50,120,0.00054931640625
1139,51,120,0.0010380744934082031
1140,52,120,0.0010688304901123047
1141,53,120,0.001058340072631836
1142,54,120,0.0010340213775634766
1143,55,120,0.0009982585906982422
1144,56,120,0.0009872913360595703
1145,57,120,0.0010044574737548828
1146,58,120,0.0010340213775634766
1147,59,120,0.0010297298431396484
1148,60,120,0.0010128021240234375
1149,61,120,0.001125335693359375
1150,62,120,0.0011372566223144531
1151,63,120,0.0009164810180664062
1152,64,120,0.0008862018585205078
1153,65,120,0.000926971435546875
1154,66,120,0.0004889965057373047
1155,67,120,0.0008814334869384766
1156,68,120,0.0008716583251953125
1157,69,120,0.0008237361907958984
1158,70,120,0.0007731914520263672
1159,71,120,0.0008113384246826172
1160,72,120,0.0008497238159179688
1161,73,120,0.000827789306640625
1162,74,120,0.0008521080017089844
1163,75,120,0.0006036758422851562
1164,76,120,0.0008609294891357422
1165,77,120,0.0008282661437988281
1166,78,120,0.000789642333984375
1167,79,120,0.0009276866912841797
1168,80,120,0.0010287761688232422
1169,81,120,0.0007917881011962891
1170,82,120,0.0008416175842285156
1171,83,120,0.0007598400115966797
1172,84,120,0.0008020401000976562
1173,85,120,0.0008275508880615234
1174,86,120,0.0008387565612792969
1175,87,120,0.0008189678192138672
1176,88,120,0.0007755756378173828
1177,89,120,0.0009033679962158203
1178,90,120,0.0007455348968505859
1179,91,120,0.0004239082336425781
1180,92,120,0.0008325576782226562
1181,93,120,0.0007276535034179688
1182,94,120,0.0006732940673828125
1183,95,120,0.0007128715515136719
1184,96,120,0.0006916522979736328
1185,97,120,0.0006601810455322266
1186,98,120,0.000827789306640625
1187,99,120,0.0007104873657226562
1188,1,130,0.0021228790283203125
1189,2,130,0.001966238021850586
1190,3,130,0.001667022705078125
1191,4,130,0.0016760826110839844
1192,5,130,0.0016317367553710938
1193,6,130,0.0016584396362304688
1194,7,130,0.0015707015991210938
1195,8,130,0.0015163421630859375
1196,9,130,0.0015597343444824219
1197,10,130,0.0015406608581542969
1198,11,130,0.0016391277313232422
1199,12,130,0.0015125274658203125
1200,13,130,0.0015649795532226562
1201,14,130,0.0015017986297607422
1202,15,130,0.0015194416046142578
1203,16,130,0.0012433528900146484
1204,17,130,0.0015101432800292969
1205,18,130,0.0014698505401611328
1206,19,130,0.0016317367553710938
1207,20,130,0.0012128353118896484
1208,21,130,0.0015058517456054688
1209,22,130,0.0014295578002929688
1210,23,130,0.0013933181762695312
1211,24,130,0.0014717578887939453
1212,25,130,0.0014462471008300781
1213,26,130,0.0015869140625
1214,27,130,0.0014128684997558594
1215,28,130,0.0010962486267089844
1216,29,130,0.0014061927795410156
1217,30,130,0.0010631084442138672
1218,31,130,0.0013780593872070312
1219,32,130,0.0013580322265625
1220,33,130,0.0014002323150634766
1221,34,130,0.0013756752014160156
1222,35,130,0.001341104507446289
1223,36,130,0.0014007091522216797
1224,37,130,0.0013356208801269531
1225,38,130,0.0013439655303955078
1226,39,130,0.0013489723205566406
1227,40,130,0.001482248306274414
1228,41,130,0.0014679431915283203
1229,42,130,0.0014193058013916016
1230,43,130,0.0013811588287353516
1231,44,130,0.0014374256134033203
1232,45,130,0.0013017654418945312
1233,46,130,0.001299142837524414
1234,47,130,0.0012903213500976562
1235,48,130,0.0012667179107666016
1236,49,130,0.0012044906616210938
1237,50,130,0.001127481460571289
1238,51,130,0.0011260509490966797
1239,52,130,0.0011324882507324219
1240,53,130,0.0010519027709960938
1241,54,130,0.0011725425720214844
1242,55,130,0.0011627674102783203
1243,56,130,0.0011675357818603516
1244,57,130,0.0011799335479736328
1245,58,130,0.001110076904296875
1246,59,130,0.0011110305786132812
1247,60,130,0.0011096000671386719
1248,61,130,0.0010638236999511719
1249,62,130,0.0011432170867919922
1250,63,130,0.0011267662048339844
1251,64,130,0.0012216567993164062
1252,65,130,0.0011219978332519531
1253,66,130,0.0011301040649414062
1254,67,130,0.0010561943054199219
1255,68,130,0.0010385513305664062
1256,69,130,0.0009772777557373047
1257,70,130,0.0010042190551757812
1258,71,130,0.0010073184967041016
1259,72,130,0.0011382102966308594
1260,73,130,0.0009360313415527344
1261,74,130,0.0009067058563232422
1262,75,130,0.0009164810180664062
1263,76,130,0.0008919239044189453
1264,77,130,0.0009560585021972656
1265,78,130,0.0005407333374023438
1266,79,130,0.0009918212890625
1267,80,130,0.0009307861328125
1268,81,130,0.000823974609375
1269,82,130,0.0008592605590820312
1270,83,130,0.0008549690246582031
1271,84,130,0.0008625984191894531
1272,85,130,0.000881195068359375
1273,86,130,0.000843048095703125
1274,87,130,0.0008854866027832031
1275,88,130,0.0010404586791992188
1276,89,130,0.0009655952453613281
1277,90,130,0.0009479522705078125
1278,91,130,0.0005135536193847656
1279,92,130,0.0009396076202392578
1280,93,130,0.0008716583251953125
1281,94,130,0.0008893013000488281
1282,95,130,0.0008566379547119141
1283,96,130,0.0008645057678222656
1284,97,130,0.0010364055633544922
1285,98,130,0.0009596347808837891
1286,99,130,0.0008451938629150391
1287,1,140,0.0024890899658203125
1288,2,140,0.0018777847290039062
1289,3,140,0.001911163330078125
1290,4,140,0.001916646957397461
1291,5,140,0.0015842914581298828
1292,6,140,0.0017473697662353516
1293,7,140,0.002103090286254883
1294,8,140,0.0016446113586425781
1295,9,140,0.0016720294952392578
1296,10,140,0.0017917156219482422
1297,11,140,0.0016510486602783203
1298,12,140,0.0016679763793945312
1299,13,140,0.0018765926361083984
1300,14,140,0.0016508102416992188
1301,15,140,0.0014622211456298828
1302,16,140,0.0016260147094726562
1303,17,140,0.0016584396362304688
1304,18,140,0.0016205310821533203
1305,19,140,0.0016446113586425781
1306,20,140,0.0016033649444580078
1307,21,140,0.0016186237335205078
1308,22,140,0.0015597343444824219
1309,23,140,0.0015232563018798828
1310,24,140,0.0015408992767333984
1311,25,140,0.0015554428100585938
1312,26,140,0.0015616416931152344
1313,27,140,0.001500844955444336
1314,28,140,0.0015330314636230469
1315,29,140,0.0009694099426269531
1316,30,140,0.0015115737915039062
1317,31,140,0.0015423297882080078
1318,32,140,0.0015377998352050781
1319,33,140,0.0015325546264648438
1320,34,140,0.0015454292297363281
1321,35,140,0.0014789104461669922
1322,36,140,0.0017027854919433594
1323,37,140,0.001506805419921875
1324,38,140,0.0014560222625732422
1325,39,140,0.0014503002166748047
1326,40,140,0.0014393329620361328
1327,41,140,0.001455068588256836
1328,42,140,0.0014722347259521484
1329,43,140,0.0008709430694580078
1330,44,140,0.0014376640319824219
1331,45,140,0.0014100074768066406
1332,46,140,0.0013880729675292969
1333,47,140,0.0013284683227539062
1334,48,140,0.0013513565063476562
1335,49,140,0.0012633800506591797
1336,50,140,0.0013914108276367188
1337,51,140,0.001359701156616211
1338,52,140,0.0013132095336914062
1339,53,140,0.0013043880462646484
1340,54,140,0.0011944770812988281
1341,55,140,0.0007579326629638672
1342,56,140,0.0013000965118408203
1343,57,140,0.0011327266693115234
1344,58,140,0.0014445781707763672
1345,59,140,0.0012791156768798828
1346,60,140,0.0012886524200439453
1347,61,140,0.0012295246124267578
1348,62,140,0.0013079643249511719
1349,63,140,0.001172780990600586
1350,64,140,0.0012540817260742188
1351,65,140,0.0006840229034423828
1352,66,140,0.001252889633178711
1353,67,140,0.0012145042419433594
1354,68,140,0.0012812614440917969
1355,69,140,0.0012276172637939453
1356,70,140,0.001142263412475586
1357,71,140,0.0011944770812988281
1358,72,140,0.0010476112365722656
1359,73,140,0.0011570453643798828
1360,74,140,0.0011794567108154297
1361,75,140,0.0010447502136230469
1362,76,140,0.00113677978515625
1363,77,140,0.0009870529174804688
1364,78,140,0.0010387897491455078
1365,79,140,0.0010302066802978516
1366,80,140,0.0011005401611328125
1367,81,140,0.0010120868682861328
1368,82,140,0.0010423660278320312
1369,83,140,0.0010640621185302734
1370,84,140,0.0011174678802490234
1371,85,140,0.0009474754333496094
1372,86,140,0.0010428428649902344
1373,87,140,0.0009922981262207031
1374,88,140,0.0009801387786865234
1375,89,140,0.0009307861328125
1376,90,140,0.0010106563568115234
1377,91,140,0.0009808540344238281
1378,92,140,0.0008695125579833984
1379,93,140,0.001041412353515625
1380,94,140,0.0009865760803222656
1381,95,140,0.0009386539459228516
1382,96,140,0.0010170936584472656
1383,97,140,0.000993490219116211
1384,98,140,0.0010254383087158203
1385,99,140,0.0009489059448242188
1386,1,150,0.0025141239166259766
1387,2,150,0.0020704269409179688
1388,3,150,0.0019648075103759766
1389,4,150,0.001972198486328125
1390,5,150,0.0018835067749023438
1391,6,150,0.001875162124633789
1392,7,150,0.001939535140991211
1393,8,150,0.0018129348754882812
1394,9,150,0.001810312271118164
1395,10,150,0.0018241405487060547
1396,11,150,0.0018482208251953125
1397,12,150,0.001819610595703125
1398,13,150,0.0015764236450195312
1399,14,150,0.0018482208251953125
1400,15,150,0.0017287731170654297
1401,16,150,0.0018038749694824219
1402,17,150,0.0017559528350830078
1403,18,150,0.0017802715301513672
1404,19,150,0.0017139911651611328
1405,20,150,0.0017244815826416016
1406,21,150,0.0017380714416503906
1407,22,150,0.0016987323760986328
1408,23,150,0.0017619132995605469
1409,24,150,0.001722097396850586
1410,25,150,0.0016829967498779297
1411,26,150,0.0013127326965332031
1412,27,150,0.0016546249389648438
1413,28,150,0.0016665458679199219
1414,29,150,0.0015802383422851562
1415,30,150,0.0016579627990722656
1416,31,150,0.0016620159149169922
1417,32,150,0.001644134521484375
1418,33,150,0.0016787052154541016
1419,34,150,0.0016856193542480469
1420,35,150,0.0016353130340576172
1421,36,150,0.0015764236450195312
1422,37,150,0.001644134521484375
1423,38,150,0.0015981197357177734
1424,39,150,0.0015401840209960938
1425,40,150,0.001651763916015625
1426,41,150,0.0015957355499267578
1427,42,150,0.0016164779663085938
1428,43,150,0.001497030258178711
1429,44,150,0.001569986343383789
1430,45,150,0.00157928466796875
1431,46,150,0.0015289783477783203
1432,47,150,0.0014543533325195312
1433,48,150,0.0009174346923828125
1434,49,150,0.001481771469116211
1435,50,150,0.0015118122100830078
1436,51,150,0.0014812946319580078
1437,52,150,0.0014371871948242188
1438,53,150,0.0014100074768066406
1439,54,150,0.0014789104461669922
1440,55,150,0.0014393329620361328
1441,56,150,0.001493215560913086
1442,57,150,0.0013921260833740234
1443,58,150,0.0014090538024902344
1444,59,150,0.0013587474822998047
1445,60,150,0.0013780593872070312
1446,61,150,0.0013699531555175781
1447,62,150,0.0013887882232666016
1448,63,150,0.0013709068298339844
1449,64,150,0.001344919204711914
1450,65,150,0.0013189315795898438
1451,66,150,0.001341104507446289
1452,67,150,0.0013420581817626953
1453,68,150,0.0013742446899414062
1454,69,150,0.0013427734375
1455,70,150,0.0013332366943359375
1456,71,150,0.0013339519500732422
1457,72,150,0.001285552978515625
1458,73,150,0.0013463497161865234
1459,74,150,0.0013515949249267578
1460,75,150,0.0013484954833984375
1461,76,150,0.0012500286102294922
1462,77,150,0.0013060569763183594
1463,78,150,0.0010695457458496094
1464,79,150,0.0012464523315429688
1465,80,150,0.0012221336364746094
1466,81,150,0.0012426376342773438
1467,82,150,0.0011837482452392578
1468,83,150,0.0013227462768554688
1469,84,150,0.0012197494506835938
1470,85,150,0.001065969467163086
1471,86,150,0.0012216567993164062
1472,87,150,0.001180887222290039
1473,88,150,0.0012285709381103516
1474,89,150,0.0011677742004394531
1475,90,150,0.001085042953491211
1476,91,150,0.001096487045288086
1477,92,150,0.0011913776397705078
1478,93,150,0.0010938644409179688
1479,94,150,0.0010786056518554688
1480,95,150,0.0011322498321533203
1481,96,150,0.001062154769897461
1482,97,150,0.0009508132934570312
1483,98,150,0.0010869503021240234
1484,99,150,0.0011246204376220703
1485,1,160,0.002753734588623047
1486,2,160,0.002241373062133789
1487,3,160,0.0022509098052978516
1488,4,160,0.0021991729736328125
1489,5,160,0.0021104812622070312
1490,6,160,0.002218484878540039
1491,7,160,0.0022056102752685547
1492,8,160,0.0020232200622558594
1493,9,160,0.001977682113647461
1494,10,160,0.0019943714141845703
1495,11,160,0.0019805431365966797
1496,12,160,0.002019166946411133
1497,13,160,0.0019829273223876953
1498,14,160,0.001987457275390625
1499,15,160,0.0020592212677001953
1500,16,160,0.0019774436950683594
1501,17,160,0.0019571781158447266
1502,18,160,0.0019516944885253906
1503,19,160,0.0020923614501953125
1504,20,160,0.0018610954284667969
1505,21,160,0.0019195079803466797
1506,22,160,0.001928567886352539
1507,23,160,0.0019078254699707031
1508,24,160,0.0018651485443115234
1509,25,160,0.0018262863159179688
1510,26,160,0.0019109249114990234
1511,27,160,0.0016791820526123047
1512,28,160,0.00185394287109375
1513,29,160,0.0018067359924316406
1514,30,160,0.0014696121215820312
1515,31,160,0.0018105506896972656
1516,32,160,0.0018672943115234375
1517,33,160,0.0019032955169677734
1518,34,160,0.0018341541290283203
1519,35,160,0.0018684864044189453
1520,36,160,0.0018570423126220703
1521,37,160,0.0018150806427001953
1522,38,160,0.00191497802734375
1523,39,160,0.0019297599792480469
1524,40,160,0.001829385757446289
1525,41,160,0.0018229484558105469
1526,42,160,0.0018341541290283203
1527,43,160,0.001857757568359375
1528,44,160,0.001718282699584961
1529,45,160,0.0018115043640136719
1530,46,160,0.001710653305053711
1531,47,160,0.0017743110656738281
1532,48,160,0.001714468002319336
1533,49,160,0.0017025470733642578
1534,50,160,0.0016407966613769531
1535,51,160,0.0016274452209472656
1536,52,160,0.0016820430755615234
1537,53,160,0.0016129016876220703
1538,54,160,0.0017108917236328125
1539,55,160,0.0011959075927734375
1540,56,160,0.0015704631805419922
1541,57,160,0.001688241958618164
1542,58,160,0.0015692710876464844
1543,59,160,0.0015358924865722656
1544,60,160,0.0016248226165771484
1545,61,160,0.0016448497772216797
1546,62,160,0.0015947818756103516
1547,63,160,0.0016357898712158203
1548,64,160,0.0016095638275146484
1549,65,160,0.0016214847564697266
1550,66,160,0.0015995502471923828
1551,67,160,0.0013499259948730469
1552,68,160,0.001535654067993164
1553,69,160,0.0016055107116699219
1554,70,160,0.0015757083892822266
1555,71,160,0.0015535354614257812
1556,72,160,0.00152587890625
1557,73,160,0.0015106201171875
1558,74,160,0.001626729965209961
1559,75,160,0.0015311241149902344
1560,76,160,0.001592874526977539
1561,77,160,0.0015707015991210938
1562,78,160,0.0015871524810791016
1563,79,160,0.0015993118286132812
1564,80,160,0.0014986991882324219
1565,81,160,0.001445770263671875
1566,82,160,0.0015385150909423828
1567,83,160,0.0016071796417236328
1568,84,160,0.0015451908111572266
1569,85,160,0.0015251636505126953
1570,86,160,0.0015592575073242188
1571,87,160,0.0015420913696289062
1572,88,160,0.0014271736145019531
1573,89,160,0.0013911724090576172
1574,90,160,0.0013270378112792969
1575,91,160,0.0012607574462890625
1576,92,160,0.0014543533325195312
1577,93,160,0.0014948844909667969
1578,94,160,0.0014195442199707031
1579,95,160,0.0014052391052246094
1580,96,160,0.0010366439819335938
1581,97,160,0.0014133453369140625
1582,98,160,0.0013782978057861328
1583,99,160,0.0014889240264892578
1584,1,170,0.003992795944213867
1585,2,170,0.0033445358276367188
1586,3,170,0.003214120864868164
1587,4,170,0.002713918685913086
1588,5,170,0.0033643245697021484
1589,6,170,0.002841472625732422
1590,7,170,0.0030066967010498047
1591,8,170,0.002847433090209961
1592,9,170,0.003380298614501953
1593,10,170,0.002841949462890625
1594,11,170,0.0029904842376708984
1595,12,170,0.0026814937591552734
1596,13,170,0.003132343292236328
1597,14,170,0.0026578903198242188
1598,15,170,0.0029473304748535156
1599,16,170,0.0027043819427490234
1600,17,170,0.003032207489013672
1601,18,170,0.0028667449951171875
1602,19,170,0.002972841262817383
1603,20,170,0.0028524398803710938
1604,21,170,0.0032012462615966797
1605,22,170,0.003153085708618164
1606,23,170,0.0033752918243408203
1607,24,170,0.0028536319732666016
1608,25,170,0.0027704238891601562
1609,26,170,0.0031747817993164062
1610,27,170,0.003123044967651367
1611,28,170,0.0031189918518066406
1612,29,170,0.003015279769897461
1613,30,170,0.002880573272705078
1614,31,170,0.002792835235595703
1615,32,170,0.002729177474975586
1616,33,170,0.003283977508544922
1617,34,170,0.0026755332946777344
1618,35,170,0.0030612945556640625
1619,36,170,0.0034203529357910156
1620,37,170,0.002703428268432617
1621,38,170,0.0029494762420654297
1622,39,170,0.003394603729248047
1623,40,170,0.0033283233642578125
1624,41,170,0.003256559371948242
1625,42,170,0.0033636093139648438
1626,43,170,0.003103971481323242
1627,44,170,0.0032300949096679688
1628,45,170,0.003287076950073242
1629,46,170,0.0030846595764160156
1630,47,170,0.0031278133392333984
1631,48,170,0.003123044967651367
1632,49,170,0.003244161605834961
1633,50,170,0.0031137466430664062
1634,51,170,0.003061532974243164
1635,52,170,0.0026819705963134766
1636,53,170,0.0029354095458984375
1637,54,170,0.0023343563079833984
1638,55,170,0.002957582473754883
1639,56,170,0.0030121803283691406
1640,57,170,0.003011465072631836
1641,58,170,0.0028085708618164062
1642,59,170,0.0026979446411132812
1643,60,170,0.002847433090209961
1644,61,170,0.002919435501098633
1645,62,170,0.0028166770935058594
1646,63,170,0.002741575241088867
1647,64,170,0.0026285648345947266
1648,65,170,0.002768993377685547
1649,66,170,0.0025415420532226562
1650,67,170,0.0025577545166015625
1651,68,170,0.0025894641876220703
1652,69,170,0.002624034881591797
1653,70,170,0.0027382373809814453
1654,71,170,0.002576589584350586
1655,72,170,0.002597332000732422
1656,73,170,0.002668619155883789
1657,74,170,0.0026543140411376953
1658,75,170,0.0025603771209716797
1659,76,170,0.0025177001953125
1660,77,170,0.002552032470703125
1661,78,170,0.0025644302368164062
1662,79,170,0.002620220184326172
1663,80,170,0.0025539398193359375
1664,81,170,0.002577543258666992
1665,82,170,0.0025463104248046875
1666,83,170,0.0025207996368408203
1667,84,170,0.0020596981048583984
1668,85,170,0.002446889877319336
1669,86,170,0.0024166107177734375
1670,87,170,0.0024271011352539062
1671,88,170,0.0023756027221679688
1672,89,170,0.002379179000854492
1673,90,170,0.0023148059844970703
1674,91,170,0.002277374267578125
1675,92,170,0.002340555191040039
1676,93,170,0.00229644775390625
1677,94,170,0.0022771358489990234
1678,95,170,0.002272367477416992
1679,96,170,0.0023000240325927734
1680,97,170,0.0022292137145996094
1681,98,170,0.002164602279663086
1682,99,170,0.0022857189178466797
1683,1,180,0.007277011871337891
1684,2,180,0.00595855712890625
1685,3,180,0.005979299545288086
1686,4,180,0.005970001220703125
1687,5,180,0.00507354736328125
1688,6,180,0.005403757095336914
1689,7,180,0.0054204463958740234
1690,8,180,0.004980325698852539
1691,9,180,0.005671501159667969
1692,10,180,0.0047571659088134766
1693,11,180,0.004592418670654297
1694,12,180,0.004650592803955078
1695,13,180,0.00463414192199707
1696,14,180,0.004755973815917969
1697,15,180,0.004463911056518555
1698,16,180,0.004362583160400391
1699,17,180,0.004312753677368164
1700,18,180,0.004439115524291992
1701,19,180,0.0043849945068359375
1702,20,180,0.0042858123779296875
1703,21,180,0.004414081573486328
1704,22,180,0.0043261051177978516
1705,23,180,0.004229307174682617
1706,24,180,0.004136562347412109
1707,25,180,0.0041561126708984375
1708,26,180,0.004092216491699219
1709,27,180,0.0041239261627197266
1710,28,180,0.0039844512939453125
1711,29,180,0.0033111572265625
1712,30,180,0.0040438175201416016
1713,31,180,0.0038118362426757812
1714,32,180,0.003823518753051758
1715,33,180,0.003747701644897461
1716,34,180,0.0038526058197021484
1717,35,180,0.003231525421142578
1718,36,180,0.003816366195678711
1719,37,180,0.0037093162536621094
1720,38,180,0.004110097885131836
1721,39,180,0.003664731979370117
1722,40,180,0.003916025161743164
1723,41,180,0.0036499500274658203
1724,42,180,0.003648042678833008
1725,43,180,0.003621816635131836
1726,44,180,0.0035805702209472656
1727,45,180,0.0040738582611083984
1728,46,180,0.0036640167236328125
1729,47,180,0.003423452377319336
1730,48,180,0.003433704376220703
1731,49,180,0.0033931732177734375
1732,50,180,0.0033321380615234375
1733,51,180,0.0027501583099365234
1734,52,180,0.0033419132232666016
1735,53,180,0.0032491683959960938
1736,54,180,0.002779722213745117
1737,55,180,0.003233194351196289
1738,56,180,0.003287076950073242
1739,57,180,0.0031435489654541016
1740,58,180,0.003073453903198242
1741,59,180,0.003078460693359375
1742,60,180,0.0031621456146240234
1743,61,180,0.003019094467163086
1744,62,180,0.002996206283569336
1745,63,180,0.0029969215393066406
1746,64,180,0.003013134002685547
1747,65,180,0.0029702186584472656
1748,66,180,0.0030100345611572266
1749,67,180,0.0029964447021484375
1750,68,180,0.0027875900268554688
1751,69,180,0.002790212631225586
1752,70,180,0.0021593570709228516
1753,71,180,0.002779722213745117
1754,72,180,0.0027976036071777344
1755,73,180,0.0028238296508789062
1756,74,180,0.0027000904083251953
1757,75,180,0.0027570724487304688
1758,76,180,0.002135753631591797
1759,77,180,0.002821683883666992
1760,78,180,0.002789020538330078
1761,79,180,0.0027289390563964844
1762,80,180,0.0026900768280029297
1763,81,180,0.0027511119842529297
1764,82,180,0.0025632381439208984
1765,83,180,0.0026760101318359375
1766,84,180,0.0026466846466064453
1767,85,180,0.0026514530181884766
1768,86,180,0.0026917457580566406
1769,87,180,0.0020303726196289062
1770,88,180,0.002656698226928711
1771,89,180,0.002638578414916992
1772,90,180,0.0020024776458740234
1773,91,180,0.002532958984375
1774,92,180,0.0025167465209960938
1775,93,180,0.0025453567504882812
1776,94,180,0.002541780471801758
1777,95,180,0.002386808395385742
1778,96,180,0.0023572444915771484
1779,97,180,0.0024995803833007812
1780,98,180,0.0024023056030273438
1781,99,180,0.0025243759155273438
1782,1,190,0.008054256439208984
1783,2,190,0.006253957748413086
1784,3,190,0.006141185760498047
1785,4,190,0.006021022796630859
1786,5,190,0.006051301956176758
1787,6,190,0.006383180618286133
1788,7,190,0.006045103073120117
1789,8,190,0.00613713264465332
1790,9,190,0.005537509918212891
1791,10,190,0.005583047866821289
1792,11,190,0.005234241485595703
1793,12,190,0.00531458854675293
1794,13,190,0.006145000457763672
1795,14,190,0.005076169967651367
1796,15,190,0.005080699920654297
1797,16,190,0.005005359649658203
1798,17,190,0.0049495697021484375
1799,18,190,0.0049135684967041016
1800,19,190,0.005987405776977539
1801,20,190,0.004726409912109375
1802,21,190,0.004676103591918945
1803,22,190,0.005550384521484375
1804,23,190,0.005307197570800781
1805,24,190,0.004708528518676758
1806,25,190,0.004605770111083984
1807,26,190,0.0046749114990234375
1808,27,190,0.004338502883911133
1809,28,190,0.004724740982055664
1810,29,190,0.004594326019287109
1811,30,190,0.00441288948059082
1812,31,190,0.004859209060668945
1813,32,190,0.004342555999755859
1814,33,190,0.004094600677490234
1815,34,190,0.0042493343353271484
1816,35,190,0.0041980743408203125
1817,36,190,0.004254579544067383
1818,37,190,0.004208087921142578
1819,38,190,0.004137516021728516
1820,39,190,0.004207611083984375
1821,40,190,0.0040705204010009766
1822,41,190,0.004347801208496094
1823,42,190,0.004088878631591797
1824,43,190,0.004312992095947266
1825,44,190,0.003962039947509766
1826,45,190,0.004002571105957031
1827,46,190,0.004515886306762695
1828,47,190,0.003824472427368164
1829,48,190,0.003804445266723633
1830,49,190,0.0037336349487304688
1831,50,190,0.0036468505859375
1832,51,190,0.00362396240234375
1833,52,190,0.003620624542236328
1834,53,190,0.0035843849182128906
1835,54,190,0.0032906532287597656
1836,55,190,0.0035037994384765625
1837,56,190,0.0035512447357177734
1838,57,190,0.003546476364135742
1839,58,190,0.0035550594329833984
1840,59,190,0.0034863948822021484
1841,60,190,0.003367900848388672
1842,61,190,0.0033600330352783203
1843,62,190,0.003409147262573242
1844,63,190,0.0033249855041503906
1845,64,190,0.0032858848571777344
1846,65,190,0.003261566162109375
1847,66,190,0.003195047378540039
1848,67,190,0.0032341480255126953
1849,68,190,0.003334522247314453
1850,69,190,0.0031614303588867188
1851,70,190,0.002500772476196289
1852,71,190,0.0030629634857177734
1853,72,190,0.0029587745666503906
1854,73,190,0.002915620803833008
1855,74,190,0.0028052330017089844
1856,75,190,0.002960681915283203
1857,76,190,0.0029637813568115234
1858,77,190,0.0028760433197021484
1859,78,190,0.00322723388671875
1860,79,190,0.0029342174530029297
1861,80,190,0.0029098987579345703
1862,81,190,0.0028841495513916016
1863,82,190,0.0028753280639648438
1864,83,190,0.0029103755950927734
1865,84,190,0.0028867721557617188
1866,85,190,0.0028412342071533203
1867,86,190,0.002855539321899414
1868,87,190,0.0029468536376953125
1869,88,190,0.0014324188232421875
1870,89,190,0.0028231143951416016
1871,90,190,0.0027794837951660156
1872,91,190,0.002811431884765625
1873,92,190,0.0028238296508789062
1874,93,190,0.0027985572814941406
1875,94,190,0.0028350353240966797
1876,95,190,0.0026552677154541016
1877,96,190,0.002656221389770508
1878,97,190,0.0026209354400634766
1879,98,190,0.0025908946990966797
1880,99,190,0.0029315948486328125
1881,1,200,0.008872270584106445
1882,2,200,0.00708317756652832
1883,3,200,0.006762981414794922
1884,4,200,0.006299257278442383
1885,5,200,0.0061299800872802734
1886,6,200,0.006547451019287109
1887,7,200,0.005846977233886719
1888,8,200,0.005585908889770508
1889,9,200,0.006017208099365234
1890,10,200,0.005576133728027344
1891,11,200,0.005433559417724609
1892,12,200,0.00668787956237793
1893,13,200,0.00590825080871582
1894,14,200,0.005194425582885742
1895,15,200,0.005517482757568359
1896,16,200,0.006382465362548828
1897,17,200,0.0064008235931396484
1898,18,200,0.005251407623291016
1899,19,200,0.0044231414794921875
1900,20,200,0.005491733551025391
1901,21,200,0.005312681198120117
1902,22,200,0.005965232849121094
1903,23,200,0.005053520202636719
1904,24,200,0.004992961883544922
1905,25,200,0.004818439483642578
1906,26,200,0.004868745803833008
1907,27,200,0.004824399948120117
1908,28,200,0.004841327667236328
1909,29,200,0.004918098449707031
1910,30,200,0.0049669742584228516
1911,31,200,0.0047760009765625
1912,32,200,0.004805564880371094
1913,33,200,0.004877328872680664
1914,34,200,0.0045239925384521484
1915,35,200,0.004387378692626953
1916,36,200,0.005007743835449219
1917,37,200,0.004897117614746094
1918,38,200,0.004578828811645508
1919,39,200,0.0045392513275146484
1920,40,200,0.004522800445556641
1921,41,200,0.004511833190917969
1922,42,200,0.004747152328491211
1923,43,200,0.004460334777832031
1924,44,200,0.003834962844848633
1925,45,200,0.004395008087158203
1926,46,200,0.0044672489166259766
1927,47,200,0.004204988479614258
1928,48,200,0.0042607784271240234
1929,49,200,0.004237174987792969
1930,50,200,0.004102468490600586
1931,51,200,0.004149198532104492
1932,52,200,0.004057645797729492
1933,53,200,0.0041162967681884766
1934,54,200,0.003914356231689453
1935,55,200,0.00396275520324707
1936,56,200,0.003974437713623047
1937,57,200,0.003767251968383789
1938,58,200,0.003957271575927734
1939,59,200,0.0033578872680664062
1940,60,200,0.0038573741912841797
1941,61,200,0.0035653114318847656
1942,62,200,0.0037801265716552734
1943,63,200,0.0037322044372558594
1944,64,200,0.0035614967346191406
1945,65,200,0.0034918785095214844
1946,66,200,0.003972053527832031
1947,67,200,0.0035669803619384766
1948,68,200,0.0035409927368164062
1949,69,200,0.00337982177734375
1950,70,200,0.003502368927001953
1951,71,200,0.0035600662231445312
1952,72,200,0.003481626510620117
1953,73,200,0.002839803695678711
1954,74,200,0.0033876895904541016
1955,75,200,0.0032830238342285156
1956,76,200,0.0032482147216796875
1957,77,200,0.0031499862670898438
1958,78,200,0.0030755996704101562
1959,79,200,0.003175020217895508
1960,80,200,0.003165721893310547
1961,81,200,0.0032002925872802734
1962,82,200,0.0032749176025390625
1963,83,200,0.00322723388671875
1964,84,200,0.0032165050506591797
1965,85,200,0.0031919479370117188
1966,86,200,0.003220796585083008
1967,87,200,0.003317117691040039
1968,88,200,0.0032110214233398438
1969,89,200,0.0031805038452148438
1970,90,200,0.0030374526977539062
1971,91,200,0.0031595230102539062
1972,92,200,0.001628875732421875
1973,93,200,0.003103971481323242
1974,94,200,0.003020048141479492
1975,95,200,0.0015254020690917969
1976,96,200,0.002955913543701172
1977,97,200,0.0030417442321777344
1978,98,200,0.0029685497283935547
1979,99,200,0.003046751022338867
1980,1,210,0.009354114532470703
1981,2,210,0.007896661758422852
1982,3,210,0.007834434509277344
1983,4,210,0.0065538883209228516
1984,5,210,0.007869482040405273
1985,6,210,0.006605386734008789
1986,7,210,0.007470369338989258
1987,8,210,0.006681203842163086
1988,9,210,0.006082057952880859
1989,10,210,0.0064923763275146484
1990,11,210,0.006448268890380859
1991,12,210,0.006253480911254883
1992,13,210,0.006022214889526367
1993,14,210,0.0061321258544921875
1994,15,210,0.006474018096923828
1995,16,210,0.005791187286376953
1996,17,210,0.005843162536621094
1997,18,210,0.0057220458984375
1998,19,210,0.005822896957397461
1999,20,210,0.005736589431762695
2000,21,210,0.0067713260650634766
2001,22,210,0.0057947635650634766
2002,23,210,0.005795717239379883
2003,24,210,0.005719661712646484
2004,25,210,0.005755424499511719
2005,26,210,0.005685567855834961
2006,27,210,0.005575418472290039
2007,28,210,0.005586862564086914
2008,29,210,0.005654811859130859
2009,30,210,0.0055713653564453125
2010,31,210,0.005259037017822266
2011,32,210,0.005390167236328125
2012,33,210,0.0055522918701171875
2013,34,210,0.005430936813354492
2014,35,210,0.00529789924621582
2015,36,210,0.0049703121185302734
2016,37,210,0.005132436752319336
2017,38,210,0.005092620849609375
2018,39,210,0.004897356033325195
2019,40,210,0.005105018615722656
2020,41,210,0.005023002624511719
2021,42,210,0.004806995391845703
2022,43,210,0.004949331283569336
2023,44,210,0.004774808883666992
2024,45,210,0.004723072052001953
2025,46,210,0.004761695861816406
2026,47,210,0.004815101623535156
2027,48,210,0.00483393669128418
2028,49,210,0.004655361175537109
2029,50,210,0.003035306930541992
2030,51,210,0.004657745361328125
2031,52,210,0.004539012908935547
2032,53,210,0.004507541656494141
2033,54,210,0.004383563995361328
2034,55,210,0.004343748092651367
2035,56,210,0.00439143180847168
2036,57,210,0.004187345504760742
2037,58,210,0.0042858123779296875
2038,59,210,0.004228115081787109
2039,60,210,0.004196643829345703
2040,61,210,0.0041158199310302734
2041,62,210,0.0047664642333984375
2042,63,210,0.004148960113525391
2043,64,210,0.004093170166015625
2044,65,210,0.003943920135498047
2045,66,210,0.0040667057037353516
2046,67,210,0.004018068313598633
2047,68,210,0.0038962364196777344
2048,69,210,0.0039043426513671875
2049,70,210,0.003923654556274414
2050,71,210,0.003975868225097656
2051,72,210,0.0038917064666748047
2052,73,210,0.0034766197204589844
2053,74,210,0.0038132667541503906
2054,75,210,0.0037441253662109375
2055,76,210,0.0037577152252197266
2056,77,210,0.0037610530853271484
2057,78,210,0.003683328628540039
2058,79,210,0.0035080909729003906
2059,80,210,0.0032112598419189453
2060,81,210,0.0032536983489990234
2061,82,210,0.0031464099884033203
2062,83,210,0.003511667251586914
2063,84,210,0.003519296646118164
2064,85,210,0.003511190414428711
2065,86,210,0.0035314559936523438
2066,87,210,0.0034465789794921875
2067,88,210,0.0028007030487060547
2068,89,210,0.003420591354370117
2069,90,210,0.0034787654876708984
2070,91,210,0.0034341812133789062
2071,92,210,0.0034363269805908203
2072,93,210,0.003307342529296875
2073,94,210,0.002689838409423828
2074,95,210,0.003309011459350586
2075,96,210,0.003422975540161133
2076,97,210,0.0032384395599365234
2077,98,210,0.0032258033752441406
2078,99,210,0.003292560577392578
2079,1,220,0.010364770889282227
2080,2,220,0.008470296859741211
2081,3,220,0.007883310317993164
2082,4,220,0.008574247360229492
2083,5,220,0.007955789566040039
2084,6,220,0.008221149444580078
2085,7,220,0.00747227668762207
2086,8,220,0.007543087005615234
2087,9,220,0.0067179203033447266
2088,10,220,0.008080482482910156
2089,11,220,0.006845235824584961
2090,12,220,0.007036924362182617
2091,13,220,0.0067596435546875
2092,14,220,0.006633758544921875
2093,15,220,0.006949663162231445
2094,16,220,0.007044076919555664
2095,17,220,0.007521867752075195
2096,18,220,0.006581544876098633
2097,19,220,0.006362199783325195
2098,20,220,0.005541563034057617
2099,21,220,0.006632804870605469
2100,22,220,0.006451129913330078
2101,23,220,0.006191253662109375
2102,24,220,0.006662130355834961
2103,25,220,0.006428718566894531
2104,26,220,0.006133079528808594
2105,27,220,0.006070375442504883
2106,28,220,0.006021738052368164
2107,29,220,0.0059931278228759766
2108,30,220,0.006139516830444336
2109,31,220,0.005821704864501953
2110,32,220,0.005074024200439453
2111,33,220,0.005869388580322266
2112,34,220,0.005807399749755859
2113,35,220,0.005849361419677734
2114,36,220,0.0058405399322509766
2115,37,220,0.005604267120361328
2116,38,220,0.0053861141204833984
2117,39,220,0.005373716354370117
2118,40,220,0.005460500717163086
2119,41,220,0.0046694278717041016
2120,42,220,0.005483388900756836
2121,43,220,0.0033965110778808594
2122,44,220,0.0052335262298583984
2123,45,220,0.0051727294921875
2124,46,220,0.0029196739196777344
2125,47,220,0.004520893096923828
2126,48,220,0.004912853240966797
2127,49,220,0.005071878433227539
2128,50,220,0.004974842071533203
2129,51,220,0.005000591278076172
2130,52,220,0.0048410892486572266
2131,53,220,0.005063533782958984
2132,54,220,0.0047149658203125
2133,55,220,0.004594326019287109
2134,56,220,0.004747152328491211
2135,57,220,0.004689216613769531
2136,58,220,0.004662990570068359
2137,59,220,0.004609107971191406
2138,60,220,0.004540205001831055
2139,61,220,0.004476308822631836
2140,62,220,0.004451751708984375
2141,63,220,0.004160404205322266
2142,64,220,0.004388332366943359
2143,65,220,0.0044405460357666016
2144,66,220,0.00439763069152832
2145,67,220,0.004358053207397461
2146,68,220,0.004296302795410156
2147,69,220,0.004141330718994141
2148,70,220,0.0041506290435791016
2149,71,220,0.004149675369262695
2150,72,220,0.004823446273803711
2151,73,220,0.004147529602050781
2152,74,220,0.004065990447998047
2153,75,220,0.004034996032714844
2154,76,220,0.003951311111450195
2155,77,220,0.0043315887451171875
2156,78,220,0.004065275192260742
2157,79,220,0.004004478454589844
2158,80,220,0.003862142562866211
2159,81,220,0.0037915706634521484
2160,82,220,0.003962516784667969
2161,83,220,0.0037643909454345703
2162,84,220,0.0033719539642333984
2163,85,220,0.00373077392578125
2164,86,220,0.0031023025512695312
2165,87,220,0.0036623477935791016
2166,88,220,0.0035300254821777344
2167,89,220,0.0036275386810302734
2168,90,220,0.003634929656982422
2169,91,220,0.0036394596099853516
2170,92,220,0.003602743148803711
2171,93,220,0.0034835338592529297
2172,94,220,0.003528118133544922
2173,95,220,0.0029304027557373047
2174,96,220,0.003444194793701172
2175,97,220,0.0034983158111572266
2176,98,220,0.003430604934692383
2177,99,220,0.0028116703033447266
2178,1,230,0.011518716812133789
2179,2,230,0.009552478790283203
2180,3,230,0.00861668586730957
2181,4,230,0.009141921997070312
2182,5,230,0.008526325225830078
2183,6,230,0.008269071578979492
2184,7,230,0.008874893188476562
2185,8,230,0.00862264633178711
2186,9,230,0.007488250732421875
2187,10,230,0.007226705551147461
2188,11,230,0.008841514587402344
2189,12,230,0.008635520935058594
2190,13,230,0.007275581359863281
2191,14,230,0.007018566131591797
2192,15,230,0.007039546966552734
2193,16,230,0.007957935333251953
2194,17,230,0.007926225662231445
2195,18,230,0.007652997970581055
2196,19,230,0.007086753845214844
2197,20,230,0.007936716079711914
2198,21,230,0.006207466125488281
2199,22,230,0.006921052932739258
2200,23,230,0.006964921951293945
2201,24,230,0.006639719009399414
2202,25,230,0.0067043304443359375
2203,26,230,0.006992340087890625
2204,27,230,0.00664210319519043
2205,28,230,0.006508350372314453
2206,29,230,0.006631135940551758
2207,30,230,0.006778717041015625
2208,31,230,0.0064296722412109375
2209,32,230,0.0064640045166015625
2210,33,230,0.006295442581176758
2211,34,230,0.00629734992980957
2212,35,230,0.006354808807373047
2213,36,230,0.006081819534301758
2214,37,230,0.006196260452270508
2215,38,230,0.0061986446380615234
2216,39,230,0.006091117858886719
2217,40,230,0.0057408809661865234
2218,41,230,0.0058231353759765625
2219,42,230,0.005881786346435547
2220,43,230,0.005789518356323242
2221,44,230,0.005881547927856445
2222,45,230,0.005692958831787109
2223,46,230,0.005692243576049805
2224,47,230,0.005644321441650391
2225,48,230,0.005674839019775391
2226,49,230,0.0055506229400634766
2227,50,230,0.005630016326904297
2228,51,230,0.005473613739013672
2229,52,230,0.005548238754272461
2230,53,230,0.00530242919921875
2231,54,230,0.005366325378417969
2232,55,230,0.0053136348724365234
2233,56,230,0.005198478698730469
2234,57,230,0.004527091979980469
2235,58,230,0.0050389766693115234
2236,59,230,0.005077362060546875
2237,60,230,0.005216121673583984
2238,61,230,0.0050601959228515625
2239,62,230,0.004997968673706055
2240,63,230,0.0048639774322509766
2241,64,230,0.00482177734375
2242,65,230,0.004823446273803711
2243,66,230,0.004027605056762695
2244,67,230,0.00405120849609375
2245,68,230,0.004094362258911133
2246,69,230,0.00466465950012207
2247,70,230,0.004614114761352539
2248,71,230,0.004582881927490234
2249,72,230,0.004380702972412109
2250,73,230,0.003820180892944336
2251,74,230,0.004436969757080078
2252,75,230,0.004412412643432617
2253,76,230,0.0044820308685302734
2254,77,230,0.0037078857421875
2255,78,230,0.00432586669921875
2256,79,230,0.0041773319244384766
2257,80,230,0.004302501678466797
2258,81,230,0.004203081130981445
2259,82,230,0.004243612289428711
2260,83,230,0.0040912628173828125
2261,84,230,0.004088878631591797
2262,85,230,0.0041255950927734375
2263,86,230,0.004083871841430664
2264,87,230,0.003909587860107422
2265,88,230,0.003953695297241211
2266,89,230,0.003702402114868164
2267,90,230,0.0034668445587158203
2268,91,230,0.0032477378845214844
2269,92,230,0.0037963390350341797
2270,93,230,0.0037004947662353516
2271,94,230,0.003574371337890625
2272,95,230,0.0036840438842773438
2273,96,230,0.0037729740142822266
2274,97,230,0.0037689208984375
2275,98,230,0.003720521926879883
2276,99,230,0.003549337387084961
2277,1,240,0.012481689453125
2278,2,240,0.010196208953857422
2279,3,240,0.00981903076171875
2280,4,240,0.009500265121459961
2281,5,240,0.008844852447509766
2282,6,240,0.009847640991210938
2283,7,240,0.00942850112915039
2284,8,240,0.008782625198364258
2285,9,240,0.007946491241455078
2286,10,240,0.008144855499267578
2287,11,240,0.007910966873168945
2288,12,240,0.009069204330444336
2289,13,240,0.007936716079711914
2290,14,240,0.007837057113647461
2291,15,240,0.009154796600341797
2292,16,240,0.007715940475463867
2293,17,240,0.007663249969482422
2294,18,240,0.007344961166381836
2295,19,240,0.007310390472412109
2296,20,240,0.008635759353637695
2297,21,240,0.007234096527099609
2298,22,240,0.008818387985229492
2299,23,240,0.007294893264770508
2300,24,240,0.007305145263671875
2301,25,240,0.007878303527832031
2302,26,240,0.007088184356689453
2303,27,240,0.0070650577545166016
2304,28,240,0.0068972110748291016
2305,29,240,0.006926298141479492
2306,30,240,0.006772041320800781
2307,31,240,0.006613492965698242
2308,32,240,0.0067899227142333984
2309,33,240,0.006801128387451172
2310,34,240,0.006719112396240234
2311,35,240,0.006545543670654297
2312,36,240,0.006455183029174805
2313,37,240,0.0074002742767333984
2314,38,240,0.006459474563598633
2315,39,240,0.006466388702392578
2316,40,240,0.0075724124908447266
2317,41,240,0.006182432174682617
2318,42,240,0.006310224533081055
2319,43,240,0.006001710891723633
2320,44,240,0.005935192108154297
2321,45,240,0.006056070327758789
2322,46,240,0.0061075687408447266
2323,47,240,0.005921840667724609
2324,48,240,0.0059087276458740234
2325,49,240,0.005842447280883789
2326,50,240,0.005483150482177734
2327,51,240,0.005883932113647461
2328,52,240,0.0056612491607666016
2329,53,240,0.0065784454345703125
2330,54,240,0.005606651306152344
2331,55,240,0.006703376770019531
2332,56,240,0.006078243255615234
2333,57,240,0.0059778690338134766
2334,58,240,0.005396366119384766
2335,59,240,0.005424022674560547
2336,60,240,0.00526881217956543
2337,61,240,0.005274772644042969
2338,62,240,0.005290508270263672
2339,63,240,0.005276918411254883
2340,64,240,0.005135774612426758
2341,65,240,0.0050165653228759766
2342,66,240,0.0049512386322021484
2343,67,240,0.004924774169921875
2344,68,240,0.004944562911987305
2345,69,240,0.005272865295410156
2346,70,240,0.005008220672607422
2347,71,240,0.005003452301025391
2348,72,240,0.0047876834869384766
2349,73,240,0.004715442657470703
2350,74,240,0.004728078842163086
2351,75,240,0.004657268524169922
2352,76,240,0.004675149917602539
2353,77,240,0.004496097564697266
2354,78,240,0.004496574401855469
2355,79,240,0.004297971725463867
2356,80,240,0.004538297653198242
2357,81,240,0.004476308822631836
2358,82,240,0.0043179988861083984
2359,83,240,0.004300594329833984
2360,84,240,0.0042455196380615234
2361,85,240,0.004388093948364258
2362,86,240,0.0043714046478271484
2363,87,240,0.004257917404174805
2364,88,240,0.004220485687255859
2365,89,240,0.004132270812988281
2366,90,240,0.004084348678588867
2367,91,240,0.0038962364196777344
2368,92,240,0.0039484500885009766
2369,93,240,0.003889799118041992
2370,94,240,0.0037720203399658203
2371,95,240,0.0039746761322021484
2372,96,240,0.0038716793060302734
2373,97,240,0.004010438919067383
2374,98,240,0.0037984848022460938
2375,99,240,0.003921031951904297
2376,1,250,0.012833118438720703
2377,2,250,0.011198997497558594
2378,3,250,0.010709524154663086
2379,4,250,0.010104894638061523
2380,5,250,0.010181665420532227
2381,6,250,0.008665800094604492
2382,7,250,0.009167671203613281
2383,8,250,0.009894847869873047
2384,9,250,0.008887529373168945
2385,10,250,0.008291244506835938
2386,11,250,0.009660482406616211
2387,12,250,0.010201692581176758
2388,13,250,0.008362054824829102
2389,14,250,0.008424997329711914
2390,15,250,0.008229494094848633
2391,16,250,0.009915351867675781
2392,17,250,0.008213996887207031
2393,18,250,0.00817418098449707
2394,19,250,0.008059024810791016
2395,20,250,0.007800579071044922
2396,21,250,0.007798433303833008
2397,22,250,0.007820844650268555
2398,23,250,0.007586240768432617
2399,24,250,0.007558345794677734
2400,25,250,0.00771021842956543
2401,26,250,0.007466554641723633
2402,27,250,0.0072290897369384766
2403,28,250,0.009113311767578125
2404,29,250,0.007537126541137695
2405,30,250,0.007479190826416016
2406,31,250,0.0074307918548583984
2407,32,250,0.007180929183959961
2408,33,250,0.007923603057861328
2409,34,250,0.007143497467041016
2410,35,250,0.007347822189331055
2411,36,250,0.007208108901977539
2412,37,250,0.006991863250732422
2413,38,250,0.007597923278808594
2414,39,250,0.00797724723815918
2415,40,250,0.007035493850708008
2416,41,250,0.007065534591674805
2417,42,250,0.0069124698638916016
2418,43,250,0.006559133529663086
2419,44,250,0.006472587585449219
2420,45,250,0.00660252571105957
2421,46,250,0.007707357406616211
2422,47,250,0.006490468978881836
2423,48,250,0.0064737796783447266
2424,49,250,0.006566286087036133
2425,50,250,0.0064394474029541016
2426,51,250,0.006336688995361328
2427,52,250,0.006125211715698242
2428,53,250,0.006203174591064453
2429,54,250,0.006201267242431641
2430,55,250,0.006165742874145508
2431,56,250,0.006040096282958984
2432,57,250,0.006048917770385742
2433,58,250,0.0059626102447509766
2434,59,250,0.003158092498779297
2435,60,250,0.005969047546386719
2436,61,250,0.005713224411010742
2437,62,250,0.005741119384765625
2438,63,250,0.005538225173950195
2439,64,250,0.005452394485473633
2440,65,250,0.004786491394042969
2441,66,250,0.0055768489837646484
2442,67,250,0.002927064895629883
2443,68,250,0.00504755973815918
2444,69,250,0.0052835941314697266
2445,70,250,0.00494694709777832
2446,71,250,0.004993915557861328
2447,72,250,0.00510716438293457
2448,73,250,0.0052945613861083984
2449,74,250,0.005282163619995117
2450,75,250,0.005160331726074219
2451,76,250,0.005051374435424805
2452,77,250,0.0049207210540771484
2453,78,250,0.004937887191772461
2454,79,250,0.004834413528442383
2455,80,250,0.00482630729675293
2456,81,250,0.004849433898925781
2457,82,250,0.004778861999511719
2458,83,250,0.004720926284790039
2459,84,250,0.004909038543701172
2460,85,250,0.0054128170013427734
2461,86,250,0.004745960235595703
2462,87,250,0.004683494567871094
2463,88,250,0.004437446594238281
2464,89,250,0.004577159881591797
2465,90,250,0.0046541690826416016
2466,91,250,0.004462242126464844
2467,92,250,0.004334449768066406
2468,93,250,0.004451274871826172
2469,94,250,0.004330635070800781
2470,95,250,0.004233121871948242
2471,96,250,0.004139900207519531
2472,97,250,0.004100322723388672
2473,98,250,0.004063844680786133
2474,99,250,0.0037908554077148438
2475,1,260,0.014721870422363281
2476,2,260,0.012281179428100586
2477,3,260,0.011307239532470703
2478,4,260,0.011385917663574219
2479,5,260,0.011085271835327148
2480,6,260,0.010614156723022461
2481,7,260,0.01131129264831543
2482,8,260,0.009638071060180664
2483,9,260,0.010477542877197266
2484,10,260,0.009484052658081055
2485,11,260,0.011732101440429688
2486,12,260,0.00945425033569336
2487,13,260,0.010531187057495117
2488,14,260,0.011034965515136719
2489,15,260,0.009867668151855469
2490,16,260,0.008779525756835938
2491,17,260,0.008650541305541992
2492,18,260,0.007976770401000977
2493,19,260,0.008696794509887695
2494,20,260,0.007744550704956055
2495,21,260,0.008339166641235352
2496,22,260,0.0075914859771728516
2497,23,260,0.008456230163574219
2498,24,260,0.008149147033691406
2499,25,260,0.008701324462890625
2500,26,260,0.009347677230834961
2501,27,260,0.008262157440185547
2502,28,260,0.008285284042358398
2503,29,260,0.008162736892700195
2504,30,260,0.00804901123046875
2505,31,260,0.007920980453491211
2506,32,260,0.008003473281860352
2507,33,260,0.008481025695800781
2508,34,260,0.007670164108276367
2509,35,260,0.007491588592529297
2510,36,260,0.008618831634521484
2511,37,260,0.007314443588256836
2512,38,260,0.008094549179077148
2513,39,260,0.007445335388183594
2514,40,260,0.008150339126586914
2515,41,260,0.007257223129272461
2516,42,260,0.0073435306549072266
2517,43,260,0.007224082946777344
2518,44,260,0.007010698318481445
2519,45,260,0.006691455841064453
2520,46,260,0.006831169128417969
2521,47,260,0.006826162338256836
2522,48,260,0.005991458892822266
2523,49,260,0.006885528564453125
2524,50,260,0.005991220474243164
2525,51,260,0.006352663040161133
2526,52,260,0.0066339969635009766
2527,53,260,0.006597280502319336
2528,54,260,0.006407737731933594
2529,55,260,0.006609916687011719
2530,56,260,0.0063474178314208984
2531,57,260,0.006432771682739258
2532,58,260,0.006345272064208984
2533,59,260,0.006938934326171875
2534,60,260,0.006280660629272461
2535,61,260,0.006291627883911133
2536,62,260,0.006064414978027344
2537,63,260,0.00602412223815918
2538,64,260,0.006015300750732422
2539,65,260,0.005972146987915039
2540,66,260,0.005852699279785156
2541,67,260,0.005906820297241211
2542,68,260,0.0058612823486328125
2543,69,260,0.005705833435058594
2544,70,260,0.005647420883178711
2545,71,260,0.005666971206665039
2546,72,260,0.005539417266845703
2547,73,260,0.005445003509521484
2548,74,260,0.005058765411376953
2549,75,260,0.005568504333496094
2550,76,260,0.005463123321533203
2551,77,260,0.005549430847167969
2552,78,260,0.005475044250488281
2553,79,260,0.0054454803466796875
2554,80,260,0.005178928375244141
2555,81,260,0.005255222320556641
2556,82,260,0.005163669586181641
2557,83,260,0.004959821701049805
2558,84,260,0.0051767826080322266
2559,85,260,0.004967927932739258
2560,86,260,0.005078792572021484
2561,87,260,0.005085945129394531
2562,88,260,0.004914522171020508
2563,89,260,0.004939079284667969
2564,90,260,0.005049467086791992
2565,91,260,0.004831552505493164
2566,92,260,0.00482630729675293
2567,93,260,0.004735231399536133
2568,94,260,0.004791736602783203
2569,95,260,0.004706859588623047
2570,96,260,0.004673480987548828
2571,97,260,0.004628419876098633
2572,98,260,0.004958152770996094
2573,99,260,0.0044519901275634766
2574,1,270,0.015966176986694336
2575,2,270,0.012738704681396484
2576,3,270,0.011752128601074219
2577,4,270,0.012165069580078125
2578,5,270,0.011946678161621094
2579,6,270,0.011581659317016602
2580,7,270,0.01125192642211914
2581,8,270,0.011231184005737305
2582,9,270,0.010656118392944336
2583,10,270,0.010051250457763672
2584,11,270,0.011055469512939453
2585,12,270,0.010358572006225586
2586,13,270,0.008883953094482422
2587,14,270,0.010030508041381836
2588,15,270,0.010854959487915039
2589,16,270,0.009534120559692383
2590,17,270,0.009495973587036133
2591,18,270,0.009396791458129883
2592,19,270,0.009386777877807617
2593,20,270,0.009235382080078125
2594,21,270,0.009007692337036133
2595,22,270,0.010304927825927734
2596,23,270,0.011233806610107422
2597,24,270,0.00877833366394043
2598,25,270,0.008129358291625977
2599,26,270,0.00892496109008789
2600,27,270,0.008995294570922852
2601,28,270,0.009744405746459961
2602,29,270,0.008804082870483398
2603,30,270,0.008571147918701172
2604,31,270,0.008882284164428711
2605,32,270,0.008499860763549805
2606,33,270,0.008393287658691406
2607,34,270,0.008325815200805664
2608,35,270,0.008126020431518555
2609,36,270,0.008107662200927734
2610,37,270,0.008162736892700195
2611,38,270,0.008719444274902344
2612,39,270,0.007831096649169922
2613,40,270,0.00820016860961914
2614,41,270,0.007812023162841797
2615,42,270,0.00776982307434082
2616,43,270,0.007840156555175781
2617,44,270,0.0072021484375
2618,45,270,0.0075664520263671875
2619,46,270,0.006668567657470703
2620,47,270,0.007249355316162109
2621,48,270,0.0072231292724609375
2622,49,270,0.007040739059448242
2623,50,270,0.007082939147949219
2624,51,270,0.007053375244140625
2625,52,270,0.007178306579589844
2626,53,270,0.0069653987884521484
2627,54,270,0.007090091705322266
2628,55,270,0.0068988800048828125
2629,56,270,0.006935596466064453
2630,57,270,0.006916999816894531
2631,58,270,0.0068111419677734375
2632,59,270,0.006711244583129883
2633,60,270,0.0036067962646484375
2634,61,270,0.006482124328613281
2635,62,270,0.006570577621459961
2636,63,270,0.006578922271728516
2637,64,270,0.006788015365600586
2638,65,270,0.006148815155029297
2639,66,270,0.006245613098144531
2640,67,270,0.0062558650970458984
2641,68,270,0.006116390228271484
2642,69,270,0.005407810211181641
2643,70,270,0.006140947341918945
2644,71,270,0.0059316158294677734
2645,72,270,0.0058934688568115234
2646,73,270,0.005899190902709961
2647,74,270,0.005358457565307617
2648,75,270,0.00591278076171875
2649,76,270,0.005745410919189453
2650,77,270,0.005635738372802734
2651,78,270,0.005753040313720703
2652,79,270,0.0058307647705078125
2653,80,270,0.005627632141113281
2654,81,270,0.005694866180419922
2655,82,270,0.005591630935668945
2656,83,270,0.005377769470214844
2657,84,270,0.005538225173950195
2658,85,270,0.0053424835205078125
2659,86,270,0.0053064823150634766
2660,87,270,0.004532575607299805
2661,88,270,0.005276918411254883
2662,89,270,0.0052204132080078125
2663,90,270,0.0053174495697021484
2664,91,270,0.0044252872467041016
2665,92,270,0.005110263824462891
2666,93,270,0.00519561767578125
2667,94,270,0.004517078399658203
2668,95,270,0.004530429840087891
2669,96,270,0.004944562911987305
2670,97,270,0.005020618438720703
2671,98,270,0.004842042922973633
2672,99,270,0.004870414733886719
2673,1,280,0.01667046546936035
2674,2,280,0.013588666915893555
2675,3,280,0.012851476669311523
2676,4,280,0.013382196426391602
2677,5,280,0.01297307014465332
2678,6,280,0.011547327041625977
2679,7,280,0.01103830337524414
2680,8,280,0.012620925903320312
2681,9,280,0.010751724243164062
2682,10,280,0.011404037475585938
2683,11,280,0.010792255401611328
2684,12,280,0.010287761688232422
2685,13,280,0.010576009750366211
2686,14,280,0.011281013488769531
2687,15,280,0.012336492538452148
2688,16,280,0.010088443756103516
2689,17,280,0.010214567184448242
2690,18,280,0.010454416275024414
2691,19,280,0.009935617446899414
2692,20,280,0.010009050369262695
2693,21,280,0.011402368545532227
2694,22,280,0.010701894760131836
2695,23,280,0.009592294692993164
2696,24,280,0.010697364807128906
2697,25,280,0.010587930679321289
2698,26,280,0.009178400039672852
2699,27,280,0.008672714233398438
2700,28,280,0.009408950805664062
2701,29,280,0.00919651985168457
2702,30,280,0.009281158447265625
2703,31,280,0.009012222290039062
2704,32,280,0.009084224700927734
2705,33,280,0.009047746658325195
2706,34,280,0.008872270584106445
2707,35,280,0.00875091552734375
2708,36,280,0.008533000946044922
2709,37,280,0.0076215267181396484
2710,38,280,0.007795095443725586
2711,39,280,0.008373498916625977
2712,40,280,0.008478879928588867
2713,41,280,0.008278131484985352
2714,42,280,0.008354902267456055
2715,43,280,0.008446455001831055
2716,44,280,0.008177757263183594
2717,45,280,0.008248090744018555
2718,46,280,0.00811767578125
2719,47,280,0.00792241096496582
2720,48,280,0.007671356201171875
2721,49,280,0.0074312686920166016
2722,50,280,0.007404804229736328
2723,51,280,0.007539510726928711
2724,52,280,0.007609367370605469
2725,53,280,0.007449626922607422
2726,54,280,0.007501363754272461
2727,55,280,0.007657766342163086
2728,56,280,0.008809089660644531
2729,57,280,0.007311105728149414
2730,58,280,0.007150411605834961
2731,59,280,0.007066249847412109
2732,60,280,0.006940603256225586
2733,61,280,0.00698542594909668
2734,62,280,0.006912708282470703
2735,63,280,0.0069427490234375
2736,64,280,0.007493257522583008
2737,65,280,0.006949901580810547
2738,66,280,0.006867170333862305
2739,67,280,0.006694793701171875
2740,68,280,0.0067157745361328125
2741,69,280,0.006579160690307617
2742,70,280,0.006520271301269531
2743,71,280,0.005661964416503906
2744,72,280,0.0066242218017578125
2745,73,280,0.0060994625091552734
2746,74,280,0.006406307220458984
2747,75,280,0.006361484527587891
2748,76,280,0.005848884582519531
2749,77,280,0.006151437759399414
2750,78,280,0.00602412223815918
2751,79,280,0.005225419998168945
2752,80,280,0.005653858184814453
2753,81,280,0.005869865417480469
2754,82,280,0.006061077117919922
2755,83,280,0.006036996841430664
2756,84,280,0.0058939456939697266
2757,85,280,0.0052032470703125
2758,86,280,0.0057866573333740234
2759,87,280,0.005598306655883789
2760,88,280,0.0055599212646484375
2761,89,280,0.005438327789306641
2762,90,280,0.00549626350402832
2763,91,280,0.005497932434082031
2764,92,280,0.005504131317138672
2765,93,280,0.005400896072387695
2766,94,280,0.005466461181640625
2767,95,280,0.005452394485473633
2768,96,280,0.0054399967193603516
2769,97,280,0.0052509307861328125
2770,98,280,0.0052525997161865234
2771,99,280,0.005191326141357422
2772,1,290,0.017251968383789062
2773,2,290,0.01522517204284668
2774,3,290,0.013656377792358398
2775,4,290,0.013345718383789062
2776,5,290,0.012537479400634766
2777,6,290,0.011615753173828125
2778,7,290,0.01360011100769043
2779,8,290,0.01328587532043457
2780,9,290,0.013752460479736328
2781,10,290,0.01176905632019043
2782,11,290,0.01234292984008789
2783,12,290,0.011950969696044922
2784,13,290,0.011246919631958008
2785,14,290,0.010970354080200195
2786,15,290,0.013697385787963867
2787,16,290,0.013042688369750977
2788,17,290,0.010744810104370117
2789,18,290,0.012693166732788086
2790,19,290,0.010595321655273438
2791,20,290,0.011467933654785156
2792,21,290,0.010529756546020508
2793,22,290,0.010361194610595703
2794,23,290,0.01028132438659668
2795,24,290,0.010787487030029297
2796,25,290,0.010343790054321289
2797,26,290,0.0112762451171875
2798,27,290,0.01236104965209961
2799,28,290,0.009944677352905273
2800,29,290,0.012549161911010742
2801,30,290,0.009848356246948242
2802,31,290,0.009570598602294922
2803,32,290,0.009678840637207031
2804,33,290,0.010296821594238281
2805,34,290,0.009585380554199219
2806,35,290,0.010193347930908203
2807,36,290,0.009572744369506836
2808,37,290,0.009151458740234375
2809,38,290,0.009166479110717773
2810,39,290,0.009006261825561523
2811,40,290,0.00911855697631836
2812,41,290,0.009047985076904297
2813,42,290,0.008863687515258789
2814,43,290,0.008946895599365234
2815,44,290,0.008712053298950195
2816,45,290,0.00853586196899414
2817,46,290,0.007822275161743164
2818,47,290,0.009034395217895508
2819,48,290,0.00851130485534668
2820,49,290,0.008348464965820312
2821,50,290,0.008056402206420898
2822,51,290,0.007815122604370117
2823,52,290,0.007203340530395508
2824,53,290,0.007779836654663086
2825,54,290,0.008175373077392578
2826,55,290,0.00778651237487793
2827,56,290,0.007838726043701172
2828,57,290,0.0077970027923583984
2829,58,290,0.00767970085144043
2830,59,290,0.007661581039428711
2831,60,290,0.007552385330200195
2832,61,290,0.007613182067871094
2833,62,290,0.0075359344482421875
2834,63,290,0.007434844970703125
2835,64,290,0.007848739624023438
2836,65,290,0.00838613510131836
2837,66,290,0.007154703140258789
2838,67,290,0.0064661502838134766
2839,68,290,0.007195949554443359
2840,69,290,0.007147073745727539
2841,70,290,0.007048845291137695
2842,71,290,0.007054328918457031
2843,72,290,0.006978034973144531
2844,73,290,0.006892681121826172
2845,74,290,0.006734132766723633
2846,75,290,0.006655454635620117
2847,76,290,0.00670313835144043
2848,77,290,0.006615638732910156
2849,78,290,0.0065233707427978516
2850,79,290,0.0062351226806640625
2851,80,290,0.0064449310302734375
2852,81,290,0.006400585174560547
2853,82,290,0.006594657897949219
2854,83,290,0.006183624267578125
2855,84,290,0.006354331970214844
2856,85,290,0.006294727325439453
2857,86,290,0.006257295608520508
2858,87,290,0.006311178207397461
2859,88,290,0.006104946136474609
2860,89,290,0.0058135986328125
2861,90,290,0.006006002426147461
2862,91,290,0.005118131637573242
2863,92,290,0.005766868591308594
2864,93,290,0.005690574645996094
2865,94,290,0.004967927932739258
2866,95,290,0.0049741268157958984
2867,96,290,0.005672931671142578
2868,97,290,0.0058023929595947266
2869,98,290,0.005608797073364258
2870,99,290,0.0052907466888427734
2871,1,300,0.01932549476623535
2872,2,300,0.01613759994506836
2873,3,300,0.015427112579345703
2874,4,300,0.014803647994995117
2875,5,300,0.015064001083374023
2876,6,300,0.014319896697998047
2877,7,300,0.013867855072021484
2878,8,300,0.011704206466674805
2879,9,300,0.013891458511352539
2880,10,300,0.011912822723388672
2881,11,300,0.012262105941772461
2882,12,300,0.011757612228393555
2883,13,300,0.011777162551879883
2884,14,300,0.011102437973022461
2885,15,300,0.013054370880126953
2886,16,300,0.011427640914916992
2887,17,300,0.012438058853149414
2888,18,300,0.011778831481933594
2889,19,300,0.010340213775634766
2890,20,300,0.011331319808959961
2891,21,300,0.012789487838745117
2892,22,300,0.010043859481811523
2893,23,300,0.013608932495117188
2894,24,300,0.010475397109985352
2895,25,300,0.010727882385253906
2896,26,300,0.010750532150268555
2897,27,300,0.010501384735107422
2898,28,300,0.010558843612670898
2899,29,300,0.010524988174438477
2900,30,300,0.010729789733886719
2901,31,300,0.010255098342895508
2902,32,300,0.01023101806640625
2903,33,300,0.010250329971313477
2904,34,300,0.010214567184448242
2905,35,300,0.01015615463256836
2906,36,300,0.010202407836914062
2907,37,300,0.01010751724243164
2908,38,300,0.009438037872314453
2909,39,300,0.009466409683227539
2910,40,300,0.009588003158569336
2911,41,300,0.009560585021972656
2912,42,300,0.009793758392333984
2913,43,300,0.00923609733581543
2914,44,300,0.009327411651611328
2915,45,300,0.009013175964355469
2916,46,300,0.009176015853881836
2917,47,300,0.006973981857299805
2918,48,300,0.009087324142456055
2919,49,300,0.00832366943359375
2920,50,300,0.008710861206054688
2921,51,300,0.008673906326293945
2922,52,300,0.008600950241088867
2923,53,300,0.008547782897949219
2924,54,300,0.00828242301940918
2925,55,300,0.008418560028076172
2926,56,300,0.00828242301940918
2927,57,300,0.008196592330932617
2928,58,300,0.008188724517822266
2929,59,300,0.007104396820068359
2930,60,300,0.008018970489501953
2931,61,300,0.008193254470825195
2932,62,300,0.00794219970703125
2933,63,300,0.008494377136230469
2934,64,300,0.007995367050170898
2935,65,300,0.005127668380737305
2936,66,300,0.007641315460205078
2937,67,300,0.007877111434936523
2938,68,300,0.007550954818725586
2939,69,300,0.009020805358886719
2940,70,300,0.007569551467895508
2941,71,300,0.00748133659362793
2942,72,300,0.0074579715728759766
2943,73,300,0.007460117340087891
2944,74,300,0.00732874870300293
2945,75,300,0.00717473030090332
2946,76,300,0.007181644439697266
2947,77,300,0.007164716720581055
2948,78,300,0.00711369514465332
2949,79,300,0.00719904899597168
2950,80,300,0.00699925422668457
2951,81,300,0.007054567337036133
2952,82,300,0.006835460662841797
2953,83,300,0.006767749786376953
2954,84,300,0.008049726486206055
2955,85,300,0.006802797317504883
2956,86,300,0.0064432621002197266
2957,87,300,0.006638765335083008
2958,88,300,0.0066068172454833984
2959,89,300,0.00648188591003418
2960,90,300,0.006258487701416016
2961,91,300,0.004328489303588867
2962,92,300,0.004159688949584961
2963,93,300,0.0061914920806884766
2964,94,300,0.003973722457885742
2965,95,300,0.006048440933227539
2966,96,300,0.005305051803588867
2967,97,300,0.005885601043701172
2968,98,300,0.005835771560668945
2969,99,300,0.005957365036010742
2970,1,310,0.02097916603088379
2971,2,310,0.017014265060424805
2972,3,310,0.015858173370361328
2973,4,310,0.015699386596679688
2974,5,310,0.016868114471435547
2975,6,310,0.013839006423950195
2976,7,310,0.013597965240478516
2977,8,310,0.01334238052368164
2978,9,310,0.012866497039794922
2979,10,310,0.012738466262817383
2980,11,310,0.012995243072509766
2981,12,310,0.013916492462158203
2982,13,310,0.014566898345947266
2983,14,310,0.014424324035644531
2984,15,310,0.012338876724243164
2985,16,310,0.01217794418334961
2986,17,310,0.012018203735351562
2987,18,310,0.013820886611938477
2988,19,310,0.012440681457519531
2989,20,310,0.011926889419555664
2990,21,310,0.011799812316894531
2991,22,310,0.011711597442626953
2992,23,310,0.011980533599853516
2993,24,310,0.012047052383422852
2994,25,310,0.011353492736816406
2995,26,310,0.010553836822509766
2996,27,310,0.011533021926879883
2997,28,310,0.010612726211547852
2998,29,310,0.0110015869140625
2999,30,310,0.011143922805786133
3000,31,310,0.011047124862670898
3001,32,310,0.010724067687988281
3002,33,310,0.010957717895507812
3003,34,310,0.010803461074829102
3004,35,310,0.010598897933959961
3005,36,310,0.011296987533569336
3006,37,310,0.011402606964111328
3007,38,310,0.010327577590942383
3008,39,310,0.010263681411743164
3009,40,310,0.010714292526245117
3010,41,310,0.010097980499267578
3011,42,310,0.010561466217041016
3012,43,310,0.009972333908081055
3013,44,310,0.009778738021850586
3014,45,310,0.009397029876708984
3015,46,310,0.00974583625793457
3016,47,310,0.009396791458129883
3017,48,310,0.008735895156860352
3018,49,310,0.00949859619140625
3019,50,310,0.00868844985961914
3020,51,310,0.008317947387695312
3021,52,310,0.008849859237670898
3022,53,310,0.008015871047973633
3023,54,310,0.007916450500488281
3024,55,310,0.008675336837768555
3025,56,310,0.00848245620727539
3026,57,310,0.008435487747192383
3027,58,310,0.008800745010375977
3028,59,310,0.008502960205078125
3029,60,310,0.008582592010498047
3030,61,310,0.008289813995361328
3031,62,310,0.007747173309326172
3032,63,310,0.008141040802001953
3033,64,310,0.008365154266357422
3034,65,310,0.008216619491577148
3035,66,310,0.007788658142089844
3036,67,310,0.00810098648071289
3037,68,310,0.007882833480834961
3038,69,310,0.007790803909301758
3039,70,310,0.007906913757324219
3040,71,310,0.00788259506225586
3041,72,310,0.007883071899414062
3042,73,310,0.004269599914550781
3043,74,310,0.007588386535644531
3044,75,310,0.007640361785888672
3045,76,310,0.007618904113769531
3046,77,310,0.007398843765258789
3047,78,310,0.007382631301879883
3048,79,310,0.007513999938964844
3049,80,310,0.0074005126953125
3050,81,310,0.00693821907043457
3051,82,310,0.0071222782135009766
3052,83,310,0.0063822269439697266
3053,84,310,0.0071375370025634766
3054,85,310,0.007165431976318359
3055,86,310,0.006858348846435547
3056,87,310,0.0068781375885009766
3057,88,310,0.006831169128417969
3058,89,310,0.006768941879272461
3059,90,310,0.006567239761352539
3060,91,310,0.0057811737060546875
3061,92,310,0.005967140197753906
3062,93,310,0.006752967834472656
3063,94,310,0.0066432952880859375
3064,95,310,0.0066721439361572266
3065,96,310,0.006536006927490234
3066,97,310,0.0064907073974609375
3067,98,310,0.006290435791015625
3068,99,310,0.00618433952331543
3069,1,320,0.021684885025024414
3070,2,320,0.018435239791870117
3071,3,320,0.01723480224609375
3072,4,320,0.016597747802734375
3073,5,320,0.01457977294921875
3074,6,320,0.014225006103515625
3075,7,320,0.015335559844970703
3076,8,320,0.016602039337158203
3077,9,320,0.01436614990234375
3078,10,320,0.014554023742675781
3079,11,320,0.014351129531860352
3080,12,320,0.014969587326049805
3081,13,320,0.013489961624145508
3082,14,320,0.013825654983520508
3083,15,320,0.014463186264038086
3084,16,320,0.015810251235961914
3085,17,320,0.013413667678833008
3086,18,320,0.013206243515014648
3087,19,320,0.01266622543334961
3088,20,320,0.013520479202270508
3089,21,320,0.012363195419311523
3090,22,320,0.01251840591430664
3091,23,320,0.012548208236694336
3092,24,320,0.012169837951660156
3093,25,320,0.012157917022705078
3094,26,320,0.01191091537475586
3095,27,320,0.011458873748779297
3096,28,320,0.01183772087097168
3097,29,320,0.010761499404907227
3098,30,320,0.01171422004699707
3099,31,320,0.011721372604370117
3100,32,320,0.011606454849243164
3101,33,320,0.011210441589355469
3102,34,320,0.011236190795898438
3103,35,320,0.012381553649902344
3104,36,320,0.011296510696411133
3105,37,320,0.012027978897094727
3106,38,320,0.010928869247436523
3107,39,320,0.010916471481323242
3108,40,320,0.010830163955688477
3109,41,320,0.01019597053527832
3110,42,320,0.0064923763275146484
3111,43,320,0.010427236557006836
3112,44,320,0.010975837707519531
3113,45,320,0.010308027267456055
3114,46,320,0.010002613067626953
3115,47,320,0.0055119991302490234
3116,48,320,0.005563259124755859
3117,49,320,0.01006937026977539
3118,50,320,0.009409666061401367
3119,51,320,0.008975028991699219
3120,52,320,0.009789466857910156
3121,53,320,0.00971841812133789
3122,54,320,0.009433984756469727
3123,55,320,0.008414745330810547
3124,56,320,0.009090185165405273
3125,57,320,0.008906364440917969
3126,58,320,0.008776664733886719
3127,59,320,0.006356716156005859
3128,60,320,0.008288383483886719
3129,61,320,0.008823633193969727
3130,62,320,0.008908987045288086
3131,63,320,0.00824880599975586
3132,64,320,0.008326292037963867
3133,65,320,0.0082855224609375
3134,66,320,0.008131742477416992
3135,67,320,0.007651090621948242
3136,68,320,0.008104562759399414
3137,69,320,0.008237123489379883
3138,70,320,0.008115291595458984
3139,71,320,0.008247137069702148
3140,72,320,0.007938623428344727
3141,73,320,0.0072727203369140625
3142,74,320,0.008066177368164062
3143,75,320,0.007280588150024414
3144,76,320,0.00801229476928711
3145,77,320,0.007847070693969727
3146,78,320,0.007879257202148438
3147,79,320,0.007942438125610352
3148,80,320,0.007850408554077148
3149,81,320,0.007746219635009766
3150,82,320,0.009039163589477539
3151,83,320,0.0075724124908447266
3152,84,320,0.007577657699584961
3153,85,320,0.007544517517089844
3154,86,320,0.007489919662475586
3155,87,320,0.006963014602661133
3156,88,320,0.0075054168701171875
3157,89,320,0.007388114929199219
3158,90,320,0.00643467903137207
3159,91,320,0.006909608840942383
3160,92,320,0.0072307586669921875
3161,93,320,0.007266044616699219
3162,94,320,0.007052421569824219
3163,95,320,0.007246971130371094
3164,96,320,0.00701594352722168
3165,97,320,0.007010221481323242
3166,98,320,0.0061609745025634766
3167,99,320,0.006838798522949219
3168,1,330,0.023674488067626953
3169,2,330,0.018703222274780273
3170,3,330,0.017122983932495117
3171,4,330,0.017835378646850586
3172,5,330,0.018335580825805664
3173,6,330,0.015755176544189453
3174,7,330,0.014928340911865234
3175,8,330,0.015264034271240234
3176,9,330,0.013649225234985352
3177,10,330,0.014288187026977539
3178,11,330,0.012901782989501953
3179,12,330,0.01738119125366211
3180,13,330,0.014993906021118164
3181,14,330,0.014338493347167969
3182,15,330,0.014010190963745117
3183,16,330,0.01381540298461914
3184,17,330,0.01373744010925293
3185,18,330,0.013807296752929688
3186,19,330,0.015745878219604492
3187,20,330,0.013513326644897461
3188,21,330,0.013336658477783203
3189,22,330,0.013294458389282227
3190,23,330,0.015286445617675781
3191,24,330,0.013173580169677734
3192,25,330,0.012839794158935547
3193,26,330,0.012774229049682617
3194,27,330,0.01273488998413086
3195,28,330,0.012613296508789062
3196,29,330,0.012491226196289062
3197,30,330,0.011990547180175781
3198,31,330,0.01352238655090332
3199,32,330,0.012459754943847656
3200,33,330,0.012196779251098633
3201,34,330,0.011899232864379883
3202,35,330,0.011825799942016602
3203,36,330,0.012996673583984375
3204,37,330,0.0116729736328125
3205,38,330,0.011662006378173828
3206,39,330,0.011397361755371094
3207,40,330,0.01161646842956543
3208,41,330,0.011577606201171875
3209,42,330,0.011115312576293945
3210,43,330,0.010057687759399414
3211,44,330,0.010864019393920898
3212,45,330,0.010839462280273438
3213,46,330,0.011830806732177734
3214,47,330,0.01030588150024414
3215,48,330,0.010537862777709961
3216,49,330,0.010532140731811523
3217,50,330,0.00955057144165039
3218,51,330,0.010401725769042969
3219,52,330,0.01023411750793457
3220,53,330,0.010099172592163086
3221,54,330,0.010119438171386719
3222,55,330,0.010143518447875977
3223,56,330,0.00981903076171875
3224,57,330,0.009684562683105469
3225,58,330,0.009457588195800781
3226,59,330,0.009431838989257812
3227,60,330,0.009505271911621094
3228,61,330,0.008416414260864258
3229,62,330,0.009914636611938477
3230,63,330,0.009361982345581055
3231,64,330,0.009190797805786133
3232,65,330,0.009085416793823242
3233,66,330,0.00904536247253418
3234,67,330,0.008998394012451172
3235,68,330,0.008026361465454102
3236,69,330,0.008900165557861328
3237,70,330,0.00893259048461914
3238,71,330,0.008670568466186523
3239,72,330,0.00767207145690918
3240,73,330,0.005348920822143555
3241,74,330,0.008345603942871094
3242,75,330,0.007590293884277344
3243,76,330,0.0052411556243896484
3244,77,330,0.005785465240478516
3245,78,330,0.007433176040649414
3246,79,330,0.0050640106201171875
3247,80,330,0.007986783981323242
3248,81,330,0.0051593780517578125
3249,82,330,0.007879018783569336
3250,83,330,0.007746696472167969
3251,84,330,0.007641315460205078
3252,85,330,0.007790803909301758
3253,86,330,0.007216691970825195
3254,87,330,0.007677316665649414
3255,88,330,0.007400035858154297
3256,89,330,0.007594108581542969
3257,90,330,0.007401704788208008
3258,91,330,0.00739598274230957
3259,92,330,0.007401466369628906
3260,93,330,0.007264137268066406
3261,94,330,0.006625652313232422
3262,95,330,0.007162809371948242
3263,96,330,0.007273435592651367
3264,97,330,0.007248878479003906
3265,98,330,0.007151365280151367
3266,99,330,0.0070726871490478516
3267,1,340,0.02375173568725586
3268,2,340,0.019948244094848633
3269,3,340,0.01866292953491211
3270,4,340,0.019387006759643555
3271,5,340,0.018840551376342773
3272,6,340,0.018383264541625977
3273,7,340,0.015358209609985352
3274,8,340,0.01530003547668457
3275,9,340,0.01897716522216797
3276,10,340,0.015554666519165039
3277,11,340,0.014301538467407227
3278,12,340,0.01812434196472168
3279,13,340,0.016454458236694336
3280,14,340,0.017861366271972656
3281,15,340,0.017790794372558594
3282,16,340,0.014824390411376953
3283,17,340,0.01600933074951172
3284,18,340,0.014456748962402344
3285,19,340,0.014271020889282227
3286,20,340,0.014033317565917969
3287,21,340,0.013903617858886719
3288,22,340,0.013980627059936523
3289,23,340,0.014003992080688477
3290,24,340,0.013901472091674805
3291,25,340,0.013665914535522461
3292,26,340,0.013414621353149414
3293,27,340,0.014102935791015625
3294,28,340,0.016191482543945312
3295,29,340,0.013135910034179688
3296,30,340,0.01343536376953125
3297,31,340,0.012377262115478516
3298,32,340,0.012989282608032227
3299,33,340,0.012756109237670898
3300,34,340,0.012737512588500977
3301,35,340,0.01247859001159668
3302,36,340,0.012619972229003906
3303,37,340,0.015759944915771484
3304,38,340,0.013256549835205078
3305,39,340,0.012258529663085938
3306,40,340,0.006645679473876953
3307,41,340,0.011857748031616211
3308,42,340,0.011196136474609375
3309,43,340,0.011559486389160156
3310,44,340,0.012374639511108398
3311,45,340,0.011128902435302734
3312,46,340,0.011236190795898438
3313,47,340,0.011482715606689453
3314,48,340,0.011379718780517578
3315,49,340,0.0112152099609375
3316,50,340,0.011072397232055664
3317,51,340,0.010835409164428711
3318,52,340,0.010895967483520508
3319,53,340,0.01060342788696289
3320,54,340,0.010678768157958984
3321,55,340,0.010875225067138672
3322,56,340,0.01053309440612793
3323,57,340,0.010404586791992188
3324,58,340,0.010125875473022461
3325,59,340,0.009757041931152344
3326,60,340,0.008915901184082031
3327,61,340,0.010866880416870117
3328,62,340,0.009809494018554688
3329,63,340,0.00978994369506836
3330,64,340,0.009824752807617188
3331,65,340,0.009327173233032227
3332,66,340,0.009235620498657227
3333,67,340,0.00877237319946289
3334,68,340,0.008435726165771484
3335,69,340,0.009430885314941406
3336,70,340,0.009184837341308594
3337,71,340,0.008491039276123047
3338,72,340,0.009186506271362305
3339,73,340,0.009064674377441406
3340,74,340,0.008329629898071289
3341,75,340,0.007719993591308594
3342,76,340,0.009133577346801758
3343,77,340,0.00876474380493164
3344,78,340,0.008815765380859375
3345,79,340,0.008867502212524414
3346,80,340,0.008672475814819336
3347,81,340,0.008767366409301758
3348,82,340,0.0076751708984375
3349,83,340,0.008448362350463867
3350,84,340,0.008393526077270508
3351,85,340,0.008264541625976562
3352,86,340,0.008211374282836914
3353,87,340,0.008188247680664062
3354,88,340,0.008346319198608398
3355,89,340,0.007940053939819336
3356,90,340,0.008098125457763672
3357,91,340,0.007994651794433594
3358,92,340,0.007620096206665039
3359,93,340,0.0077822208404541016
3360,94,340,0.007743120193481445
3361,95,340,0.009210824966430664
3362,96,340,0.007513523101806641
3363,97,340,0.007421731948852539
3364,98,340,0.0075337886810302734
3365,99,340,0.00750279426574707
3366,1,350,0.025285959243774414
3367,2,350,0.021796703338623047
3368,3,350,0.019733190536499023
3369,4,350,0.020838022232055664
3370,5,350,0.018270254135131836
3371,6,350,0.016696453094482422
3372,7,350,0.01678752899169922
3373,8,350,0.017134904861450195
3374,9,350,0.019943714141845703
3375,10,350,0.016793489456176758
3376,11,350,0.016296863555908203
3377,12,350,0.017420291900634766
3378,13,350,0.015749454498291016
3379,14,350,0.01662898063659668
3380,15,350,0.015432357788085938
3381,16,350,0.018323898315429688
3382,17,350,0.018312931060791016
3383,18,350,0.01636958122253418
3384,19,350,0.01494741439819336
3385,20,350,0.015175819396972656
3386,21,350,0.01478433609008789
3387,22,350,0.013767719268798828
3388,23,350,0.01477503776550293
3389,24,350,0.014601469039916992
3390,25,350,0.01450347900390625
3391,26,350,0.014212608337402344
3392,27,350,0.014411211013793945
3393,28,350,0.013931989669799805
3394,29,350,0.015596389770507812
3395,30,350,0.01379084587097168
3396,31,350,0.013885736465454102
3397,32,350,0.012343883514404297
3398,33,350,0.016855478286743164
3399,34,350,0.01361393928527832
3400,35,350,0.013335227966308594
3401,36,350,0.013219118118286133
3402,37,350,0.014121532440185547
3403,38,350,0.013056039810180664
3404,39,350,0.013119220733642578
3405,40,350,0.012868404388427734
3406,41,350,0.012578725814819336
3407,42,350,0.012862443923950195
3408,43,350,0.012330055236816406
3409,44,350,0.012256622314453125
3410,45,350,0.01213526725769043
3411,46,350,0.012136459350585938
3412,47,350,0.011829376220703125
3413,48,350,0.012583255767822266
3414,49,350,0.011785507202148438
3415,50,350,0.010804891586303711
3416,51,350,0.011356592178344727
3417,52,350,0.01151895523071289
3418,53,350,0.01127314567565918
3419,54,350,0.01136469841003418
3420,55,350,0.011241674423217773
3421,56,350,0.011152982711791992
3422,57,350,0.011081457138061523
3423,58,350,0.011015653610229492
3424,59,350,0.01077723503112793
3425,60,350,0.009694576263427734
3426,61,350,0.011430740356445312
3427,62,350,0.010424137115478516
3428,63,350,0.011296749114990234
3429,64,350,0.010191917419433594
3430,65,350,0.010227203369140625
3431,66,350,0.010073423385620117
3432,67,350,0.010113000869750977
3433,68,350,0.009194135665893555
3434,69,350,0.009898662567138672
3435,70,350,0.008960485458374023
3436,71,350,0.009797096252441406
3437,72,350,0.009650230407714844
3438,73,350,0.009603500366210938
3439,74,350,0.009671211242675781
3440,75,350,0.009580612182617188
3441,76,350,0.009847402572631836
3442,77,350,0.011224746704101562
3443,78,350,0.009211540222167969
3444,79,350,0.009381532669067383
3445,80,350,0.009335994720458984
3446,81,350,0.009143590927124023
3447,82,350,0.009265422821044922
3448,83,350,0.00906825065612793
3449,84,350,0.008975028991699219
3450,85,350,0.00887751579284668
3451,86,350,0.008684635162353516
3452,87,350,0.008701562881469727
3453,88,350,0.00852823257446289
3454,89,350,0.008490562438964844
3455,90,350,0.0085296630859375
3456,91,350,0.007662773132324219
3457,92,350,0.008307933807373047
3458,93,350,0.008320331573486328
3459,94,350,0.009688615798950195
3460,95,350,0.008101463317871094
3461,96,350,0.008041620254516602
3462,97,350,0.008130073547363281
3463,98,350,0.00799560546875
3464,99,350,0.00785374641418457
3465,1,360,0.02853870391845703
3466,2,360,0.021739482879638672
3467,3,360,0.021456241607666016
3468,4,360,0.021758556365966797
3469,5,360,0.019673585891723633
3470,6,360,0.022032976150512695
3471,7,360,0.018172740936279297
3472,8,360,0.018419504165649414
3473,9,360,0.01987290382385254
3474,10,360,0.019216060638427734
3475,11,360,0.017184972763061523
3476,12,360,0.017522573471069336
3477,13,360,0.01947474479675293
3478,14,360,0.018799543380737305
3479,15,360,0.01641559600830078
3480,16,360,0.020926713943481445
3481,17,360,0.01610732078552246
3482,18,360,0.01953125
3483,19,360,0.01723790168762207
3484,20,360,0.01691126823425293
3485,21,360,0.015663623809814453
3486,22,360,0.014549970626831055
3487,23,360,0.01668095588684082
3488,24,360,0.015380859375
3489,25,360,0.010496377944946289
3490,26,360,0.014291763305664062
3491,27,360,0.01499629020690918
3492,28,360,0.015815019607543945
3493,29,360,0.018693208694458008
3494,30,360,0.01584482192993164
3495,31,360,0.014599323272705078
3496,32,360,0.014469385147094727
3497,33,360,0.01388239860534668
3498,34,360,0.014168977737426758
3499,35,360,0.014094352722167969
3500,36,360,0.01395273208618164
3501,37,360,0.013596773147583008
3502,38,360,0.014756441116333008
3503,39,360,0.01367330551147461
3504,40,360,0.013777017593383789
3505,41,360,0.013554096221923828
3506,42,360,0.014079570770263672
3507,43,360,0.012586355209350586
3508,44,360,0.013125896453857422
3509,45,360,0.013184309005737305
3510,46,360,0.012835264205932617
3511,47,360,0.0108642578125
3512,48,360,0.012346029281616211
3513,49,360,0.012303352355957031
3514,50,360,0.011724710464477539
3515,51,360,0.011295318603515625
3516,52,360,0.012047290802001953
3517,53,360,0.011291027069091797
3518,54,360,0.011538267135620117
3519,55,360,0.011250495910644531
3520,56,360,0.010410308837890625
3521,57,360,0.011161088943481445
3522,58,360,0.011087656021118164
3523,59,360,0.011018514633178711
3524,60,360,0.010854959487915039
3525,61,360,0.01070857048034668
3526,62,360,0.010764360427856445
3527,63,360,0.009556293487548828
3528,64,360,0.010370731353759766
3529,65,360,0.010496377944946289
3530,66,360,0.010519027709960938
3531,67,360,0.010493040084838867
3532,68,360,0.010518550872802734
3533,69,360,0.010708808898925781
3534,70,360,0.010201692581176758
3535,71,360,0.010155200958251953
3536,72,360,0.010260581970214844
3537,73,360,0.01034092903137207
3538,74,360,0.010179519653320312
3539,75,360,0.009966373443603516
3540,76,360,0.010083198547363281
3541,77,360,0.010100126266479492
3542,78,360,0.009980440139770508
3543,79,360,0.009252786636352539
3544,80,360,0.009827375411987305
3545,81,360,0.009632587432861328
3546,82,360,0.009769201278686523
3547,83,360,0.009653568267822266
3548,84,360,0.009263992309570312
3549,85,360,0.009422540664672852
3550,86,360,0.00914454460144043
3551,87,360,0.00923609733581543
3552,88,360,0.008430004119873047
3553,89,360,0.008882522583007812
3554,90,360,0.00832676887512207
3555,91,360,0.008907794952392578
3556,92,360,0.008735895156860352
3557,93,360,0.007770538330078125
3558,94,360,0.008377790451049805
3559,95,360,0.008486509323120117
3560,96,360,0.008306741714477539
3561,97,360,0.008412599563598633
3562,98,360,0.00822758674621582
3563,99,360,0.008298873901367188
3564,1,370,0.028753042221069336
3565,2,370,0.023801803588867188
3566,3,370,0.02149796485900879
3567,4,370,0.02010941505432129
3568,5,370,0.020395755767822266
3569,6,370,0.01901102066040039
3570,7,370,0.021728515625
3571,8,370,0.02236342430114746
3572,9,370,0.022296667098999023
3573,10,370,0.024324893951416016
3574,11,370,0.018440961837768555
3575,12,370,0.01775979995727539
3576,13,370,0.017561912536621094
3577,14,370,0.018468856811523438
3578,15,370,0.01713109016418457
3579,16,370,0.01721978187561035
3580,17,370,0.01717543601989746
3581,18,370,0.016867637634277344
3582,19,370,0.020168781280517578
3583,20,370,0.016846179962158203
3584,21,370,0.01629042625427246
3585,22,370,0.01591944694519043
3586,23,370,0.015263080596923828
3587,24,370,0.016233444213867188
3588,25,370,0.016846179962158203
3589,26,370,0.016959428787231445
3590,27,370,0.015694856643676758
3591,28,370,0.019823551177978516
3592,29,370,0.015507698059082031
3593,30,370,0.01558685302734375
3594,31,370,0.015160322189331055
3595,32,370,0.015111684799194336
3596,33,370,0.015555620193481445
3597,34,370,0.016015052795410156
3598,35,370,0.01464390754699707
3599,36,370,0.014926433563232422
3600,37,370,0.01464223861694336
3601,38,370,0.014207124710083008
3602,39,370,0.014213085174560547
3603,40,370,0.014250993728637695
3604,41,370,0.01405024528503418
3605,42,370,0.01485586166381836
3606,43,370,0.013729095458984375
3607,44,370,0.0170743465423584
3608,45,370,0.014572381973266602
3609,46,370,0.013376235961914062
3610,47,370,0.012994527816772461
3611,48,370,0.012881040573120117
3612,49,370,0.01305079460144043
3613,50,370,0.01348567008972168
3614,51,370,0.012729883193969727
3615,52,370,0.013603687286376953
3616,53,370,0.01165151596069336
3617,54,370,0.012561559677124023
3618,55,370,0.012238025665283203
3619,56,370,0.012549400329589844
3620,57,370,0.013077497482299805
3621,58,370,0.01166534423828125
3622,59,370,0.012099027633666992
3623,60,370,0.01205897331237793
3624,61,370,0.01134490966796875
3625,62,370,0.01114344596862793
3626,63,370,0.01051640510559082
3627,64,370,0.011068582534790039
3628,65,370,0.010872840881347656
3629,66,370,0.0110015869140625
3630,67,370,0.011003732681274414
3631,68,370,0.010935783386230469
3632,69,370,0.010913372039794922
3633,70,370,0.010931968688964844
3634,71,370,0.010559320449829102
3635,72,370,0.008527517318725586
3636,73,370,0.007537126541137695
3637,74,370,0.010381460189819336
3638,75,370,0.010535478591918945
3639,76,370,0.01027679443359375
3640,77,370,0.009214162826538086
3641,78,370,0.010369539260864258
3642,79,370,0.01027536392211914
3643,80,370,0.009795904159545898
3644,81,370,0.012207269668579102
3645,82,370,0.009935379028320312
3646,83,370,0.009874582290649414
3647,84,370,0.009868383407592773
3648,85,370,0.009994983673095703
3649,86,370,0.010051965713500977
3650,87,370,0.009725570678710938
3651,88,370,0.009853601455688477
3652,89,370,0.01148533821105957
3653,90,370,0.009693145751953125
3654,91,370,0.009505748748779297
3655,92,370,0.00922703742980957
3656,93,370,0.009368181228637695
3657,94,370,0.008912801742553711
3658,95,370,0.009009599685668945
3659,96,370,0.009055852890014648
3660,97,370,0.009088993072509766
3661,98,370,0.009014368057250977
3662,99,370,0.008987903594970703
3663,1,380,0.030727863311767578
3664,2,380,0.024014949798583984
3665,3,380,0.024602651596069336
3666,4,380,0.02403736114501953
3667,5,380,0.024586200714111328
3668,6,380,0.020030736923217773
3669,7,380,0.02406930923461914
3670,8,380,0.022861957550048828
3671,9,380,0.022891521453857422
3672,10,380,0.01838374137878418
3673,11,380,0.019051551818847656
3674,12,380,0.01860809326171875
3675,13,380,0.022693395614624023
3676,14,380,0.018666505813598633
3677,15,380,0.018334627151489258
3678,16,380,0.018077611923217773
3679,17,380,0.021936893463134766
3680,18,380,0.017940044403076172
3681,19,380,0.018444299697875977
3682,20,380,0.017528772354125977
3683,21,380,0.020569562911987305
3684,22,380,0.01706838607788086
3685,23,380,0.0171353816986084
3686,24,380,0.016839981079101562
3687,25,380,0.017023324966430664
3688,26,380,0.019171476364135742
3689,27,380,0.017754077911376953
3690,28,380,0.020835161209106445
3691,29,380,0.016200780868530273
3692,30,380,0.01660895347595215
3693,31,380,0.016110897064208984
3694,32,380,0.015728235244750977
3695,33,380,0.015076398849487305
3696,34,380,0.015759706497192383
3697,35,380,0.015074491500854492
3698,36,380,0.01451873779296875
3699,37,380,0.015237569808959961
3700,38,380,0.014452934265136719
3701,39,380,0.014701128005981445
3702,40,380,0.014721870422363281
3703,41,380,0.014577627182006836
3704,42,380,0.014137029647827148
3705,43,380,0.010135889053344727
3706,44,380,0.008461952209472656
3707,45,380,0.011795282363891602
3708,46,380,0.014075994491577148
3709,47,380,0.01349782943725586
3710,48,380,0.013593912124633789
3711,49,380,0.014207839965820312
3712,50,380,0.013527393341064453
3713,51,380,0.013208627700805664
3714,52,380,0.01385045051574707
3715,53,380,0.013432025909423828
3716,54,380,0.013097047805786133
3717,55,380,0.013178586959838867
3718,56,380,0.012864112854003906
3719,57,380,0.012839794158935547
3720,58,380,0.012707233428955078
3721,59,380,0.012346744537353516
3722,60,380,0.012415885925292969
3723,61,380,0.01238393783569336
3724,62,380,0.012344837188720703
3725,63,380,0.012207746505737305
3726,64,380,0.012301921844482422
3727,65,380,0.014488697052001953
3728,66,380,0.011102437973022461
3729,67,380,0.01131439208984375
3730,68,380,0.01074838638305664
3731,69,380,0.011455297470092773
3732,70,380,0.011072158813476562
3733,71,380,0.013682126998901367
3734,72,380,0.011615514755249023
3735,73,380,0.01116800308227539
3736,74,380,0.011154651641845703
3737,75,380,0.011001825332641602
3738,76,380,0.010740995407104492
3739,77,380,0.011006355285644531
3740,78,380,0.011028766632080078
3741,79,380,0.010884523391723633
3742,80,380,0.010732412338256836
3743,81,380,0.010573625564575195
3744,82,380,0.010486364364624023
3745,83,380,0.012497901916503906
3746,84,380,0.010524272918701172
3747,85,380,0.010576963424682617
3748,86,380,0.01039433479309082
3749,87,380,0.010390520095825195
3750,88,380,0.01018524169921875
3751,89,380,0.010021209716796875
3752,90,380,0.00984048843383789
3753,91,380,0.010010242462158203
3754,92,380,0.009800434112548828
3755,93,380,0.011981487274169922
3756,94,380,0.009241342544555664
3757,95,380,0.009570837020874023
3758,96,380,0.009539127349853516
3759,97,380,0.009429454803466797
3760,98,380,0.009430885314941406
3761,99,380,0.009220123291015625
3762,1,390,0.0314786434173584
3763,2,390,0.026526927947998047
3764,3,390,0.02519822120666504
3765,4,390,0.02340865135192871
3766,5,390,0.02207326889038086
3767,6,390,0.02214360237121582
3768,7,390,0.024302959442138672
3769,8,390,0.02040386199951172
3770,9,390,0.019714832305908203
3771,10,390,0.01966261863708496
3772,11,390,0.02375054359436035
3773,12,390,0.019459962844848633
3774,13,390,0.01962447166442871
3775,14,390,0.018931150436401367
3776,15,390,0.018047332763671875
3777,16,390,0.01903367042541504
3778,17,390,0.01745009422302246
3779,18,390,0.020173311233520508
3780,19,390,0.018454551696777344
3781,20,390,0.01822972297668457
3782,21,390,0.022912025451660156
3783,22,390,0.018455982208251953
3784,23,390,0.017914533615112305
3785,24,390,0.01753973960876465
3786,25,390,0.018500089645385742
3787,26,390,0.01697373390197754
3788,27,390,0.017510414123535156
3789,28,390,0.017462730407714844
3790,29,390,0.01730966567993164
3791,30,390,0.0168154239654541
3792,31,390,0.01764535903930664
3793,32,390,0.015564680099487305
3794,33,390,0.015761613845825195
3795,34,390,0.018035173416137695
3796,35,390,0.01671123504638672
3797,36,390,0.01603388786315918
3798,37,390,0.01578545570373535
3799,38,390,0.0162050724029541
3800,39,390,0.014911413192749023
3801,40,390,0.01546478271484375
3802,41,390,0.015315055847167969
3803,42,390,0.015518426895141602
3804,43,390,0.015365123748779297
3805,44,390,0.015831708908081055
3806,45,390,0.015180826187133789
3807,46,390,0.01495814323425293
3808,47,390,0.014154434204101562
3809,48,390,0.014512062072753906
3810,49,390,0.014470815658569336
3811,50,390,0.014294624328613281
3812,51,390,0.014065742492675781
3813,52,390,0.013842344284057617
3814,53,390,0.014038801193237305
3815,54,390,0.014074087142944336
3816,55,390,0.013695478439331055
3817,56,390,0.014096498489379883
3818,57,390,0.013203859329223633
3819,58,390,0.01346588134765625
3820,59,390,0.013345718383789062
3821,60,390,0.013381481170654297
3822,61,390,0.012959957122802734
3823,62,390,0.012958526611328125
3824,63,390,0.01300191879272461
3825,64,390,0.013032674789428711
3826,65,390,0.012903451919555664
3827,66,390,0.012467145919799805
3828,67,390,0.012503623962402344
3829,68,390,0.014757633209228516
3830,69,390,0.01179051399230957
3831,70,390,0.011955022811889648
3832,71,390,0.012013912200927734
3833,72,390,0.011910200119018555
3834,73,390,0.011767148971557617
3835,74,390,0.011734485626220703
3836,75,390,0.011918306350708008
3837,76,390,0.01151418685913086
3838,77,390,0.011483907699584961
3839,78,390,0.011340141296386719
3840,79,390,0.01134181022644043
3841,80,390,0.013709306716918945
3842,81,390,0.011224508285522461
3843,82,390,0.010950326919555664
3844,83,390,0.011085748672485352
3845,84,390,0.010567426681518555
3846,85,390,0.010886192321777344
3847,86,390,0.010836362838745117
3848,87,390,0.010586261749267578
3849,88,390,0.01073765754699707
3850,89,390,0.010615825653076172
3851,90,390,0.010458230972290039
3852,91,390,0.010292768478393555
3853,92,390,0.010290145874023438
3854,93,390,0.010320186614990234
3855,94,390,0.009265661239624023
3856,95,390,0.009424686431884766
3857,96,390,0.009961366653442383
3858,97,390,0.009825706481933594
3859,98,390,0.009630918502807617
3860,99,390,0.009490728378295898
3861,1,400,0.03232765197753906
3862,2,400,0.02567458152770996
3863,3,400,0.023931026458740234
3864,4,400,0.028172731399536133
3865,5,400,0.02382802963256836
3866,6,400,0.022795915603637695
3867,7,400,0.023900270462036133
3868,8,400,0.021544694900512695
3869,9,400,0.025072097778320312
3870,10,400,0.020724058151245117
3871,11,400,0.020351171493530273
3872,12,400,0.021979808807373047
3873,13,400,0.02069234848022461
3874,14,400,0.020154237747192383
3875,15,400,0.019387245178222656
3876,16,400,0.02042388916015625
3877,17,400,0.02419590950012207
3878,18,400,0.019575834274291992
3879,19,400,0.023186445236206055
3880,20,400,0.020420551300048828
3881,21,400,0.019033193588256836
3882,22,400,0.018908023834228516
3883,23,400,0.017691612243652344
3884,24,400,0.018915414810180664
3885,25,400,0.0187225341796875
3886,26,400,0.018716812133789062
3887,27,400,0.01824784278869629
3888,28,400,0.018593311309814453
3889,29,400,0.018471479415893555
3890,30,400,0.016726016998291016
3891,31,400,0.009968757629394531
3892,32,400,0.017718791961669922
3893,33,400,0.016627788543701172
3894,34,400,0.01665496826171875
3895,35,400,0.017391443252563477
3896,36,400,0.01699352264404297
3897,37,400,0.016746044158935547
3898,38,400,0.01669144630432129
3899,39,400,0.017076969146728516
3900,40,400,0.016605615615844727
3901,41,400,0.016403913497924805
3902,42,400,0.01736903190612793
3903,43,400,0.016137361526489258
3904,44,400,0.016280651092529297
3905,45,400,0.015682220458984375
3906,46,400,0.016398191452026367
3907,47,400,0.014863967895507812
3908,48,400,0.01561117172241211
3909,49,400,0.015201330184936523
3910,50,400,0.015002727508544922
3911,51,400,0.012609004974365234
3912,52,400,0.014471054077148438
3913,53,400,0.01475977897644043
3914,54,400,0.01420283317565918
3915,55,400,0.014857053756713867
3916,56,400,0.014644145965576172
3917,57,400,0.013800382614135742
3918,58,400,0.01508188247680664
3919,59,400,0.013869285583496094
3920,60,400,0.013597488403320312
3921,61,400,0.013963699340820312
3922,62,400,0.013733625411987305
3923,63,400,0.013514280319213867
3924,64,400,0.013589859008789062
3925,65,400,0.013566255569458008
3926,66,400,0.013037919998168945
3927,67,400,0.013134241104125977
3928,68,400,0.012749433517456055
3929,69,400,0.012338876724243164
3930,70,400,0.01256871223449707
3931,71,400,0.012352705001831055
3932,72,400,0.011519908905029297
3933,73,400,0.01215505599975586
3934,74,400,0.01237630844116211
3935,75,400,0.012202262878417969
3936,76,400,0.011760473251342773
3937,77,400,0.012042522430419922
3938,78,400,0.012001752853393555
3939,79,400,0.011682271957397461
3940,80,400,0.011547327041625977
3941,81,400,0.011790752410888672
3942,82,400,0.011579513549804688
3943,83,400,0.011345148086547852
3944,84,400,0.011525869369506836
3945,85,400,0.011211633682250977
3946,86,400,0.011080265045166016
3947,87,400,0.011073589324951172
3948,88,400,0.010375499725341797
3949,89,400,0.010949134826660156
3950,90,400,0.010871648788452148
3951,91,400,0.010869979858398438
3952,92,400,0.010689973831176758
3953,93,400,0.010856151580810547
3954,94,400,0.010265827178955078
3955,95,400,0.01084136962890625
3956,96,400,0.010592460632324219
3957,97,400,0.010430097579956055
3958,98,400,0.010257482528686523
3959,99,400,0.010273456573486328
3960,1,410,0.03374838829040527
3961,2,410,0.02949976921081543
3962,3,410,0.028470754623413086
3963,4,410,0.02495121955871582
3964,5,410,0.026108503341674805
3965,6,410,0.028272628784179688
3966,7,410,0.023589134216308594
3967,8,410,0.02607417106628418
3968,9,410,0.022777080535888672
3969,10,410,0.02280735969543457
3970,11,410,0.0219266414642334
3971,12,410,0.02226400375366211
3972,13,410,0.02759861946105957
3973,14,410,0.022291183471679688
3974,15,410,0.021691560745239258
3975,16,410,0.02122211456298828
3976,17,410,0.020838022232055664
3977,18,410,0.022054195404052734
3978,19,410,0.02569890022277832
3979,20,410,0.020317554473876953
3980,21,410,0.020302534103393555
3981,22,410,0.01974177360534668
3982,23,410,0.01993584632873535
3983,24,410,0.019454479217529297
3984,25,410,0.01950693130493164
3985,26,410,0.019595861434936523
3986,27,410,0.019802331924438477
3987,28,410,0.02019333839416504
3988,29,410,0.019500255584716797
3989,30,410,0.017914772033691406
3990,31,410,0.018743276596069336
3991,32,410,0.018100976943969727
3992,33,410,0.01981067657470703
3993,34,410,0.018288135528564453
3994,35,410,0.017955303192138672
3995,36,410,0.018335342407226562
3996,37,410,0.018707752227783203
3997,38,410,0.01751542091369629
3998,39,410,0.017563581466674805
3999,40,410,0.017704010009765625
4000,41,410,0.01723957061767578
4001,42,410,0.017203807830810547
4002,43,410,0.0160064697265625
4003,44,410,0.01668095588684082
4004,45,410,0.01680588722229004
4005,46,410,0.016641855239868164
4006,47,410,0.016246795654296875
4007,48,410,0.01614975929260254
4008,49,410,0.01607823371887207
4009,50,410,0.015977859497070312
4010,51,410,0.015520811080932617
4011,52,410,0.014652252197265625
4012,53,410,0.015200614929199219
4013,54,410,0.015310049057006836
4014,55,410,0.014798402786254883
4015,56,410,0.015011072158813477
4016,57,410,0.014880180358886719
4017,58,410,0.014914512634277344
4018,59,410,0.01415562629699707
4019,60,410,0.01367497444152832
4020,61,410,0.014369487762451172
4021,62,410,0.014266729354858398
4022,63,410,0.014215230941772461
4023,64,410,0.013204574584960938
4024,65,410,0.012921333312988281
4025,66,410,0.014016866683959961
4026,67,410,0.013947486877441406
4027,68,410,0.0128021240234375
4028,69,410,0.013330459594726562
4029,70,410,0.013242244720458984
4030,71,410,0.012766361236572266
4031,72,410,0.011803150177001953
4032,73,410,0.011468887329101562
4033,74,410,0.012549877166748047
4034,75,410,0.012203216552734375
4035,76,410,0.012436389923095703
4036,77,410,0.011513710021972656
4037,78,410,0.012111186981201172
4038,79,410,0.011341333389282227
4039,80,410,0.012017965316772461
4040,81,410,0.012015819549560547
4041,82,410,0.011902332305908203
4042,83,410,0.011888504028320312
4043,84,410,0.011655569076538086
4044,85,410,0.011684417724609375
4045,86,410,0.011719465255737305
4046,87,410,0.011775970458984375
4047,88,410,0.011451482772827148
4048,89,410,0.011371135711669922
4049,90,410,0.011440515518188477
4050,91,410,0.011199235916137695
4051,92,410,0.011083364486694336
4052,93,410,0.01099538803100586
4053,94,410,0.010807991027832031
4054,95,410,0.011090278625488281
4055,96,410,0.010891199111938477
4056,97,410,0.010789871215820312
4057,98,410,0.010689258575439453
4058,99,410,0.010604619979858398
4059,1,420,0.035466909408569336
4060,2,420,0.0296783447265625
4061,3,420,0.02699422836303711
4062,4,420,0.027782440185546875
4063,5,420,0.026592493057250977
4064,6,420,0.02456212043762207
4065,7,420,0.02687811851501465
4066,8,420,0.023346424102783203
4067,9,420,0.028435945510864258
4068,10,420,0.024995088577270508
4069,11,420,0.022898435592651367
4070,12,420,0.02414393424987793
4071,13,420,0.026298999786376953
4072,14,420,0.024186134338378906
4073,15,420,0.024813175201416016
4074,16,420,0.024549007415771484
4075,17,420,0.021221399307250977
4076,18,420,0.02179431915283203
4077,19,420,0.0232541561126709
4078,20,420,0.021286964416503906
4079,21,420,0.024991512298583984
4080,22,420,0.024312734603881836
4081,23,420,0.021565914154052734
4082,24,420,0.02082514762878418
4083,25,420,0.020045042037963867
4084,26,420,0.019839763641357422
4085,27,420,0.020391464233398438
4086,28,420,0.019047260284423828
4087,29,420,0.019407033920288086
4088,30,420,0.019855976104736328
4089,31,420,0.020383596420288086
4090,32,420,0.01893901824951172
4091,33,420,0.017808198928833008
4092,34,420,0.023578643798828125
4093,35,420,0.01773691177368164
4094,36,420,0.018800020217895508
4095,37,420,0.018587827682495117
4096,38,420,0.019809246063232422
4097,39,420,0.018300294876098633
4098,40,420,0.018004417419433594
4099,41,420,0.01818084716796875
4100,42,420,0.01802992820739746
4101,43,420,0.017789602279663086
4102,44,420,0.017395734786987305
4103,45,420,0.017416954040527344
4104,46,420,0.01827692985534668
4105,47,420,0.01663374900817871
4106,48,420,0.016937971115112305
4107,49,420,0.016610383987426758
4108,50,420,0.01675581932067871
4109,51,420,0.017549753189086914
4110,52,420,0.015229463577270508
4111,53,420,0.015918731689453125
4112,54,420,0.015727519989013672
4113,55,420,0.016408681869506836
4114,56,420,0.016551494598388672
4115,57,420,0.015629291534423828
4116,58,420,0.015753984451293945
4117,59,420,0.01530313491821289
4118,60,420,0.01495051383972168
4119,61,420,0.014756202697753906
4120,62,420,0.015170574188232422
4121,63,420,0.01455068588256836
4122,64,420,0.014614343643188477
4123,65,420,0.01456451416015625
4124,66,420,0.008267879486083984
4125,67,420,0.007927656173706055
4126,68,420,0.013832330703735352
4127,69,420,0.01386404037475586
4128,70,420,0.011040925979614258
4129,71,420,0.013376712799072266
4130,72,420,0.013084173202514648
4131,73,420,0.013044595718383789
4132,74,420,0.012728452682495117
4133,75,420,0.012991189956665039
4134,76,420,0.012749433517456055
4135,77,420,0.012790918350219727
4136,78,420,0.012630462646484375
4137,79,420,0.012261390686035156
4138,80,420,0.012509584426879883
4139,81,420,0.012401103973388672
4140,82,420,0.012559652328491211
4141,83,420,0.011982202529907227
4142,84,420,0.012378692626953125
4143,85,420,0.012197256088256836
4144,86,420,0.012204885482788086
4145,87,420,0.012149572372436523
4146,88,420,0.011858701705932617
4147,89,420,0.012113571166992188
4148,90,420,0.011758804321289062
4149,91,420,0.010823726654052734
4150,92,420,0.011332273483276367
4151,93,420,0.011495590209960938
4152,94,420,0.014175891876220703
4153,95,420,0.01151418685913086
4154,96,420,0.011474847793579102
4155,97,420,0.011268377304077148
4156,98,420,0.01123046875
4157,99,420,0.011116981506347656
4158,1,430,0.03878378868103027
4159,2,430,0.030247926712036133
4160,3,430,0.029083728790283203
4161,4,430,0.027561187744140625
4162,5,430,0.03184676170349121
4163,6,430,0.031017065048217773
4164,7,430,0.023985862731933594
4165,8,430,0.02428412437438965
4166,9,430,0.02394247055053711
4167,10,430,0.024930477142333984
4168,11,430,0.02467036247253418
4169,12,430,0.02431344985961914
4170,13,430,0.027254104614257812
4171,14,430,0.024850845336914062
4172,15,430,0.023037433624267578
4173,16,430,0.023073434829711914
4174,17,430,0.02327418327331543
4175,18,430,0.02385854721069336
4176,19,430,0.0224456787109375
4177,20,430,0.02191638946533203
4178,21,430,0.02223658561706543
4179,22,430,0.021853208541870117
4180,23,430,0.0250852108001709
4181,24,430,0.0212709903717041
4182,25,430,0.021621227264404297
4183,26,430,0.021665573120117188
4184,27,430,0.027245283126831055
4185,28,430,0.021309375762939453
4186,29,430,0.021093368530273438
4187,30,430,0.021017074584960938
4188,31,430,0.02061629295349121
4189,32,430,0.02108287811279297
4190,33,430,0.020381689071655273
4191,34,430,0.02004861831665039
4192,35,430,0.018792152404785156
4193,36,430,0.02128767967224121
4194,37,430,0.01991581916809082
4195,38,430,0.018368244171142578
4196,39,430,0.018895387649536133
4197,40,430,0.01780843734741211
4198,41,430,0.02017807960510254
4199,42,430,0.01993703842163086
4200,43,430,0.011540651321411133
4201,44,430,0.011813163757324219
4202,45,430,0.017720699310302734
4203,46,430,0.017818927764892578
4204,47,430,0.01758861541748047
4205,48,430,0.016528606414794922
4206,49,430,0.0172269344329834
4207,50,430,0.01685619354248047
4208,51,430,0.017858028411865234
4209,52,430,0.0169677734375
4210,53,430,0.015813350677490234
4211,54,430,0.016090869903564453
4212,55,430,0.015993833541870117
4213,56,430,0.015433311462402344
4214,57,430,0.015082359313964844
4215,58,430,0.015310525894165039
4216,59,430,0.01609969139099121
4217,60,430,0.016012191772460938
4218,61,430,0.016239643096923828
4219,62,430,0.015477180480957031
4220,63,430,0.015535354614257812
4221,64,430,0.015079736709594727
4222,65,430,0.018561124801635742
4223,66,430,0.015249490737915039
4224,67,430,0.014840841293334961
4225,68,430,0.01491856575012207
4226,69,430,0.014562606811523438
4227,70,430,0.014569997787475586
4228,71,430,0.014414310455322266
4229,72,430,0.014433145523071289
4230,73,430,0.01413106918334961
4231,74,430,0.013882875442504883
4232,75,430,0.01372981071472168
4233,76,430,0.013285636901855469
4234,77,430,0.013146638870239258
4235,78,430,0.013410806655883789
4236,79,430,0.013385772705078125
4237,80,430,0.013231992721557617
4238,81,430,0.0162966251373291
4239,82,430,0.013420581817626953
4240,83,430,0.013082027435302734
4241,84,430,0.012058019638061523
4242,85,430,0.012867212295532227
4243,86,430,0.011859655380249023
4244,87,430,0.013020038604736328
4245,88,430,0.012797117233276367
4246,89,430,0.012677192687988281
4247,90,430,0.012243509292602539
4248,91,430,0.012581348419189453
4249,92,430,0.012204647064208984
4250,93,430,0.012124300003051758
4251,94,430,0.01167607307434082
4252,95,430,0.012052059173583984
4253,96,430,0.011803388595581055
4254,97,430,0.011494874954223633
4255,98,430,0.01190328598022461
4256,99,430,0.011856555938720703
4257,1,440,0.040230512619018555
4258,2,440,0.03371238708496094
4259,3,440,0.02992415428161621
4260,4,440,0.03239297866821289
4261,5,440,0.02807307243347168
4262,6,440,0.02402472496032715
4263,7,440,0.02625441551208496
4264,8,440,0.03242158889770508
4265,9,440,0.024967432022094727
4266,10,440,0.02778148651123047
4267,11,440,0.026093244552612305
4268,12,440,0.024782657623291016
4269,13,440,0.024918794631958008
4270,14,440,0.02466297149658203
4271,15,440,0.02927565574645996
4272,16,440,0.025177478790283203
4273,17,440,0.024490833282470703
4274,18,440,0.023684024810791016
4275,19,440,0.024448871612548828
4276,20,440,0.024823904037475586
4277,21,440,0.022988319396972656
4278,22,440,0.022658586502075195
4279,23,440,0.022016048431396484
4280,24,440,0.024243831634521484
4281,25,440,0.022669553756713867
4282,26,440,0.02189803123474121
4283,27,440,0.02155756950378418
4284,28,440,0.021854877471923828
4285,29,440,0.02163386344909668
4286,30,440,0.02764439582824707
4287,31,440,0.021451473236083984
4288,32,440,0.021244049072265625
4289,33,440,0.020503997802734375
4290,34,440,0.01959848403930664
4291,35,440,0.02040839195251465
4292,36,440,0.01928114891052246
4293,37,440,0.021652698516845703
4294,38,440,0.020041227340698242
4295,39,440,0.020172595977783203
4296,40,440,0.01959824562072754
4297,41,440,0.020630598068237305
4298,42,440,0.019280195236206055
4299,43,440,0.020537853240966797
4300,44,440,0.018859386444091797
4301,45,440,0.01826310157775879
4302,46,440,0.01611614227294922
4303,47,440,0.018297195434570312
4304,48,440,0.01790165901184082
4305,49,440,0.017315387725830078
4306,50,440,0.017859220504760742
4307,51,440,0.017403125762939453
4308,52,440,0.017681121826171875
4309,53,440,0.017434120178222656
4310,54,440,0.017124652862548828
4311,55,440,0.01698613166809082
4312,56,440,0.01668858528137207
4313,57,440,0.01708245277404785
4314,58,440,0.016682863235473633
4315,59,440,0.016577959060668945
4316,60,440,0.015918970108032227
4317,61,440,0.017462968826293945
4318,62,440,0.016077518463134766
4319,63,440,0.015951871871948242
4320,64,440,0.015774250030517578
4321,65,440,0.015579938888549805
4322,66,440,0.015598297119140625
4323,67,440,0.015486001968383789
4324,68,440,0.015415191650390625
4325,69,440,0.01464080810546875
4326,70,440,0.015177011489868164
4327,71,440,0.015137195587158203
4328,72,440,0.015060901641845703
4329,73,440,0.014860868453979492
4330,74,440,0.014588356018066406
4331,75,440,0.014468908309936523
4332,76,440,0.014159202575683594
4333,77,440,0.014193058013916016
4334,78,440,0.013682842254638672
4335,79,440,0.013752460479736328
4336,80,440,0.013633251190185547
4337,81,440,0.013548612594604492
4338,82,440,0.013590097427368164
4339,83,440,0.013580322265625
4340,84,440,0.016643524169921875
4341,85,440,0.013449430465698242
4342,86,440,0.013242959976196289
4343,87,440,0.013126850128173828
4344,88,440,0.012868881225585938
4345,89,440,0.013121604919433594
4346,90,440,0.013148069381713867
4347,91,440,0.012829303741455078
4348,92,440,0.012636184692382812
4349,93,440,0.012956380844116211
4350,94,440,0.01263880729675293
4351,95,440,0.01226043701171875
4352,96,440,0.01243901252746582
4353,97,440,0.012283086776733398
4354,98,440,0.012139320373535156
4355,99,440,0.012175321578979492
4356,1,450,0.04033088684082031
4357,2,450,0.0327143669128418
4358,3,450,0.02964186668395996
4359,4,450,0.030140161514282227
4360,5,450,0.0273745059967041
4361,6,450,0.027768611907958984
4362,7,450,0.025510072708129883
4363,8,450,0.02903580665588379
4364,9,450,0.02602243423461914
4365,10,450,0.024232149124145508
4366,11,450,0.02480340003967285
4367,12,450,0.02635812759399414
4368,13,450,0.026061296463012695
4369,14,450,0.028777599334716797
4370,15,450,0.026830196380615234
4371,16,450,0.02576899528503418
4372,17,450,0.025135040283203125
4373,18,450,0.02500128746032715
4374,19,450,0.024471759796142578
4375,20,450,0.02405834197998047
4376,21,450,0.023784399032592773
4377,22,450,0.021119117736816406
4378,23,450,0.023944854736328125
4379,24,450,0.023982763290405273
4380,25,450,0.023377656936645508
4381,26,450,0.0232696533203125
4382,27,450,0.023267507553100586
4383,28,450,0.02160024642944336
4384,29,450,0.0218355655670166
4385,30,450,0.021654844284057617
4386,31,450,0.022879838943481445
4387,32,450,0.02195119857788086
4388,33,450,0.022146224975585938
4389,34,450,0.0218508243560791
4390,35,450,0.0217287540435791
4391,36,450,0.02248978614807129
4392,37,450,0.021578073501586914
4393,38,450,0.0225067138671875
4394,39,450,0.02163076400756836
4395,40,450,0.021015405654907227
4396,41,450,0.01154327392578125
4397,42,450,0.019099950790405273
4398,43,450,0.018959522247314453
4399,44,450,0.02016425132751465
4400,45,450,0.019817829132080078
4401,46,450,0.01887035369873047
4402,47,450,0.01935577392578125
4403,48,450,0.018546104431152344
4404,49,450,0.019249916076660156
4405,50,450,0.0190732479095459
4406,51,450,0.019362688064575195
4407,52,450,0.018433332443237305
4408,53,450,0.018622159957885742
4409,54,450,0.018456697463989258
4410,55,450,0.01876521110534668
4411,56,450,0.017943620681762695
4412,57,450,0.017566442489624023
4413,58,450,0.017530202865600586
4414,59,450,0.017506837844848633
4415,60,450,0.01703476905822754
4416,61,450,0.017216205596923828
4417,62,450,0.017013072967529297
4418,63,450,0.016930103302001953
4419,64,450,0.016583681106567383
4420,65,450,0.016696929931640625
4421,66,450,0.016457319259643555
4422,67,450,0.016234397888183594
4423,68,450,0.015980958938598633
4424,69,450,0.015037298202514648
4425,70,450,0.01579141616821289
4426,71,450,0.01577305793762207
4427,72,450,0.015882492065429688
4428,73,450,0.015589714050292969
4429,74,450,0.015524148941040039
4430,75,450,0.01540064811706543
4431,76,450,0.015295028686523438
4432,77,450,0.014752626419067383
4433,78,450,0.014652252197265625
4434,79,450,0.014167070388793945
4435,80,450,0.01452946662902832
4436,81,450,0.01438593864440918
4437,82,450,0.01131582260131836
4438,83,450,0.012283086776733398
4439,84,450,0.008782386779785156
4440,85,450,0.013877153396606445
4441,86,450,0.013874292373657227
4442,87,450,0.013510704040527344
4443,88,450,0.013242483139038086
4444,89,450,0.01346898078918457
4445,90,450,0.013302326202392578
4446,91,450,0.012893199920654297
4447,92,450,0.012966156005859375
4448,93,450,0.012975692749023438
4449,94,450,0.012674570083618164
4450,95,450,0.012749671936035156
4451,96,450,0.012755632400512695
4452,97,450,0.011816024780273438
4453,98,450,0.012327194213867188
4454,99,450,0.012254953384399414
4455,1,460,0.04414844512939453
4456,2,460,0.035219430923461914
4457,3,460,0.03171586990356445
4458,4,460,0.02953362464904785
4459,5,460,0.029164552688598633
4460,6,460,0.03485846519470215
4461,7,460,0.03155255317687988
4462,8,460,0.03332257270812988
4463,9,460,0.027490615844726562
4464,10,460,0.02704596519470215
4465,11,460,0.02626204490661621
4466,12,460,0.029989004135131836
4467,13,460,0.025656700134277344
4468,14,460,0.02695941925048828
4469,15,460,0.030295133590698242
4470,16,460,0.027813434600830078
4471,17,460,0.025661230087280273
4472,18,460,0.027102231979370117
4473,19,460,0.025359392166137695
4474,20,460,0.025638818740844727
4475,21,460,0.025128602981567383
4476,22,460,0.029306411743164062
4477,23,460,0.02562093734741211
4478,24,460,0.024855613708496094
4479,25,460,0.024386167526245117
4480,26,460,0.02439570426940918
4481,27,460,0.025806903839111328
4482,28,460,0.022515296936035156
4483,29,460,0.02400040626525879
4484,30,460,0.0238497257232666
4485,31,460,0.02311420440673828
4486,32,460,0.022886991500854492
4487,33,460,0.02294158935546875
4488,34,460,0.022823095321655273
4489,35,460,0.019582033157348633
4490,36,460,0.022439956665039062
4491,37,460,0.022378206253051758
4492,38,460,0.021565914154052734
4493,39,460,0.023766756057739258
4494,40,460,0.021837472915649414
4495,41,460,0.021265029907226562
4496,42,460,0.020947933197021484
4497,43,460,0.0223996639251709
4498,44,460,0.017950773239135742
4499,45,460,0.02016758918762207
4500,46,460,0.01965045928955078
4501,47,460,0.018460988998413086
4502,48,460,0.020284414291381836
4503,49,460,0.019834518432617188
4504,50,460,0.019988298416137695
4505,51,460,0.020679950714111328
4506,52,460,0.01990032196044922
4507,53,460,0.01917433738708496
4508,54,460,0.01878809928894043
4509,55,460,0.018244028091430664
4510,56,460,0.018393993377685547
4511,57,460,0.018645763397216797
4512,58,460,0.01825237274169922
4513,59,460,0.017996549606323242
4514,60,460,0.017507553100585938
4515,61,460,0.018230676651000977
4516,62,460,0.017466068267822266
4517,63,460,0.021599292755126953
4518,64,460,0.017521142959594727
4519,65,460,0.017360210418701172
4520,66,460,0.017487525939941406
4521,67,460,0.016975879669189453
4522,68,460,0.01701974868774414
4523,69,460,0.01686549186706543
4524,70,460,0.016455650329589844
4525,71,460,0.016328811645507812
4526,72,460,0.015938520431518555
4527,73,460,0.01588153839111328
4528,74,460,0.01604318618774414
4529,75,460,0.016013383865356445
4530,76,460,0.015282154083251953
4531,77,460,0.014556884765625
4532,78,460,0.015466928482055664
4533,79,460,0.014869928359985352
4534,80,460,0.014014482498168945
4535,81,460,0.014721870422363281
4536,82,460,0.014597892761230469
4537,83,460,0.014683008193969727
4538,84,460,0.014512300491333008
4539,85,460,0.014385700225830078
4540,86,460,0.014332294464111328
4541,87,460,0.014590024948120117
4542,88,460,0.01446533203125
4543,89,460,0.014227867126464844
4544,90,460,0.013814210891723633
4545,91,460,0.013700723648071289
4546,92,460,0.013954401016235352
4547,93,460,0.013978242874145508
4548,94,460,0.01047968864440918
4549,95,460,0.013553142547607422
4550,96,460,0.012428998947143555
4551,97,460,0.011736869812011719
4552,98,460,0.01195669174194336
4553,99,460,0.011928081512451172
4554,1,470,0.044237375259399414
4555,2,470,0.036149024963378906
4556,3,470,0.03330707550048828
4557,4,470,0.03199291229248047
4558,5,470,0.033473968505859375
4559,6,470,0.03374671936035156
4560,7,470,0.03159213066101074
4561,8,470,0.030817270278930664
4562,9,470,0.029298782348632812
4563,10,470,0.036191701889038086
4564,11,470,0.027806758880615234
4565,12,470,0.029404878616333008
4566,13,470,0.028216838836669922
4567,14,470,0.027512788772583008
4568,15,470,0.02651238441467285
4569,16,470,0.027220487594604492
4570,17,470,0.02646636962890625
4571,18,470,0.025206804275512695
4572,19,470,0.028821945190429688
4573,20,470,0.027324438095092773
4574,21,470,0.025928020477294922
4575,22,470,0.02469015121459961
4576,23,470,0.024364948272705078
4577,24,470,0.02432417869567871
4578,25,470,0.025659799575805664
4579,26,470,0.02647233009338379
4580,27,470,0.024144411087036133
4581,28,470,0.024588346481323242
4582,29,470,0.024294614791870117
4583,30,470,0.02313995361328125
4584,31,470,0.024236440658569336
4585,32,470,0.025011539459228516
4586,33,470,0.023983478546142578
4587,34,470,0.023865938186645508
4588,35,470,0.022980213165283203
4589,36,470,0.023823261260986328
4590,37,470,0.023128747940063477
4591,38,470,0.023914098739624023
4592,39,470,0.022695302963256836
4593,40,470,0.022569894790649414
4594,41,470,0.022367000579833984
4595,42,470,0.022284269332885742
4596,43,470,0.02320241928100586
4597,44,470,0.021692752838134766
4598,45,470,0.02192378044128418
4599,46,470,0.022614240646362305
4600,47,470,0.022211551666259766
4601,48,470,0.020940065383911133
4602,49,470,0.021981477737426758
4603,50,470,0.02035069465637207
4604,51,470,0.020443439483642578
4605,52,470,0.0201261043548584
4606,53,470,0.01986980438232422
4607,54,470,0.020793676376342773
4608,55,470,0.019545555114746094
4609,56,470,0.019779443740844727
4610,57,470,0.019179821014404297
4611,58,470,0.019655704498291016
4612,59,470,0.018528461456298828
4613,60,470,0.018983125686645508
4614,61,470,0.018164873123168945
4615,62,470,0.01810765266418457
4616,63,470,0.017943620681762695
4617,64,470,0.017616987228393555
4618,65,470,0.017782211303710938
4619,66,470,0.01787424087524414
4620,67,470,0.016867399215698242
4621,68,470,0.01741766929626465
4622,69,470,0.0177459716796875
4623,70,470,0.017208576202392578
4624,71,470,0.017020463943481445
4625,72,470,0.01699686050415039
4626,73,470,0.01676630973815918
4627,74,470,0.016574382781982422
4628,75,470,0.015577554702758789
4629,76,470,0.016506433486938477
4630,77,470,0.01638031005859375
4631,78,470,0.016196250915527344
4632,79,470,0.015925884246826172
4633,80,470,0.0156857967376709
4634,81,470,0.01555180549621582
4635,82,470,0.014204263687133789
4636,83,470,0.015211105346679688
4637,84,470,0.014753103256225586
4638,85,470,0.011390209197998047
4639,86,470,0.01451730728149414
4640,87,470,0.014788389205932617
4641,88,470,0.014815330505371094
4642,89,470,0.014647245407104492
4643,90,470,0.014953136444091797
4644,91,470,0.014627456665039062
4645,92,470,0.014226675033569336
4646,93,470,0.0140380859375
4647,94,470,0.014283418655395508
4648,95,470,0.013996362686157227
4649,96,470,0.014133214950561523
4650,97,470,0.013877391815185547
4651,98,470,0.013944149017333984
4652,99,470,0.013788223266601562
4653,1,480,0.046929121017456055
4654,2,480,0.03491997718811035
4655,3,480,0.03241729736328125
4656,4,480,0.032738447189331055
4657,5,480,0.03335070610046387
4658,6,480,0.036046743392944336
4659,7,480,0.033239126205444336
4660,8,480,0.03459978103637695
4661,9,480,0.029205322265625
4662,10,480,0.02921891212463379
4663,11,480,0.029712677001953125
4664,12,480,0.029610872268676758
4665,13,480,0.029473304748535156
4666,14,480,0.02858448028564453
4667,15,480,0.02900218963623047
4668,16,480,0.027143239974975586
4669,17,480,0.027010202407836914
4670,18,480,0.02697134017944336
4671,19,480,0.027933835983276367
4672,20,480,0.027243852615356445
4673,21,480,0.02715325355529785
4674,22,480,0.026568174362182617
4675,23,480,0.02824258804321289
4676,24,480,0.027359962463378906
4677,25,480,0.02536606788635254
4678,26,480,0.026032209396362305
4679,27,480,0.026002883911132812
4680,28,480,0.025766372680664062
4681,29,480,0.025912761688232422
4682,30,480,0.025780677795410156
4683,31,480,0.025368928909301758
4684,32,480,0.024796724319458008
4685,33,480,0.024637699127197266
4686,34,480,0.0247650146484375
4687,35,480,0.024087190628051758
4688,36,480,0.024204254150390625
4689,37,480,0.02396678924560547
4690,38,480,0.02361607551574707
4691,39,480,0.023815393447875977
4692,40,480,0.022234439849853516
4693,41,480,0.023450851440429688
4694,42,480,0.02474808692932129
4695,43,480,0.021451950073242188
4696,44,480,0.021204471588134766
4697,45,480,0.021075963973999023
4698,46,480,0.022242307662963867
4699,47,480,0.02181386947631836
4700,48,480,0.021778106689453125
4701,49,480,0.022466659545898438
4702,50,480,0.02147698402404785
4703,51,480,0.0208282470703125
4704,52,480,0.021308183670043945
4705,53,480,0.020947933197021484
4706,54,480,0.02085590362548828
4707,55,480,0.021558284759521484
4708,56,480,0.020174026489257812
4709,57,480,0.0186922550201416
4710,58,480,0.019803762435913086
4711,59,480,0.01932549476623535
4712,60,480,0.0192108154296875
4713,61,480,0.01928424835205078
4714,62,480,0.01953411102294922
4715,63,480,0.018915891647338867
4716,64,480,0.018604278564453125
4717,65,480,0.01871013641357422
4718,66,480,0.011411190032958984
4719,67,480,0.01827836036682129
4720,68,480,0.018035411834716797
4721,69,480,0.018089771270751953
4722,70,480,0.018024921417236328
4723,71,480,0.017974376678466797
4724,72,480,0.01774764060974121
4725,73,480,0.017627954483032227
4726,74,480,0.01758885383605957
4727,75,480,0.017329931259155273
4728,76,480,0.01693415641784668
4729,77,480,0.01697850227355957
4730,78,480,0.016991138458251953
4731,79,480,0.016788244247436523
4732,80,480,0.015718460083007812
4733,81,480,0.016546249389648438
4734,82,480,0.01623392105102539
4735,83,480,0.015918970108032227
4736,84,480,0.01570415496826172
4737,85,480,0.015610456466674805
4738,86,480,0.015179157257080078
4739,87,480,0.015252113342285156
4740,88,480,0.015182018280029297
4741,89,480,0.015152215957641602
4742,90,480,0.015239477157592773
4743,91,480,0.015154361724853516
4744,92,480,0.01517486572265625
4745,93,480,0.01480722427368164
4746,94,480,0.014171838760375977
4747,95,480,0.014538049697875977
4748,96,480,0.014463663101196289
4749,97,480,0.014059305191040039
4750,98,480,0.014231443405151367
4751,99,480,0.014041662216186523
4752,1,490,0.05081629753112793
4753,2,490,0.04166531562805176
4754,3,490,0.03216147422790527
4755,4,490,0.03675508499145508
4756,5,490,0.03190875053405762
4757,6,490,0.03390836715698242
4758,7,490,0.0361630916595459
4759,8,490,0.027736902236938477
4760,9,490,0.03055572509765625
4761,10,490,0.03647613525390625
4762,11,490,0.036511898040771484
4763,12,490,0.02601790428161621
4764,13,490,0.03080916404724121
4765,14,490,0.03309297561645508
4766,15,490,0.031331777572631836
4767,16,490,0.02788853645324707
4768,17,490,0.03530478477478027
4769,18,490,0.02933669090270996
4770,19,490,0.02909564971923828
4771,20,490,0.028956174850463867
4772,21,490,0.03366899490356445
4773,22,490,0.028379201889038086
4774,23,490,0.03298139572143555
4775,24,490,0.027673006057739258
4776,25,490,0.027753353118896484
4777,26,490,0.02745532989501953
4778,27,490,0.027787208557128906
4779,28,490,0.027050018310546875
4780,29,490,0.029684782028198242
4781,30,490,0.026725292205810547
4782,31,490,0.026778697967529297
4783,32,490,0.02638864517211914
4784,33,490,0.026120662689208984
4785,34,490,0.02585768699645996
4786,35,490,0.024448156356811523
4787,36,490,0.02559041976928711
4788,37,490,0.02509307861328125
4789,38,490,0.02382349967956543
4790,39,490,0.024692773818969727
4791,40,490,0.02460002899169922
4792,41,490,0.023822784423828125
4793,42,490,0.024309635162353516
4794,43,490,0.0238955020904541
4795,44,490,0.023314714431762695
4796,45,490,0.023377656936645508
4797,46,490,0.022872447967529297
4798,47,490,0.0228884220123291
4799,48,490,0.020626544952392578
4800,49,490,0.02261805534362793
4801,50,490,0.022249460220336914
4802,51,490,0.020983457565307617
4803,52,490,0.021201610565185547
4804,53,490,0.02030491828918457
4805,54,490,0.021327972412109375
4806,55,490,0.02115797996520996
4807,56,490,0.021106719970703125
4808,57,490,0.0206451416015625
4809,58,490,0.02047252655029297
4810,59,490,0.02030158042907715
4811,60,490,0.020118236541748047
4812,61,490,0.02004551887512207
4813,62,490,0.019598722457885742
4814,63,490,0.01975870132446289
4815,64,490,0.018274784088134766
4816,65,490,0.019853591918945312
4817,66,490,0.019446849822998047
4818,67,490,0.01911139488220215
4819,68,490,0.01920294761657715
4820,69,490,0.02379441261291504
4821,70,490,0.018500089645385742
4822,71,490,0.0186765193939209
4823,72,490,0.018471956253051758
4824,73,490,0.01776885986328125
4825,74,490,0.017629623413085938
4826,75,490,0.018622636795043945
4827,76,490,0.017978906631469727
4828,77,490,0.017665863037109375
4829,78,490,0.01738119125366211
4830,79,490,0.017533540725708008
4831,80,490,0.017000436782836914
4832,81,490,0.016459941864013672
4833,82,490,0.016893625259399414
4834,83,490,0.016437053680419922
4835,84,490,0.016271352767944336
4836,85,490,0.015642166137695312
4837,86,490,0.016127586364746094
4838,87,490,0.015847444534301758
4839,88,490,0.015708208084106445
4840,89,490,0.013834714889526367
4841,90,490,0.01510477066040039
4842,91,490,0.015613317489624023
4843,92,490,0.01581740379333496
4844,93,490,0.01566004753112793
4845,94,490,0.015702486038208008
4846,95,490,0.015501022338867188
4847,96,490,0.014499425888061523
4848,97,490,0.014815330505371094
4849,98,490,0.014680862426757812
4850,99,490,0.015122413635253906
