,l_xy,n_pts,time
0,1,10,0.9911572933197021
1,2,10,0.00013136863708496094
2,3,10,9.34600830078125e-05
3,4,10,8.368492126464844e-05
4,5,10,9.512901306152344e-05
5,6,10,7.2479248046875e-05
6,7,10,6.890296936035156e-05
7,8,10,8.988380432128906e-05
8,9,10,5.53131103515625e-05
9,10,10,8.58306884765625e-05
10,11,10,6.318092346191406e-05
11,12,10,6.198883056640625e-05
12,13,10,6.747245788574219e-05
13,14,10,7.510185241699219e-05
14,15,10,7.224082946777344e-05
15,16,10,6.413459777832031e-05
16,17,10,5.269050598144531e-05
17,18,10,5.316734313964844e-05
18,19,10,5.6743621826171875e-05
19,20,10,6.198883056640625e-05
20,21,10,5.245208740234375e-05
21,22,10,7.009506225585938e-05
22,23,10,5.793571472167969e-05
23,24,10,5.3882598876953125e-05
24,25,10,5.91278076171875e-05
25,26,10,5.340576171875e-05
26,27,10,5.53131103515625e-05
27,28,10,6.29425048828125e-05
28,29,10,5.269050598144531e-05
29,30,10,7.581710815429688e-05
30,31,10,6.031990051269531e-05
31,32,10,6.699562072753906e-05
32,33,10,6.413459777832031e-05
33,34,10,5.7697296142578125e-05
34,35,10,6.151199340820312e-05
35,36,10,5.245208740234375e-05
36,37,10,6.103515625e-05
37,38,10,5.6743621826171875e-05
38,39,10,5.4836273193359375e-05
39,40,10,5.459785461425781e-05
40,41,10,5.53131103515625e-05
41,42,10,5.4836273193359375e-05
42,43,10,5.650520324707031e-05
43,44,10,6.842613220214844e-05
44,45,10,6.723403930664062e-05
45,46,10,5.9604644775390625e-05
46,47,10,5.340576171875e-05
47,48,10,5.793571472167969e-05
48,49,10,6.771087646484375e-05
49,50,10,5.4836273193359375e-05
50,51,10,6.079673767089844e-05
51,52,10,6.151199340820312e-05
52,53,10,5.269050598144531e-05
53,54,10,4.863739013671875e-05
54,55,10,5.030632019042969e-05
55,56,10,6.175041198730469e-05
56,57,10,4.553794860839844e-05
57,58,10,5.4836273193359375e-05
58,59,10,5.3882598876953125e-05
59,60,10,5.507469177246094e-05
60,61,10,5.4836273193359375e-05
61,62,10,5.030632019042969e-05
62,63,10,5.0067901611328125e-05
63,64,10,4.9114227294921875e-05
64,65,10,7.581710815429688e-05
65,66,10,5.173683166503906e-05
66,67,10,4.9114227294921875e-05
67,68,10,5.340576171875e-05
68,69,10,5.316734313964844e-05
69,70,10,5.0067901611328125e-05
70,71,10,5.125999450683594e-05
71,72,10,5.602836608886719e-05
72,73,10,5.316734313964844e-05
73,74,10,5.340576171875e-05
74,75,10,4.9591064453125e-05
75,76,10,6.29425048828125e-05
76,77,10,4.9114227294921875e-05
77,78,10,6.365776062011719e-05
78,79,10,5.555152893066406e-05
79,80,10,5.435943603515625e-05
80,81,10,5.078315734863281e-05
81,82,10,5.078315734863281e-05
82,83,10,5.2928924560546875e-05
83,84,10,4.863739013671875e-05
84,85,10,5.364418029785156e-05
85,86,10,6.794929504394531e-05
86,87,10,5.245208740234375e-05
87,88,10,4.9591064453125e-05
88,89,10,5.4836273193359375e-05
89,90,10,5.6743621826171875e-05
90,91,10,6.079673767089844e-05
91,92,10,5.1975250244140625e-05
92,93,10,5.435943603515625e-05
93,94,10,5.3882598876953125e-05
94,95,10,5.269050598144531e-05
95,96,10,5.0067901611328125e-05
96,97,10,4.982948303222656e-05
97,98,10,6.794929504394531e-05
98,99,10,5.0067901611328125e-05
99,1,20,0.00024509429931640625
100,2,20,0.00017333030700683594
101,3,20,0.0001468658447265625
102,4,20,0.00016045570373535156
103,5,20,0.00011897087097167969
104,6,20,0.00021076202392578125
105,7,20,0.00014257431030273438
106,8,20,0.00013399124145507812
107,9,20,0.00014138221740722656
108,10,20,0.00013446807861328125
109,11,20,0.00020837783813476562
110,12,20,0.00013971328735351562
111,13,20,0.00011563301086425781
112,14,20,0.00011467933654785156
113,15,20,0.00019741058349609375
114,16,20,0.00010085105895996094
115,17,20,0.00010657310485839844
116,18,20,0.00017690658569335938
117,19,20,0.00012731552124023438
118,20,20,0.00010228157043457031
119,21,20,0.00011610984802246094
120,22,20,0.00010967254638671875
121,23,20,9.465217590332031e-05
122,24,20,0.00010991096496582031
123,25,20,0.00010585784912109375
124,26,20,9.965896606445312e-05
125,27,20,9.679794311523438e-05
126,28,20,8.940696716308594e-05
127,29,20,0.00017571449279785156
128,30,20,0.00010132789611816406
129,31,20,0.00011491775512695312
130,32,20,0.00010371208190917969
131,33,20,9.775161743164062e-05
132,34,20,8.749961853027344e-05
133,35,20,7.605552673339844e-05
134,36,20,8.7738037109375e-05
135,37,20,8.368492126464844e-05
136,38,20,0.00010061264038085938
137,39,20,9.655952453613281e-05
138,40,20,0.00010991096496582031
139,41,20,0.00010657310485839844
140,42,20,0.00010085105895996094
141,43,20,7.390975952148438e-05
142,44,20,6.771087646484375e-05
143,45,20,7.82012939453125e-05
144,46,20,7.581710815429688e-05
145,47,20,8.487701416015625e-05
146,48,20,6.580352783203125e-05
147,49,20,9.417533874511719e-05
148,50,20,6.365776062011719e-05
149,51,20,6.365776062011719e-05
150,52,20,5.53131103515625e-05
151,53,20,7.081031799316406e-05
152,54,20,6.842613220214844e-05
153,55,20,7.2479248046875e-05
154,56,20,8.678436279296875e-05
155,57,20,5.793571472167969e-05
156,58,20,6.890296936035156e-05
157,59,20,5.984306335449219e-05
158,60,20,5.53131103515625e-05
159,61,20,5.91278076171875e-05
160,62,20,6.461143493652344e-05
161,63,20,6.723403930664062e-05
162,64,20,7.104873657226562e-05
163,65,20,6.437301635742188e-05
164,66,20,6.318092346191406e-05
165,67,20,5.888938903808594e-05
166,68,20,5.14984130859375e-05
167,69,20,6.127357482910156e-05
168,70,20,5.745887756347656e-05
169,71,20,5.435943603515625e-05
170,72,20,7.843971252441406e-05
171,73,20,7.152557373046875e-05
172,74,20,6.604194641113281e-05
173,75,20,6.246566772460938e-05
174,76,20,7.367134094238281e-05
175,77,20,7.915496826171875e-05
176,78,20,7.390975952148438e-05
177,79,20,7.271766662597656e-05
178,80,20,7.05718994140625e-05
179,81,20,6.556510925292969e-05
180,82,20,5.269050598144531e-05
181,83,20,6.413459777832031e-05
182,84,20,5.888938903808594e-05
183,85,20,6.0558319091796875e-05
184,86,20,6.365776062011719e-05
185,87,20,5.459785461425781e-05
186,88,20,5.793571472167969e-05
187,89,20,5.2928924560546875e-05
188,90,20,6.198883056640625e-05
189,91,20,5.745887756347656e-05
190,92,20,4.8160552978515625e-05
191,93,20,5.6743621826171875e-05
192,94,20,5.054473876953125e-05
193,95,20,6.747245788574219e-05
194,96,20,5.507469177246094e-05
195,97,20,4.863739013671875e-05
196,98,20,7.581710815429688e-05
197,99,20,5.602836608886719e-05
198,1,30,0.0003895759582519531
199,2,30,0.00040078163146972656
200,3,30,0.0003008842468261719
201,4,30,0.00025463104248046875
202,5,30,0.0002655982971191406
203,6,30,0.00024771690368652344
204,7,30,0.0002644062042236328
205,8,30,0.0002334117889404297
206,9,30,0.00018835067749023438
207,10,30,0.0002658367156982422
208,11,30,0.0001442432403564453
209,12,30,0.00017523765563964844
210,13,30,0.0001800060272216797
211,14,30,0.00036835670471191406
212,15,30,0.00018787384033203125
213,16,30,0.00022411346435546875
214,17,30,0.0001442432403564453
215,18,30,0.0001366138458251953
216,19,30,0.0002238750457763672
217,20,30,0.00016164779663085938
218,21,30,0.00020647048950195312
219,22,30,0.00021958351135253906
220,23,30,0.00018405914306640625
221,24,30,0.0001308917999267578
222,25,30,0.00013780593872070312
223,26,30,0.00019168853759765625
224,27,30,0.00024008750915527344
225,28,30,0.0001971721649169922
226,29,30,0.00017547607421875
227,30,30,0.0001761913299560547
228,31,30,0.0001742839813232422
229,32,30,0.00015497207641601562
230,33,30,0.00024628639221191406
231,34,30,0.00015473365783691406
232,35,30,0.00015211105346679688
233,36,30,0.00016808509826660156
234,37,30,0.00015282630920410156
235,38,30,0.0001442432403564453
236,39,30,0.00011682510375976562
237,40,30,0.00015974044799804688
238,41,30,0.00011229515075683594
239,42,30,0.00013256072998046875
240,43,30,0.00011801719665527344
241,44,30,0.00010657310485839844
242,45,30,0.00016546249389648438
243,46,30,9.584426879882812e-05
244,47,30,0.00014019012451171875
245,48,30,0.0001575946807861328
246,49,30,0.00015425682067871094
247,50,30,0.00013136863708496094
248,51,30,0.000125885009765625
249,52,30,0.00010919570922851562
250,53,30,0.00010895729064941406
251,54,30,8.177757263183594e-05
252,55,30,0.00013828277587890625
253,56,30,0.00010371208190917969
254,57,30,9.560585021972656e-05
255,58,30,0.00011396408081054688
256,59,30,8.702278137207031e-05
257,60,30,9.775161743164062e-05
258,61,30,0.00015687942504882812
259,62,30,0.00010800361633300781
260,63,30,0.00012135505676269531
261,64,30,9.107589721679688e-05
262,65,30,0.00011968612670898438
263,66,30,9.775161743164062e-05
264,67,30,0.0001308917999267578
265,68,30,0.00010180473327636719
266,69,30,0.00012159347534179688
267,70,30,8.940696716308594e-05
268,71,30,0.00010752677917480469
269,72,30,0.00011014938354492188
270,73,30,0.00010132789611816406
271,74,30,0.00010061264038085938
272,75,30,9.846687316894531e-05
273,76,30,0.00011658668518066406
274,77,30,0.00012946128845214844
275,78,30,9.369850158691406e-05
276,79,30,8.988380432128906e-05
277,80,30,0.00010991096496582031
278,81,30,7.43865966796875e-05
279,82,30,8.106231689453125e-05
280,83,30,0.00010395050048828125
281,84,30,7.700920104980469e-05
282,85,30,7.82012939453125e-05
283,86,30,7.867813110351562e-05
284,87,30,7.62939453125e-05
285,88,30,7.772445678710938e-05
286,89,30,7.867813110351562e-05
287,90,30,8.153915405273438e-05
288,91,30,6.318092346191406e-05
289,92,30,7.367134094238281e-05
290,93,30,8.606910705566406e-05
291,94,30,6.771087646484375e-05
292,95,30,5.984306335449219e-05
293,96,30,7.700920104980469e-05
294,97,30,7.295608520507812e-05
295,98,30,6.198883056640625e-05
296,99,30,6.771087646484375e-05
297,1,40,0.0006093978881835938
298,2,40,0.0004723072052001953
299,3,40,0.00037026405334472656
300,4,40,0.0002894401550292969
301,5,40,0.00034999847412109375
302,6,40,0.0004405975341796875
303,7,40,0.0003743171691894531
304,8,40,0.0003561973571777344
305,9,40,0.0003292560577392578
306,10,40,0.00028133392333984375
307,11,40,0.00023746490478515625
308,12,40,0.00029277801513671875
309,13,40,0.0002956390380859375
310,14,40,0.00027632713317871094
311,15,40,0.00024700164794921875
312,16,40,0.00028252601623535156
313,17,40,0.0002598762512207031
314,18,40,0.0002810955047607422
315,19,40,0.0002295970916748047
316,20,40,0.00021028518676757812
317,21,40,0.0002593994140625
318,22,40,0.00036835670471191406
319,23,40,0.0002338886260986328
320,24,40,0.0002574920654296875
321,25,40,0.0002276897430419922
322,26,40,0.0002465248107910156
323,27,40,0.0003466606140136719
324,28,40,0.0002677440643310547
325,29,40,0.00021600723266601562
326,30,40,0.00019598007202148438
327,31,40,0.0002968311309814453
328,32,40,0.0001990795135498047
329,33,40,0.0002887248992919922
330,34,40,0.0001819133758544922
331,35,40,0.00016736984252929688
332,36,40,0.0002307891845703125
333,37,40,0.00016236305236816406
334,38,40,0.00017833709716796875
335,39,40,0.00015234947204589844
336,40,40,0.00017023086547851562
337,41,40,0.00012755393981933594
338,42,40,0.0001704692840576172
339,43,40,0.00015854835510253906
340,44,40,0.00016355514526367188
341,45,40,0.00014257431030273438
342,46,40,0.00013518333435058594
343,47,40,0.00023746490478515625
344,48,40,0.00012826919555664062
345,49,40,0.00011205673217773438
346,50,40,0.0001437664031982422
347,51,40,0.00010943412780761719
348,52,40,0.00014328956604003906
349,53,40,0.0001442432403564453
350,54,40,0.0001888275146484375
351,55,40,0.0001399517059326172
352,56,40,0.00012636184692382812
353,57,40,0.00012993812561035156
354,58,40,0.0001442432403564453
355,59,40,0.0001811981201171875
356,60,40,0.0001342296600341797
357,61,40,0.00011539459228515625
358,62,40,0.00012755393981933594
359,63,40,0.00012731552124023438
360,64,40,0.00017762184143066406
361,65,40,0.0001163482666015625
362,66,40,0.00012087821960449219
363,67,40,0.00012755393981933594
364,68,40,0.00012612342834472656
365,69,40,0.00010561943054199219
366,70,40,0.00010991096496582031
367,71,40,0.00013446807861328125
368,72,40,0.00014138221740722656
369,73,40,0.00016736984252929688
370,74,40,0.00011324882507324219
371,75,40,9.632110595703125e-05
372,76,40,9.846687316894531e-05
373,77,40,0.00011515617370605469
374,78,40,0.00011205673217773438
375,79,40,9.417533874511719e-05
376,80,40,0.00011467933654785156
377,81,40,0.0001163482666015625
378,82,40,0.00012922286987304688
379,83,40,0.00011110305786132812
380,84,40,9.417533874511719e-05
381,85,40,9.322166442871094e-05
382,86,40,8.368492126464844e-05
383,87,40,0.00010514259338378906
384,88,40,9.822845458984375e-05
385,89,40,8.368492126464844e-05
386,90,40,0.0001010894775390625
387,91,40,0.0001277923583984375
388,92,40,0.00011205673217773438
389,93,40,9.298324584960938e-05
390,94,40,8.654594421386719e-05
391,95,40,0.00010085105895996094
392,96,40,7.915496826171875e-05
393,97,40,9.751319885253906e-05
394,98,40,0.00012302398681640625
395,99,40,9.250640869140625e-05
396,1,50,0.0006594657897949219
397,2,50,0.00043892860412597656
398,3,50,0.00036525726318359375
399,4,50,0.00037550926208496094
400,5,50,0.000396728515625
401,6,50,0.0003612041473388672
402,7,50,0.0005233287811279297
403,8,50,0.0005419254302978516
404,9,50,0.00033164024353027344
405,10,50,0.0003685951232910156
406,11,50,0.0005793571472167969
407,12,50,0.00033473968505859375
408,13,50,0.0003235340118408203
409,14,50,0.0002734661102294922
410,15,50,0.0003159046173095703
411,16,50,0.0002627372741699219
412,17,50,0.0002815723419189453
413,18,50,0.0002536773681640625
414,19,50,0.0004405975341796875
415,20,50,0.0002257823944091797
416,21,50,0.00026988983154296875
417,22,50,0.00024700164794921875
418,23,50,0.00024127960205078125
419,24,50,0.00023174285888671875
420,25,50,0.0002620220184326172
421,26,50,0.00023889541625976562
422,27,50,0.00024175643920898438
423,28,50,0.0003910064697265625
424,29,50,0.00022482872009277344
425,30,50,0.00025916099548339844
426,31,50,0.00023126602172851562
427,32,50,0.0003955364227294922
428,33,50,0.00023317337036132812
429,34,50,0.0002562999725341797
430,35,50,0.00036406517028808594
431,36,50,0.0003781318664550781
432,37,50,0.0002086162567138672
433,38,50,0.0002219676971435547
434,39,50,0.0001983642578125
435,40,50,0.00030803680419921875
436,41,50,0.00017523765563964844
437,42,50,0.00020194053649902344
438,43,50,0.0001919269561767578
439,44,50,0.00022745132446289062
440,45,50,0.0001895427703857422
441,46,50,0.0001747608184814453
442,47,50,0.000156402587890625
443,48,50,0.0001628398895263672
444,49,50,0.00026869773864746094
445,50,50,0.00019478797912597656
446,51,50,0.00015234947204589844
447,52,50,0.00017070770263671875
448,53,50,0.00015974044799804688
449,54,50,0.00017142295837402344
450,55,50,0.00016570091247558594
451,56,50,0.0001621246337890625
452,57,50,0.00014400482177734375
453,58,50,0.00015544891357421875
454,59,50,0.00025081634521484375
455,60,50,0.00015497207641601562
456,61,50,0.00023865699768066406
457,62,50,0.00014448165893554688
458,63,50,0.00014066696166992188
459,64,50,0.00022935867309570312
460,65,50,0.0001437664031982422
461,66,50,0.0001323223114013672
462,67,50,0.00019097328186035156
463,68,50,0.00016880035400390625
464,69,50,0.0001380443572998047
465,70,50,0.00014710426330566406
466,71,50,0.00014472007751464844
467,72,50,0.00024366378784179688
468,73,50,0.0001723766326904297
469,74,50,0.00015425682067871094
470,75,50,0.00013136863708496094
471,76,50,0.00014090538024902344
472,77,50,0.00016450881958007812
473,78,50,0.0002052783966064453
474,79,50,0.00011801719665527344
475,80,50,0.00012183189392089844
476,81,50,0.000202178955078125
477,82,50,0.00013589859008789062
478,83,50,0.00017762184143066406
479,84,50,0.00013589859008789062
480,85,50,0.00013566017150878906
481,86,50,0.00011920928955078125
482,87,50,0.00012826919555664062
483,88,50,0.00019359588623046875
484,89,50,0.00012731552124023438
485,90,50,0.00011849403381347656
486,91,50,0.00011038780212402344
487,92,50,0.00011110305786132812
488,93,50,0.00011134147644042969
489,94,50,0.00011682510375976562
490,95,50,0.0001227855682373047
491,96,50,0.00012302398681640625
492,97,50,0.00011801719665527344
493,98,50,0.00011420249938964844
494,99,50,0.00011277198791503906
495,1,60,0.0007781982421875
496,2,60,0.0006089210510253906
497,3,60,0.0005905628204345703
498,4,60,0.0004794597625732422
499,5,60,0.0004038810729980469
500,6,60,0.0005292892456054688
501,7,60,0.0008325576782226562
502,8,60,0.0008108615875244141
503,9,60,0.0004820823669433594
504,10,60,0.0004341602325439453
505,11,60,0.00037741661071777344
506,12,60,0.00044608116149902344
507,13,60,0.0007405281066894531
508,14,60,0.0004138946533203125
509,15,60,0.0003819465637207031
510,16,60,0.00036787986755371094
511,17,60,0.0004420280456542969
512,18,60,0.00042557716369628906
513,19,60,0.0005018711090087891
514,20,60,0.0003228187561035156
515,21,60,0.0003802776336669922
516,22,60,0.0004456043243408203
517,23,60,0.00028133392333984375
518,24,60,0.0003554821014404297
519,25,60,0.0003001689910888672
520,26,60,0.0003197193145751953
521,27,60,0.0002894401550292969
522,28,60,0.0003352165222167969
523,29,60,0.00032973289489746094
524,30,60,0.0002846717834472656
525,31,60,0.00035572052001953125
526,32,60,0.0002689361572265625
527,33,60,0.0003192424774169922
528,34,60,0.00024962425231933594
529,35,60,0.00032019615173339844
530,36,60,0.00031757354736328125
531,37,60,0.00027298927307128906
532,38,60,0.0002903938293457031
533,39,60,0.00023412704467773438
534,40,60,0.00029969215393066406
535,41,60,0.00025177001953125
536,42,60,0.00026154518127441406
537,43,60,0.0002880096435546875
538,44,60,0.0002338886260986328
539,45,60,0.0002593994140625
540,46,60,0.00021076202392578125
541,47,60,0.00023031234741210938
542,48,60,0.0002048015594482422
543,49,60,0.00020742416381835938
544,50,60,0.00020623207092285156
545,51,60,0.00019121170043945312
546,52,60,0.0001976490020751953
547,53,60,0.00023484230041503906
548,54,60,0.0002186298370361328
549,55,60,0.00021839141845703125
550,56,60,0.0002205371856689453
551,57,60,0.0002181529998779297
552,58,60,0.00019288063049316406
553,59,60,0.00020837783813476562
554,60,60,0.00021576881408691406
555,61,60,0.0001761913299560547
556,62,60,0.0001590251922607422
557,63,60,0.00016808509826660156
558,64,60,0.00018930435180664062
559,65,60,0.00016021728515625
560,66,60,0.00019478797912597656
561,67,60,0.00017142295837402344
562,68,60,0.00018334388732910156
563,69,60,0.0001666545867919922
564,70,60,0.000179290771484375
565,71,60,0.0001804828643798828
566,72,60,0.0001723766326904297
567,73,60,0.0001697540283203125
568,74,60,0.00017714500427246094
569,75,60,0.00015664100646972656
570,76,60,0.00015592575073242188
571,77,60,0.0001621246337890625
572,78,60,0.00018286705017089844
573,79,60,0.00017881393432617188
574,80,60,0.00015425682067871094
575,81,60,0.00017714500427246094
576,82,60,0.0001652240753173828
577,83,60,0.00015926361083984375
578,84,60,0.00016164779663085938
579,85,60,0.00014710426330566406
580,86,60,0.0001780986785888672
581,87,60,0.00017213821411132812
582,88,60,0.0001533031463623047
583,89,60,0.00018978118896484375
584,90,60,0.00015687942504882812
585,91,60,0.00016760826110839844
586,92,60,0.00018095970153808594
587,93,60,0.00015401840209960938
588,94,60,0.00017786026000976562
589,95,60,0.0001537799835205078
590,96,60,0.00015735626220703125
591,97,60,0.00014448165893554688
592,98,60,0.00013780593872070312
593,99,60,0.000171661376953125
594,1,70,0.0008208751678466797
595,2,70,0.0007021427154541016
596,3,70,0.0006823539733886719
597,4,70,0.0005767345428466797
598,5,70,0.0007100105285644531
599,6,70,0.0005462169647216797
600,7,70,0.0006816387176513672
601,8,70,0.0006353855133056641
602,9,70,0.0005071163177490234
603,10,70,0.0006303787231445312
604,11,70,0.0006291866302490234
605,12,70,0.0005998611450195312
606,13,70,0.0005590915679931641
607,14,70,0.0005714893341064453
608,15,70,0.00046896934509277344
609,16,70,0.0005350112915039062
610,17,70,0.0004878044128417969
611,18,70,0.0004673004150390625
612,19,70,0.0006437301635742188
613,20,70,0.0006952285766601562
614,21,70,0.0005350112915039062
615,22,70,0.0005106925964355469
616,23,70,0.00040602684020996094
617,24,70,0.0004975795745849609
618,25,70,0.00037479400634765625
619,26,70,0.00043702125549316406
620,27,70,0.0003876686096191406
621,28,70,0.00040793418884277344
622,29,70,0.0004279613494873047
623,30,70,0.00034737586975097656
624,31,70,0.0004317760467529297
625,32,70,0.0003521442413330078
626,33,70,0.0003361701965332031
627,34,70,0.0003857612609863281
628,35,70,0.00039887428283691406
629,36,70,0.00037407875061035156
630,37,70,0.0002918243408203125
631,38,70,0.00033092498779296875
632,39,70,0.0003027915954589844
633,40,70,0.00030493736267089844
634,41,70,0.0002999305725097656
635,42,70,0.0003662109375
636,43,70,0.0002987384796142578
637,44,70,0.0002765655517578125
638,45,70,0.00034165382385253906
639,46,70,0.0002753734588623047
640,47,70,0.0003333091735839844
641,48,70,0.0002994537353515625
642,49,70,0.0003509521484375
643,50,70,0.00032591819763183594
644,51,70,0.00030422210693359375
645,52,70,0.000278472900390625
646,53,70,0.0002841949462890625
647,54,70,0.00026416778564453125
648,55,70,0.0003323554992675781
649,56,70,0.00027680397033691406
650,57,70,0.0002837181091308594
651,58,70,0.00029349327087402344
652,59,70,0.00024318695068359375
653,60,70,0.0002281665802001953
654,61,70,0.00023293495178222656
655,62,70,0.00023412704467773438
656,63,70,0.00024771690368652344
657,64,70,0.00021386146545410156
658,65,70,0.0002808570861816406
659,66,70,0.00024437904357910156
660,67,70,0.00021576881408691406
661,68,70,0.00024890899658203125
662,69,70,0.00024127960205078125
663,70,70,0.0002391338348388672
664,71,70,0.00020551681518554688
665,72,70,0.0001881122589111328
666,73,70,0.0002377033233642578
667,74,70,0.00024390220642089844
668,75,70,0.00019598007202148438
669,76,70,0.000225067138671875
670,77,70,0.00021338462829589844
671,78,70,0.0001926422119140625
672,79,70,0.0001800060272216797
673,80,70,0.0001876354217529297
674,81,70,0.000209808349609375
675,82,70,0.00020575523376464844
676,83,70,0.00019598007202148438
677,84,70,0.00018739700317382812
678,85,70,0.00017404556274414062
679,86,70,0.00017690658569335938
680,87,70,0.00017786026000976562
681,88,70,0.0002124309539794922
682,89,70,0.00019121170043945312
683,90,70,0.00018715858459472656
684,91,70,0.00021529197692871094
685,92,70,0.00020813941955566406
686,93,70,0.00019431114196777344
687,94,70,0.0002219676971435547
688,95,70,0.000202178955078125
689,96,70,0.00023412704467773438
690,97,70,0.00021386146545410156
691,98,70,0.00020599365234375
692,99,70,0.00020265579223632812
693,1,80,0.0010170936584472656
694,2,80,0.0008938312530517578
695,3,80,0.0007750988006591797
696,4,80,0.0007135868072509766
697,5,80,0.0007874965667724609
698,6,80,0.0008549690246582031
699,7,80,0.0008368492126464844
700,8,80,0.0009753704071044922
701,9,80,0.0007765293121337891
702,10,80,0.0006570816040039062
703,11,80,0.0006399154663085938
704,12,80,0.0006413459777832031
705,13,80,0.0006501674652099609
706,14,80,0.0006966590881347656
707,15,80,0.0007064342498779297
708,16,80,0.0006122589111328125
709,17,80,0.0006103515625
710,18,80,0.0005717277526855469
711,19,80,0.0005781650543212891
712,20,80,0.0006570816040039062
713,21,80,0.0006594657897949219
714,22,80,0.0005199909210205078
715,23,80,0.0006282329559326172
716,24,80,0.0006499290466308594
717,25,80,0.00048732757568359375
718,26,80,0.0005571842193603516
719,27,80,0.0004951953887939453
720,28,80,0.0004665851593017578
721,29,80,0.0004527568817138672
722,30,80,0.0005202293395996094
723,31,80,0.000438690185546875
724,32,80,0.0004055500030517578
725,33,80,0.0004923343658447266
726,34,80,0.0005619525909423828
727,35,80,0.0004932880401611328
728,36,80,0.0004754066467285156
729,37,80,0.0004067420959472656
730,38,80,0.0004849433898925781
731,39,80,0.00042510032653808594
732,40,80,0.00039386749267578125
733,41,80,0.0004532337188720703
734,42,80,0.00045108795166015625
735,43,80,0.0003590583801269531
736,44,80,0.00036144256591796875
737,45,80,0.0003578662872314453
738,46,80,0.0004100799560546875
739,47,80,0.0003299713134765625
740,48,80,0.0004353523254394531
741,49,80,0.000408172607421875
742,50,80,0.0003676414489746094
743,51,80,0.00033164024353027344
744,52,80,0.0003275871276855469
745,53,80,0.0003180503845214844
746,54,80,0.00032806396484375
747,55,80,0.0003273487091064453
748,56,80,0.0003275871276855469
749,57,80,0.00031113624572753906
750,58,80,0.0003223419189453125
751,59,80,0.0003762245178222656
752,60,80,0.0003056526184082031
753,61,80,0.00034618377685546875
754,62,80,0.0002853870391845703
755,63,80,0.0003247261047363281
756,64,80,0.0003228187561035156
757,65,80,0.0003218650817871094
758,66,80,0.0002856254577636719
759,67,80,0.0003190040588378906
760,68,80,0.0002818107604980469
761,69,80,0.0002765655517578125
762,70,80,0.0003147125244140625
763,71,80,0.0002586841583251953
764,72,80,0.00029587745666503906
765,73,80,0.00026726722717285156
766,74,80,0.0002739429473876953
767,75,80,0.00026869773864746094
768,76,80,0.0002372264862060547
769,77,80,0.0002777576446533203
770,78,80,0.00023508071899414062
771,79,80,0.00023603439331054688
772,80,80,0.0002880096435546875
773,81,80,0.00028324127197265625
774,82,80,0.00026488304138183594
775,83,80,0.0002524852752685547
776,84,80,0.0002257823944091797
777,85,80,0.00022530555725097656
778,86,80,0.00026702880859375
779,87,80,0.00021719932556152344
780,88,80,0.00026416778564453125
781,89,80,0.0002269744873046875
782,90,80,0.00022149085998535156
783,91,80,0.0002503395080566406
784,92,80,0.00024366378784179688
785,93,80,0.0001933574676513672
786,94,80,0.0002090930938720703
787,95,80,0.0002543926239013672
788,96,80,0.0002155303955078125
789,97,80,0.00021719932556152344
790,98,80,0.00020313262939453125
791,99,80,0.0002429485321044922
792,1,90,0.00135040283203125
793,2,90,0.0009524822235107422
794,3,90,0.0011157989501953125
795,4,90,0.0011129379272460938
796,5,90,0.001100778579711914
797,6,90,0.0010786056518554688
798,7,90,0.0010356903076171875
799,8,90,0.001012563705444336
800,9,90,0.0008432865142822266
801,10,90,0.0007715225219726562
802,11,90,0.0008282661437988281
803,12,90,0.0009243488311767578
804,13,90,0.0007662773132324219
805,14,90,0.0008881092071533203
806,15,90,0.0009164810180664062
807,16,90,0.0007140636444091797
808,17,90,0.0008718967437744141
809,18,90,0.0008306503295898438
810,19,90,0.0008304119110107422
811,20,90,0.0007152557373046875
812,21,90,0.0006692409515380859
813,22,90,0.000789642333984375
814,23,90,0.0007834434509277344
815,24,90,0.0006346702575683594
816,25,90,0.0006043910980224609
817,26,90,0.0007412433624267578
818,27,90,0.0007305145263671875
819,28,90,0.000701904296875
820,29,90,0.0005507469177246094
821,30,90,0.000667572021484375
822,31,90,0.0005917549133300781
823,32,90,0.0005366802215576172
824,33,90,0.0006511211395263672
825,34,90,0.0005750656127929688
826,35,90,0.0005409717559814453
827,36,90,0.0005648136138916016
828,37,90,0.0005915164947509766
829,38,90,0.0005495548248291016
830,39,90,0.0005650520324707031
831,40,90,0.0005071163177490234
832,41,90,0.000457763671875
833,42,90,0.0005240440368652344
834,43,90,0.0005309581756591797
835,44,90,0.000518798828125
836,45,90,0.000545501708984375
837,46,90,0.0004341602325439453
838,47,90,0.0004932880401611328
839,48,90,0.0004901885986328125
840,49,90,0.0004837512969970703
841,50,90,0.0004646778106689453
842,51,90,0.0004749298095703125
843,52,90,0.00039458274841308594
844,53,90,0.0004761219024658203
845,54,90,0.00039076805114746094
846,55,90,0.0003867149353027344
847,56,90,0.0003819465637207031
848,57,90,0.000354766845703125
849,58,90,0.0003654956817626953
850,59,90,0.0003685951232910156
851,60,90,0.000461578369140625
852,61,90,0.0004115104675292969
853,62,90,0.0004184246063232422
854,63,90,0.00037169456481933594
855,64,90,0.0003654956817626953
856,65,90,0.0005664825439453125
857,66,90,0.00035572052001953125
858,67,90,0.0003592967987060547
859,68,90,0.00040650367736816406
860,69,90,0.0003402233123779297
861,70,90,0.0003542900085449219
862,71,90,0.000396728515625
863,72,90,0.0003783702850341797
864,73,90,0.00029730796813964844
865,74,90,0.00036525726318359375
866,75,90,0.0003654956817626953
867,76,90,0.0003001689910888672
868,77,90,0.0003292560577392578
869,78,90,0.0003018379211425781
870,79,90,0.00029754638671875
871,80,90,0.0003495216369628906
872,81,90,0.00033783912658691406
873,82,90,0.0003619194030761719
874,83,90,0.00028204917907714844
875,84,90,0.0003428459167480469
876,85,90,0.0003151893615722656
877,86,90,0.0002970695495605469
878,87,90,0.00027823448181152344
879,88,90,0.0003247261047363281
880,89,90,0.0002925395965576172
881,90,90,0.00031113624572753906
882,91,90,0.0003387928009033203
883,92,90,0.0003132820129394531
884,93,90,0.0002999305725097656
885,94,90,0.0002639293670654297
886,95,90,0.00029206275939941406
887,96,90,0.0002677440643310547
888,97,90,0.0002651214599609375
889,98,90,0.0002532005310058594
890,99,90,0.0002703666687011719
891,1,100,0.001477956771850586
892,2,100,0.0013756752014160156
893,3,100,0.001348733901977539
894,4,100,0.0013422966003417969
895,5,100,0.001378774642944336
896,6,100,0.0012898445129394531
897,7,100,0.0013129711151123047
898,8,100,0.0012311935424804688
899,9,100,0.0012145042419433594
900,10,100,0.0021741390228271484
901,11,100,0.0013997554779052734
902,12,100,0.0017108917236328125
903,13,100,0.0015816688537597656
904,14,100,0.0014731884002685547
905,15,100,0.0014998912811279297
906,16,100,0.0012602806091308594
907,17,100,0.0017781257629394531
908,18,100,0.0015056133270263672
909,19,100,0.0019440650939941406
910,20,100,0.0012216567993164062
911,21,100,0.0018286705017089844
912,22,100,0.0017800331115722656
913,23,100,0.0016710758209228516
914,24,100,0.0009479522705078125
915,25,100,0.0008614063262939453
916,26,100,0.0007531642913818359
917,27,100,0.0014715194702148438
918,28,100,0.0008702278137207031
919,29,100,0.0008563995361328125
920,30,100,0.00080108642578125
921,31,100,0.0013165473937988281
922,32,100,0.0013055801391601562
923,33,100,0.0013794898986816406
924,34,100,0.0013613700866699219
925,35,100,0.0007023811340332031
926,36,100,0.0009114742279052734
927,37,100,0.0012736320495605469
928,38,100,0.001169443130493164
929,39,100,0.0007200241088867188
930,40,100,0.0011610984802246094
931,41,100,0.0005762577056884766
932,42,100,0.0010838508605957031
933,43,100,0.0006787776947021484
934,44,100,0.001028299331665039
935,45,100,0.0010919570922851562
936,46,100,0.0011420249938964844
937,47,100,0.0011134147644042969
938,48,100,0.0010044574737548828
939,49,100,0.0007143020629882812
940,50,100,0.0010335445404052734
941,51,100,0.00047969818115234375
942,52,100,0.0009906291961669922
943,53,100,0.0004630088806152344
944,54,100,0.0008809566497802734
945,55,100,0.0008523464202880859
946,56,100,0.0005164146423339844
947,57,100,0.0005319118499755859
948,58,100,0.0007541179656982422
949,59,100,0.0004904270172119141
950,60,100,0.0008592605590820312
951,61,100,0.0005509853363037109
952,62,100,0.0004475116729736328
953,63,100,0.0006642341613769531
954,64,100,0.00040721893310546875
955,65,100,0.0004096031188964844
956,66,100,0.0006816387176513672
957,67,100,0.0006372928619384766
958,68,100,0.0006887912750244141
959,69,100,0.0004391670227050781
960,70,100,0.0006566047668457031
961,71,100,0.0006258487701416016
962,72,100,0.0006771087646484375
963,73,100,0.0006921291351318359
964,74,100,0.0006673336029052734
965,75,100,0.0005905628204345703
966,76,100,0.0003879070281982422
967,77,100,0.0005705356597900391
968,78,100,0.00040221214294433594
969,79,100,0.0004942417144775391
970,80,100,0.00046443939208984375
971,81,100,0.00048828125
972,82,100,0.0004947185516357422
973,83,100,0.00046896934509277344
974,84,100,0.00045490264892578125
975,85,100,0.00033164024353027344
976,86,100,0.0004227161407470703
977,87,100,0.0004355907440185547
978,88,100,0.0004360675811767578
979,89,100,0.00040078163146972656
980,90,100,0.0004172325134277344
981,91,100,0.0003991127014160156
982,92,100,0.00041103363037109375
983,93,100,0.0004203319549560547
984,94,100,0.0004203319549560547
985,95,100,0.00036144256591796875
986,96,100,0.00036597251892089844
987,97,100,0.0003566741943359375
988,98,100,0.0003829002380371094
989,99,100,0.0003650188446044922
990,1,110,0.002139568328857422
991,2,110,0.0016567707061767578
992,3,110,0.0014584064483642578
993,4,110,0.0015380382537841797
994,5,110,0.0015180110931396484
995,6,110,0.0015709400177001953
996,7,110,0.0014901161193847656
997,8,110,0.0013909339904785156
998,9,110,0.0015909671783447266
999,10,110,0.0015480518341064453
1000,11,110,0.001264810562133789
1001,12,110,0.0016319751739501953
1002,13,110,0.0016002655029296875
1003,14,110,0.0015799999237060547
1004,15,110,0.001116037368774414
1005,16,110,0.001157999038696289
1006,17,110,0.0010838508605957031
1007,18,110,0.001115560531616211
1008,19,110,0.0013387203216552734
1009,20,110,0.0013892650604248047
1010,21,110,0.001356363296508789
1011,22,110,0.0014200210571289062
1012,23,110,0.0010361671447753906
1013,24,110,0.00135040283203125
1014,25,110,0.0010914802551269531
1015,26,110,0.0009331703186035156
1016,27,110,0.0010390281677246094
1017,28,110,0.0010344982147216797
1018,29,110,0.001224517822265625
1019,30,110,0.0012013912200927734
1020,31,110,0.0009338855743408203
1021,32,110,0.00079345703125
1022,33,110,0.0010569095611572266
1023,34,110,0.0007979869842529297
1024,35,110,0.000982522964477539
1025,36,110,0.0010225772857666016
1026,37,110,0.0009913444519042969
1027,38,110,0.0009400844573974609
1028,39,110,0.0009214878082275391
1029,40,110,0.0006694793701171875
1030,41,110,0.0008938312530517578
1031,42,110,0.0008504390716552734
1032,43,110,0.0007631778717041016
1033,44,110,0.0008304119110107422
1034,45,110,0.0007741451263427734
1035,46,110,0.0007641315460205078
1036,47,110,0.0007071495056152344
1037,48,110,0.0007283687591552734
1038,49,110,0.0007121562957763672
1039,50,110,0.0007443428039550781
1040,51,110,0.0007054805755615234
1041,52,110,0.0006914138793945312
1042,53,110,0.0005767345428466797
1043,54,110,0.0007128715515136719
1044,55,110,0.0006766319274902344
1045,56,110,0.0006301403045654297
1046,57,110,0.0007479190826416016
1047,58,110,0.0006287097930908203
1048,59,110,0.0006339550018310547
1049,60,110,0.0006244182586669922
1050,61,110,0.0005567073822021484
1051,62,110,0.0005202293395996094
1052,63,110,0.0005342960357666016
1053,64,110,0.000797271728515625
1054,65,110,0.00048089027404785156
1055,66,110,0.0004901885986328125
1056,67,110,0.0005698204040527344
1057,68,110,0.0005700588226318359
1058,69,110,0.0005526542663574219
1059,70,110,0.0005316734313964844
1060,71,110,0.0005474090576171875
1061,72,110,0.00047087669372558594
1062,73,110,0.0005371570587158203
1063,74,110,0.000568389892578125
1064,75,110,0.0005860328674316406
1065,76,110,0.0005068778991699219
1066,77,110,0.0004591941833496094
1067,78,110,0.0005319118499755859
1068,79,110,0.0005240440368652344
1069,80,110,0.0005645751953125
1070,81,110,0.0004496574401855469
1071,82,110,0.0004391670227050781
1072,83,110,0.00042128562927246094
1073,84,110,0.0004172325134277344
1074,85,110,0.0004982948303222656
1075,86,110,0.0003979206085205078
1076,87,110,0.0004074573516845703
1077,88,110,0.0004181861877441406
1078,89,110,0.00045943260192871094
1079,90,110,0.0003902912139892578
1080,91,110,0.0004336833953857422
1081,92,110,0.0004906654357910156
1082,93,110,0.00044608116149902344
1083,94,110,0.00036334991455078125
1084,95,110,0.00045990943908691406
1085,96,110,0.0004527568817138672
1086,97,110,0.00042510032653808594
1087,98,110,0.00036787986755371094
1088,99,110,0.00036907196044921875
1089,1,120,0.002336740493774414
1090,2,120,0.0019259452819824219
1091,3,120,0.0019540786743164062
1092,4,120,0.0018281936645507812
1093,5,120,0.001840353012084961
1094,6,120,0.0015349388122558594
1095,7,120,0.001741170883178711
1096,8,120,0.00147247314453125
1097,9,120,0.001678466796875
1098,10,120,0.0014390945434570312
1099,11,120,0.001377105712890625
1100,12,120,0.0013489723205566406
1101,13,120,0.0013468265533447266
1102,14,120,0.001302480697631836
1103,15,120,0.0012743473052978516
1104,16,120,0.0012614727020263672
1105,17,120,0.0012307167053222656
1106,18,120,0.0012364387512207031
1107,19,120,0.0012259483337402344
1108,20,120,0.0011782646179199219
1109,21,120,0.0010843276977539062
1110,22,120,0.00107574462890625
1111,23,120,0.0013194084167480469
1112,24,120,0.001355886459350586
1113,25,120,0.0012125968933105469
1114,26,120,0.0010457038879394531
1115,27,120,0.0010039806365966797
1116,28,120,0.0012402534484863281
1117,29,120,0.0012056827545166016
1118,30,120,0.0011420249938964844
1119,31,120,0.0011234283447265625
1120,32,120,0.0009317398071289062
1121,33,120,0.0008938312530517578
1122,34,120,0.0009305477142333984
1123,35,120,0.001068115234375
1124,36,120,0.0010504722595214844
1125,37,120,0.001016855239868164
1126,38,120,0.0009937286376953125
1127,39,120,0.0009706020355224609
1128,40,120,0.0009484291076660156
1129,41,120,0.0009202957153320312
1130,42,120,0.0009002685546875
1131,43,120,0.0007863044738769531
1132,44,120,0.0007240772247314453
1133,45,120,0.0008251667022705078
1134,46,120,0.0006718635559082031
1135,47,120,0.0006701946258544922
1136,48,120,0.0007069110870361328
1137,49,120,0.0006806850433349609
1138,50,120,0.0008149147033691406
1139,51,120,0.0007975101470947266
1140,52,120,0.0006833076477050781
1141,53,120,0.0007956027984619141
1142,54,120,0.0007684230804443359
1143,55,120,0.0007915496826171875
1144,56,120,0.0006301403045654297
1145,57,120,0.0007665157318115234
1146,58,120,0.0006334781646728516
1147,59,120,0.0007772445678710938
1148,60,120,0.0007283687591552734
1149,61,120,0.0007162094116210938
1150,62,120,0.0006916522979736328
1151,63,120,0.0006847381591796875
1152,64,120,0.0006718635559082031
1153,65,120,0.0005609989166259766
1154,66,120,0.0006527900695800781
1155,67,120,0.0005502700805664062
1156,68,120,0.0005295276641845703
1157,69,120,0.0006275177001953125
1158,70,120,0.0006072521209716797
1159,71,120,0.0006177425384521484
1160,72,120,0.0006229877471923828
1161,73,120,0.0006177425384521484
1162,74,120,0.0006458759307861328
1163,75,120,0.0005881786346435547
1164,76,120,0.0005068778991699219
1165,77,120,0.0006077289581298828
1166,78,120,0.0005910396575927734
1167,79,120,0.0006101131439208984
1168,80,120,0.0006501674652099609
1169,81,120,0.0005636215209960938
1170,82,120,0.0005137920379638672
1171,83,120,0.0005049705505371094
1172,84,120,0.0006024837493896484
1173,85,120,0.0006160736083984375
1174,86,120,0.0004994869232177734
1175,87,120,0.0004985332489013672
1176,88,120,0.0005772113800048828
1177,89,120,0.0005795955657958984
1178,90,120,0.0004673004150390625
1179,91,120,0.00046753883361816406
1180,92,120,0.00044655799865722656
1181,93,120,0.0004475116729736328
1182,94,120,0.0005090236663818359
1183,95,120,0.00044465065002441406
1184,96,120,0.0004429817199707031
1185,97,120,0.0004284381866455078
1186,98,120,0.0005054473876953125
1187,99,120,0.0005109310150146484
1188,1,130,0.0026514530181884766
1189,2,130,0.00225830078125
1190,3,130,0.0018193721771240234
1191,4,130,0.002685070037841797
1192,5,130,0.002039194107055664
1193,6,130,0.0020966529846191406
1194,7,130,0.0021538734436035156
1195,8,130,0.0020296573638916016
1196,9,130,0.0016880035400390625
1197,10,130,0.0019686222076416016
1198,11,130,0.0016796588897705078
1199,12,130,0.0016260147094726562
1200,13,130,0.0019404888153076172
1201,14,130,0.0018048286437988281
1202,15,130,0.0014994144439697266
1203,16,130,0.0017833709716796875
1204,17,130,0.001691579818725586
1205,18,130,0.0014824867248535156
1206,19,130,0.0014200210571289062
1207,20,130,0.0016834735870361328
1208,21,130,0.0016818046569824219
1209,22,130,0.0013134479522705078
1210,23,130,0.0012660026550292969
1211,24,130,0.001561880111694336
1212,25,130,0.0014336109161376953
1213,26,130,0.0014851093292236328
1214,27,130,0.0014622211456298828
1215,28,130,0.001425027847290039
1216,29,130,0.0014338493347167969
1217,30,130,0.0013720989227294922
1218,31,130,0.0013132095336914062
1219,32,130,0.0012664794921875
1220,33,130,0.0010612010955810547
1221,34,130,0.0010497570037841797
1222,35,130,0.0010230541229248047
1223,36,130,0.001474142074584961
1224,37,130,0.0011534690856933594
1225,38,130,0.0011348724365234375
1226,39,130,0.0011620521545410156
1227,40,130,0.0009329319000244141
1228,41,130,0.001111745834350586
1229,42,130,0.0010480880737304688
1230,43,130,0.001077890396118164
1231,44,130,0.0008931159973144531
1232,45,130,0.0008437633514404297
1233,46,130,0.0008423328399658203
1234,47,130,0.0008363723754882812
1235,48,130,0.0008027553558349609
1236,49,130,0.0009016990661621094
1237,50,130,0.0008993148803710938
1238,51,130,0.0008645057678222656
1239,52,130,0.0007512569427490234
1240,53,130,0.0007002353668212891
1241,54,130,0.0008690357208251953
1242,55,130,0.0007371902465820312
1243,56,130,0.0008959770202636719
1244,57,130,0.0008695125579833984
1245,58,130,0.0008463859558105469
1246,59,130,0.0008585453033447266
1247,60,130,0.0008599758148193359
1248,61,130,0.0006992816925048828
1249,62,130,0.0008170604705810547
1250,63,130,0.0008661746978759766
1251,64,130,0.0007205009460449219
1252,65,130,0.0006937980651855469
1253,66,130,0.0008296966552734375
1254,67,130,0.0007805824279785156
1255,68,130,0.0006551742553710938
1256,69,130,0.0007417201995849609
1257,70,130,0.0007364749908447266
1258,71,130,0.0006186962127685547
1259,72,130,0.0007612705230712891
1260,73,130,0.0007538795471191406
1261,74,130,0.0007119178771972656
1262,75,130,0.0005872249603271484
1263,76,130,0.0006649494171142578
1264,77,130,0.0005755424499511719
1265,78,130,0.0007059574127197266
1266,79,130,0.0006837844848632812
1267,80,130,0.0005705356597900391
1268,81,130,0.0005164146423339844
1269,82,130,0.0006601810455322266
1270,83,130,0.0005385875701904297
1271,84,130,0.0006487369537353516
1272,85,130,0.0006651878356933594
1273,86,130,0.0006322860717773438
1274,87,130,0.0005755424499511719
1275,88,130,0.0005500316619873047
1276,89,130,0.0006880760192871094
1277,90,130,0.0005767345428466797
1278,91,130,0.0005662441253662109
1279,92,130,0.0006773471832275391
1280,93,130,0.0006337165832519531
1281,94,130,0.0005598068237304688
1282,95,130,0.0006399154663085938
1283,96,130,0.0006301403045654297
1284,97,130,0.0006263256072998047
1285,98,130,0.0005221366882324219
1286,99,130,0.0006201267242431641
1287,1,140,0.0032546520233154297
1288,2,140,0.0026121139526367188
1289,3,140,0.002343893051147461
1290,4,140,0.0021750926971435547
1291,5,140,0.002171039581298828
1292,6,140,0.002406597137451172
1293,7,140,0.0024962425231933594
1294,8,140,0.0023450851440429688
1295,9,140,0.0019202232360839844
1296,10,140,0.0019497871398925781
1297,11,140,0.0018215179443359375
1298,12,140,0.0018548965454101562
1299,13,140,0.002154827117919922
1300,14,140,0.0021719932556152344
1301,15,140,0.0017762184143066406
1302,16,140,0.0020904541015625
1303,17,140,0.002123117446899414
1304,18,140,0.0019409656524658203
1305,19,140,0.001638174057006836
1306,20,140,0.0018982887268066406
1307,21,140,0.0018808841705322266
1308,22,140,0.0018038749694824219
1309,23,140,0.0017910003662109375
1310,24,140,0.0018773078918457031
1311,25,140,0.0016984939575195312
1312,26,140,0.0016376972198486328
1313,27,140,0.0016548633575439453
1314,28,140,0.0013494491577148438
1315,29,140,0.001377105712890625
1316,30,140,0.0017201900482177734
1317,31,140,0.0013437271118164062
1318,32,140,0.0012929439544677734
1319,33,140,0.0012311935424804688
1320,34,140,0.0013325214385986328
1321,35,140,0.0012612342834472656
1322,36,140,0.0011928081512451172
1323,37,140,0.0011718273162841797
1324,38,140,0.0014536380767822266
1325,39,140,0.0014736652374267578
1326,40,140,0.001068115234375
1327,41,140,0.0010766983032226562
1328,42,140,0.0011138916015625
1329,43,140,0.001064300537109375
1330,44,140,0.001007080078125
1331,45,140,0.0012578964233398438
1332,46,140,0.0009834766387939453
1333,47,140,0.0011556148529052734
1334,48,140,0.0009093284606933594
1335,49,140,0.001104593276977539
1336,50,140,0.001081705093383789
1337,51,140,0.0011165142059326172
1338,52,140,0.0008435249328613281
1339,53,140,0.0010004043579101562
1340,54,140,0.0008168220520019531
1341,55,140,0.0008273124694824219
1342,56,140,0.0009982585906982422
1343,57,140,0.00075531005859375
1344,58,140,0.000965118408203125
1345,59,140,0.0008013248443603516
1346,60,140,0.0009663105010986328
1347,61,140,0.0007672309875488281
1348,62,140,0.0009596347808837891
1349,63,140,0.0007846355438232422
1350,64,140,0.0007672309875488281
1351,65,140,0.0009217262268066406
1352,66,140,0.0007472038269042969
1353,67,140,0.0009248256683349609
1354,68,140,0.0008995532989501953
1355,69,140,0.0007429122924804688
1356,70,140,0.0007333755493164062
1357,71,140,0.0008547306060791016
1358,72,140,0.0008282661437988281
1359,73,140,0.00069427490234375
1360,74,140,0.0008356571197509766
1361,75,140,0.0006754398345947266
1362,76,140,0.0006842613220214844
1363,77,140,0.0008399486541748047
1364,78,140,0.0008006095886230469
1365,79,140,0.000762939453125
1366,80,140,0.0007612705230712891
1367,81,140,0.0007541179656982422
1368,82,140,0.0006077289581298828
1369,83,140,0.0007419586181640625
1370,84,140,0.0007617473602294922
1371,85,140,0.0007619857788085938
1372,86,140,0.0007228851318359375
1373,87,140,0.0007207393646240234
1374,88,140,0.0007064342498779297
1375,89,140,0.0006930828094482422
1376,90,140,0.0005817413330078125
1377,91,140,0.0006830692291259766
1378,92,140,0.0006718635559082031
1379,93,140,0.0008189678192138672
1380,94,140,0.0005934238433837891
1381,95,140,0.000629425048828125
1382,96,140,0.0007290840148925781
1383,97,140,0.0006339550018310547
1384,98,140,0.0007312297821044922
1385,99,140,0.0007359981536865234
1386,1,150,0.0036597251892089844
1387,2,150,0.0029926300048828125
1388,3,150,0.0023679733276367188
1389,4,150,0.0033087730407714844
1390,5,150,0.0023686885833740234
1391,6,150,0.0022902488708496094
1392,7,150,0.002377748489379883
1393,8,150,0.0027205944061279297
1394,9,150,0.002616405487060547
1395,10,150,0.002650022506713867
1396,11,150,0.00250244140625
1397,12,150,0.002109050750732422
1398,13,150,0.002079486846923828
1399,14,150,0.002004384994506836
1400,15,150,0.002020120620727539
1401,16,150,0.0019407272338867188
1402,17,150,0.002382993698120117
1403,18,150,0.0022373199462890625
1404,19,150,0.0021905899047851562
1405,20,150,0.001889944076538086
1406,21,150,0.001789093017578125
1407,22,150,0.001753091812133789
1408,23,150,0.002287626266479492
1409,24,150,0.002097606658935547
1410,25,150,0.002171039581298828
1411,26,150,0.0023217201232910156
1412,27,150,0.001926422119140625
1413,28,150,0.0019311904907226562
1414,29,150,0.0017406940460205078
1415,30,150,0.001580953598022461
1416,31,150,0.0018191337585449219
1417,32,150,0.0017316341400146484
1418,33,150,0.0017042160034179688
1419,34,150,0.002048015594482422
1420,35,150,0.0015931129455566406
1421,36,150,0.001369476318359375
1422,37,150,0.0017533302307128906
1423,38,150,0.001880645751953125
1424,39,150,0.001283884048461914
1425,40,150,0.0015735626220703125
1426,41,150,0.001621246337890625
1427,42,150,0.001575469970703125
1428,43,150,0.0015254020690917969
1429,44,150,0.0015530586242675781
1430,45,150,0.0015006065368652344
1431,46,150,0.001434326171875
1432,47,150,0.0013375282287597656
1433,48,150,0.0012943744659423828
1434,49,150,0.0013039112091064453
1435,50,150,0.0015082359313964844
1436,51,150,0.0011153221130371094
1437,52,150,0.0009877681732177734
1438,53,150,0.0011894702911376953
1439,54,150,0.0011093616485595703
1440,55,150,0.0011763572692871094
1441,56,150,0.001220703125
1442,57,150,0.0009872913360595703
1443,58,150,0.0010962486267089844
1444,59,150,0.0011370182037353516
1445,60,150,0.0010542869567871094
1446,61,150,0.0010738372802734375
1447,62,150,0.001007080078125
1448,63,150,0.001252889633178711
1449,64,150,0.0011036396026611328
1450,65,150,0.0008883476257324219
1451,66,150,0.0011379718780517578
1452,67,150,0.0009024143218994141
1453,68,150,0.0009393692016601562
1454,69,150,0.00086212158203125
1455,70,150,0.0009899139404296875
1456,71,150,0.0010221004486083984
1457,72,150,0.0007963180541992188
1458,73,150,0.0010559558868408203
1459,74,150,0.0010275840759277344
1460,75,150,0.0009548664093017578
1461,76,150,0.0007634162902832031
1462,77,150,0.0007710456848144531
1463,78,150,0.0010561943054199219
1464,79,150,0.0008628368377685547
1465,80,150,0.0007407665252685547
1466,81,150,0.0008766651153564453
1467,82,150,0.001050710678100586
1468,83,150,0.0011723041534423828
1469,84,150,0.000713348388671875
1470,85,150,0.0008544921875
1471,86,150,0.0008444786071777344
1472,87,150,0.0008208751678466797
1473,88,150,0.0006976127624511719
1474,89,150,0.0006852149963378906
1475,90,150,0.001102447509765625
1476,91,150,0.0006761550903320312
1477,92,150,0.0011191368103027344
1478,93,150,0.00066375732421875
1479,94,150,0.0007901191711425781
1480,95,150,0.0006654262542724609
1481,96,150,0.0006561279296875
1482,97,150,0.0006325244903564453
1483,98,150,0.0007677078247070312
1484,99,150,0.0006635189056396484
1485,1,160,0.0043337345123291016
1486,2,160,0.004728794097900391
1487,3,160,0.0030291080474853516
1488,4,160,0.0032186508178710938
1489,5,160,0.0032918453216552734
1490,6,160,0.0035331249237060547
1491,7,160,0.0032951831817626953
1492,8,160,0.0032303333282470703
1493,9,160,0.002988100051879883
1494,10,160,0.0024535655975341797
1495,11,160,0.002476215362548828
1496,12,160,0.0024263858795166016
1497,13,160,0.0023713111877441406
1498,14,160,0.0028901100158691406
1499,15,160,0.0023398399353027344
1500,16,160,0.002413034439086914
1501,17,160,0.002957582473754883
1502,18,160,0.002452850341796875
1503,19,160,0.002318859100341797
1504,20,160,0.0022907257080078125
1505,21,160,0.002721071243286133
1506,22,160,0.0025060176849365234
1507,23,160,0.002367734909057617
1508,24,160,0.0025746822357177734
1509,25,160,0.0023970603942871094
1510,26,160,0.0024709701538085938
1511,27,160,0.0022339820861816406
1512,28,160,0.002132892608642578
1513,29,160,0.002124309539794922
1514,30,160,0.002035379409790039
1515,31,160,0.0019443035125732422
1516,32,160,0.0020732879638671875
1517,33,160,0.0021181106567382812
1518,34,160,0.0021085739135742188
1519,35,160,0.001988649368286133
1520,36,160,0.001649618148803711
1521,37,160,0.0017323493957519531
1522,38,160,0.002409696578979492
1523,39,160,0.0023751258850097656
1524,40,160,0.0021190643310546875
1525,41,160,0.0021293163299560547
1526,42,160,0.002093791961669922
1527,43,160,0.0018470287322998047
1528,44,160,0.0017917156219482422
1529,45,160,0.0017697811126708984
1530,46,160,0.0018243789672851562
1531,47,160,0.0018568038940429688
1532,48,160,0.0018460750579833984
1533,49,160,0.001798391342163086
1534,50,160,0.002057790756225586
1535,51,160,0.0014913082122802734
1536,52,160,0.0014224052429199219
1537,53,160,0.001745462417602539
1538,54,160,0.0014426708221435547
1539,55,160,0.0019085407257080078
1540,56,160,0.0013916492462158203
1541,57,160,0.0017926692962646484
1542,58,160,0.0017457008361816406
1543,59,160,0.001678466796875
1544,60,160,0.0013287067413330078
1545,61,160,0.0015037059783935547
1546,62,160,0.00147247314453125
1547,63,160,0.0015430450439453125
1548,64,160,0.0018229484558105469
1549,65,160,0.0014116764068603516
1550,66,160,0.0013263225555419922
1551,67,160,0.0012600421905517578
1552,68,160,0.0012097358703613281
1553,69,160,0.0015451908111572266
1554,70,160,0.0011506080627441406
1555,71,160,0.0016434192657470703
1556,72,160,0.001718759536743164
1557,73,160,0.0015101432800292969
1558,74,160,0.001384735107421875
1559,75,160,0.0011913776397705078
1560,76,160,0.001920461654663086
1561,77,160,0.0013604164123535156
1562,78,160,0.0013854503631591797
1563,79,160,0.0013384819030761719
1564,80,160,0.0012557506561279297
1565,81,160,0.0008647441864013672
1566,82,160,0.0012786388397216797
1567,83,160,0.001390218734741211
1568,84,160,0.0010061264038085938
1569,85,160,0.001463174819946289
1570,86,160,0.0012824535369873047
1571,87,160,0.0012657642364501953
1572,88,160,0.0012357234954833984
1573,89,160,0.0013544559478759766
1574,90,160,0.0011036396026611328
1575,91,160,0.0011639595031738281
1576,92,160,0.001054525375366211
1577,93,160,0.0012862682342529297
1578,94,160,0.0011930465698242188
1579,95,160,0.0009481906890869141
1580,96,160,0.0009255409240722656
1581,97,160,0.0011203289031982422
1582,98,160,0.001018524169921875
1583,99,160,0.0010120868682861328
1584,1,170,0.005870342254638672
1585,2,170,0.004588603973388672
1586,3,170,0.004117488861083984
1587,4,170,0.0045318603515625
1588,5,170,0.004229545593261719
1589,6,170,0.004457950592041016
1590,7,170,0.004883527755737305
1591,8,170,0.005052804946899414
1592,9,170,0.004075050354003906
1593,10,170,0.00444340705871582
1594,11,170,0.0047454833984375
1595,12,170,0.004705667495727539
1596,13,170,0.004888296127319336
1597,14,170,0.004693031311035156
1598,15,170,0.004349708557128906
1599,16,170,0.004857063293457031
1600,17,170,0.004978656768798828
1601,18,170,0.0045969486236572266
1602,19,170,0.0049991607666015625
1603,20,170,0.0048291683197021484
1604,21,170,0.004475116729736328
1605,22,170,0.004995107650756836
1606,23,170,0.00500035285949707
1607,24,170,0.004987001419067383
1608,25,170,0.004813671112060547
1609,26,170,0.004740715026855469
1610,27,170,0.004703998565673828
1611,28,170,0.004601001739501953
1612,29,170,0.0043811798095703125
1613,30,170,0.0043146610260009766
1614,31,170,0.004110813140869141
1615,32,170,0.004244327545166016
1616,33,170,0.004122257232666016
1617,34,170,0.004150867462158203
1618,35,170,0.003941059112548828
1619,36,170,0.003959178924560547
1620,37,170,0.003852367401123047
1621,38,170,0.003943681716918945
1622,39,170,0.003763914108276367
1623,40,170,0.0037322044372558594
1624,41,170,0.003648996353149414
1625,42,170,0.003643035888671875
1626,43,170,0.003522157669067383
1627,44,170,0.0034737586975097656
1628,45,170,0.00344085693359375
1629,46,170,0.003325223922729492
1630,47,170,0.0033693313598632812
1631,48,170,0.0032584667205810547
1632,49,170,0.0032422542572021484
1633,50,170,0.0032312870025634766
1634,51,170,0.0032036304473876953
1635,52,170,0.003068685531616211
1636,53,170,0.0029821395874023438
1637,54,170,0.0029251575469970703
1638,55,170,0.002939462661743164
1639,56,170,0.002895355224609375
1640,57,170,0.0027599334716796875
1641,58,170,0.0027468204498291016
1642,59,170,0.002655029296875
1643,60,170,0.002718687057495117
1644,61,170,0.0027234554290771484
1645,62,170,0.002580404281616211
1646,63,170,0.0025908946990966797
1647,64,170,0.002498149871826172
1648,65,170,0.0024995803833007812
1649,66,170,0.002366304397583008
1650,67,170,0.0028498172760009766
1651,68,170,0.0024650096893310547
1652,69,170,0.00238800048828125
1653,70,170,0.0024025440216064453
1654,71,170,0.0023107528686523438
1655,72,170,0.002382040023803711
1656,73,170,0.002408266067504883
1657,74,170,0.0023984909057617188
1658,75,170,0.002286672592163086
1659,76,170,0.002218484878540039
1660,77,170,0.0022792816162109375
1661,78,170,0.002274036407470703
1662,79,170,0.0023512840270996094
1663,80,170,0.002195596694946289
1664,81,170,0.0022377967834472656
1665,82,170,0.0022351741790771484
1666,83,170,0.0022039413452148438
1667,84,170,0.0022859573364257812
1668,85,170,0.0021314620971679688
1669,86,170,0.002135753631591797
1670,87,170,0.002115964889526367
1671,88,170,0.002092123031616211
1672,89,170,0.002056598663330078
1673,90,170,0.002061605453491211
1674,91,170,0.001949310302734375
1675,92,170,0.0019941329956054688
1676,93,170,0.0020041465759277344
1677,94,170,0.001964092254638672
1678,95,170,0.0019609928131103516
1679,96,170,0.0020263195037841797
1680,97,170,0.0019207000732421875
1681,98,170,0.001855611801147461
1682,99,170,0.0019648075103759766
1683,1,180,0.009725332260131836
1684,2,180,0.007924079895019531
1685,3,180,0.007788896560668945
1686,4,180,0.007944583892822266
1687,5,180,0.007713794708251953
1688,6,180,0.007444858551025391
1689,7,180,0.007704973220825195
1690,8,180,0.0074253082275390625
1691,9,180,0.007095813751220703
1692,10,180,0.00706934928894043
1693,11,180,0.007015228271484375
1694,12,180,0.006858348846435547
1695,13,180,0.006851673126220703
1696,14,180,0.006815195083618164
1697,15,180,0.0065343379974365234
1698,16,180,0.00629734992980957
1699,17,180,0.006435394287109375
1700,18,180,0.006501436233520508
1701,19,180,0.006230354309082031
1702,20,180,0.006182432174682617
1703,21,180,0.005810260772705078
1704,22,180,0.005828142166137695
1705,23,180,0.005660295486450195
1706,24,180,0.00551295280456543
1707,25,180,0.005449533462524414
1708,26,180,0.005286455154418945
1709,27,180,0.005178689956665039
1710,28,180,0.005071163177490234
1711,29,180,0.005164384841918945
1712,30,180,0.0050373077392578125
1713,31,180,0.005093812942504883
1714,32,180,0.0046253204345703125
1715,33,180,0.00465083122253418
1716,34,180,0.004598855972290039
1717,35,180,0.004492521286010742
1718,36,180,0.004599332809448242
1719,37,180,0.004307985305786133
1720,38,180,0.004445075988769531
1721,39,180,0.0042116641998291016
1722,40,180,0.004214048385620117
1723,41,180,0.004197359085083008
1724,42,180,0.004068851470947266
1725,43,180,0.004026651382446289
1726,44,180,0.0039348602294921875
1727,45,180,0.003981351852416992
1728,46,180,0.0038995742797851562
1729,47,180,0.0036149024963378906
1730,48,180,0.003675699234008789
1731,49,180,0.00362396240234375
1732,50,180,0.003595113754272461
1733,51,180,0.004026651382446289
1734,52,180,0.003530263900756836
1735,53,180,0.0034308433532714844
1736,54,180,0.0034368038177490234
1737,55,180,0.0033185482025146484
1738,56,180,0.003239154815673828
1739,57,180,0.003139019012451172
1740,58,180,0.0031113624572753906
1741,59,180,0.0030975341796875
1742,60,180,0.0031490325927734375
1743,61,180,0.0030570030212402344
1744,62,180,0.003000020980834961
1745,63,180,0.002723217010498047
1746,64,180,0.0028684139251708984
1747,65,180,0.002940654754638672
1748,66,180,0.0029058456420898438
1749,67,180,0.002848386764526367
1750,68,180,0.0026776790618896484
1751,69,180,0.002657175064086914
1752,70,180,0.002489805221557617
1753,71,180,0.0026063919067382812
1754,72,180,0.0020508766174316406
1755,73,180,0.002605915069580078
1756,74,180,0.002494335174560547
1757,75,180,0.0024805068969726562
1758,76,180,0.0024993419647216797
1759,77,180,0.002583026885986328
1760,78,180,0.0025415420532226562
1761,79,180,0.0024957656860351562
1762,80,180,0.002485990524291992
1763,81,180,0.0025260448455810547
1764,82,180,0.002354145050048828
1765,83,180,0.0014495849609375
1766,84,180,0.0023937225341796875
1767,85,180,0.002401113510131836
1768,86,180,0.002435922622680664
1769,87,180,0.0023920536041259766
1770,88,180,0.002454996109008789
1771,89,180,0.0023758411407470703
1772,90,180,0.0022776126861572266
1773,91,180,0.002322673797607422
1774,92,180,0.0022597312927246094
1775,93,180,0.00225067138671875
1776,94,180,0.0021996498107910156
1777,95,180,0.0022509098052978516
1778,96,180,0.0021181106567382812
1779,97,180,0.002198934555053711
1780,98,180,0.0021429061889648438
1781,99,180,0.0022401809692382812
1782,1,190,0.010789871215820312
1783,2,190,0.008897542953491211
1784,3,190,0.008490324020385742
1785,4,190,0.008814334869384766
1786,5,190,0.00853729248046875
1787,6,190,0.008428096771240234
1788,7,190,0.008410215377807617
1789,8,190,0.0078029632568359375
1790,9,190,0.007792472839355469
1791,10,190,0.00794219970703125
1792,11,190,0.0075435638427734375
1793,12,190,0.007660865783691406
1794,13,190,0.007613658905029297
1795,14,190,0.007416248321533203
1796,15,190,0.007217884063720703
1797,16,190,0.006959438323974609
1798,17,190,0.00703740119934082
1799,18,190,0.006777048110961914
1800,19,190,0.006719112396240234
1801,20,190,0.0064394474029541016
1802,21,190,0.003663301467895508
1803,22,190,0.006209373474121094
1804,23,190,0.006269931793212891
1805,24,190,0.005897045135498047
1806,25,190,0.005828142166137695
1807,26,190,0.00576019287109375
1808,27,190,0.005506753921508789
1809,28,190,0.005594968795776367
1810,29,190,0.005430936813354492
1811,30,190,0.005348682403564453
1812,31,190,0.005333900451660156
1813,32,190,0.005092144012451172
1814,33,190,0.0047376155853271484
1815,34,190,0.004887580871582031
1816,35,190,0.004759788513183594
1817,36,190,0.004726886749267578
1818,37,190,0.004655122756958008
1819,38,190,0.00470423698425293
1820,39,190,0.004598140716552734
1821,40,190,0.0045053958892822266
1822,41,190,0.004536867141723633
1823,42,190,0.004361629486083984
1824,43,190,0.00437617301940918
1825,44,190,0.004250288009643555
1826,45,190,0.004134416580200195
1827,46,190,0.004130363464355469
1828,47,190,0.004135608673095703
1829,48,190,0.0041120052337646484
1830,49,190,0.003970623016357422
1831,50,190,0.003927469253540039
1832,51,190,0.003797292709350586
1833,52,190,0.003833770751953125
1834,53,190,0.003715991973876953
1835,54,190,0.003296375274658203
1836,55,190,0.003722667694091797
1837,56,190,0.0036373138427734375
1838,57,190,0.0036139488220214844
1839,58,190,0.0035445690155029297
1840,59,190,0.003490447998046875
1841,60,190,0.00377655029296875
1842,61,190,0.0033218860626220703
1843,62,190,0.0033025741577148438
1844,63,190,0.003248453140258789
1845,64,190,0.0032389163970947266
1846,65,190,0.0031850337982177734
1847,66,190,0.0030679702758789062
1848,67,190,0.0031495094299316406
1849,68,190,0.0031528472900390625
1850,69,190,0.0030269622802734375
1851,70,190,0.0029511451721191406
1852,71,190,0.0030155181884765625
1853,72,190,0.0027980804443359375
1854,73,190,0.002721071243286133
1855,74,190,0.0026903152465820312
1856,75,190,0.0027730464935302734
1857,76,190,0.0028154850006103516
1858,77,190,0.0016942024230957031
1859,78,190,0.0027382373809814453
1860,79,190,0.002669095993041992
1861,80,190,0.002683877944946289
1862,81,190,0.002666473388671875
1863,82,190,0.002698183059692383
1864,83,190,0.0027589797973632812
1865,84,190,0.0026886463165283203
1866,85,190,0.0025701522827148438
1867,86,190,0.002603292465209961
1868,87,190,0.0033397674560546875
1869,88,190,0.0026481151580810547
1870,89,190,0.002589702606201172
1871,90,190,0.00252532958984375
1872,91,190,0.0026001930236816406
1873,92,190,0.0024907588958740234
1874,93,190,0.002560138702392578
1875,94,190,0.0026633739471435547
1876,95,190,0.002313852310180664
1877,96,190,0.002396821975708008
1878,97,190,0.002390146255493164
1879,98,190,0.0023336410522460938
1880,99,190,0.002750873565673828
1881,1,200,0.012030363082885742
1882,2,200,0.00994563102722168
1883,3,200,0.009518861770629883
1884,4,200,0.009777545928955078
1885,5,200,0.009419918060302734
1886,6,200,0.009280681610107422
1887,7,200,0.009304523468017578
1888,8,200,0.00868082046508789
1889,9,200,0.008908271789550781
1890,10,200,0.008744001388549805
1891,11,200,0.008703231811523438
1892,12,200,0.008586883544921875
1893,13,200,0.008493185043334961
1894,14,200,0.008451461791992188
1895,15,200,0.00811767578125
1896,16,200,0.008044004440307617
1897,17,200,0.00791621208190918
1898,18,200,0.007705211639404297
1899,19,200,0.007496833801269531
1900,20,200,0.007489919662475586
1901,21,200,0.007258176803588867
1902,22,200,0.007129192352294922
1903,23,200,0.0070879459381103516
1904,24,200,0.0069582462310791016
1905,25,200,0.006323814392089844
1906,26,200,0.006270408630371094
1907,27,200,0.0062220096588134766
1908,28,200,0.006279706954956055
1909,29,200,0.006157875061035156
1910,30,200,0.006037473678588867
1911,31,200,0.005959033966064453
1912,32,200,0.005789995193481445
1913,33,200,0.005828142166137695
1914,34,200,0.005571603775024414
1915,35,200,0.0054552555084228516
1916,36,200,0.005424022674560547
1917,37,200,0.0052912235260009766
1918,38,200,0.005234956741333008
1919,39,200,0.005101919174194336
1920,40,200,0.005151987075805664
1921,41,200,0.004954099655151367
1922,42,200,0.00499415397644043
1923,43,200,0.0048329830169677734
1924,44,200,0.004870176315307617
1925,45,200,0.004736661911010742
1926,46,200,0.004683256149291992
1927,47,200,0.0046234130859375
1928,48,200,0.004548311233520508
1929,49,200,0.004508256912231445
1930,50,200,0.004172086715698242
1931,51,200,0.004290342330932617
1932,52,200,0.004071950912475586
1933,53,200,0.004213571548461914
1934,54,200,0.004135847091674805
1935,55,200,0.004156589508056641
1936,56,200,0.003869771957397461
1937,57,200,0.003801584243774414
1938,58,200,0.0038831233978271484
1939,59,200,0.0046503543853759766
1940,60,200,0.004575967788696289
1941,61,200,0.004346370697021484
1942,62,200,0.004364967346191406
1943,63,200,0.0036339759826660156
1944,64,200,0.0035674571990966797
1945,65,200,0.0035202503204345703
1946,66,200,0.0035054683685302734
1947,67,200,0.003467082977294922
1948,68,200,0.003477811813354492
1949,69,200,0.0034198760986328125
1950,70,200,0.003290891647338867
1951,71,200,0.0034346580505371094
1952,72,200,0.003281831741333008
1953,73,200,0.0032205581665039062
1954,74,200,0.0032138824462890625
1955,75,200,0.003075122833251953
1956,76,200,0.0030698776245117188
1957,77,200,0.003055095672607422
1958,78,200,0.0028128623962402344
1959,79,200,0.0036983489990234375
1960,80,200,0.003623485565185547
1961,81,200,0.0034530162811279297
1962,82,200,0.0036733150482177734
1963,83,200,0.0028874874114990234
1964,84,200,0.002920866012573242
1965,85,200,0.0029053688049316406
1966,86,200,0.003632783889770508
1967,87,200,0.0028634071350097656
1968,88,200,0.002904176712036133
1969,89,200,0.002816915512084961
1970,90,200,0.0028095245361328125
1971,91,200,0.0028357505798339844
1972,92,200,0.002826213836669922
1973,93,200,0.002834320068359375
1974,94,200,0.002772808074951172
1975,95,200,0.0027725696563720703
1976,96,200,0.002714872360229492
1977,97,200,0.0027391910552978516
1978,98,200,0.0027475357055664062
1979,99,200,0.0028176307678222656
1980,1,210,0.016422510147094727
1981,2,210,0.013784646987915039
1982,3,210,0.01027989387512207
1983,4,210,0.010794639587402344
1984,5,210,0.010607719421386719
1985,6,210,0.010250568389892578
1986,7,210,0.010416030883789062
1987,8,210,0.010251045227050781
1988,9,210,0.00963902473449707
1989,10,210,0.009845972061157227
1990,11,210,0.009708881378173828
1991,12,210,0.009266138076782227
1992,13,210,0.009092092514038086
1993,14,210,0.008894205093383789
1994,15,210,0.009027242660522461
1995,16,210,0.008667469024658203
1996,17,210,0.008708715438842773
1997,18,210,0.008518218994140625
1998,19,210,0.008315324783325195
1999,20,210,0.007956504821777344
2000,21,210,0.008036136627197266
2001,22,210,0.007834434509277344
2002,23,210,0.008440971374511719
2003,24,210,0.0076296329498291016
2004,25,210,0.007475614547729492
2005,26,210,0.007185935974121094
2006,27,210,0.00703740119934082
2007,28,210,0.006962299346923828
2008,29,210,0.006867170333862305
2009,30,210,0.00673222541809082
2010,31,210,0.006520986557006836
2011,32,210,0.006448268890380859
2012,33,210,0.006220340728759766
2013,34,210,0.006331443786621094
2014,35,210,0.006144046783447266
2015,36,210,0.005983114242553711
2016,37,210,0.005809307098388672
2017,38,210,0.005661725997924805
2018,39,210,0.005566120147705078
2019,40,210,0.005719900131225586
2020,41,210,0.005468845367431641
2021,42,210,0.0055582523345947266
2022,43,210,0.005386829376220703
2023,44,210,0.005272626876831055
2024,45,210,0.005228757858276367
2025,46,210,0.005278110504150391
2026,47,210,0.005137443542480469
2027,48,210,0.005074262619018555
2028,49,210,0.004990577697753906
2029,50,210,0.00484466552734375
2030,51,210,0.004800558090209961
2031,52,210,0.004719972610473633
2032,53,210,0.004581928253173828
2033,54,210,0.0045702457427978516
2034,55,210,0.004576444625854492
2035,56,210,0.00445866584777832
2036,57,210,0.0042994022369384766
2037,58,210,0.004362344741821289
2038,59,210,0.004223823547363281
2039,60,210,0.004128456115722656
2040,61,210,0.004269599914550781
2041,62,210,0.004691123962402344
2042,63,210,0.0040988922119140625
2043,64,210,0.004027843475341797
2044,65,210,0.0039141178131103516
2045,66,210,0.003931283950805664
2046,67,210,0.0038480758666992188
2047,68,210,0.0037658214569091797
2048,69,210,0.004107952117919922
2049,70,210,0.0036988258361816406
2050,71,210,0.003714323043823242
2051,72,210,0.0036826133728027344
2052,73,210,0.002109527587890625
2053,74,210,0.003618478775024414
2054,75,210,0.003531217575073242
2055,76,210,0.003522634506225586
2056,77,210,0.0034589767456054688
2057,78,210,0.003486156463623047
2058,79,210,0.003283262252807617
2059,80,210,0.0032851696014404297
2060,81,210,0.0032074451446533203
2061,82,210,0.002874612808227539
2062,83,210,0.003536224365234375
2063,84,210,0.003240823745727539
2064,85,210,0.0032138824462890625
2065,86,210,0.003161907196044922
2066,87,210,0.0018916130065917969
2067,88,210,0.0034410953521728516
2068,89,210,0.003116607666015625
2069,90,210,0.0031883716583251953
2070,91,210,0.0030684471130371094
2071,92,210,0.003099203109741211
2072,93,210,0.00304412841796875
2073,94,210,0.003024578094482422
2074,95,210,0.0030298233032226562
2075,96,210,0.003049135208129883
2076,97,210,0.0030236244201660156
2077,98,210,0.0029566287994384766
2078,99,210,0.0029664039611816406
2079,1,220,0.014292240142822266
2080,2,220,0.011808395385742188
2081,3,220,0.011391162872314453
2082,4,220,0.011720895767211914
2083,5,220,0.009975194931030273
2084,6,220,0.011194705963134766
2085,7,220,0.009825706481933594
2086,8,220,0.010449647903442383
2087,9,220,0.011376619338989258
2088,10,220,0.010797500610351562
2089,11,220,0.010665655136108398
2090,12,220,0.010358095169067383
2091,13,220,0.010083675384521484
2092,14,220,0.008785724639892578
2093,15,220,0.009634256362915039
2094,16,220,0.009440422058105469
2095,17,220,0.009629487991333008
2096,18,220,0.009400606155395508
2097,19,220,0.009079456329345703
2098,20,220,0.00862431526184082
2099,21,220,0.008615970611572266
2100,22,220,0.007886648178100586
2101,23,220,0.008394002914428711
2102,24,220,0.008233308792114258
2103,25,220,0.008066177368164062
2104,26,220,0.004507541656494141
2105,27,220,0.007642984390258789
2106,28,220,0.0074846744537353516
2107,29,220,0.0074062347412109375
2108,30,220,0.00742340087890625
2109,31,220,0.0062847137451171875
2110,32,220,0.006774425506591797
2111,33,220,0.0069963932037353516
2112,34,220,0.006847858428955078
2113,35,220,0.0067822933197021484
2114,36,220,0.006631612777709961
2115,37,220,0.006431102752685547
2116,38,220,0.006036043167114258
2117,39,220,0.006128787994384766
2118,40,220,0.00599217414855957
2119,41,220,0.005994558334350586
2120,42,220,0.006066083908081055
2121,43,220,0.0053288936614990234
2122,44,220,0.0057430267333984375
2123,45,220,0.005682229995727539
2124,46,220,0.005533933639526367
2125,47,220,0.005552053451538086
2126,48,220,0.005205392837524414
2127,49,220,0.005476236343383789
2128,50,220,0.005297422409057617
2129,51,220,0.005253791809082031
2130,52,220,0.00510716438293457
2131,53,220,0.005053043365478516
2132,54,220,0.005085945129394531
2133,55,220,0.004963397979736328
2134,56,220,0.004818439483642578
2135,57,220,0.004831790924072266
2136,58,220,0.004760265350341797
2137,59,220,0.004647254943847656
2138,60,220,0.00455021858215332
2139,61,220,0.004536867141723633
2140,62,220,0.004494667053222656
2141,63,220,0.004362821578979492
2142,64,220,0.004389047622680664
2143,65,220,0.004473447799682617
2144,66,220,0.004404544830322266
2145,67,220,0.004274845123291016
2146,68,220,0.004225254058837891
2147,69,220,0.004100799560546875
2148,70,220,0.004081249237060547
2149,71,220,0.004047870635986328
2150,72,220,0.004012584686279297
2151,73,220,0.0039424896240234375
2152,74,220,0.003991127014160156
2153,75,220,0.0038814544677734375
2154,76,220,0.0038831233978271484
2155,77,220,0.0037724971771240234
2156,78,220,0.003822803497314453
2157,79,220,0.003787994384765625
2158,80,220,0.0036110877990722656
2159,81,220,0.0036292076110839844
2160,82,220,0.003642559051513672
2161,83,220,0.003542184829711914
2162,84,220,0.0034525394439697266
2163,85,220,0.003427743911743164
2164,86,220,0.002813577651977539
2165,87,220,0.003404378890991211
2166,88,220,0.0033779144287109375
2167,89,220,0.003373861312866211
2168,90,220,0.003297090530395508
2169,91,220,0.003313779830932617
2170,92,220,0.003329038619995117
2171,93,220,0.0033206939697265625
2172,94,220,0.003258943557739258
2173,95,220,0.0032532215118408203
2174,96,220,0.0031995773315429688
2175,97,220,0.0032684803009033203
2176,98,220,0.003183603286743164
2177,99,220,0.003175020217895508
2178,1,230,0.01557469367980957
2179,2,230,0.012788772583007812
2180,3,230,0.012467622756958008
2181,4,230,0.012813091278076172
2182,5,230,0.012662172317504883
2183,6,230,0.012278079986572266
2184,7,230,0.01239919662475586
2185,8,230,0.012096405029296875
2186,9,230,0.011741876602172852
2187,10,230,0.011418819427490234
2188,11,230,0.011436939239501953
2189,12,230,0.010874509811401367
2190,13,230,0.011241436004638672
2191,14,230,0.011105537414550781
2192,15,230,0.010741710662841797
2193,16,230,0.010498046875
2194,17,230,0.010506153106689453
2195,18,230,0.010242700576782227
2196,19,230,0.009899139404296875
2197,20,230,0.009932518005371094
2198,21,230,0.009632349014282227
2199,22,230,0.009487628936767578
2200,23,230,0.009287595748901367
2201,24,230,0.008933305740356445
2202,25,230,0.01027679443359375
2203,26,230,0.008660554885864258
2204,27,230,0.004822254180908203
2205,28,230,0.008377313613891602
2206,29,230,0.008203744888305664
2207,30,230,0.007723569869995117
2208,31,230,0.007730245590209961
2209,32,230,0.007788419723510742
2210,33,230,0.0075495243072509766
2211,34,230,0.004365444183349609
2212,35,230,0.007379770278930664
2213,36,230,0.0068972110748291016
2214,37,230,0.007195949554443359
2215,38,230,0.007121086120605469
2216,39,230,0.00689387321472168
2217,40,230,0.007166147232055664
2218,41,230,0.006464242935180664
2219,42,230,0.0064771175384521484
2220,43,230,0.006440639495849609
2221,44,230,0.00646662712097168
2222,45,230,0.006033658981323242
2223,46,230,0.003654956817626953
2224,47,230,0.00609278678894043
2225,48,230,0.0058972835540771484
2226,49,230,0.005879640579223633
2227,50,230,0.005693197250366211
2228,51,230,0.005780458450317383
2229,52,230,0.00573277473449707
2230,53,230,0.005116939544677734
2231,54,230,0.005504131317138672
2232,55,230,0.005443096160888672
2233,56,230,0.0031919479370117188
2234,57,230,0.005288600921630859
2235,58,230,0.00514674186706543
2236,59,230,0.0030410289764404297
2237,60,230,0.004759788513183594
2238,61,230,0.005037546157836914
2239,62,230,0.005079746246337891
2240,63,230,0.0049054622650146484
2241,64,230,0.004765987396240234
2242,65,230,0.004848957061767578
2243,66,230,0.00465703010559082
2244,67,230,0.00534367561340332
2245,68,230,0.002839326858520508
2246,69,230,0.004616737365722656
2247,70,230,0.0026862621307373047
2248,71,230,0.004434823989868164
2249,72,230,0.004435062408447266
2250,73,230,0.004352569580078125
2251,74,230,0.00423884391784668
2252,75,230,0.002544403076171875
2253,76,230,0.004280805587768555
2254,77,230,0.0025129318237304688
2255,78,230,0.0024902820587158203
2256,79,230,0.003996849060058594
2257,80,230,0.0040934085845947266
2258,81,230,0.003963470458984375
2259,82,230,0.004063606262207031
2260,83,230,0.003915548324584961
2261,84,230,0.003813028335571289
2262,85,230,0.003907442092895508
2263,86,230,0.0045013427734375
2264,87,230,0.0036880970001220703
2265,88,230,0.0036318302154541016
2266,89,230,0.003572225570678711
2267,90,230,0.0032684803009033203
2268,91,230,0.0035784244537353516
2269,92,230,0.003152132034301758
2270,93,230,0.003636598587036133
2271,94,230,0.003795623779296875
2272,95,230,0.0036628246307373047
2273,96,230,0.0036499500274658203
2274,97,230,0.003513336181640625
2275,98,230,0.003587484359741211
2276,99,230,0.0030400753021240234
2277,1,240,0.017014741897583008
2278,2,240,0.014102935791015625
2279,3,240,0.013535737991333008
2280,4,240,0.013265609741210938
2281,5,240,0.01372981071472168
2282,6,240,0.013248205184936523
2283,7,240,0.013630867004394531
2284,8,240,0.013245820999145508
2285,9,240,0.01277613639831543
2286,10,240,0.012581110000610352
2287,11,240,0.012622356414794922
2288,12,240,0.012221574783325195
2289,13,240,0.0120697021484375
2290,14,240,0.011899471282958984
2291,15,240,0.011564493179321289
2292,16,240,0.011304616928100586
2293,17,240,0.011988401412963867
2294,18,240,0.010956525802612305
2295,19,240,0.010785341262817383
2296,20,240,0.010320901870727539
2297,21,240,0.010257244110107422
2298,22,240,0.010000944137573242
2299,23,240,0.01013946533203125
2300,24,240,0.009978294372558594
2301,25,240,0.005495548248291016
2302,26,240,0.009293556213378906
2303,27,240,0.009186029434204102
2304,28,240,0.008846759796142578
2305,29,240,0.009488344192504883
2306,30,240,0.005037784576416016
2307,31,240,0.008394479751586914
2308,32,240,0.004815578460693359
2309,33,240,0.0082244873046875
2310,34,240,0.007970094680786133
2311,35,240,0.008022308349609375
2312,36,240,0.004541873931884766
2313,37,240,0.007695198059082031
2314,38,240,0.004405498504638672
2315,39,240,0.0074672698974609375
2316,40,240,0.007318258285522461
2317,41,240,0.007120847702026367
2318,42,240,0.0067958831787109375
2319,43,240,0.006935834884643555
2320,44,240,0.006825447082519531
2321,45,240,0.006697416305541992
2322,46,240,0.003942966461181641
2323,47,240,0.00634002685546875
2324,48,240,0.006479740142822266
2325,49,240,0.00637507438659668
2326,50,240,0.006153106689453125
2327,51,240,0.00628352165222168
2328,52,240,0.006083011627197266
2329,53,240,0.005984783172607422
2330,54,240,0.005930900573730469
2331,55,240,0.0035827159881591797
2332,56,240,0.0037970542907714844
2333,57,240,0.00655674934387207
2334,58,240,0.005721569061279297
2335,59,240,0.005561351776123047
2336,60,240,0.003297090530395508
2337,61,240,0.0054018497467041016
2338,62,240,0.0032241344451904297
2339,63,240,0.005423069000244141
2340,64,240,0.005148649215698242
2341,65,240,0.005188703536987305
2342,66,240,0.003068685531616211
2343,67,240,0.0057468414306640625
2344,68,240,0.004862070083618164
2345,69,240,0.005697965621948242
2346,70,240,0.004938840866088867
2347,71,240,0.0050013065338134766
2348,72,240,0.004780769348144531
2349,73,240,0.005618572235107422
2350,74,240,0.004682779312133789
2351,75,240,0.004632711410522461
2352,76,240,0.0027475357055664062
2353,77,240,0.00439143180847168
2354,78,240,0.004462718963623047
2355,79,240,0.0043947696685791016
2356,80,240,0.004440784454345703
2357,81,240,0.004389524459838867
2358,82,240,0.004273176193237305
2359,83,240,0.004286289215087891
2360,84,240,0.004212141036987305
2361,85,240,0.003963947296142578
2362,86,240,0.004205226898193359
2363,87,240,0.004180908203125
2364,88,240,0.004080295562744141
2365,89,240,0.004029750823974609
2366,90,240,0.00399470329284668
2367,91,240,0.0037670135498046875
2368,92,240,0.003852367401123047
2369,93,240,0.003801584243774414
2370,94,240,0.003647327423095703
2371,95,240,0.0038690567016601562
2372,96,240,0.0038297176361083984
2373,97,240,0.003798961639404297
2374,98,240,0.0036530494689941406
2375,99,240,0.0038483142852783203
2376,1,250,0.018466949462890625
2377,2,250,0.01530003547668457
2378,3,250,0.014811992645263672
2379,4,250,0.014295578002929688
2380,5,250,0.013928651809692383
2381,6,250,0.014400959014892578
2382,7,250,0.013377189636230469
2383,8,250,0.013681411743164062
2384,9,250,0.013867616653442383
2385,10,250,0.013508081436157227
2386,11,250,0.013682842254638672
2387,12,250,0.013322591781616211
2388,13,250,0.012866735458374023
2389,14,250,0.012513160705566406
2390,15,250,0.012513875961303711
2391,16,250,0.012525558471679688
2392,17,250,0.012296199798583984
2393,18,250,0.012223243713378906
2394,19,250,0.011582612991333008
2395,20,250,0.010013103485107422
2396,21,250,0.011096715927124023
2397,22,250,0.011209249496459961
2398,23,250,0.010560989379882812
2399,24,250,0.010688304901123047
2400,25,250,0.01110696792602539
2401,26,250,0.01001119613647461
2402,27,250,0.009453773498535156
2403,28,250,0.009836435317993164
2404,29,250,0.009530067443847656
2405,30,250,0.00952458381652832
2406,31,250,0.00938558578491211
2407,32,250,0.00871133804321289
2408,33,250,0.00889897346496582
2409,34,250,0.008835077285766602
2410,35,250,0.00871586799621582
2411,36,250,0.008510351181030273
2412,37,250,0.008397817611694336
2413,38,250,0.008158445358276367
2414,39,250,0.007858753204345703
2415,40,250,0.007958173751831055
2416,41,250,0.0076558589935302734
2417,42,250,0.007742881774902344
2418,43,250,0.007421731948852539
2419,44,250,0.007182121276855469
2420,45,250,0.007167339324951172
2421,46,250,0.006690502166748047
2422,47,250,0.006752729415893555
2423,48,250,0.0069501399993896484
2424,49,250,0.006778240203857422
2425,50,250,0.006751537322998047
2426,51,250,0.006598234176635742
2427,52,250,0.006895542144775391
2428,53,250,0.006458759307861328
2429,54,250,0.006205558776855469
2430,55,250,0.00475621223449707
2431,56,250,0.006956815719604492
2432,57,250,0.006220340728759766
2433,58,250,0.0060138702392578125
2434,59,250,0.006018638610839844
2435,60,250,0.006001472473144531
2436,61,250,0.005926847457885742
2437,62,250,0.005883216857910156
2438,63,250,0.005658626556396484
2439,64,250,0.005547761917114258
2440,65,250,0.005474090576171875
2441,66,250,0.0056111812591552734
2442,67,250,0.005528926849365234
2443,68,250,0.0051746368408203125
2444,69,250,0.005395412445068359
2445,70,250,0.005162715911865234
2446,71,250,0.00493168830871582
2447,72,250,0.005124807357788086
2448,73,250,0.0052356719970703125
2449,74,250,0.005258321762084961
2450,75,250,0.0051271915435791016
2451,76,250,0.005059480667114258
2452,77,250,0.004973888397216797
2453,78,250,0.004767417907714844
2454,79,250,0.00487971305847168
2455,80,250,0.004750490188598633
2456,81,250,0.004706621170043945
2457,82,250,0.004628658294677734
2458,83,250,0.004314899444580078
2459,84,250,0.004725933074951172
2460,85,250,0.004620552062988281
2461,86,250,0.00458836555480957
2462,87,250,0.00461888313293457
2463,88,250,0.004275083541870117
2464,89,250,0.004427671432495117
2465,90,250,0.004553318023681641
2466,91,250,0.004332542419433594
2467,92,250,0.004140377044677734
2468,93,250,0.004312992095947266
2469,94,250,0.0042591094970703125
2470,95,250,0.0040929317474365234
2471,96,250,0.004065275192260742
2472,97,250,0.0040280818939208984
2473,98,250,0.003920078277587891
2474,99,250,0.004052877426147461
2475,1,260,0.019863367080688477
2476,2,260,0.016385793685913086
2477,3,260,0.015790224075317383
2478,4,260,0.016272783279418945
2479,5,260,0.015956878662109375
2480,6,260,0.015524864196777344
2481,7,260,0.015258312225341797
2482,8,260,0.014723539352416992
2483,9,260,0.014724969863891602
2484,10,260,0.014662027359008789
2485,11,260,0.014749765396118164
2486,12,260,0.014174222946166992
2487,13,260,0.014032125473022461
2488,14,260,0.013593196868896484
2489,15,260,0.013280391693115234
2490,16,260,0.013139009475708008
2491,17,260,0.013467550277709961
2492,18,260,0.013129949569702148
2493,19,260,0.01270437240600586
2494,20,260,0.01247262954711914
2495,21,260,0.012313365936279297
2496,22,260,0.011767387390136719
2497,23,260,0.011922359466552734
2498,24,260,0.011225461959838867
2499,25,260,0.011246442794799805
2500,26,260,0.010957479476928711
2501,27,260,0.010833740234375
2502,28,260,0.010661125183105469
2503,29,260,0.010116815567016602
2504,30,260,0.01008462905883789
2505,31,260,0.010040998458862305
2506,32,260,0.009737730026245117
2507,33,260,0.009354114532470703
2508,34,260,0.00926971435546875
2509,35,260,0.009124755859375
2510,36,260,0.009180545806884766
2511,37,260,0.00866246223449707
2512,38,260,0.008892536163330078
2513,39,260,0.008514404296875
2514,40,260,0.008589982986450195
2515,41,260,0.00839543342590332
2516,42,260,0.008413314819335938
2517,43,260,0.008275985717773438
2518,44,260,0.007882356643676758
2519,45,260,0.007469654083251953
2520,46,260,0.007550716400146484
2521,47,260,0.00756072998046875
2522,48,260,0.007317304611206055
2523,49,260,0.0074536800384521484
2524,50,260,0.007650613784790039
2525,51,260,0.006979465484619141
2526,52,260,0.0070302486419677734
2527,53,260,0.007379770278930664
2528,54,260,0.006913661956787109
2529,55,260,0.0069217681884765625
2530,56,260,0.0066680908203125
2531,57,260,0.00658106803894043
2532,58,260,0.0065648555755615234
2533,59,260,0.006524324417114258
2534,60,260,0.006484270095825195
2535,61,260,0.006323575973510742
2536,62,260,0.006254434585571289
2537,63,260,0.0037124156951904297
2538,64,260,0.006043434143066406
2539,65,260,0.005990028381347656
2540,66,260,0.005786418914794922
2541,67,260,0.0058917999267578125
2542,68,260,0.0058269500732421875
2543,69,260,0.005766868591308594
2544,70,260,0.00561213493347168
2545,71,260,0.005654811859130859
2546,72,260,0.005645751953125
2547,73,260,0.005394697189331055
2548,74,260,0.004877805709838867
2549,75,260,0.005416393280029297
2550,76,260,0.003253936767578125
2551,77,260,0.005488872528076172
2552,78,260,0.005361080169677734
2553,79,260,0.005277156829833984
2554,80,260,0.005204916000366211
2555,81,260,0.005105257034301758
2556,82,260,0.005045175552368164
2557,83,260,0.00495457649230957
2558,84,260,0.0050013065338134766
2559,85,260,0.004832267761230469
2560,86,260,0.004916667938232422
2561,87,260,0.004972696304321289
2562,88,260,0.004834890365600586
2563,89,260,0.004785060882568359
2564,90,260,0.0046918392181396484
2565,91,260,0.004675388336181641
2566,92,260,0.004668235778808594
2567,93,260,0.00457763671875
2568,94,260,0.0028145313262939453
2569,95,260,0.004516124725341797
2570,96,260,0.004559040069580078
2571,97,260,0.0044634342193603516
2572,98,260,0.004329204559326172
2573,99,260,0.00431060791015625
2574,1,270,0.021269798278808594
2575,2,270,0.01776862144470215
2576,3,270,0.0169522762298584
2577,4,270,0.01775813102722168
2578,5,270,0.017543554306030273
2579,6,270,0.01666545867919922
2580,7,270,0.016681432723999023
2581,8,270,0.015783309936523438
2582,9,270,0.015953779220581055
2583,10,270,0.015529394149780273
2584,11,270,0.015787363052368164
2585,12,270,0.015453338623046875
2586,13,270,0.015131711959838867
2587,14,270,0.015102386474609375
2588,15,270,0.014763593673706055
2589,16,270,0.014506816864013672
2590,17,270,0.014396190643310547
2591,18,270,0.014121770858764648
2592,19,270,0.013790130615234375
2593,20,270,0.013459920883178711
2594,21,270,0.013132095336914062
2595,22,270,0.012671947479248047
2596,23,270,0.01262974739074707
2597,24,270,0.012901067733764648
2598,25,270,0.011795759201049805
2599,26,270,0.011809587478637695
2600,27,270,0.011441469192504883
2601,28,270,0.011286258697509766
2602,29,270,0.011101722717285156
2603,30,270,0.011158466339111328
2604,31,270,0.010644912719726562
2605,32,270,0.010409832000732422
2606,33,270,0.010169506072998047
2607,34,270,0.010094404220581055
2608,35,270,0.009839773178100586
2609,36,270,0.009822845458984375
2610,37,270,0.010373115539550781
2611,38,270,0.009484291076660156
2612,39,270,0.009172201156616211
2613,40,270,0.009011268615722656
2614,41,270,0.009037256240844727
2615,42,270,0.008975744247436523
2616,43,270,0.008710384368896484
2617,44,270,0.00862431526184082
2618,45,270,0.008489608764648438
2619,46,270,0.008075714111328125
2620,47,270,0.00814509391784668
2621,48,270,0.007843017578125
2622,49,270,0.00773310661315918
2623,50,270,0.007638692855834961
2624,51,270,0.007550954818725586
2625,52,270,0.007453441619873047
2626,53,270,0.0073244571685791016
2627,54,270,0.0074138641357421875
2628,55,270,0.007318973541259766
2629,56,270,0.007169246673583984
2630,57,270,0.007131338119506836
2631,58,270,0.007055759429931641
2632,59,270,0.006825685501098633
2633,60,270,0.006783246994018555
2634,61,270,0.006823539733886719
2635,62,270,0.0068013668060302734
2636,63,270,0.006667613983154297
2637,64,270,0.006513833999633789
2638,65,270,0.0037174224853515625
2639,66,270,0.006448030471801758
2640,67,270,0.006423473358154297
2641,68,270,0.006339550018310547
2642,69,270,0.00610661506652832
2643,70,270,0.006148338317871094
2644,71,270,0.0060045719146728516
2645,72,270,0.006026268005371094
2646,73,270,0.005934238433837891
2647,74,270,0.005973100662231445
2648,75,270,0.005801677703857422
2649,76,270,0.005705595016479492
2650,77,270,0.005484342575073242
2651,78,270,0.005703926086425781
2652,79,270,0.005728483200073242
2653,80,270,0.00568842887878418
2654,81,270,0.005619525909423828
2655,82,270,0.005524158477783203
2656,83,270,0.005337238311767578
2657,84,270,0.00535893440246582
2658,85,270,0.005280256271362305
2659,86,270,0.0052471160888671875
2660,87,270,0.0051271915435791016
2661,88,270,0.005152225494384766
2662,89,270,0.005116462707519531
2663,90,270,0.005184173583984375
2664,91,270,0.005045890808105469
2665,92,270,0.005063056945800781
2666,93,270,0.005141258239746094
2667,94,270,0.005051851272583008
2668,95,270,0.004888057708740234
2669,96,270,0.00484776496887207
2670,97,270,0.0050013065338134766
2671,98,270,0.004874467849731445
2672,99,270,0.004819154739379883
2673,1,280,0.02308487892150879
2674,2,280,0.019136428833007812
2675,3,280,0.019219636917114258
2676,4,280,0.01978468894958496
2677,5,280,0.018773317337036133
2678,6,280,0.018096923828125
2679,7,280,0.019073486328125
2680,8,280,0.017960309982299805
2681,9,280,0.017711877822875977
2682,10,280,0.01711750030517578
2683,11,280,0.01685333251953125
2684,12,280,0.016475439071655273
2685,13,280,0.016353130340576172
2686,14,280,0.015549898147583008
2687,15,280,0.01574230194091797
2688,16,280,0.015268087387084961
2689,17,280,0.015421867370605469
2690,18,280,0.015019655227661133
2691,19,280,0.014678716659545898
2692,20,280,0.014726638793945312
2693,21,280,0.013831853866577148
2694,22,280,0.013768672943115234
2695,23,280,0.013066291809082031
2696,24,280,0.01328897476196289
2697,25,280,0.012908935546875
2698,26,280,0.012259483337402344
2699,27,280,0.012243986129760742
2700,28,280,0.012283563613891602
2701,29,280,0.011826515197753906
2702,30,280,0.011718034744262695
2703,31,280,0.011670589447021484
2704,32,280,0.007250785827636719
2705,33,280,0.010919570922851562
2706,34,280,0.01085805892944336
2707,35,280,0.011569023132324219
2708,36,280,0.010464668273925781
2709,37,280,0.010257244110107422
2710,38,280,0.009981870651245117
2711,39,280,0.009906768798828125
2712,40,280,0.009750127792358398
2713,41,280,0.009593725204467773
2714,42,280,0.009542703628540039
2715,43,280,0.010609865188598633
2716,44,280,0.009308099746704102
2717,45,280,0.009065866470336914
2718,46,280,0.008917093276977539
2719,47,280,0.00875544548034668
2720,48,280,0.00843667984008789
2721,49,280,0.008256673812866211
2722,50,280,0.008082389831542969
2723,51,280,0.008037090301513672
2724,52,280,0.00805807113647461
2725,53,280,0.00808572769165039
2726,54,280,0.007890462875366211
2727,55,280,0.007815361022949219
2728,56,280,0.007719516754150391
2729,57,280,0.00763392448425293
2730,58,280,0.0073583126068115234
2731,59,280,0.00733184814453125
2732,60,280,0.007384061813354492
2733,61,280,0.0072634220123291016
2734,62,280,0.007190704345703125
2735,63,280,0.0071599483489990234
2736,64,280,0.007093906402587891
2737,65,280,0.007084846496582031
2738,66,280,0.006980180740356445
2739,67,280,0.0068514347076416016
2740,68,280,0.00685429573059082
2741,69,280,0.0067713260650634766
2742,70,280,0.006598472595214844
2743,71,280,0.006462812423706055
2744,72,280,0.006441354751586914
2745,73,280,0.006159543991088867
2746,74,280,0.00646209716796875
2747,75,280,0.007357597351074219
2748,76,280,0.006200313568115234
2749,77,280,0.006235599517822266
2750,78,280,0.006074428558349609
2751,79,280,0.006017446517944336
2752,80,280,0.005875587463378906
2753,81,280,0.005889415740966797
2754,82,280,0.006043672561645508
2755,83,280,0.006006717681884766
2756,84,280,0.005853414535522461
2757,85,280,0.0058863162994384766
2758,86,280,0.0066645145416259766
2759,87,280,0.005682229995727539
2760,88,280,0.0055959224700927734
2761,89,280,0.005478858947753906
2762,90,280,0.005495548248291016
2763,91,280,0.005425453186035156
2764,92,280,0.006347179412841797
2765,93,280,0.00617671012878418
2766,94,280,0.005456209182739258
2767,95,280,0.005475044250488281
2768,96,280,0.006339550018310547
2769,97,280,0.005269527435302734
2770,98,280,0.005209207534790039
2771,99,280,0.00520634651184082
2772,1,290,0.027940750122070312
2773,2,290,0.020515918731689453
2774,3,290,0.019839048385620117
2775,4,290,0.01933121681213379
2776,5,290,0.019985675811767578
2777,6,290,0.019324064254760742
2778,7,290,0.019682645797729492
2779,8,290,0.018182039260864258
2780,9,290,0.01830577850341797
2781,10,290,0.018255233764648438
2782,11,290,0.01815962791442871
2783,12,290,0.015130996704101562
2784,13,290,0.017394304275512695
2785,14,290,0.016716957092285156
2786,15,290,0.016852378845214844
2787,16,290,0.016558408737182617
2788,17,290,0.016504526138305664
2789,18,290,0.015665769577026367
2790,19,290,0.015572309494018555
2791,20,290,0.015186071395874023
2792,21,290,0.014955997467041016
2793,22,290,0.014783859252929688
2794,23,290,0.014460086822509766
2795,24,290,0.01416325569152832
2796,25,290,0.013907432556152344
2797,26,290,0.013314962387084961
2798,27,290,0.01302790641784668
2799,28,290,0.013164520263671875
2800,29,290,0.012873172760009766
2801,30,290,0.0126495361328125
2802,31,290,0.012032508850097656
2803,32,290,0.007028818130493164
2804,33,290,0.011726856231689453
2805,34,290,0.011583805084228516
2806,35,290,0.011501312255859375
2807,36,290,0.011393308639526367
2808,37,290,0.010822772979736328
2809,38,290,0.010889291763305664
2810,39,290,0.010665416717529297
2811,40,290,0.010629415512084961
2812,41,290,0.010125875473022461
2813,42,290,0.010216951370239258
2814,43,290,0.010252237319946289
2815,44,290,0.009795427322387695
2816,45,290,0.00961446762084961
2817,46,290,0.009628772735595703
2818,47,290,0.00954580307006836
2819,48,290,0.009371519088745117
2820,49,290,0.009135723114013672
2821,50,290,0.008827686309814453
2822,51,290,0.0084228515625
2823,52,290,0.00857686996459961
2824,53,290,0.008365154266357422
2825,54,290,0.00720524787902832
2826,55,290,0.008197307586669922
2827,56,290,0.008361339569091797
2828,57,290,0.00819849967956543
2829,58,290,0.008057594299316406
2830,59,290,0.008078813552856445
2831,60,290,0.00792074203491211
2832,61,290,0.00789332389831543
2833,62,290,0.004652738571166992
2834,63,290,0.007681846618652344
2835,64,290,0.007608890533447266
2836,65,290,0.007511138916015625
2837,66,290,0.0075452327728271484
2838,67,290,0.007330894470214844
2839,68,290,0.007289409637451172
2840,69,290,0.0071794986724853516
2841,70,290,0.004251241683959961
2842,71,290,0.007026195526123047
2843,72,290,0.007010221481323242
2844,73,290,0.004103422164916992
2845,74,290,0.006752967834472656
2846,75,290,0.006667137145996094
2847,76,290,0.006665706634521484
2848,77,290,0.006598949432373047
2849,78,290,0.006500720977783203
2850,79,290,0.006262063980102539
2851,80,290,0.006475925445556641
2852,81,290,0.00631403923034668
2853,82,290,0.006311893463134766
2854,83,290,0.006106376647949219
2855,84,290,0.006337642669677734
2856,85,290,0.0037593841552734375
2857,86,290,0.006241559982299805
2858,87,290,0.006196498870849609
2859,88,290,0.006055355072021484
2860,89,290,0.005801677703857422
2861,90,290,0.005890369415283203
2862,91,290,0.0057544708251953125
2863,92,290,0.00581812858581543
2864,93,290,0.005673408508300781
2865,94,290,0.005627155303955078
2866,95,290,0.005637168884277344
2867,96,290,0.005682945251464844
2868,97,290,0.005677461624145508
2869,98,290,0.0056378841400146484
2870,99,290,0.005591392517089844
2871,1,300,0.026385784149169922
2872,2,300,0.021788597106933594
2873,3,300,0.02123117446899414
2874,4,300,0.0217587947845459
2875,5,300,0.02146768569946289
2876,6,300,0.020821094512939453
2877,7,300,0.020310401916503906
2878,8,300,0.019520282745361328
2879,9,300,0.01932048797607422
2880,10,300,0.015504837036132812
2881,11,300,0.019480228424072266
2882,12,300,0.019036531448364258
2883,13,300,0.01855945587158203
2884,14,300,0.017838478088378906
2885,15,300,0.01781463623046875
2886,16,300,0.014230728149414062
2887,17,300,0.010004997253417969
2888,18,300,0.017182111740112305
2889,19,300,0.01695394515991211
2890,20,300,0.016212940216064453
2891,21,300,0.015887975692749023
2892,22,300,0.0157470703125
2893,23,300,0.015491724014282227
2894,24,300,0.015006542205810547
2895,25,300,0.00831294059753418
2896,26,300,0.014299631118774414
2897,27,300,0.008006572723388672
2898,28,300,0.013763427734375
2899,29,300,0.01370859146118164
2900,30,300,0.00780797004699707
2901,31,300,0.013158559799194336
2902,32,300,0.012677669525146484
2903,33,300,0.012722253799438477
2904,34,300,0.012502431869506836
2905,35,300,0.006925344467163086
2906,36,300,0.012282848358154297
2907,37,300,0.011847972869873047
2908,38,300,0.011402130126953125
2909,39,300,0.011156797409057617
2910,40,300,0.011227130889892578
2911,41,300,0.011149168014526367
2912,42,300,0.010945320129394531
2913,43,300,0.010765552520751953
2914,44,300,0.010498762130737305
2915,45,300,0.010289192199707031
2916,46,300,0.01034855842590332
2917,47,300,0.009605646133422852
2918,48,300,0.009966611862182617
2919,49,300,0.009923934936523438
2920,50,300,0.009684085845947266
2921,51,300,0.009406328201293945
2922,52,300,0.009066104888916016
2923,53,300,0.008928060531616211
2924,54,300,0.008906126022338867
2925,55,300,0.008889913558959961
2926,56,300,0.008691787719726562
2927,57,300,0.008739471435546875
2928,58,300,0.008807182312011719
2929,59,300,0.008400917053222656
2930,60,300,0.008358955383300781
2931,61,300,0.008419275283813477
2932,62,300,0.008237600326538086
2933,63,300,0.008000850677490234
2934,64,300,0.007955312728881836
2935,65,300,0.008054971694946289
2936,66,300,0.007865428924560547
2937,67,300,0.007948637008666992
2938,68,300,0.00794529914855957
2939,69,300,0.007677316665649414
2940,70,300,0.00453948974609375
2941,71,300,0.00748896598815918
2942,72,300,0.007430315017700195
2943,73,300,0.007466316223144531
2944,74,300,0.007338762283325195
2945,75,300,0.007121086120605469
2946,76,300,0.007033586502075195
2947,77,300,0.0069580078125
2948,78,300,0.006972551345825195
2949,79,300,0.006996870040893555
2950,80,300,0.00697779655456543
2951,81,300,0.006894588470458984
2952,82,300,0.006723642349243164
2953,83,300,0.006675004959106445
2954,84,300,0.0066585540771484375
2955,85,300,0.006708621978759766
2956,86,300,0.006377458572387695
2957,87,300,0.00650334358215332
2958,88,300,0.003947734832763672
2959,89,300,0.006350040435791016
2960,90,300,0.003830432891845703
2961,91,300,0.006493091583251953
2962,92,300,0.0062634944915771484
2963,93,300,0.006045103073120117
2964,94,300,0.006112813949584961
2965,95,300,0.0059511661529541016
2966,96,300,0.0059854984283447266
2967,97,300,0.005911111831665039
2968,98,300,0.005924701690673828
2969,99,300,0.0059795379638671875
2970,1,310,0.028029918670654297
2971,2,310,0.023375988006591797
2972,3,310,0.02267313003540039
2973,4,310,0.023215055465698242
2974,5,310,0.022733688354492188
2975,6,310,0.022115707397460938
2976,7,310,0.022348642349243164
2977,8,310,0.021837949752807617
2978,9,310,0.019429445266723633
2979,10,310,0.021034717559814453
2980,11,310,0.02037644386291504
2981,12,310,0.020318031311035156
2982,13,310,0.01994776725769043
2983,14,310,0.01999640464782715
2984,15,310,0.01956629753112793
2985,16,310,0.01872420310974121
2986,17,310,0.0190732479095459
2987,18,310,0.018178224563598633
2988,19,310,0.0174868106842041
2989,20,310,0.01735091209411621
2990,21,310,0.017114639282226562
2991,22,310,0.017104148864746094
2992,23,310,0.01678633689880371
2993,24,310,0.0161745548248291
2994,25,310,0.015609979629516602
2995,26,310,0.014949321746826172
2996,27,310,0.01527714729309082
2997,28,310,0.014827966690063477
2998,29,310,0.014397859573364258
2999,30,310,0.014667510986328125
3000,31,310,0.014079809188842773
3001,32,310,0.013763427734375
3002,33,310,0.013334035873413086
3003,34,310,0.013333320617675781
3004,35,310,0.010323286056518555
3005,36,310,0.012703895568847656
3006,37,310,0.013036012649536133
3007,38,310,0.01261758804321289
3008,39,310,0.012281417846679688
3009,40,310,0.012047052383422852
3010,41,310,0.011960983276367188
3011,42,310,0.011744260787963867
3012,43,310,0.011685609817504883
3013,44,310,0.01126408576965332
3014,45,310,0.011146783828735352
3015,46,310,0.010974884033203125
3016,47,310,0.010706663131713867
3017,48,310,0.010677337646484375
3018,49,310,0.010608673095703125
3019,50,310,0.010462045669555664
3020,51,310,0.010080814361572266
3021,52,310,0.009775161743164062
3022,53,310,0.009705543518066406
3023,54,310,0.00967860221862793
3024,55,310,0.009526729583740234
3025,56,310,0.009268522262573242
3026,57,310,0.009139060974121094
3027,58,310,0.009293556213378906
3028,59,310,0.009173870086669922
3029,60,310,0.00905752182006836
3030,61,310,0.00891733169555664
3031,62,310,0.008833646774291992
3032,63,310,0.00874948501586914
3033,64,310,0.008629798889160156
3034,65,310,0.008534431457519531
3035,66,310,0.008622884750366211
3036,67,310,0.00850057601928711
3037,68,310,0.008319616317749023
3038,69,310,0.008178472518920898
3039,70,310,0.00817728042602539
3040,71,310,0.008056163787841797
3041,72,310,0.008099555969238281
3042,73,310,0.007880210876464844
3043,74,310,0.007864952087402344
3044,75,310,0.007886648178100586
3045,76,310,0.007736921310424805
3046,77,310,0.007631540298461914
3047,78,310,0.00756525993347168
3048,79,310,0.00757598876953125
3049,80,310,0.007632255554199219
3050,81,310,0.006980419158935547
3051,82,310,0.007244586944580078
3052,83,310,0.007264375686645508
3053,84,310,0.00725555419921875
3054,85,310,0.007234096527099609
3055,86,310,0.006949186325073242
3056,87,310,0.006963968276977539
3057,88,310,0.006897449493408203
3058,89,310,0.0068187713623046875
3059,90,310,0.006929636001586914
3060,91,310,0.006645917892456055
3061,92,310,0.006756305694580078
3062,93,310,0.0067670345306396484
3063,94,310,0.006710052490234375
3064,95,310,0.006596803665161133
3065,96,310,0.0064733028411865234
3066,97,310,0.006391286849975586
3067,98,310,0.006407022476196289
3068,99,310,0.006296873092651367
3069,1,320,0.029961824417114258
3070,2,320,0.024962186813354492
3071,3,320,0.02227187156677246
3072,4,320,0.024863481521606445
3073,5,320,0.02438640594482422
3074,6,320,0.023495197296142578
3075,7,320,0.0231781005859375
3076,8,320,0.018901348114013672
3077,9,320,0.022251367568969727
3078,10,320,0.02167034149169922
3079,11,320,0.021987438201904297
3080,12,320,0.02160501480102539
3081,13,320,0.021131515502929688
3082,14,320,0.02032923698425293
3083,15,320,0.02019953727722168
3084,16,320,0.020049095153808594
3085,17,320,0.02003931999206543
3086,18,320,0.0196382999420166
3087,19,320,0.019069433212280273
3088,20,320,0.01895594596862793
3089,21,320,0.018579721450805664
3090,22,320,0.017977476119995117
3091,23,320,0.017815351486206055
3092,24,320,0.01738595962524414
3093,25,320,0.01678013801574707
3094,26,320,0.016188383102416992
3095,27,320,0.01607370376586914
3096,28,320,0.014687299728393555
3097,29,320,0.015443563461303711
3098,30,320,0.015266180038452148
3099,31,320,0.015048742294311523
3100,32,320,0.014741182327270508
3101,33,320,0.014529705047607422
3102,34,320,0.014022350311279297
3103,35,320,0.014133214950561523
3104,36,320,0.013841629028320312
3105,37,320,0.013375520706176758
3106,38,320,0.013211965560913086
3107,39,320,0.013044118881225586
3108,40,320,0.012843608856201172
3109,41,320,0.012318134307861328
3110,42,320,0.012485265731811523
3111,43,320,0.012315750122070312
3112,44,320,0.012084722518920898
3113,45,320,0.011818170547485352
3114,46,320,0.011583328247070312
3115,47,320,0.011336565017700195
3116,48,320,0.011156797409057617
3117,49,320,0.011375904083251953
3118,50,320,0.010784626007080078
3119,51,320,0.010767459869384766
3120,52,320,0.010698318481445312
3121,53,320,0.010683059692382812
3122,54,320,0.010280370712280273
3123,55,320,0.0057942867279052734
3124,56,320,0.009848356246948242
3125,57,320,0.009669303894042969
3126,58,320,0.009757518768310547
3127,59,320,0.009270191192626953
3128,60,320,0.009517908096313477
3129,61,320,0.009446144104003906
3130,62,320,0.009558677673339844
3131,63,320,0.009113311767578125
3132,64,320,0.009059429168701172
3133,65,320,0.009084463119506836
3134,66,320,0.008951902389526367
3135,67,320,0.008850336074829102
3136,68,320,0.008827924728393555
3137,69,320,0.008738040924072266
3138,70,320,0.008421659469604492
3139,71,320,0.008613824844360352
3140,72,320,0.008491992950439453
3141,73,320,0.008565902709960938
3142,74,320,0.008403301239013672
3143,75,320,0.008311271667480469
3144,76,320,0.0083160400390625
3145,77,320,0.004865169525146484
3146,78,320,0.00805044174194336
3147,79,320,0.008026361465454102
3148,80,320,0.007975101470947266
3149,81,320,0.007830619812011719
3150,82,320,0.0076465606689453125
3151,83,320,0.007673740386962891
3152,84,320,0.007600545883178711
3153,85,320,0.004608869552612305
3154,86,320,0.0075359344482421875
3155,87,320,0.007388591766357422
3156,88,320,0.007491588592529297
3157,89,320,0.0073435306549072266
3158,90,320,0.007231473922729492
3159,91,320,0.0068857669830322266
3160,92,320,0.007186174392700195
3161,93,320,0.0072536468505859375
3162,94,320,0.007070302963256836
3163,95,320,0.007231235504150391
3164,96,320,0.007094144821166992
3165,97,320,0.007008790969848633
3166,98,320,0.006937265396118164
3167,99,320,0.0068798065185546875
3168,1,330,0.0318303108215332
3169,2,330,0.026435136795043945
3170,3,330,0.025503873825073242
3171,4,330,0.02616262435913086
3172,5,330,0.02589583396911621
3173,6,330,0.024808406829833984
3174,7,330,0.020586013793945312
3175,8,330,0.023580312728881836
3176,9,330,0.018152713775634766
3177,10,330,0.023607969284057617
3178,11,330,0.023180484771728516
3179,12,330,0.022943973541259766
3180,13,330,0.01713848114013672
3181,14,330,0.02174854278564453
3182,15,330,0.021490097045898438
3183,16,330,0.012104511260986328
3184,17,330,0.021381378173828125
3185,18,330,0.020753860473632812
3186,19,330,0.01999378204345703
3187,20,330,0.01923084259033203
3188,21,330,0.01925039291381836
3189,22,330,0.010953903198242188
3190,23,330,0.018698930740356445
3191,24,330,0.01858806610107422
3192,25,330,0.017585277557373047
3193,26,330,0.017258644104003906
3194,27,330,0.01697397232055664
3195,28,330,0.016695499420166016
3196,29,330,0.01655888557434082
3197,30,330,0.016244173049926758
3198,31,330,0.008882761001586914
3199,32,330,0.01555323600769043
3200,33,330,0.008704900741577148
3201,34,330,0.014801263809204102
3202,35,330,0.014441490173339844
3203,36,330,0.01468038558959961
3204,37,330,0.014350414276123047
3205,38,330,0.013992547988891602
3206,39,330,0.01352238655090332
3207,40,330,0.013749122619628906
3208,41,330,0.013394355773925781
3209,42,330,0.013025283813476562
3210,43,330,0.012515783309936523
3211,44,330,0.01266336441040039
3212,45,330,0.011978864669799805
3213,46,330,0.012377738952636719
3214,47,330,0.011860132217407227
3215,48,330,0.012003183364868164
3216,49,330,0.01183772087097168
3217,50,330,0.01148080825805664
3218,51,330,0.011374235153198242
3219,52,330,0.011223793029785156
3220,53,330,0.010919332504272461
3221,54,330,0.010934114456176758
3222,55,330,0.010914802551269531
3223,56,330,0.010308504104614258
3224,57,330,0.01026010513305664
3225,58,330,0.009731531143188477
3226,59,330,0.010040998458862305
3227,60,330,0.00992727279663086
3228,61,330,0.009760379791259766
3229,62,330,0.009837865829467773
3230,63,330,0.00991368293762207
3231,64,330,0.009703636169433594
3232,65,330,0.009552001953125
3233,66,330,0.009584665298461914
3234,67,330,0.009386301040649414
3235,68,330,0.009146451950073242
3236,69,330,0.009214162826538086
3237,70,330,0.008788585662841797
3238,71,330,0.008913516998291016
3239,72,330,0.008980035781860352
3240,73,330,0.008896589279174805
3241,74,330,0.008806705474853516
3242,75,330,0.008721351623535156
3243,76,330,0.008488893508911133
3244,77,330,0.008505821228027344
3245,78,330,0.008599042892456055
3246,79,330,0.008414030075073242
3247,80,330,0.008439064025878906
3248,81,330,0.008423328399658203
3249,82,330,0.008200883865356445
3250,83,330,0.008281707763671875
3251,84,330,0.007302284240722656
3252,85,330,0.008060693740844727
3253,86,330,0.0076885223388671875
3254,87,330,0.007976293563842773
3255,88,330,0.007925271987915039
3256,89,330,0.00780034065246582
3257,90,330,0.0077359676361083984
3258,91,330,0.00770878791809082
3259,92,330,0.007641315460205078
3260,93,330,0.007515668869018555
3261,94,330,0.0068302154541015625
3262,95,330,0.007500171661376953
3263,96,330,0.007536172866821289
3264,97,330,0.0074977874755859375
3265,98,330,0.007439374923706055
3266,99,330,0.007490873336791992
3267,1,340,0.033586740493774414
3268,2,340,0.02797865867614746
3269,3,340,0.02694988250732422
3270,4,340,0.027683496475219727
3271,5,340,0.027817487716674805
3272,6,340,0.02648639678955078
3273,7,340,0.02598428726196289
3274,8,340,0.02497386932373047
3275,9,340,0.025140762329101562
3276,10,340,0.024863719940185547
3277,11,340,0.021956920623779297
3278,12,340,0.024144649505615234
3279,13,340,0.02386617660522461
3280,14,340,0.022896766662597656
3281,15,340,0.022783994674682617
3282,16,340,0.022886991500854492
3283,17,340,0.023908615112304688
3284,18,340,0.021514415740966797
3285,19,340,0.020812034606933594
3286,20,340,0.020209074020385742
3287,21,340,0.020000219345092773
3288,22,340,0.019696712493896484
3289,23,340,0.019576549530029297
3290,24,340,0.019173860549926758
3291,25,340,0.018509864807128906
3292,26,340,0.017673254013061523
3293,27,340,0.017433643341064453
3294,28,340,0.016950130462646484
3295,29,340,0.017042160034179688
3296,30,340,0.016788244247436523
3297,31,340,0.016077756881713867
3298,32,340,0.01587080955505371
3299,33,340,0.016078472137451172
3300,34,340,0.015393257141113281
3301,35,340,0.015077829360961914
3302,36,340,0.01461029052734375
3303,37,340,0.014765262603759766
3304,38,340,0.008668184280395508
3305,39,340,0.007835865020751953
3306,40,340,0.013759136199951172
3307,41,340,0.013784170150756836
3308,42,340,0.013583898544311523
3309,43,340,0.01316690444946289
3310,44,340,0.012804269790649414
3311,45,340,0.012090682983398438
3312,46,340,0.012398958206176758
3313,47,340,0.012433528900146484
3314,48,340,0.012195825576782227
3315,49,340,0.011983394622802734
3316,50,340,0.01176309585571289
3317,51,340,0.011547088623046875
3318,52,340,0.01138758659362793
3319,53,340,0.011303186416625977
3320,54,340,0.01122283935546875
3321,55,340,0.011148929595947266
3322,56,340,0.010774612426757812
3323,57,340,0.010650873184204102
3324,58,340,0.010466337203979492
3325,59,340,0.010118246078491211
3326,60,340,0.009849786758422852
3327,61,340,0.009999513626098633
3328,62,340,0.009769916534423828
3329,63,340,0.009830951690673828
3330,64,340,0.009864091873168945
3331,65,340,0.009719133377075195
3332,66,340,0.009549379348754883
3333,67,340,0.009466171264648438
3334,68,340,0.009397745132446289
3335,69,340,0.009337663650512695
3336,70,340,0.009132146835327148
3337,71,340,0.008068084716796875
3338,72,340,0.009068012237548828
3339,73,340,0.00883340835571289
3340,74,340,0.008797168731689453
3341,75,340,0.008553266525268555
3342,76,340,0.008814811706542969
3343,77,340,0.00783085823059082
3344,78,340,0.008607625961303711
3345,79,340,0.00861048698425293
3346,80,340,0.008438348770141602
3347,81,340,0.00837850570678711
3348,82,340,0.008171558380126953
3349,83,340,0.00938868522644043
3350,84,340,0.008156061172485352
3351,85,340,0.008153438568115234
3352,86,340,0.007898092269897461
3353,87,340,0.007887601852416992
3354,88,340,0.007822036743164062
3355,89,340,0.007700443267822266
3356,90,340,0.007401943206787109
3357,91,340,0.007680177688598633
3358,92,340,0.007586002349853516
3359,93,340,0.007595539093017578
3360,94,340,0.007544755935668945
3361,95,340,0.00744175910949707
3362,96,340,0.00724029541015625
3363,97,340,0.007056713104248047
3364,98,340,0.007222175598144531
3365,99,340,0.007212400436401367
3366,1,350,0.0360870361328125
3367,2,350,0.029021024703979492
3368,3,350,0.025765419006347656
3369,4,350,0.029094934463500977
3370,5,350,0.026505708694458008
3371,6,350,0.02385687828063965
3372,7,350,0.027062177658081055
3373,8,350,0.025941133499145508
3374,9,350,0.026015043258666992
3375,10,350,0.02624034881591797
3376,11,350,0.02562713623046875
3377,12,350,0.024656295776367188
3378,13,350,0.024534940719604492
3379,14,350,0.02400970458984375
3380,15,350,0.023478031158447266
3381,16,350,0.02466869354248047
3382,17,350,0.023672103881835938
3383,18,350,0.02287435531616211
3384,19,350,0.022099733352661133
3385,20,350,0.02100396156311035
3386,21,350,0.0209195613861084
3387,22,350,0.02361440658569336
3388,23,350,0.021888256072998047
3389,24,350,0.0214385986328125
3390,25,350,0.019646883010864258
3391,26,350,0.019211769104003906
3392,27,350,0.018910884857177734
3393,28,350,0.0189211368560791
3394,29,350,0.01789069175720215
3395,30,350,0.01809978485107422
3396,31,350,0.01748943328857422
3397,32,350,0.016705989837646484
3398,33,350,0.01654338836669922
3399,34,350,0.01759624481201172
3400,35,350,0.017423152923583984
3401,36,350,0.016252756118774414
3402,37,350,0.015591144561767578
3403,38,350,0.010321378707885742
3404,39,350,0.015150308609008789
3405,40,350,0.015083074569702148
3406,41,350,0.014538288116455078
3407,42,350,0.014688730239868164
3408,43,350,0.013978004455566406
3409,44,350,0.013674497604370117
3410,45,350,0.013410568237304688
3411,46,350,0.013374805450439453
3412,47,350,0.012965917587280273
3413,48,350,0.014084815979003906
3414,49,350,0.0175020694732666
3415,50,350,0.01334691047668457
3416,51,350,0.013159990310668945
3417,52,350,0.013434410095214844
3418,53,350,0.011880874633789062
3419,54,350,0.011731863021850586
3420,55,350,0.011863231658935547
3421,56,350,0.01144266128540039
3422,57,350,0.011371612548828125
3423,58,350,0.011369466781616211
3424,59,350,0.011001348495483398
3425,60,350,0.010642766952514648
3426,61,350,0.010565996170043945
3427,62,350,0.011661052703857422
3428,63,350,0.010304927825927734
3429,64,350,0.010197877883911133
3430,65,350,0.010181665420532227
3431,66,350,0.010162830352783203
3432,67,350,0.010121345520019531
3433,68,350,0.011075019836425781
3434,69,350,0.00962376594543457
3435,70,350,0.009693384170532227
3436,71,350,0.00965428352355957
3437,72,350,0.009574174880981445
3438,73,350,0.009383678436279297
3439,74,350,0.009602785110473633
3440,75,350,0.009355306625366211
3441,76,350,0.009234189987182617
3442,77,350,0.00908041000366211
3443,78,350,0.00893092155456543
3444,79,350,0.009046316146850586
3445,80,350,0.00931096076965332
3446,81,350,0.010265350341796875
3447,82,350,0.009083986282348633
3448,83,350,0.008699655532836914
3449,84,350,0.008642435073852539
3450,85,350,0.008556604385375977
3451,86,350,0.008499383926391602
3452,87,350,0.008341073989868164
3453,88,350,0.008332490921020508
3454,89,350,0.008179426193237305
3455,90,350,0.008188962936401367
3456,91,350,0.004711151123046875
3457,92,350,0.008090972900390625
3458,93,350,0.009415864944458008
3459,94,350,0.007773876190185547
3460,95,350,0.007786273956298828
3461,96,350,0.00787806510925293
3462,97,350,0.007794618606567383
3463,98,350,0.007664680480957031
3464,99,350,0.007625102996826172
3465,1,360,0.04410529136657715
3466,2,360,0.031098365783691406
3467,3,360,0.027930259704589844
3468,4,360,0.03076624870300293
3469,5,360,0.028039216995239258
3470,6,360,0.029169321060180664
3471,7,360,0.02852010726928711
3472,8,360,0.02710127830505371
3473,9,360,0.027445077896118164
3474,10,360,0.027492523193359375
3475,11,360,0.0282132625579834
3476,12,360,0.026494979858398438
3477,13,360,0.026254892349243164
3478,14,360,0.025045394897460938
3479,15,360,0.02498030662536621
3480,16,360,0.02486562728881836
3481,17,360,0.024819612503051758
3482,18,360,0.024255990982055664
3483,19,360,0.023454666137695312
3484,20,360,0.022640228271484375
3485,21,360,0.023525238037109375
3486,22,360,0.021962642669677734
3487,23,360,0.02462148666381836
3488,24,360,0.021132946014404297
3489,25,360,0.02068638801574707
3490,26,360,0.02097940444946289
3491,27,360,0.02055501937866211
3492,28,360,0.01943802833557129
3493,29,360,0.019033432006835938
3494,30,360,0.018857955932617188
3495,31,360,0.018433094024658203
3496,32,360,0.019297122955322266
3497,33,360,0.018948078155517578
3498,34,360,0.01724863052368164
3499,35,360,0.017128944396972656
3500,36,360,0.016676902770996094
3501,37,360,0.016350507736206055
3502,38,360,0.01749277114868164
3503,39,360,0.015939950942993164
3504,40,360,0.015831947326660156
3505,41,360,0.015327692031860352
3506,42,360,0.015085697174072266
3507,43,360,0.015152931213378906
3508,44,360,0.014937877655029297
3509,45,360,0.01429891586303711
3510,46,360,0.014015436172485352
3511,47,360,0.012665033340454102
3512,48,360,0.013443231582641602
3513,49,360,0.013078451156616211
3514,50,360,0.013370752334594727
3515,51,360,0.013091087341308594
3516,52,360,0.01285696029663086
3517,53,360,0.012689828872680664
3518,54,360,0.012510061264038086
3519,55,360,0.012024641036987305
3520,56,360,0.012128353118896484
3521,57,360,0.01207590103149414
3522,58,360,0.011915206909179688
3523,59,360,0.011762619018554688
3524,60,360,0.011644124984741211
3525,61,360,0.011332035064697266
3526,62,360,0.011057615280151367
3527,63,360,0.011013507843017578
3528,64,360,0.01072549819946289
3529,65,360,0.010818719863891602
3530,66,360,0.010640382766723633
3531,67,360,0.010293960571289062
3532,68,360,0.010581254959106445
3533,69,360,0.01056361198425293
3534,70,360,0.010245800018310547
3535,71,360,0.010068893432617188
3536,72,360,0.01024484634399414
3537,73,360,0.01025080680847168
3538,74,360,0.01031637191772461
3539,75,360,0.010013818740844727
3540,76,360,0.010228157043457031
3541,77,360,0.010155200958251953
3542,78,360,0.00997614860534668
3543,79,360,0.00992131233215332
3544,80,360,0.0094757080078125
3545,81,360,0.009371757507324219
3546,82,360,0.00968480110168457
3547,83,360,0.009282350540161133
3548,84,360,0.009015798568725586
3549,85,360,0.008961677551269531
3550,86,360,0.008994102478027344
3551,87,360,0.009029150009155273
3552,88,360,0.008954286575317383
3553,89,360,0.008688926696777344
3554,90,360,0.008839845657348633
3555,91,360,0.008563995361328125
3556,92,360,0.008600234985351562
3557,93,360,0.00859212875366211
3558,94,360,0.007821321487426758
3559,95,360,0.008430719375610352
3560,96,360,0.008329153060913086
3561,97,360,0.008202314376831055
3562,98,360,0.0075054168701171875
3563,99,360,0.008198261260986328
3564,1,370,0.040070295333862305
3565,2,370,0.032094717025756836
3566,3,370,0.028902053833007812
3567,4,370,0.03237104415893555
3568,5,370,0.0332798957824707
3569,6,370,0.03084397315979004
3570,7,370,0.030553817749023438
3571,8,370,0.02918100357055664
3572,9,370,0.02931809425354004
3573,10,370,0.02939319610595703
3574,11,370,0.02922797203063965
3575,12,370,0.028522491455078125
3576,13,370,0.027769088745117188
3577,14,370,0.02698040008544922
3578,15,370,0.026543378829956055
3579,16,370,0.026578187942504883
3580,17,370,0.026673078536987305
3581,18,370,0.025988101959228516
3582,19,370,0.02600383758544922
3583,20,370,0.019028663635253906
3584,21,370,0.023921728134155273
3585,22,370,0.023473739624023438
3586,23,370,0.023181438446044922
3587,24,370,0.02282881736755371
3588,25,370,0.022258758544921875
3589,26,370,0.02143406867980957
3590,27,370,0.020827531814575195
3591,28,370,0.0208432674407959
3592,29,370,0.020105361938476562
3593,30,370,0.020078420639038086
3594,31,370,0.019631147384643555
3595,32,370,0.019196271896362305
3596,33,370,0.019116640090942383
3597,34,370,0.018717288970947266
3598,35,370,0.018393278121948242
3599,36,370,0.018543720245361328
3600,37,370,0.01758599281311035
3601,38,370,0.01730823516845703
3602,39,370,0.0173795223236084
3603,40,370,0.016269922256469727
3604,41,370,0.01648426055908203
3605,42,370,0.016468524932861328
3606,43,370,0.01596665382385254
3607,44,370,0.015834569931030273
3608,45,370,0.015588521957397461
3609,46,370,0.015193462371826172
3610,47,370,0.014818906784057617
3611,48,370,0.01455545425415039
3612,49,370,0.014708757400512695
3613,50,370,0.014388322830200195
3614,51,370,0.014119386672973633
3615,52,370,0.01402592658996582
3616,53,370,0.013718128204345703
3617,54,370,0.013682126998901367
3618,55,370,0.013399839401245117
3619,56,370,0.013106584548950195
3620,57,370,0.01292562484741211
3621,58,370,0.012296915054321289
3622,59,370,0.012796163558959961
3623,60,370,0.012647390365600586
3624,61,370,0.012342214584350586
3625,62,370,0.012235879898071289
3626,63,370,0.011676788330078125
3627,64,370,0.011629819869995117
3628,65,370,0.011356592178344727
3629,66,370,0.011428356170654297
3630,67,370,0.011418342590332031
3631,68,370,0.011272907257080078
3632,69,370,0.011129379272460938
3633,70,370,0.011196136474609375
3634,71,370,0.010946512222290039
3635,72,370,0.011081933975219727
3636,73,370,0.010638236999511719
3637,74,370,0.010499238967895508
3638,75,370,0.010608673095703125
3639,76,370,0.010514497756958008
3640,77,370,0.010247230529785156
3641,78,370,0.010236740112304688
3642,79,370,0.005970954895019531
3643,80,370,0.01004338264465332
3644,81,370,0.010044574737548828
3645,82,370,0.00986337661743164
3646,83,370,0.009749889373779297
3647,84,370,0.009535551071166992
3648,85,370,0.009886741638183594
3649,86,370,0.00978851318359375
3650,87,370,0.009549856185913086
3651,88,370,0.00959157943725586
3652,89,370,0.009392499923706055
3653,90,370,0.009488582611083984
3654,91,370,0.009283304214477539
3655,92,370,0.008880376815795898
3656,93,370,0.009151220321655273
3657,94,370,0.008592367172241211
3658,95,370,0.008809566497802734
3659,96,370,0.008898496627807617
3660,97,370,0.008892059326171875
3661,98,370,0.008735418319702148
3662,99,370,0.008587360382080078
3663,1,380,0.041532039642333984
3664,2,380,0.033601999282836914
3665,3,380,0.03070974349975586
3666,4,380,0.03139209747314453
3667,5,380,0.03328537940979004
3668,6,380,0.03250575065612793
3669,7,380,0.0300140380859375
3670,8,380,0.030486106872558594
3671,9,380,0.030678987503051758
3672,10,380,0.03049159049987793
3673,11,380,0.031260013580322266
3674,12,380,0.029398679733276367
3675,13,380,0.02891707420349121
3676,14,380,0.028034210205078125
3677,15,380,0.02777266502380371
3678,16,380,0.02782416343688965
3679,17,380,0.02614307403564453
3680,18,380,0.02644801139831543
3681,19,380,0.026690006256103516
3682,20,380,0.025590181350708008
3683,21,380,0.02489185333251953
3684,22,380,0.024462223052978516
3685,23,380,0.024119138717651367
3686,24,380,0.02374744415283203
3687,25,380,0.02297043800354004
3688,26,380,0.02239060401916504
3689,27,380,0.02204298973083496
3690,28,380,0.021403074264526367
3691,29,380,0.021145343780517578
3692,30,380,0.021711349487304688
3693,31,380,0.02036738395690918
3694,32,380,0.01977062225341797
3695,33,380,0.015298128128051758
3696,34,380,0.01903820037841797
3697,35,380,0.018245697021484375
3698,36,380,0.018640518188476562
3699,37,380,0.018679141998291016
3700,38,380,0.01756906509399414
3701,39,380,0.017721891403198242
3702,40,380,0.01738882064819336
3703,41,380,0.017076492309570312
3704,42,380,0.017107486724853516
3705,43,380,0.016693830490112305
3706,44,380,0.01601719856262207
3707,45,380,0.015882492065429688
3708,46,380,0.015958309173583984
3709,47,380,0.01499032974243164
3710,48,380,0.015115976333618164
3711,49,380,0.014819145202636719
3712,50,380,0.014720916748046875
3713,51,380,0.014449834823608398
3714,52,380,0.014405488967895508
3715,53,380,0.014384031295776367
3716,54,380,0.013886213302612305
3717,55,380,0.01403355598449707
3718,56,380,0.013552427291870117
3719,57,380,0.013378143310546875
3720,58,380,0.013269901275634766
3721,59,380,0.013063907623291016
3722,60,380,0.012953996658325195
3723,61,380,0.013169050216674805
3724,62,380,0.012575626373291016
3725,63,380,0.012525558471679688
3726,64,380,0.012209653854370117
3727,65,380,0.011871814727783203
3728,66,380,0.011765241622924805
3729,67,380,0.011484384536743164
3730,68,380,0.01138615608215332
3731,69,380,0.011491775512695312
3732,70,380,0.011634349822998047
3733,71,380,0.011301994323730469
3734,72,380,0.011273860931396484
3735,73,380,0.011139154434204102
3736,74,380,0.010979890823364258
3737,75,380,0.010883569717407227
3738,76,380,0.010404348373413086
3739,77,380,0.010763406753540039
3740,78,380,0.01075434684753418
3741,79,380,0.010616540908813477
3742,80,380,0.010490179061889648
3743,81,380,0.01034855842590332
3744,82,380,0.010264396667480469
3745,83,380,0.010070562362670898
3746,84,380,0.010144710540771484
3747,85,380,0.01022481918334961
3748,86,380,0.01002955436706543
3749,87,380,0.010049581527709961
3750,88,380,0.010201215744018555
3751,89,380,0.009722471237182617
3752,90,380,0.009711027145385742
3753,91,380,0.009706497192382812
3754,92,380,0.009571313858032227
3755,93,380,0.009597063064575195
3756,94,380,0.0089569091796875
3757,95,380,0.009310007095336914
3758,96,380,0.01037740707397461
3759,97,380,0.01043391227722168
3760,98,380,0.009182929992675781
3761,99,380,0.00879979133605957
3762,1,390,0.04435896873474121
3763,2,390,0.0357818603515625
3764,3,390,0.032317161560058594
3765,4,390,0.031391143798828125
3766,5,390,0.0327305793762207
3767,6,390,0.029114246368408203
3768,7,390,0.031072378158569336
3769,8,390,0.033695220947265625
3770,9,390,0.024494171142578125
3771,10,390,0.032222747802734375
3772,11,390,0.033017873764038086
3773,12,390,0.02893805503845215
3774,13,390,0.030677080154418945
3775,14,390,0.030587196350097656
3776,15,390,0.029250383377075195
3777,16,390,0.0231626033782959
3778,17,390,0.021084070205688477
3779,18,390,0.028434276580810547
3780,19,390,0.027579784393310547
3781,20,390,0.026517629623413086
3782,21,390,0.026784420013427734
3783,22,390,0.026252031326293945
3784,23,390,0.025443315505981445
3785,24,390,0.02487659454345703
3786,25,390,0.02448129653930664
3787,26,390,0.022984027862548828
3788,27,390,0.023242950439453125
3789,28,390,0.023088932037353516
3790,29,390,0.022922515869140625
3791,30,390,0.022237300872802734
3792,31,390,0.021313190460205078
3793,32,390,0.021428346633911133
3794,33,390,0.02083134651184082
3795,34,390,0.020691394805908203
3796,35,390,0.01955389976501465
3797,36,390,0.019855976104736328
3798,37,390,0.018784761428833008
3799,38,390,0.01908111572265625
3800,39,390,0.018127918243408203
3801,40,390,0.01817774772644043
3802,41,390,0.018250703811645508
3803,42,390,0.017717838287353516
3804,43,390,0.017802000045776367
3805,44,390,0.017295360565185547
3806,45,390,0.016674280166625977
3807,46,390,0.017072200775146484
3808,47,390,0.015664100646972656
3809,48,390,0.0159759521484375
3810,49,390,0.015796184539794922
3811,50,390,0.015345573425292969
3812,51,390,0.014768838882446289
3813,52,390,0.01457524299621582
3814,53,390,0.014701366424560547
3815,54,390,0.014707326889038086
3816,55,390,0.014602899551391602
3817,56,390,0.014229297637939453
3818,57,390,0.013985157012939453
3819,58,390,0.01387643814086914
3820,59,390,0.013451337814331055
3821,60,390,0.01368403434753418
3822,61,390,0.01324462890625
3823,62,390,0.013170719146728516
3824,63,390,0.01304936408996582
3825,64,390,0.012996673583984375
3826,65,390,0.012833118438720703
3827,66,390,0.012456417083740234
3828,67,390,0.012176752090454102
3829,68,390,0.01199960708618164
3830,69,390,0.011807441711425781
3831,70,390,0.011685371398925781
3832,71,390,0.011690616607666016
3833,72,390,0.011518478393554688
3834,73,390,0.011678457260131836
3835,74,390,0.011414766311645508
3836,75,390,0.012036561965942383
3837,76,390,0.011406183242797852
3838,77,390,0.01105809211730957
3839,78,390,0.010992288589477539
3840,79,390,0.011118173599243164
3841,80,390,0.011099100112915039
3842,81,390,0.010885000228881836
3843,82,390,0.01078176498413086
3844,83,390,0.010866403579711914
3845,84,390,0.010582208633422852
3846,85,390,0.010589361190795898
3847,86,390,0.010514497756958008
3848,87,390,0.010346174240112305
3849,88,390,0.010519266128540039
3850,89,390,0.010348796844482422
3851,90,390,0.010203838348388672
3852,91,390,0.010075807571411133
3853,92,390,0.010122299194335938
3854,93,390,0.01021432876586914
3855,94,390,0.009489059448242188
3856,95,390,0.009916543960571289
3857,96,390,0.009898900985717773
3858,97,390,0.009428739547729492
3859,98,390,0.0059740543365478516
3860,99,390,0.009586334228515625
3861,1,400,0.04566168785095215
3862,2,400,0.03669905662536621
3863,3,400,0.03495430946350098
3864,4,400,0.03247427940368652
3865,5,400,0.03179478645324707
3866,6,400,0.03460431098937988
3867,7,400,0.03327178955078125
3868,8,400,0.03498077392578125
3869,9,400,0.034795522689819336
3870,10,400,0.024941682815551758
3871,11,400,0.033861398696899414
3872,12,400,0.03260493278503418
3873,13,400,0.032148122787475586
3874,14,400,0.02154254913330078
3875,15,400,0.030655384063720703
3876,16,400,0.030627012252807617
3877,17,400,0.030508756637573242
3878,18,400,0.029806137084960938
3879,19,400,0.028810977935791016
3880,20,400,0.02782917022705078
3881,21,400,0.027296066284179688
3882,22,400,0.02750420570373535
3883,23,400,0.026549816131591797
3884,24,400,0.026242494583129883
3885,25,400,0.02556014060974121
3886,26,400,0.024918556213378906
3887,27,400,0.024167776107788086
3888,28,400,0.02408766746520996
3889,29,400,0.023740053176879883
3890,30,400,0.023332834243774414
3891,31,400,0.022384166717529297
3892,32,400,0.021821022033691406
3893,33,400,0.020771503448486328
3894,34,400,0.021530628204345703
3895,35,400,0.020900487899780273
3896,36,400,0.02062845230102539
3897,37,400,0.019971847534179688
3898,38,400,0.018917322158813477
3899,39,400,0.0198209285736084
3900,40,400,0.0190584659576416
3901,41,400,0.01880502700805664
3902,42,400,0.01873326301574707
3903,43,400,0.01824355125427246
3904,44,400,0.018085718154907227
3905,45,400,0.01760554313659668
3906,46,400,0.017139434814453125
3907,47,400,0.016850709915161133
3908,48,400,0.01701641082763672
3909,49,400,0.016666889190673828
3910,50,400,0.016309499740600586
3911,51,400,0.015856504440307617
3912,52,400,0.015518665313720703
3913,53,400,0.01550912857055664
3914,54,400,0.015257835388183594
3915,55,400,0.015565156936645508
3916,56,400,0.015275001525878906
3917,57,400,0.01435399055480957
3918,58,400,0.01449728012084961
3919,59,400,0.014382600784301758
3920,60,400,0.01429295539855957
3921,61,400,0.014298439025878906
3922,62,400,0.013960123062133789
3923,63,400,0.013670206069946289
3924,64,400,0.013497114181518555
3925,65,400,0.013682126998901367
3926,66,400,0.012697219848632812
3927,67,400,0.013259410858154297
3928,68,400,0.013090372085571289
3929,69,400,0.012273788452148438
3930,70,400,0.012342214584350586
3931,71,400,0.01221466064453125
3932,72,400,0.012411832809448242
3933,73,400,0.012069225311279297
3934,74,400,0.01192474365234375
3935,75,400,0.012139081954956055
3936,76,400,0.011571884155273438
3937,77,400,0.011945486068725586
3938,78,400,0.011785507202148438
3939,79,400,0.011494159698486328
3940,80,400,0.011492490768432617
3941,81,400,0.011514902114868164
3942,82,400,0.011292219161987305
3943,83,400,0.011259794235229492
3944,84,400,0.011177778244018555
3945,85,400,0.011170148849487305
3946,86,400,0.010923147201538086
3947,87,400,0.011020183563232422
3948,88,400,0.010718822479248047
3949,89,400,0.010819196701049805
3950,90,400,0.010885000228881836
3951,91,400,0.010878324508666992
3952,92,400,0.010706663131713867
3953,93,400,0.01071310043334961
3954,94,400,0.010091066360473633
3955,95,400,0.010385990142822266
3956,96,400,0.0103302001953125
3957,97,400,0.010339498519897461
3958,98,400,0.010255098342895508
3959,99,400,0.009987354278564453
3960,1,410,0.047702789306640625
3961,2,410,0.03813505172729492
3962,3,410,0.030790090560913086
3963,4,410,0.03171992301940918
3964,5,410,0.035910606384277344
3965,6,410,0.036391496658325195
3966,7,410,0.03680300712585449
3967,8,410,0.03592181205749512
3968,9,410,0.02703714370727539
3969,10,410,0.02708888053894043
3970,11,410,0.03541159629821777
3971,12,410,0.03448891639709473
3972,13,410,0.03371477127075195
3973,14,410,0.03272724151611328
3974,15,410,0.03210258483886719
3975,16,410,0.032210588455200195
3976,17,410,0.03212738037109375
3977,18,410,0.031562089920043945
3978,19,410,0.030501365661621094
3979,20,410,0.029596805572509766
3980,21,410,0.029152631759643555
3981,22,410,0.02877664566040039
3982,23,410,0.028351306915283203
3983,24,410,0.027675390243530273
3984,25,410,0.026751041412353516
3985,26,410,0.026205778121948242
3986,27,410,0.02548694610595703
3987,28,410,0.02533721923828125
3988,29,410,0.025342226028442383
3989,30,410,0.018259048461914062
3990,31,410,0.028252601623535156
3991,32,410,0.023089885711669922
3992,33,410,0.02260875701904297
3993,34,410,0.022199392318725586
3994,35,410,0.0222320556640625
3995,36,410,0.022087574005126953
3996,37,410,0.021325349807739258
3997,38,410,0.0208437442779541
3998,39,410,0.02016925811767578
3999,40,410,0.02054595947265625
4000,41,410,0.01969122886657715
4001,42,410,0.020462751388549805
4002,43,410,0.019404172897338867
4003,44,410,0.018874406814575195
4004,45,410,0.018436670303344727
4005,46,410,0.018219947814941406
4006,47,410,0.01806044578552246
4007,48,410,0.01767444610595703
4008,49,410,0.01765131950378418
4009,50,410,0.018702983856201172
4010,51,410,0.016806364059448242
4011,52,410,0.016609668731689453
4012,53,410,0.016208648681640625
4013,54,410,0.01631927490234375
4014,55,410,0.01614975929260254
4015,56,410,0.01579141616821289
4016,57,410,0.015655517578125
4017,58,410,0.015522480010986328
4018,59,410,0.01501011848449707
4019,60,410,0.015184879302978516
4020,61,410,0.015552997589111328
4021,62,410,0.014820575714111328
4022,63,410,0.016127347946166992
4023,64,410,0.014440536499023438
4024,65,410,0.013211965560913086
4025,66,410,0.014175653457641602
4026,67,410,0.014163494110107422
4027,68,410,0.013957500457763672
4028,69,410,0.01360630989074707
4029,70,410,0.013242006301879883
4030,71,410,0.014291524887084961
4031,72,410,0.0128173828125
4032,73,410,0.012642145156860352
4033,74,410,0.012861251831054688
4034,75,410,0.012647151947021484
4035,76,410,0.012609004974365234
4036,77,410,0.012743234634399414
4037,78,410,0.012404680252075195
4038,79,410,0.012211084365844727
4039,80,410,0.01210474967956543
4040,81,410,0.012089014053344727
4041,82,410,0.011923074722290039
4042,83,410,0.01198434829711914
4043,84,410,0.01176762580871582
4044,85,410,0.012839555740356445
4045,86,410,0.011717796325683594
4046,87,410,0.011666059494018555
4047,88,410,0.011404991149902344
4048,89,410,0.012634992599487305
4049,90,410,0.012963533401489258
4050,91,410,0.01107168197631836
4051,92,410,0.01213383674621582
4052,93,410,0.011051177978515625
4053,94,410,0.010938405990600586
4054,95,410,0.010927200317382812
4055,96,410,0.010833263397216797
4056,97,410,0.012313127517700195
4057,98,410,0.011921167373657227
4058,99,410,0.010750532150268555
4059,1,420,0.06095099449157715
4060,2,420,0.038034915924072266
4061,3,420,0.04012322425842285
4062,4,420,0.03605937957763672
4063,5,420,0.037445783615112305
4064,6,420,0.036400794982910156
4065,7,420,0.03671145439147949
4066,8,420,0.03708481788635254
4067,9,420,0.03821754455566406
4068,10,420,0.037508487701416016
4069,11,420,0.03706860542297363
4070,12,420,0.03627610206604004
4071,13,420,0.03523445129394531
4072,14,420,0.0341033935546875
4073,15,420,0.0337071418762207
4074,16,420,0.03363347053527832
4075,17,420,0.03377819061279297
4076,18,420,0.021689653396606445
4077,19,420,0.0324249267578125
4078,20,420,0.03099346160888672
4079,21,420,0.025854110717773438
4080,22,420,0.029849529266357422
4081,23,420,0.02970600128173828
4082,24,420,0.02885723114013672
4083,25,420,0.02816939353942871
4084,26,420,0.027121782302856445
4085,27,420,0.027261972427368164
4086,28,420,0.02641606330871582
4087,29,420,0.026430130004882812
4088,30,420,0.024907588958740234
4089,31,420,0.025157928466796875
4090,32,420,0.024355173110961914
4091,33,420,0.023860931396484375
4092,34,420,0.01711559295654297
4093,35,420,0.023644685745239258
4094,36,420,0.023220539093017578
4095,37,420,0.023451566696166992
4096,38,420,0.02269721031188965
4097,39,420,0.019108295440673828
4098,40,420,0.021575212478637695
4099,41,420,0.02168893814086914
4100,42,420,0.02102947235107422
4101,43,420,0.020714998245239258
4102,44,420,0.01731562614440918
4103,45,420,0.01965165138244629
4104,46,420,0.019657135009765625
4105,47,420,0.018565893173217773
4106,48,420,0.018924951553344727
4107,49,420,0.019639015197753906
4108,50,420,0.018543243408203125
4109,51,420,0.018999814987182617
4110,52,420,0.01870441436767578
4111,53,420,0.018146276473999023
4112,54,420,0.01725006103515625
4113,55,420,0.018093347549438477
4114,56,420,0.016834259033203125
4115,57,420,0.01658940315246582
4116,58,420,0.016588211059570312
4117,59,420,0.016228914260864258
4118,60,420,0.015743732452392578
4119,61,420,0.015888214111328125
4120,62,420,0.015563011169433594
4121,63,420,0.015322208404541016
4122,64,420,0.015088558197021484
4123,65,420,0.01488947868347168
4124,66,420,0.014884233474731445
4125,67,420,0.014794111251831055
4126,68,420,0.014517545700073242
4127,69,420,0.01447296142578125
4128,70,420,0.014229536056518555
4129,71,420,0.014099597930908203
4130,72,420,0.013516664505004883
4131,73,420,0.013469219207763672
4132,74,420,0.013159751892089844
4133,75,420,0.013242959976196289
4134,76,420,0.013545751571655273
4135,77,420,0.013169527053833008
4136,78,420,0.012927055358886719
4137,79,420,0.013050317764282227
4138,80,420,0.012854337692260742
4139,81,420,0.012532472610473633
4140,82,420,0.012677907943725586
4141,83,420,0.012358427047729492
4142,84,420,0.012393474578857422
4143,85,420,0.012317180633544922
4144,86,420,0.012343645095825195
4145,87,420,0.01215815544128418
4146,88,420,0.01215219497680664
4147,89,420,0.012123584747314453
4148,90,420,0.011850595474243164
4149,91,420,0.011876344680786133
4150,92,420,0.01168513298034668
4151,93,420,0.011645317077636719
4152,94,420,0.01165628433227539
4153,95,420,0.01164388656616211
4154,96,420,0.011588335037231445
4155,97,420,0.011402130126953125
4156,98,420,0.011328935623168945
4157,99,420,0.011363744735717773
4158,1,430,0.05144524574279785
4159,2,430,0.039377450942993164
4160,3,430,0.04072856903076172
4161,4,430,0.03523445129394531
4162,5,430,0.032623291015625
4163,6,430,0.028319120407104492
4164,7,430,0.03938746452331543
4165,8,430,0.037517547607421875
4166,9,430,0.038965702056884766
4167,10,430,0.04006314277648926
4168,11,430,0.03874373435974121
4169,12,430,0.0347137451171875
4170,13,430,0.0334162712097168
4171,14,430,0.03574943542480469
4172,15,430,0.03598308563232422
4173,16,430,0.03523421287536621
4174,17,430,0.03545856475830078
4175,18,430,0.03456234931945801
4176,19,430,0.03332233428955078
4177,20,430,0.03221464157104492
4178,21,430,0.032193899154663086
4179,22,430,0.03157472610473633
4180,23,430,0.030930280685424805
4181,24,430,0.031958818435668945
4182,25,430,0.029171228408813477
4183,26,430,0.03145003318786621
4184,27,430,0.022451400756835938
4185,28,430,0.02832961082458496
4186,29,430,0.024438142776489258
4187,30,430,0.027619123458862305
4188,31,430,0.02721118927001953
4189,32,430,0.02645730972290039
4190,33,430,0.02570199966430664
4191,34,430,0.024932384490966797
4192,35,430,0.0245206356048584
4193,36,430,0.02410721778869629
4194,37,430,0.02385997772216797
4195,38,430,0.023378849029541016
4196,39,430,0.0225675106048584
4197,40,430,0.022194862365722656
4198,41,430,0.022707223892211914
4199,42,430,0.021872997283935547
4200,43,430,0.02193284034729004
4201,44,430,0.020977497100830078
4202,45,430,0.021054983139038086
4203,46,430,0.020095109939575195
4204,47,430,0.0185086727142334
4205,48,430,0.019747495651245117
4206,49,430,0.019758939743041992
4207,50,430,0.01873946189880371
4208,51,430,0.018463134765625
4209,52,430,0.01848602294921875
4210,53,430,0.01819014549255371
4211,54,430,0.017743825912475586
4212,55,430,0.017087697982788086
4213,56,430,0.017464160919189453
4214,57,430,0.01731085777282715
4215,58,430,0.016726016998291016
4216,59,430,0.016710996627807617
4217,60,430,0.016870737075805664
4218,61,430,0.016544818878173828
4219,62,430,0.016097307205200195
4220,63,430,0.01605057716369629
4221,64,430,0.01562643051147461
4222,65,430,0.013413429260253906
4223,66,430,0.015677690505981445
4224,67,430,0.015228271484375
4225,68,430,0.015250444412231445
4226,69,430,0.01505279541015625
4227,70,430,0.014854192733764648
4228,71,430,0.015346050262451172
4229,72,430,0.014451980590820312
4230,73,430,0.014954566955566406
4231,74,430,0.013724327087402344
4232,75,430,0.013811588287353516
4233,76,430,0.013593435287475586
4234,77,430,0.013245582580566406
4235,78,430,0.013550043106079102
4236,79,430,0.013463020324707031
4237,80,430,0.013317346572875977
4238,81,430,0.013364791870117188
4239,82,430,0.013321161270141602
4240,83,430,0.013234376907348633
4241,84,430,0.013037681579589844
4242,85,430,0.012900352478027344
4243,86,430,0.012847185134887695
4244,87,430,0.012593507766723633
4245,88,430,0.007416248321533203
4246,89,430,0.012485742568969727
4247,90,430,0.012321233749389648
4248,91,430,0.012378454208374023
4249,92,430,0.012387990951538086
4250,93,430,0.012216567993164062
4251,94,430,0.011937856674194336
4252,95,430,0.012067317962646484
4253,96,430,0.011859655380249023
4254,97,430,0.011901378631591797
4255,98,430,0.011879920959472656
4256,99,430,0.007251739501953125
4257,1,440,0.05457353591918945
4258,2,440,0.04434823989868164
4259,3,440,0.03528761863708496
4260,4,440,0.032494544982910156
4261,5,440,0.03636050224304199
4262,6,440,0.03476881980895996
4263,7,440,0.032440185546875
4264,8,440,0.034514427185058594
4265,9,440,0.03178143501281738
4266,10,440,0.03617238998413086
4267,11,440,0.04120922088623047
4268,12,440,0.040354013442993164
4269,13,440,0.03978538513183594
4270,14,440,0.038025617599487305
4271,15,440,0.03774547576904297
4272,16,440,0.037816524505615234
4273,17,440,0.025942087173461914
4274,18,440,0.036599159240722656
4275,19,440,0.03554701805114746
4276,20,440,0.03461408615112305
4277,21,440,0.026697874069213867
4278,22,440,0.03380298614501953
4279,23,440,0.03213214874267578
4280,24,440,0.031193971633911133
4281,25,440,0.03148388862609863
4282,26,440,0.026329517364501953
4283,27,440,0.029810428619384766
4284,28,440,0.029990196228027344
4285,29,440,0.029353618621826172
4286,30,440,0.028743982315063477
4287,31,440,0.02839374542236328
4288,32,440,0.027127981185913086
4289,33,440,0.026553869247436523
4290,34,440,0.026044130325317383
4291,35,440,0.026142597198486328
4292,36,440,0.025254487991333008
4293,37,440,0.025548696517944336
4294,38,440,0.024552106857299805
4295,39,440,0.014230966567993164
4296,40,440,0.023444652557373047
4297,41,440,0.023536205291748047
4298,42,440,0.023350954055786133
4299,43,440,0.02328324317932129
4300,44,440,0.022603273391723633
4301,45,440,0.022365570068359375
4302,46,440,0.021462440490722656
4303,47,440,0.021509647369384766
4304,48,440,0.021326065063476562
4305,49,440,0.02124500274658203
4306,50,440,0.02074408531188965
4307,51,440,0.019573211669921875
4308,52,440,0.01985335350036621
4309,53,440,0.019679546356201172
4310,54,440,0.019345760345458984
4311,55,440,0.019161462783813477
4312,56,440,0.01866912841796875
4313,57,440,0.018428802490234375
4314,58,440,0.018700122833251953
4315,59,440,0.018223047256469727
4316,60,440,0.01664113998413086
4317,61,440,0.017396926879882812
4318,62,440,0.016898393630981445
4319,63,440,0.016791582107543945
4320,64,440,0.01644611358642578
4321,65,440,0.016340017318725586
4322,66,440,0.016249418258666992
4323,67,440,0.015989303588867188
4324,68,440,0.015753746032714844
4325,69,440,0.015005826950073242
4326,70,440,0.01558232307434082
4327,71,440,0.015479087829589844
4328,72,440,0.015363693237304688
4329,73,440,0.015253305435180664
4330,74,440,0.01531076431274414
4331,75,440,0.015133380889892578
4332,76,440,0.014544248580932617
4333,77,440,0.014086723327636719
4334,78,440,0.013959407806396484
4335,79,440,0.013853073120117188
4336,80,440,0.01390385627746582
4337,81,440,0.013798236846923828
4338,82,440,0.013749122619628906
4339,83,440,0.014033079147338867
4340,84,440,0.013742208480834961
4341,85,440,0.013579130172729492
4342,86,440,0.013357877731323242
4343,87,440,0.013223648071289062
4344,88,440,0.013128519058227539
4345,89,440,0.013079404830932617
4346,90,440,0.013071298599243164
4347,91,440,0.012908220291137695
4348,92,440,0.012608528137207031
4349,93,440,0.012881278991699219
4350,94,440,0.01267552375793457
4351,95,440,0.012512683868408203
4352,96,440,0.012421369552612305
4353,97,440,0.012436628341674805
4354,98,440,0.012357950210571289
4355,99,440,0.012431621551513672
4356,1,450,0.05546236038208008
4357,2,450,0.046144962310791016
4358,3,450,0.04510354995727539
4359,4,450,0.03891420364379883
4360,5,450,0.04053807258605957
4361,6,450,0.03248476982116699
4362,7,450,0.04413437843322754
4363,8,450,0.042803287506103516
4364,9,450,0.0429532527923584
4365,10,450,0.03934073448181152
4366,11,450,0.042209625244140625
4367,12,450,0.041639089584350586
4368,13,450,0.02785658836364746
4369,14,450,0.039972782135009766
4370,15,450,0.03901934623718262
4371,16,450,0.026035070419311523
4372,17,450,0.039865970611572266
4373,18,450,0.03821539878845215
4374,19,450,0.03163433074951172
4375,20,450,0.03536510467529297
4376,21,450,0.03511834144592285
4377,22,450,0.03439760208129883
4378,23,450,0.03405308723449707
4379,24,450,0.03219723701477051
4380,25,450,0.03234243392944336
4381,26,450,0.03109145164489746
4382,27,450,0.03039240837097168
4383,28,450,0.03026747703552246
4384,29,450,0.030022621154785156
4385,30,450,0.029138565063476562
4386,31,450,0.02838897705078125
4387,32,450,0.028286218643188477
4388,33,450,0.027973651885986328
4389,34,450,0.026804208755493164
4390,35,450,0.026665449142456055
4391,36,450,0.026407718658447266
4392,37,450,0.02576589584350586
4393,38,450,0.024997472763061523
4394,39,450,0.022396326065063477
4395,40,450,0.022638797760009766
4396,41,450,0.025394439697265625
4397,42,450,0.021895170211791992
4398,43,450,0.023557662963867188
4399,44,450,0.023070335388183594
4400,45,450,0.022242069244384766
4401,46,450,0.02230381965637207
4402,47,450,0.021436214447021484
4403,48,450,0.02130746841430664
4404,49,450,0.021248817443847656
4405,50,450,0.019467592239379883
4406,51,450,0.02031564712524414
4407,52,450,0.01862502098083496
4408,53,450,0.01981520652770996
4409,54,450,0.019762039184570312
4410,55,450,0.019526004791259766
4411,56,450,0.019003629684448242
4412,57,450,0.01846146583557129
4413,58,450,0.018487930297851562
4414,59,450,0.018521785736083984
4415,60,450,0.01801013946533203
4416,61,450,0.01793980598449707
4417,62,450,0.017702102661132812
4418,63,450,0.0176544189453125
4419,64,450,0.017199993133544922
4420,65,450,0.01707291603088379
4421,66,450,0.016954421997070312
4422,67,450,0.01660633087158203
4423,68,450,0.016415834426879883
4424,69,450,0.016481399536132812
4425,70,450,0.016201496124267578
4426,71,450,0.01610255241394043
4427,72,450,0.016166210174560547
4428,73,450,0.015941143035888672
4429,74,450,0.01586127281188965
4430,75,450,0.015632152557373047
4431,76,450,0.015003204345703125
4432,77,450,0.014890909194946289
4433,78,450,0.014898538589477539
4434,79,450,0.014483928680419922
4435,80,450,0.01454019546508789
4436,81,450,0.014737844467163086
4437,82,450,0.014578819274902344
4438,83,450,0.01407003402709961
4439,84,450,0.014857292175292969
4440,85,450,0.014201164245605469
4441,86,450,0.013903617858886719
4442,87,450,0.014423370361328125
4443,88,450,0.013652801513671875
4444,89,450,0.013613700866699219
4445,90,450,0.013599157333374023
4446,91,450,0.013269186019897461
4447,92,450,0.013289213180541992
4448,93,450,0.01322031021118164
4449,94,450,0.012861251831054688
4450,95,450,0.013228893280029297
4451,96,450,0.013203859329223633
4452,97,450,0.012914896011352539
4453,98,450,0.012717008590698242
4454,99,450,0.012475013732910156
4455,1,460,0.05793571472167969
4456,2,460,0.044942378997802734
4457,3,460,0.03853654861450195
4458,4,460,0.03892040252685547
4459,5,460,0.035729408264160156
4460,6,460,0.042220354080200195
4461,7,460,0.041985511779785156
4462,8,460,0.0358884334564209
4463,9,460,0.04435396194458008
4464,10,460,0.04080986976623535
4465,11,460,0.044129133224487305
4466,12,460,0.04412412643432617
4467,13,460,0.042113304138183594
4468,14,460,0.04052162170410156
4469,15,460,0.04071307182312012
4470,16,460,0.04125380516052246
4471,17,460,0.04131960868835449
4472,18,460,0.040060997009277344
4473,19,460,0.038771867752075195
4474,20,460,0.03760957717895508
4475,21,460,0.03747081756591797
4476,22,460,0.035962581634521484
4477,23,460,0.036067962646484375
4478,24,460,0.03535294532775879
4479,25,460,0.03371691703796387
4480,26,460,0.03252744674682617
4481,27,460,0.03282046318054199
4482,28,460,0.03185725212097168
4483,29,460,0.031960248947143555
4484,30,460,0.03160405158996582
4485,31,460,0.03101491928100586
4486,32,460,0.02963113784790039
4487,33,460,0.029448986053466797
4488,34,460,0.029011011123657227
4489,35,460,0.027576923370361328
4490,36,460,0.02732563018798828
4491,37,460,0.027465105056762695
4492,38,460,0.026586294174194336
4493,39,460,0.023203372955322266
4494,40,460,0.026340007781982422
4495,41,460,0.02596449851989746
4496,42,460,0.025115966796875
4497,43,460,0.025191307067871094
4498,44,460,0.02461719512939453
4499,45,460,0.024290800094604492
4500,46,460,0.023947954177856445
4501,47,460,0.02340841293334961
4502,48,460,0.023057937622070312
4503,49,460,0.025074005126953125
4504,50,460,0.022749900817871094
4505,51,460,0.022348403930664062
4506,52,460,0.022415876388549805
4507,53,460,0.021300315856933594
4508,54,460,0.020938873291015625
4509,55,460,0.02089405059814453
4510,56,460,0.020356416702270508
4511,57,460,0.02028059959411621
4512,58,460,0.019745349884033203
4513,59,460,0.01953887939453125
4514,60,460,0.01907825469970703
4515,61,460,0.019671201705932617
4516,62,460,0.0189516544342041
4517,63,460,0.018719911575317383
4518,64,460,0.018834590911865234
4519,65,460,0.018420934677124023
4520,66,460,0.017927169799804688
4521,67,460,0.018244504928588867
4522,68,460,0.018181324005126953
4523,69,460,0.01791238784790039
4524,70,460,0.016994714736938477
4525,71,460,0.016665220260620117
4526,72,460,0.016803503036499023
4527,73,460,0.017123699188232422
4528,74,460,0.016983985900878906
4529,75,460,0.016797304153442383
4530,76,460,0.016453027725219727
4531,77,460,0.01644110679626465
4532,78,460,0.01612114906311035
4533,79,460,0.015717744827270508
4534,80,460,0.015739917755126953
4535,81,460,0.015257596969604492
4536,82,460,0.015087127685546875
4537,83,460,0.015256166458129883
4538,84,460,0.015050649642944336
4539,85,460,0.014843225479125977
4540,86,460,0.015378236770629883
4541,87,460,0.014978408813476562
4542,88,460,0.0148468017578125
4543,89,460,0.014717578887939453
4544,90,460,0.014454126358032227
4545,91,460,0.014273405075073242
4546,92,460,0.014548778533935547
4547,93,460,0.014467000961303711
4548,94,460,0.01429438591003418
4549,95,460,0.014286279678344727
4550,96,460,0.013519525527954102
4551,97,460,0.014188051223754883
4552,98,460,0.013930082321166992
4553,99,460,0.013927936553955078
4554,1,470,0.06008458137512207
4555,2,470,0.04775404930114746
4556,3,470,0.0381932258605957
4557,4,470,0.04563260078430176
4558,5,470,0.046090126037597656
4559,6,470,0.03636503219604492
4560,7,470,0.04877519607543945
4561,8,470,0.040457963943481445
4562,9,470,0.046912431716918945
4563,10,470,0.047019004821777344
4564,11,470,0.04362225532531738
4565,12,470,0.046019792556762695
4566,13,470,0.04476666450500488
4567,14,470,0.044123172760009766
4568,15,470,0.02974987030029297
4569,16,470,0.042328834533691406
4570,17,470,0.04302167892456055
4571,18,470,0.042246103286743164
4572,19,470,0.04178953170776367
4573,20,470,0.03874850273132324
4574,21,470,0.03873729705810547
4575,22,470,0.03802657127380371
4576,23,470,0.037754058837890625
4577,24,470,0.03752255439758301
4578,25,470,0.03605341911315918
4579,26,470,0.034758806228637695
4580,27,470,0.033571481704711914
4581,28,470,0.03354382514953613
4582,29,470,0.0328369140625
4583,30,470,0.0325775146484375
4584,31,470,0.03190803527832031
4585,32,470,0.03126955032348633
4586,33,470,0.030669689178466797
4587,34,470,0.03004312515258789
4588,35,470,0.029558897018432617
4589,36,470,0.02965569496154785
4590,37,470,0.028875112533569336
4591,38,470,0.0283203125
4592,39,470,0.027454376220703125
4593,40,470,0.027302265167236328
4594,41,470,0.0266115665435791
4595,42,470,0.026672840118408203
4596,43,470,0.026247262954711914
4597,44,470,0.024619102478027344
4598,45,470,0.02530193328857422
4599,46,470,0.024410724639892578
4600,47,470,0.024184465408325195
4601,48,470,0.023380756378173828
4602,49,470,0.023965120315551758
4603,50,470,0.022916078567504883
4604,51,470,0.023116350173950195
4605,52,470,0.02240300178527832
4606,53,470,0.022307395935058594
4607,54,470,0.02217411994934082
4608,55,470,0.021904706954956055
4609,56,470,0.020968914031982422
4610,57,470,0.021309852600097656
4611,58,470,0.021031618118286133
4612,59,470,0.020598888397216797
4613,60,470,0.02022099494934082
4614,61,470,0.019702672958374023
4615,62,470,0.020081043243408203
4616,63,470,0.019693374633789062
4617,64,470,0.019159793853759766
4618,65,470,0.019144773483276367
4619,66,470,0.0191495418548584
4620,67,470,0.017949342727661133
4621,68,470,0.01805567741394043
4622,69,470,0.01807236671447754
4623,70,470,0.018112659454345703
4624,71,470,0.01798272132873535
4625,72,470,0.018234968185424805
4626,73,470,0.01790452003479004
4627,74,470,0.017742395401000977
4628,75,470,0.0176699161529541
4629,76,470,0.0172879695892334
4630,77,470,0.017328739166259766
4631,78,470,0.01717996597290039
4632,79,470,0.01684260368347168
4633,80,470,0.0162503719329834
4634,81,470,0.016124486923217773
4635,82,470,0.01589488983154297
4636,83,470,0.015606880187988281
4637,84,470,0.015802621841430664
4638,85,470,0.00929570198059082
4639,86,470,0.015244245529174805
4640,87,470,0.015403509140014648
4641,88,470,0.015329837799072266
4642,89,470,0.015581369400024414
4643,90,470,0.016161441802978516
4644,91,470,0.015281915664672852
4645,92,470,0.014866113662719727
4646,93,470,0.009118795394897461
4647,94,470,0.015012264251708984
4648,95,470,0.01473689079284668
4649,96,470,0.014816522598266602
4650,97,470,0.01489877700805664
4651,98,470,0.014507532119750977
4652,99,470,0.014696836471557617
4653,1,480,0.062304019927978516
4654,2,480,0.05385231971740723
4655,3,480,0.043050289154052734
4656,4,480,0.04349827766418457
4657,5,480,0.03435158729553223
4658,6,480,0.04451251029968262
4659,7,480,0.04733753204345703
4660,8,480,0.0399012565612793
4661,9,480,0.04941368103027344
4662,10,480,0.04912567138671875
4663,11,480,0.03957986831665039
4664,12,480,0.04797172546386719
4665,13,480,0.04699373245239258
4666,14,480,0.04172492027282715
4667,15,480,0.04506373405456543
4668,16,480,0.044625043869018555
4669,17,480,0.0450901985168457
4670,18,480,0.04474902153015137
4671,19,480,0.04262042045593262
4672,20,480,0.041140079498291016
4673,21,480,0.03978681564331055
4674,22,480,0.04009556770324707
4675,23,480,0.04085588455200195
4676,24,480,0.0391845703125
4677,25,480,0.03776717185974121
4678,26,480,0.028204679489135742
4679,27,480,0.03580737113952637
4680,28,480,0.03514385223388672
4681,29,480,0.034560441970825195
4682,30,480,0.03517794609069824
4683,31,480,0.0334930419921875
4684,32,480,0.03217768669128418
4685,33,480,0.031862497329711914
4686,34,480,0.03199625015258789
4687,35,480,0.030322551727294922
4688,36,480,0.030484437942504883
4689,37,480,0.029952049255371094
4690,38,480,0.0289919376373291
4691,39,480,0.028904438018798828
4692,40,480,0.028190135955810547
4693,41,480,0.02827143669128418
4694,42,480,0.028122901916503906
4695,43,480,0.026854991912841797
4696,44,480,0.024590253829956055
4697,45,480,0.026230812072753906
4698,46,480,0.02606940269470215
4699,47,480,0.024967670440673828
4700,48,480,0.024918794631958008
4701,49,480,0.02484917640686035
4702,50,480,0.024511337280273438
4703,51,480,0.023629188537597656
4704,52,480,0.023982524871826172
4705,53,480,0.023618459701538086
4706,54,480,0.023179054260253906
4707,55,480,0.022937536239624023
4708,56,480,0.02251434326171875
4709,57,480,0.022104501724243164
4710,58,480,0.022132396697998047
4711,59,480,0.02216315269470215
4712,60,480,0.02124786376953125
4713,61,480,0.021001338958740234
4714,62,480,0.020651817321777344
4715,63,480,0.020755767822265625
4716,64,480,0.02045440673828125
4717,65,480,0.020390987396240234
4718,66,480,0.020091772079467773
4719,67,480,0.02034139633178711
4720,68,480,0.019794464111328125
4721,69,480,0.019565820693969727
4722,70,480,0.01899886131286621
4723,71,480,0.019159555435180664
4724,72,480,0.01909780502319336
4725,73,480,0.018782615661621094
4726,74,480,0.018808603286743164
4727,75,480,0.018582820892333984
4728,76,480,0.018328428268432617
4729,77,480,0.018285512924194336
4730,78,480,0.018189668655395508
4731,79,480,0.01869988441467285
4732,80,480,0.018015623092651367
4733,81,480,0.017557859420776367
4734,82,480,0.017128467559814453
4735,83,480,0.016867399215698242
4736,84,480,0.016688823699951172
4737,85,480,0.01647329330444336
4738,86,480,0.015898704528808594
4739,87,480,0.016659021377563477
4740,88,480,0.016176462173461914
4741,89,480,0.016370058059692383
4742,90,480,0.016413211822509766
4743,91,480,0.016045093536376953
4744,92,480,0.016085386276245117
4745,93,480,0.015730857849121094
4746,94,480,0.015091657638549805
4747,95,480,0.01526951789855957
4748,96,480,0.015293598175048828
4749,97,480,0.015216588973999023
4750,98,480,0.015208244323730469
4751,99,480,0.01486659049987793
4752,1,490,0.0642709732055664
4753,2,490,0.05310344696044922
4754,3,490,0.03910517692565918
4755,4,490,0.042623281478881836
4756,5,490,0.04668307304382324
4757,6,490,0.053437232971191406
4758,7,490,0.04895496368408203
4759,8,490,0.04130077362060547
4760,9,490,0.05086088180541992
4761,10,490,0.0508122444152832
4762,11,490,0.05083298683166504
4763,12,490,0.05118298530578613
4764,13,490,0.048717498779296875
4765,14,490,0.04734659194946289
4766,15,490,0.03307843208312988
4767,16,490,0.0465092658996582
4768,17,490,0.046713829040527344
4769,18,490,0.039057254791259766
4770,19,490,0.04585695266723633
4771,20,490,0.04267168045043945
4772,21,490,0.032145023345947266
4773,22,490,0.02846360206604004
4774,23,490,0.041168212890625
4775,24,490,0.039981842041015625
4776,25,490,0.03937101364135742
4777,26,490,0.03757190704345703
4778,27,490,0.036899566650390625
4779,28,490,0.03735518455505371
4780,29,490,0.036040544509887695
4781,30,490,0.035770416259765625
4782,31,490,0.02280402183532715
4783,32,490,0.033247947692871094
4784,33,490,0.03381919860839844
4785,34,490,0.03282666206359863
4786,35,490,0.0325016975402832
4787,36,490,0.03207850456237793
4788,37,490,0.03169131278991699
4789,38,490,0.03144693374633789
4790,39,490,0.030501604080200195
4791,40,490,0.0298764705657959
4792,41,490,0.02942514419555664
4793,42,490,0.02938079833984375
4794,43,490,0.028760671615600586
4795,44,490,0.02790689468383789
4796,45,490,0.027278423309326172
4797,46,490,0.026803016662597656
4798,47,490,0.026635408401489258
4799,48,490,0.02517843246459961
4800,49,490,0.026033878326416016
4801,50,490,0.034009695053100586
4802,51,490,0.0252535343170166
4803,52,490,0.02445244789123535
4804,53,490,0.028443574905395508
4805,54,490,0.030038118362426758
4806,55,490,0.02389693260192871
4807,56,490,0.021716594696044922
4808,57,490,0.022829294204711914
4809,58,490,0.022611618041992188
4810,59,490,0.015786170959472656
4811,60,490,0.022176742553710938
4812,61,490,0.02198338508605957
4813,62,490,0.02144336700439453
4814,63,490,0.021386146545410156
4815,64,490,0.019676923751831055
4816,65,490,0.021031856536865234
4817,66,490,0.020940780639648438
4818,67,490,0.020003557205200195
4819,68,490,0.02080845832824707
4820,69,490,0.02040553092956543
4821,70,490,0.0188906192779541
4822,71,490,0.019755840301513672
4823,72,490,0.013311147689819336
4824,73,490,0.019102811813354492
4825,74,490,0.0189361572265625
4826,75,490,0.018980979919433594
4827,76,490,0.018804073333740234
4828,77,490,0.011054277420043945
4829,78,490,0.01839160919189453
4830,79,490,0.018407106399536133
4831,80,490,0.018124818801879883
4832,81,490,0.017915964126586914
4833,82,490,0.017704010009765625
4834,83,490,0.017376422882080078
4835,84,490,0.017068147659301758
4836,85,490,0.016892671585083008
4837,86,490,0.0175173282623291
4838,87,490,0.016565322875976562
4839,88,490,0.016552448272705078
4840,89,490,0.016655683517456055
4841,90,490,0.01075291633605957
4842,91,490,0.016435623168945312
4843,92,490,0.016524076461791992
4844,93,490,0.01629924774169922
4845,94,490,0.01641392707824707
4846,95,490,0.016220808029174805
4847,96,490,0.00910186767578125
4848,97,490,0.015632152557373047
4849,98,490,0.015874385833740234
4850,99,490,0.01575946807861328
