,l_xy,n_pts,time
0,1,10,1.0058209896087646
1,2,10,8.940696716308594e-05
2,3,10,8.893013000488281e-05
3,4,10,6.246566772460938e-05
4,5,10,6.508827209472656e-05
5,6,10,5.555152893066406e-05
6,7,10,8.296966552734375e-05
7,8,10,5.1021575927734375e-05
8,9,10,5.602836608886719e-05
9,10,10,7.224082946777344e-05
10,11,10,4.363059997558594e-05
11,12,10,4.57763671875e-05
12,13,10,4.458427429199219e-05
13,14,10,5.173683166503906e-05
14,15,10,4.9591064453125e-05
15,16,10,4.315376281738281e-05
16,17,10,4.4345855712890625e-05
17,18,10,4.887580871582031e-05
18,19,10,5.0067901611328125e-05
19,20,10,3.8623809814453125e-05
20,21,10,4.673004150390625e-05
21,22,10,4.124641418457031e-05
22,23,10,5.364418029785156e-05
23,24,10,3.504753112792969e-05
24,25,10,3.933906555175781e-05
25,26,10,4.601478576660156e-05
26,27,10,3.647804260253906e-05
27,28,10,3.7670135498046875e-05
28,29,10,2.9802322387695312e-05
29,30,10,4.38690185546875e-05
30,31,10,3.8623809814453125e-05
31,32,10,4.649162292480469e-05
32,33,10,4.38690185546875e-05
33,34,10,3.7670135498046875e-05
34,35,10,3.123283386230469e-05
35,36,10,3.314018249511719e-05
36,37,10,3.337860107421875e-05
37,38,10,3.0040740966796875e-05
38,39,10,3.170967102050781e-05
39,40,10,3.361701965332031e-05
40,41,10,3.790855407714844e-05
41,42,10,3.910064697265625e-05
42,43,10,3.8623809814453125e-05
43,44,10,3.170967102050781e-05
44,45,10,3.075599670410156e-05
45,46,10,3.3855438232421875e-05
46,47,10,3.075599670410156e-05
47,48,10,2.956390380859375e-05
48,49,10,3.0994415283203125e-05
49,50,10,4.3392181396484375e-05
50,51,10,2.9802322387695312e-05
51,52,10,3.147125244140625e-05
52,53,10,4.172325134277344e-05
53,54,10,3.218650817871094e-05
54,55,10,3.4809112548828125e-05
55,56,10,3.504753112792969e-05
56,57,10,2.86102294921875e-05
57,58,10,3.361701965332031e-05
58,59,10,3.24249267578125e-05
59,60,10,3.933906555175781e-05
60,61,10,3.600120544433594e-05
61,62,10,3.0040740966796875e-05
62,63,10,2.9802322387695312e-05
63,64,10,3.7670135498046875e-05
64,65,10,3.147125244140625e-05
65,66,10,3.147125244140625e-05
66,67,10,3.314018249511719e-05
67,68,10,3.0040740966796875e-05
68,69,10,3.123283386230469e-05
69,70,10,4.100799560546875e-05
70,71,10,3.0994415283203125e-05
71,72,10,3.170967102050781e-05
72,73,10,3.3855438232421875e-05
73,74,10,3.075599670410156e-05
74,75,10,3.075599670410156e-05
75,76,10,3.600120544433594e-05
76,77,10,3.075599670410156e-05
77,78,10,3.147125244140625e-05
78,79,10,3.1948089599609375e-05
79,80,10,3.170967102050781e-05
80,81,10,3.0040740966796875e-05
81,82,10,3.695487976074219e-05
82,83,10,3.647804260253906e-05
83,84,10,3.0040740966796875e-05
84,85,10,3.123283386230469e-05
85,86,10,3.0040740966796875e-05
86,87,10,2.9802322387695312e-05
87,88,10,3.337860107421875e-05
88,89,10,2.9802322387695312e-05
89,90,10,3.123283386230469e-05
90,91,10,3.2901763916015625e-05
91,92,10,3.0994415283203125e-05
92,93,10,2.8848648071289062e-05
93,94,10,3.4809112548828125e-05
94,95,10,2.8133392333984375e-05
95,96,10,2.8848648071289062e-05
96,97,10,3.2901763916015625e-05
97,98,10,3.337860107421875e-05
98,99,10,2.86102294921875e-05
99,1,20,0.0002143383026123047
100,2,20,0.0001976490020751953
101,3,20,0.00014090538024902344
102,4,20,0.0001418590545654297
103,5,20,0.00012302398681640625
104,6,20,0.0001690387725830078
105,7,20,0.00011205673217773438
106,8,20,9.107589721679688e-05
107,9,20,9.1552734375e-05
108,10,20,8.654594421386719e-05
109,11,20,0.0001690387725830078
110,12,20,7.987022399902344e-05
111,13,20,0.00011014938354492188
112,14,20,8.96453857421875e-05
113,15,20,9.417533874511719e-05
114,16,20,9.965896606445312e-05
115,17,20,8.702278137207031e-05
116,18,20,9.059906005859375e-05
117,19,20,0.00011110305786132812
118,20,20,7.987022399902344e-05
119,21,20,6.580352783203125e-05
120,22,20,6.842613220214844e-05
121,23,20,0.00012135505676269531
122,24,20,0.00011539459228515625
123,25,20,6.556510925292969e-05
124,26,20,9.512901306152344e-05
125,27,20,6.747245788574219e-05
126,28,20,6.413459777832031e-05
127,29,20,0.00011086463928222656
128,30,20,8.821487426757812e-05
129,31,20,9.441375732421875e-05
130,32,20,6.604194641113281e-05
131,33,20,6.842613220214844e-05
132,34,20,7.271766662597656e-05
133,35,20,5.650520324707031e-05
134,36,20,5.602836608886719e-05
135,37,20,5.888938903808594e-05
136,38,20,5.745887756347656e-05
137,39,20,9.083747863769531e-05
138,40,20,7.534027099609375e-05
139,41,20,5.984306335449219e-05
140,42,20,6.103515625e-05
141,43,20,7.009506225585938e-05
142,44,20,5.245208740234375e-05
143,45,20,7.390975952148438e-05
144,46,20,6.246566772460938e-05
145,47,20,5.078315734863281e-05
146,48,20,5.2928924560546875e-05
147,49,20,5.054473876953125e-05
148,50,20,6.604194641113281e-05
149,51,20,6.794929504394531e-05
150,52,20,6.29425048828125e-05
151,53,20,5.245208740234375e-05
152,54,20,5.91278076171875e-05
153,55,20,7.152557373046875e-05
154,56,20,4.792213439941406e-05
155,57,20,4.57763671875e-05
156,58,20,6.0558319091796875e-05
157,59,20,5.1975250244140625e-05
158,60,20,3.7670135498046875e-05
159,61,20,4.935264587402344e-05
160,62,20,5.340576171875e-05
161,63,20,4.7206878662109375e-05
162,64,20,6.103515625e-05
163,65,20,5.125999450683594e-05
164,66,20,5.936622619628906e-05
165,67,20,5.555152893066406e-05
166,68,20,4.553794860839844e-05
167,69,20,5.2928924560546875e-05
168,70,20,5.412101745605469e-05
169,71,20,4.935264587402344e-05
170,72,20,4.1484832763671875e-05
171,73,20,4.3392181396484375e-05
172,74,20,4.839897155761719e-05
173,75,20,5.078315734863281e-05
174,76,20,4.8160552978515625e-05
175,77,20,4.172325134277344e-05
176,78,20,4.6253204345703125e-05
177,79,20,4.9114227294921875e-05
178,80,20,4.57763671875e-05
179,81,20,4.982948303222656e-05
180,82,20,4.744529724121094e-05
181,83,20,5.7220458984375e-05
182,84,20,4.2438507080078125e-05
183,85,20,5.054473876953125e-05
184,86,20,6.246566772460938e-05
185,87,20,4.982948303222656e-05
186,88,20,4.57763671875e-05
187,89,20,4.458427429199219e-05
188,90,20,4.601478576660156e-05
189,91,20,4.792213439941406e-05
190,92,20,4.2438507080078125e-05
191,93,20,5.53131103515625e-05
192,94,20,4.57763671875e-05
193,95,20,5.14984130859375e-05
194,96,20,4.9591064453125e-05
195,97,20,4.482269287109375e-05
196,98,20,5.0067901611328125e-05
197,99,20,4.410743713378906e-05
198,1,30,0.0005784034729003906
199,2,30,0.0004050731658935547
200,3,30,0.0003619194030761719
201,4,30,0.00023984909057617188
202,5,30,0.0003662109375
203,6,30,0.0002815723419189453
204,7,30,0.00020813941955566406
205,8,30,0.0002994537353515625
206,9,30,0.000194549560546875
207,10,30,0.000209808349609375
208,11,30,0.0003483295440673828
209,12,30,0.0002982616424560547
210,13,30,0.000164031982421875
211,14,30,0.00027871131896972656
212,15,30,0.0002219676971435547
213,16,30,0.00018167495727539062
214,17,30,0.0002219676971435547
215,18,30,0.00013589859008789062
216,19,30,0.0001938343048095703
217,20,30,0.00014448165893554688
218,21,30,0.0002579689025878906
219,22,30,0.00014901161193847656
220,23,30,0.0001628398895263672
221,24,30,0.00021147727966308594
222,25,30,0.0001442432403564453
223,26,30,0.0001742839813232422
224,27,30,0.00010561943054199219
225,28,30,0.00018334388732910156
226,29,30,0.00014925003051757812
227,30,30,0.0001361370086669922
228,31,30,9.942054748535156e-05
229,32,30,0.0001666545867919922
230,33,30,9.202957153320312e-05
231,34,30,9.465217590332031e-05
232,35,30,0.00016641616821289062
233,36,30,8.7738037109375e-05
234,37,30,9.703636169433594e-05
235,38,30,0.0001068115234375
236,39,30,9.1552734375e-05
237,40,30,9.489059448242188e-05
238,41,30,0.00017452239990234375
239,42,30,9.870529174804688e-05
240,43,30,0.000141143798828125
241,44,30,8.96453857421875e-05
242,45,30,0.0001418590545654297
243,46,30,0.00014972686767578125
244,47,30,0.0001499652862548828
245,48,30,9.989738464355469e-05
246,49,30,8.368492126464844e-05
247,50,30,0.00011730194091796875
248,51,30,0.00011873245239257812
249,52,30,0.00013756752014160156
250,53,30,0.00010967254638671875
251,54,30,0.00010561943054199219
252,55,30,0.0001232624053955078
253,56,30,8.96453857421875e-05
254,57,30,8.893013000488281e-05
255,58,30,8.034706115722656e-05
256,59,30,8.368492126464844e-05
257,60,30,0.00010228157043457031
258,61,30,0.00010633468627929688
259,62,30,9.846687316894531e-05
260,63,30,0.00011992454528808594
261,64,30,8.106231689453125e-05
262,65,30,0.0001220703125
263,66,30,9.250640869140625e-05
264,67,30,8.893013000488281e-05
265,68,30,8.487701416015625e-05
266,69,30,6.556510925292969e-05
267,70,30,0.0001087188720703125
268,71,30,7.557868957519531e-05
269,72,30,8.511543273925781e-05
270,73,30,8.511543273925781e-05
271,74,30,7.295608520507812e-05
272,75,30,8.368492126464844e-05
273,76,30,9.012222290039062e-05
274,77,30,0.00011348724365234375
275,78,30,7.82012939453125e-05
276,79,30,7.390975952148438e-05
277,80,30,6.198883056640625e-05
278,81,30,6.031990051269531e-05
279,82,30,8.320808410644531e-05
280,83,30,0.00010371208190917969
281,84,30,9.393692016601562e-05
282,85,30,0.00010514259338378906
283,86,30,6.818771362304688e-05
284,87,30,5.7220458984375e-05
285,88,30,6.270408630371094e-05
286,89,30,6.031990051269531e-05
287,90,30,6.246566772460938e-05
288,91,30,5.626678466796875e-05
289,92,30,5.245208740234375e-05
290,93,30,9.059906005859375e-05
291,94,30,6.866455078125e-05
292,95,30,5.8650970458984375e-05
293,96,30,6.747245788574219e-05
294,97,30,6.103515625e-05
295,98,30,5.793571472167969e-05
296,99,30,6.842613220214844e-05
297,1,40,0.0008034706115722656
298,2,40,0.0006108283996582031
299,3,40,0.0004668235778808594
300,4,40,0.0004839897155761719
301,5,40,0.00046753883361816406
302,6,40,0.0006587505340576172
303,7,40,0.0003960132598876953
304,8,40,0.0003364086151123047
305,9,40,0.00040411949157714844
306,10,40,0.00029969215393066406
307,11,40,0.0003151893615722656
308,12,40,0.00027251243591308594
309,13,40,0.0002658367156982422
310,14,40,0.00033664703369140625
311,15,40,0.00023412704467773438
312,16,40,0.0002276897430419922
313,17,40,0.00022864341735839844
314,18,40,0.0002269744873046875
315,19,40,0.0003025531768798828
316,20,40,0.00020074844360351562
317,21,40,0.00020766258239746094
318,22,40,0.00020241737365722656
319,23,40,0.0001747608184814453
320,24,40,0.00023365020751953125
321,25,40,0.0002307891845703125
322,26,40,0.00019860267639160156
323,27,40,0.0001728534698486328
324,28,40,0.00022482872009277344
325,29,40,0.0001780986785888672
326,30,40,0.0001862049102783203
327,31,40,0.00017881393432617188
328,32,40,0.0001494884490966797
329,33,40,0.00017642974853515625
330,34,40,0.0001544952392578125
331,35,40,0.00018477439880371094
332,36,40,0.00014472007751464844
333,37,40,0.0001442432403564453
334,38,40,0.0001392364501953125
335,39,40,0.00015664100646972656
336,40,40,0.00012683868408203125
337,41,40,0.00012564659118652344
338,42,40,0.0001399517059326172
339,43,40,0.00012683868408203125
340,44,40,0.0001373291015625
341,45,40,0.00011777877807617188
342,46,40,0.0001220703125
343,47,40,0.0001380443572998047
344,48,40,0.00013709068298339844
345,49,40,0.00011801719665527344
346,50,40,0.00014400482177734375
347,51,40,0.0001277923583984375
348,52,40,0.00011539459228515625
349,53,40,0.0001125335693359375
350,54,40,0.0001354217529296875
351,55,40,0.0001201629638671875
352,56,40,0.00011420249938964844
353,57,40,0.00013780593872070312
354,58,40,0.00014066696166992188
355,59,40,0.0001232624053955078
356,60,40,0.0001251697540283203
357,61,40,0.0001316070556640625
358,62,40,0.00012373924255371094
359,63,40,0.00011491775512695312
360,64,40,0.00011086463928222656
361,65,40,0.00011777877807617188
362,66,40,0.00013637542724609375
363,67,40,0.00012421607971191406
364,68,40,0.00011849403381347656
365,69,40,0.00010037422180175781
366,70,40,0.000102996826171875
367,71,40,0.00011944770812988281
368,72,40,9.965896606445312e-05
369,73,40,9.34600830078125e-05
370,74,40,9.822845458984375e-05
371,75,40,9.393692016601562e-05
372,76,40,8.7738037109375e-05
373,77,40,9.560585021972656e-05
374,78,40,0.00010132789611816406
375,79,40,9.822845458984375e-05
376,80,40,0.0001010894775390625
377,81,40,0.00011372566223144531
378,82,40,0.00011897087097167969
379,83,40,0.00010085105895996094
380,84,40,0.00010609626770019531
381,85,40,0.00010561943054199219
382,86,40,9.846687316894531e-05
383,87,40,9.369850158691406e-05
384,88,40,9.870529174804688e-05
385,89,40,8.535385131835938e-05
386,90,40,8.988380432128906e-05
387,91,40,9.441375732421875e-05
388,92,40,8.296966552734375e-05
389,93,40,8.749961853027344e-05
390,94,40,9.989738464355469e-05
391,95,40,9.059906005859375e-05
392,96,40,8.106231689453125e-05
393,97,40,9.012222290039062e-05
394,98,40,8.559226989746094e-05
395,99,40,9.512901306152344e-05
396,1,50,0.0007827281951904297
397,2,50,0.0006093978881835938
398,3,50,0.0006411075592041016
399,4,50,0.0005574226379394531
400,5,50,0.0005249977111816406
401,6,50,0.0005238056182861328
402,7,50,0.0005462169647216797
403,8,50,0.0004782676696777344
404,9,50,0.00043654441833496094
405,10,50,0.00043582916259765625
406,11,50,0.0004620552062988281
407,12,50,0.00040030479431152344
408,13,50,0.0003838539123535156
409,14,50,0.0003314018249511719
410,15,50,0.0003685951232910156
411,16,50,0.0003483295440673828
412,17,50,0.0003261566162109375
413,18,50,0.0003108978271484375
414,19,50,0.00027751922607421875
415,20,50,0.0002765655517578125
416,21,50,0.0002961158752441406
417,22,50,0.00030493736267089844
418,23,50,0.00030350685119628906
419,24,50,0.0002646446228027344
420,25,50,0.00027060508728027344
421,26,50,0.00029158592224121094
422,27,50,0.0002467632293701172
423,28,50,0.00027441978454589844
424,29,50,0.00023603439331054688
425,30,50,0.00023889541625976562
426,31,50,0.00023508071899414062
427,32,50,0.0002162456512451172
428,33,50,0.00024700164794921875
429,34,50,0.00025963783264160156
430,35,50,0.0002143383026123047
431,36,50,0.0002589225769042969
432,37,50,0.00020432472229003906
433,38,50,0.00019097328186035156
434,39,50,0.00018715858459472656
435,40,50,0.0001811981201171875
436,41,50,0.00018310546875
437,42,50,0.0001728534698486328
438,43,50,0.000209808349609375
439,44,50,0.0002262592315673828
440,45,50,0.00016260147094726562
441,46,50,0.00018286705017089844
442,47,50,0.00019359588623046875
443,48,50,0.00016641616821289062
444,49,50,0.00016450881958007812
445,50,50,0.0001647472381591797
446,51,50,0.0001442432403564453
447,52,50,0.0001678466796875
448,53,50,0.00015807151794433594
449,54,50,0.00014972686767578125
450,55,50,0.00015687942504882812
451,56,50,0.00014162063598632812
452,57,50,0.00017404556274414062
453,58,50,0.0001399517059326172
454,59,50,0.00015354156494140625
455,60,50,0.0001652240753173828
456,61,50,0.0001518726348876953
457,62,50,0.00014448165893554688
458,63,50,0.00015282630920410156
459,64,50,0.0001709461212158203
460,65,50,0.00014925003051757812
461,66,50,0.0001544952392578125
462,67,50,0.000164031982421875
463,68,50,0.00014400482177734375
464,69,50,0.00016427040100097656
465,70,50,0.00015234947204589844
466,71,50,0.000164031982421875
467,72,50,0.0001499652862548828
468,73,50,0.00015616416931152344
469,74,50,0.00014328956604003906
470,75,50,0.0001590251922607422
471,76,50,0.00014352798461914062
472,77,50,0.0001773834228515625
473,78,50,0.00016951560974121094
474,79,50,0.00013566017150878906
475,80,50,0.00015306472778320312
476,81,50,0.00013303756713867188
477,82,50,0.00013971328735351562
478,83,50,0.0001266002655029297
479,84,50,0.0001308917999267578
480,85,50,0.0001285076141357422
481,86,50,0.0001304149627685547
482,87,50,0.00011897087097167969
483,88,50,0.00013113021850585938
484,89,50,0.00012493133544921875
485,90,50,0.00012230873107910156
486,91,50,0.00015664100646972656
487,92,50,0.00012636184692382812
488,93,50,0.0001125335693359375
489,94,50,0.00012922286987304688
490,95,50,0.00011324882507324219
491,96,50,0.00010991096496582031
492,97,50,0.00012993812561035156
493,98,50,0.00011730194091796875
494,99,50,0.00011944770812988281
495,1,60,0.0009603500366210938
496,2,60,0.0008044242858886719
497,3,60,0.0007538795471191406
498,4,60,0.0007688999176025391
499,5,60,0.0008671283721923828
500,6,60,0.0006902217864990234
501,7,60,0.0008089542388916016
502,8,60,0.0006499290466308594
503,9,60,0.0007402896881103516
504,10,60,0.0005896091461181641
505,11,60,0.0005922317504882812
506,12,60,0.0005393028259277344
507,13,60,0.0005300045013427734
508,14,60,0.0005154609680175781
509,15,60,0.0006079673767089844
510,16,60,0.0005381107330322266
511,17,60,0.0004661083221435547
512,18,60,0.00043892860412597656
513,19,60,0.0004131793975830078
514,20,60,0.0004127025604248047
515,21,60,0.0004050731658935547
516,22,60,0.00037217140197753906
517,23,60,0.0003387928009033203
518,24,60,0.0004298686981201172
519,25,60,0.0003483295440673828
520,26,60,0.0003552436828613281
521,27,60,0.00040149688720703125
522,28,60,0.0003204345703125
523,29,60,0.0003228187561035156
524,30,60,0.0003714561462402344
525,31,60,0.00037479400634765625
526,32,60,0.000293731689453125
527,33,60,0.00029158592224121094
528,34,60,0.0003285408020019531
529,35,60,0.0003421306610107422
530,36,60,0.0002770423889160156
531,37,60,0.0002467632293701172
532,38,60,0.00031256675720214844
533,39,60,0.00030922889709472656
534,40,60,0.00026798248291015625
535,41,60,0.0002598762512207031
536,42,60,0.0002677440643310547
537,43,60,0.0002574920654296875
538,44,60,0.0002541542053222656
539,45,60,0.00023984909057617188
540,46,60,0.0002315044403076172
541,47,60,0.0002720355987548828
542,48,60,0.0002582073211669922
543,49,60,0.0002300739288330078
544,50,60,0.00022363662719726562
545,51,60,0.0002224445343017578
546,52,60,0.0002570152282714844
547,53,60,0.0002067089080810547
548,54,60,0.00023794174194335938
549,55,60,0.00020575523376464844
550,56,60,0.00019788742065429688
551,57,60,0.00023484230041503906
552,58,60,0.0002200603485107422
553,59,60,0.00021028518676757812
554,60,60,0.0002319812774658203
555,61,60,0.0001914501190185547
556,62,60,0.00017976760864257812
557,63,60,0.0001881122589111328
558,64,60,0.00019049644470214844
559,65,60,0.00018739700317382812
560,66,60,0.00018644332885742188
561,67,60,0.0001888275146484375
562,68,60,0.0001728534698486328
563,69,60,0.00016355514526367188
564,70,60,0.00017499923706054688
565,71,60,0.00020647048950195312
566,72,60,0.0001876354217529297
567,73,60,0.00016808509826660156
568,74,60,0.00020360946655273438
569,75,60,0.0001804828643798828
570,76,60,0.0001780986785888672
571,77,60,0.00017118453979492188
572,78,60,0.00016927719116210938
573,79,60,0.00020551681518554688
574,80,60,0.00019049644470214844
575,81,60,0.00017213821411132812
576,82,60,0.00018596649169921875
577,83,60,0.00017213821411132812
578,84,60,0.00017714500427246094
579,85,60,0.0001678466796875
580,86,60,0.000171661376953125
581,87,60,0.0001704692840576172
582,88,60,0.00020432472229003906
583,89,60,0.00018644332885742188
584,90,60,0.00019621849060058594
585,91,60,0.0001709461212158203
586,92,60,0.00017976760864257812
587,93,60,0.00015306472778320312
588,94,60,0.00016689300537109375
589,95,60,0.00015854835510253906
590,96,60,0.00020194053649902344
591,97,60,0.0001900196075439453
592,98,60,0.00015473365783691406
593,99,60,0.00016760826110839844
594,1,70,0.0015480518341064453
595,2,70,0.0010821819305419922
596,3,70,0.0010280609130859375
597,4,70,0.0010459423065185547
598,5,70,0.0009963512420654297
599,6,70,0.0009357929229736328
600,7,70,0.0009539127349853516
601,8,70,0.0008625984191894531
602,9,70,0.0009572505950927734
603,10,70,0.0009806156158447266
604,11,70,0.0007789134979248047
605,12,70,0.0007216930389404297
606,13,70,0.0008370876312255859
607,14,70,0.00104522705078125
608,15,70,0.0006551742553710938
609,16,70,0.0006339550018310547
610,17,70,0.0006296634674072266
611,18,70,0.0005698204040527344
612,19,70,0.0005626678466796875
613,20,70,0.0005486011505126953
614,21,70,0.0005581378936767578
615,22,70,0.0005235671997070312
616,23,70,0.0004999637603759766
617,24,70,0.0004987716674804688
618,25,70,0.0005550384521484375
619,26,70,0.0004220008850097656
620,27,70,0.0004515647888183594
621,28,70,0.000408172607421875
622,29,70,0.0004131793975830078
623,30,70,0.0003962516784667969
624,31,70,0.0004031658172607422
625,32,70,0.0003962516784667969
626,33,70,0.00047087669372558594
627,34,70,0.0003955364227294922
628,35,70,0.0004334449768066406
629,36,70,0.00042557716369628906
630,37,70,0.0003380775451660156
631,38,70,0.00036406517028808594
632,39,70,0.0003941059112548828
633,40,70,0.00035309791564941406
634,41,70,0.00032258033752441406
635,42,70,0.00032138824462890625
636,43,70,0.00031828880310058594
637,44,70,0.0002982616424560547
638,45,70,0.00031113624572753906
639,46,70,0.0003216266632080078
640,47,70,0.00032258033752441406
641,48,70,0.0003101825714111328
642,49,70,0.0003116130828857422
643,50,70,0.00029730796813964844
644,51,70,0.0003941059112548828
645,52,70,0.00035643577575683594
646,53,70,0.00034117698669433594
647,54,70,0.00027370452880859375
648,55,70,0.0003070831298828125
649,56,70,0.0002601146697998047
650,57,70,0.0003154277801513672
651,58,70,0.0002703666687011719
652,59,70,0.00026226043701171875
653,60,70,0.0003495216369628906
654,61,70,0.00026035308837890625
655,62,70,0.00026535987854003906
656,63,70,0.0002434253692626953
657,64,70,0.00024771690368652344
658,65,70,0.0002665519714355469
659,66,70,0.00023436546325683594
660,67,70,0.00024366378784179688
661,68,70,0.0002422332763671875
662,69,70,0.0002810955047607422
663,70,70,0.0002810955047607422
664,71,70,0.00023221969604492188
665,72,70,0.0002551078796386719
666,73,70,0.0002770423889160156
667,74,70,0.00025463104248046875
668,75,70,0.0002460479736328125
669,76,70,0.0002512931823730469
670,77,70,0.00021338462829589844
671,78,70,0.0002701282501220703
672,79,70,0.00021147727966308594
673,80,70,0.00021409988403320312
674,81,70,0.00020623207092285156
675,82,70,0.00020813941955566406
676,83,70,0.00021266937255859375
677,84,70,0.00021076202392578125
678,85,70,0.00021409988403320312
679,86,70,0.000240325927734375
680,87,70,0.00020647048950195312
681,88,70,0.00021839141845703125
682,89,70,0.00021123886108398438
683,90,70,0.00021409988403320312
684,91,70,0.00020956993103027344
685,92,70,0.0002467632293701172
686,93,70,0.00019669532775878906
687,94,70,0.0002224445343017578
688,95,70,0.00022149085998535156
689,96,70,0.00025582313537597656
690,97,70,0.00019979476928710938
691,98,70,0.0002014636993408203
692,99,70,0.00020313262939453125
693,1,80,0.0016624927520751953
694,2,80,0.0016810894012451172
695,3,80,0.0012860298156738281
696,4,80,0.0013060569763183594
697,5,80,0.0012514591217041016
698,6,80,0.0014421939849853516
699,7,80,0.001176595687866211
700,8,80,0.0011916160583496094
701,9,80,0.0010576248168945312
702,10,80,0.0012679100036621094
703,11,80,0.0010290145874023438
704,12,80,0.0009360313415527344
705,13,80,0.0011239051818847656
706,14,80,0.0008440017700195312
707,15,80,0.0008537769317626953
708,16,80,0.000997781753540039
709,17,80,0.0008108615875244141
710,18,80,0.0009257793426513672
711,19,80,0.0008146762847900391
712,20,80,0.0007834434509277344
713,21,80,0.0007672309875488281
714,22,80,0.0007281303405761719
715,23,80,0.0007851123809814453
716,24,80,0.0007359981536865234
717,25,80,0.0007178783416748047
718,26,80,0.000560760498046875
719,27,80,0.0006682872772216797
720,28,80,0.000606536865234375
721,29,80,0.0005729198455810547
722,30,80,0.0005018711090087891
723,31,80,0.0005033016204833984
724,32,80,0.0005238056182861328
725,33,80,0.00046706199645996094
726,34,80,0.0005183219909667969
727,35,80,0.0005617141723632812
728,36,80,0.0005047321319580078
729,37,80,0.0005488395690917969
730,38,80,0.00049591064453125
731,39,80,0.0005178451538085938
732,40,80,0.0004551410675048828
733,41,80,0.00046539306640625
734,42,80,0.0004470348358154297
735,43,80,0.000446319580078125
736,44,80,0.00043392181396484375
737,45,80,0.0004420280456542969
738,46,80,0.0003800392150878906
739,47,80,0.0003733634948730469
740,48,80,0.00040435791015625
741,49,80,0.0004229545593261719
742,50,80,0.0003743171691894531
743,51,80,0.00036406517028808594
744,52,80,0.0003788471221923828
745,53,80,0.00038743019104003906
746,54,80,0.0003864765167236328
747,55,80,0.00038170814514160156
748,56,80,0.00039649009704589844
749,57,80,0.0003514289855957031
750,58,80,0.0003638267517089844
751,59,80,0.0003745555877685547
752,60,80,0.0003476142883300781
753,61,80,0.00032973289489746094
754,62,80,0.00038361549377441406
755,63,80,0.00032329559326171875
756,64,80,0.0003783702850341797
757,65,80,0.0003132820129394531
758,66,80,0.0003788471221923828
759,67,80,0.0003306865692138672
760,68,80,0.00030922889709472656
761,69,80,0.0003161430358886719
762,70,80,0.00030922889709472656
763,71,80,0.00029015541076660156
764,72,80,0.00031304359436035156
765,73,80,0.00028705596923828125
766,74,80,0.00027489662170410156
767,75,80,0.00028967857360839844
768,76,80,0.00028443336486816406
769,77,80,0.0002734661102294922
770,78,80,0.00028395652770996094
771,79,80,0.0002777576446533203
772,80,80,0.0002789497375488281
773,81,80,0.00027871131896972656
774,82,80,0.00031876564025878906
775,83,80,0.0002503395080566406
776,84,80,0.00029850006103515625
777,85,80,0.0002694129943847656
778,86,80,0.0002567768096923828
779,87,80,0.0002532005310058594
780,88,80,0.0002655982971191406
781,89,80,0.00026035308837890625
782,90,80,0.0002562999725341797
783,91,80,0.0002474784851074219
784,92,80,0.00024962425231933594
785,93,80,0.00022935867309570312
786,94,80,0.00025177001953125
787,95,80,0.000247955322265625
788,96,80,0.0002522468566894531
789,97,80,0.000263214111328125
790,98,80,0.00024771690368652344
791,99,80,0.00028824806213378906
792,1,90,0.002546548843383789
793,2,90,0.001821756362915039
794,3,90,0.0025451183319091797
795,4,90,0.0022063255310058594
796,5,90,0.0016477108001708984
797,6,90,0.0015256404876708984
798,7,90,0.0014982223510742188
799,8,90,0.0014278888702392578
800,9,90,0.0013930797576904297
801,10,90,0.0016205310821533203
802,11,90,0.0012578964233398438
803,12,90,0.0013501644134521484
804,13,90,0.001283407211303711
805,14,90,0.0011987686157226562
806,15,90,0.0010881423950195312
807,16,90,0.0010609626770019531
808,17,90,0.0011868476867675781
809,18,90,0.0011470317840576172
810,19,90,0.000986337661743164
811,20,90,0.0009379386901855469
812,21,90,0.0008594989776611328
813,22,90,0.0010035037994384766
814,23,90,0.0007910728454589844
815,24,90,0.0008261203765869141
816,25,90,0.0008983612060546875
817,26,90,0.0008943080902099609
818,27,90,0.0007114410400390625
819,28,90,0.0008542537689208984
820,29,90,0.0006632804870605469
821,30,90,0.0006737709045410156
822,31,90,0.0007777214050292969
823,32,90,0.0006082057952880859
824,33,90,0.0006084442138671875
825,34,90,0.0006780624389648438
826,35,90,0.0005972385406494141
827,36,90,0.0005486011505126953
828,37,90,0.0006389617919921875
829,38,90,0.0006499290466308594
830,39,90,0.0006339550018310547
831,40,90,0.0005335807800292969
832,41,90,0.0005180835723876953
833,42,90,0.0005047321319580078
834,43,90,0.0006008148193359375
835,44,90,0.0006127357482910156
836,45,90,0.0004818439483642578
837,46,90,0.000492095947265625
838,47,90,0.00047707557678222656
839,48,90,0.0005609989166259766
840,49,90,0.0004601478576660156
841,50,90,0.0004572868347167969
842,51,90,0.00044536590576171875
843,52,90,0.0004553794860839844
844,53,90,0.00043129920959472656
845,54,90,0.0005261898040771484
846,55,90,0.00043654441833496094
847,56,90,0.0004470348358154297
848,57,90,0.0004913806915283203
849,58,90,0.0004246234893798828
850,59,90,0.0005080699920654297
851,60,90,0.00043964385986328125
852,61,90,0.0005023479461669922
853,62,90,0.00048542022705078125
854,63,90,0.00042438507080078125
855,64,90,0.0005114078521728516
856,65,90,0.0005068778991699219
857,66,90,0.0004057884216308594
858,67,90,0.0004036426544189453
859,68,90,0.00045609474182128906
860,69,90,0.0004749298095703125
861,70,90,0.0003628730773925781
862,71,90,0.000377655029296875
863,72,90,0.000362396240234375
864,73,90,0.0004246234893798828
865,74,90,0.00042939186096191406
866,75,90,0.0003571510314941406
867,76,90,0.00042366981506347656
868,77,90,0.00034165382385253906
869,78,90,0.00035834312438964844
870,79,90,0.0004100799560546875
871,80,90,0.0003414154052734375
872,81,90,0.00039267539978027344
873,82,90,0.0003509521484375
874,83,90,0.0003440380096435547
875,84,90,0.0003407001495361328
876,85,90,0.0003190040588378906
877,86,90,0.00033092498779296875
878,87,90,0.00040149688720703125
879,88,90,0.00033211708068847656
880,89,90,0.0003218650817871094
881,90,90,0.00031828880310058594
882,91,90,0.00037479400634765625
883,92,90,0.0003108978271484375
884,93,90,0.0002944469451904297
885,94,90,0.0003170967102050781
886,95,90,0.0002951622009277344
887,96,90,0.0003058910369873047
888,97,90,0.00032138824462890625
889,98,90,0.0003027915954589844
890,99,90,0.0003159046173095703
891,1,100,0.0026378631591796875
892,2,100,0.0021712779998779297
893,3,100,0.0024967193603515625
894,4,100,0.002331256866455078
895,5,100,0.0021178722381591797
896,6,100,0.0018391609191894531
897,7,100,0.0018544197082519531
898,8,100,0.001743316650390625
899,9,100,0.002011537551879883
900,10,100,0.0019309520721435547
901,11,100,0.0017971992492675781
902,12,100,0.0015015602111816406
903,13,100,0.0016396045684814453
904,14,100,0.0013723373413085938
905,15,100,0.0012698173522949219
906,16,100,0.0012655258178710938
907,17,100,0.0012001991271972656
908,18,100,0.0011434555053710938
909,19,100,0.0011372566223144531
910,20,100,0.0010814666748046875
911,21,100,0.0010635852813720703
912,22,100,0.0010104179382324219
913,23,100,0.0009815692901611328
914,24,100,0.0009438991546630859
915,25,100,0.0009198188781738281
916,26,100,0.0008602142333984375
917,27,100,0.000904083251953125
918,28,100,0.0008285045623779297
919,29,100,0.0008509159088134766
920,30,100,0.0008087158203125
921,31,100,0.0009400844573974609
922,32,100,0.0009057521820068359
923,33,100,0.0007574558258056641
924,34,100,0.0007386207580566406
925,35,100,0.0006725788116455078
926,36,100,0.0006883144378662109
927,37,100,0.0006697177886962891
928,38,100,0.0006256103515625
929,39,100,0.0007152557373046875
930,40,100,0.0007529258728027344
931,41,100,0.0006079673767089844
932,42,100,0.0007233619689941406
933,43,100,0.0006117820739746094
934,44,100,0.0006182193756103516
935,45,100,0.0007116794586181641
936,46,100,0.0005941390991210938
937,47,100,0.0005846023559570312
938,48,100,0.0005736351013183594
939,49,100,0.0005826950073242188
940,50,100,0.0006775856018066406
941,51,100,0.0006625652313232422
942,52,100,0.0005509853363037109
943,53,100,0.0005271434783935547
944,54,100,0.0005245208740234375
945,55,100,0.0005333423614501953
946,56,100,0.0005252361297607422
947,57,100,0.0005078315734863281
948,58,100,0.0005278587341308594
949,59,100,0.0004875659942626953
950,60,100,0.0005078315734863281
951,61,100,0.0005004405975341797
952,62,100,0.00046443939208984375
953,63,100,0.0004794597625732422
954,64,100,0.0005736351013183594
955,65,100,0.00047016143798828125
956,66,100,0.0004906654357910156
957,67,100,0.00047516822814941406
958,68,100,0.0005657672882080078
959,69,100,0.0004849433898925781
960,70,100,0.0005791187286376953
961,71,100,0.0004775524139404297
962,72,100,0.0004818439483642578
963,73,100,0.00048232078552246094
964,74,100,0.00047779083251953125
965,75,100,0.0005521774291992188
966,76,100,0.00045180320739746094
967,77,100,0.00042700767517089844
968,78,100,0.00040268898010253906
969,79,100,0.0004551410675048828
970,80,100,0.00042438507080078125
971,81,100,0.00041675567626953125
972,82,100,0.0004246234893798828
973,83,100,0.0004115104675292969
974,84,100,0.0004029273986816406
975,85,100,0.0004818439483642578
976,86,100,0.00040459632873535156
977,87,100,0.0003924369812011719
978,88,100,0.0003974437713623047
979,89,100,0.0003802776336669922
980,90,100,0.000392913818359375
981,91,100,0.00040221214294433594
982,92,100,0.00037598609924316406
983,93,100,0.0003955364227294922
984,94,100,0.0003769397735595703
985,95,100,0.00038242340087890625
986,96,100,0.00036072731018066406
987,97,100,0.00036787986755371094
988,98,100,0.00036454200744628906
989,99,100,0.0003674030303955078
990,1,110,0.003108978271484375
991,2,110,0.002542734146118164
992,3,110,0.00246429443359375
993,4,110,0.002573728561401367
994,5,110,0.0023567676544189453
995,6,110,0.0022051334381103516
996,7,110,0.00214385986328125
997,8,110,0.0021276473999023438
998,9,110,0.001913309097290039
999,10,110,0.0019159317016601562
1000,11,110,0.0019214153289794922
1001,12,110,0.0018014907836914062
1002,13,110,0.0017139911651611328
1003,14,110,0.0016019344329833984
1004,15,110,0.0016078948974609375
1005,16,110,0.0015878677368164062
1006,17,110,0.0014603137969970703
1007,18,110,0.0014748573303222656
1008,19,110,0.0012984275817871094
1009,20,110,0.0012936592102050781
1010,21,110,0.0013070106506347656
1011,22,110,0.0012466907501220703
1012,23,110,0.0011951923370361328
1013,24,110,0.0011277198791503906
1014,25,110,0.001117706298828125
1015,26,110,0.0010635852813720703
1016,27,110,0.0010423660278320312
1017,28,110,0.0010082721710205078
1018,29,110,0.0009675025939941406
1019,30,110,0.0009763240814208984
1020,31,110,0.0009086132049560547
1021,32,110,0.0009105205535888672
1022,33,110,0.0009028911590576172
1023,34,110,0.0008945465087890625
1024,35,110,0.0008237361907958984
1025,36,110,0.0008380413055419922
1026,37,110,0.0008158683776855469
1027,38,110,0.0007960796356201172
1028,39,110,0.0007796287536621094
1029,40,110,0.0007574558258056641
1030,41,110,0.0007483959197998047
1031,42,110,0.0007071495056152344
1032,43,110,0.0006816387176513672
1033,44,110,0.0009558200836181641
1034,45,110,0.0009272098541259766
1035,46,110,0.0009176731109619141
1036,47,110,0.0006699562072753906
1037,48,110,0.0006861686706542969
1038,49,110,0.0006682872772216797
1039,50,110,0.0006606578826904297
1040,51,110,0.0006539821624755859
1041,52,110,0.0006563663482666016
1042,53,110,0.0006456375122070312
1043,54,110,0.0006711483001708984
1044,55,110,0.0006651878356933594
1045,56,110,0.0006401538848876953
1046,57,110,0.0006797313690185547
1047,58,110,0.0006041526794433594
1048,59,110,0.0005962848663330078
1049,60,110,0.0005981922149658203
1050,61,110,0.0006010532379150391
1051,62,110,0.0005862712860107422
1052,63,110,0.0005726814270019531
1053,64,110,0.0005919933319091797
1054,65,110,0.0005555152893066406
1055,66,110,0.0005624294281005859
1056,67,110,0.0005428791046142578
1057,68,110,0.0005488395690917969
1058,69,110,0.0005359649658203125
1059,70,110,0.000518798828125
1060,71,110,0.000537872314453125
1061,72,110,0.0005352497100830078
1062,73,110,0.0005521774291992188
1063,74,110,0.0005428791046142578
1064,75,110,0.0005595684051513672
1065,76,110,0.0005474090576171875
1066,77,110,0.0005443096160888672
1067,78,110,0.0005464553833007812
1068,79,110,0.0005266666412353516
1069,80,110,0.0005543231964111328
1070,81,110,0.0005319118499755859
1071,82,110,0.0005288124084472656
1072,83,110,0.0005018711090087891
1073,84,110,0.0004971027374267578
1074,85,110,0.0004968643188476562
1075,86,110,0.0004787445068359375
1076,87,110,0.0004889965057373047
1077,88,110,0.0005064010620117188
1078,89,110,0.000469207763671875
1079,90,110,0.0004773139953613281
1080,91,110,0.00048041343688964844
1081,92,110,0.0004916191101074219
1082,93,110,0.0004742145538330078
1083,94,110,0.0004467964172363281
1084,95,110,0.0004642009735107422
1085,96,110,0.0004570484161376953
1086,97,110,0.00044035911560058594
1087,98,110,0.0004477500915527344
1088,99,110,0.0004642009735107422
1089,1,120,0.0037229061126708984
1090,2,120,0.0030286312103271484
1091,3,120,0.0028753280639648438
1092,4,120,0.0029442310333251953
1093,5,120,0.0027587413787841797
1094,6,120,0.0026662349700927734
1095,7,120,0.002634763717651367
1096,8,120,0.002504587173461914
1097,9,120,0.002383708953857422
1098,10,120,0.00228118896484375
1099,11,120,0.0021944046020507812
1100,12,120,0.002101421356201172
1101,13,120,0.002025604248046875
1102,14,120,0.001909494400024414
1103,15,120,0.0018384456634521484
1104,16,120,0.0021800994873046875
1105,17,120,0.0018498897552490234
1106,18,120,0.001657247543334961
1107,19,120,0.0016245841979980469
1108,20,120,0.0016417503356933594
1109,21,120,0.0015354156494140625
1110,22,120,0.0014390945434570312
1111,23,120,0.0013833045959472656
1112,24,120,0.0014832019805908203
1113,25,120,0.0013053417205810547
1114,26,120,0.0012645721435546875
1115,27,120,0.0012869834899902344
1116,28,120,0.0012998580932617188
1117,29,120,0.0012264251708984375
1118,30,120,0.0011992454528808594
1119,31,120,0.0010819435119628906
1120,32,120,0.0010936260223388672
1121,33,120,0.0010499954223632812
1122,34,120,0.0009257793426513672
1123,35,120,0.001007080078125
1124,36,120,0.0010075569152832031
1125,37,120,0.0009505748748779297
1126,38,120,0.0009396076202392578
1127,39,120,0.0009112358093261719
1128,40,120,0.0009279251098632812
1129,41,120,0.0009052753448486328
1130,42,120,0.0008685588836669922
1131,43,120,0.0008976459503173828
1132,44,120,0.0008203983306884766
1133,45,120,0.00079345703125
1134,46,120,0.0007734298706054688
1135,47,120,0.0007724761962890625
1136,48,120,0.0007870197296142578
1137,49,120,0.0010592937469482422
1138,50,120,0.0007691383361816406
1139,51,120,0.0007579326629638672
1140,52,120,0.0007722377777099609
1141,53,120,0.0007543563842773438
1142,54,120,0.0007359981536865234
1143,55,120,0.0007615089416503906
1144,56,120,0.0007278919219970703
1145,57,120,0.0007348060607910156
1146,58,120,0.0007426738739013672
1147,59,120,0.0007495880126953125
1148,60,120,0.0007047653198242188
1149,61,120,0.0007035732269287109
1150,62,120,0.0006875991821289062
1151,63,120,0.0006754398345947266
1152,64,120,0.0006654262542724609
1153,65,120,0.0006577968597412109
1154,66,120,0.0006458759307861328
1155,67,120,0.0006544589996337891
1156,68,120,0.0006325244903564453
1157,69,120,0.0006437301635742188
1158,70,120,0.0006043910980224609
1159,71,120,0.0006127357482910156
1160,72,120,0.0006222724914550781
1161,73,120,0.0006191730499267578
1162,74,120,0.0006189346313476562
1163,75,120,0.000583648681640625
1164,76,120,0.0006005764007568359
1165,77,120,0.0006103515625
1166,78,120,0.0006000995635986328
1167,79,120,0.0006098747253417969
1168,80,120,0.0006358623504638672
1169,81,120,0.0005753040313720703
1170,82,120,0.0006268024444580078
1171,83,120,0.0006079673767089844
1172,84,120,0.0006122589111328125
1173,85,120,0.0006113052368164062
1174,86,120,0.0005996227264404297
1175,87,120,0.0005993843078613281
1176,88,120,0.0006103515625
1177,89,120,0.0005822181701660156
1178,90,120,0.0005636215209960938
1179,91,120,0.0005660057067871094
1180,92,120,0.0005431175231933594
1181,93,120,0.0005433559417724609
1182,94,120,0.0005290508270263672
1183,95,120,0.0005381107330322266
1184,96,120,0.0005319118499755859
1185,97,120,0.0005228519439697266
1186,98,120,0.0005209445953369141
1187,99,120,0.0005278587341308594
1188,1,130,0.004355430603027344
1189,2,130,0.003576993942260742
1190,3,130,0.0034034252166748047
1191,4,130,0.0035543441772460938
1192,5,130,0.0033097267150878906
1193,6,130,0.0030670166015625
1194,7,130,0.0030622482299804688
1195,8,130,0.0029633045196533203
1196,9,130,0.002791166305541992
1197,10,130,0.002668142318725586
1198,11,130,0.002656221389770508
1199,12,130,0.0024869441986083984
1200,13,130,0.0023441314697265625
1201,14,130,0.0023195743560791016
1202,15,130,0.00213623046875
1203,16,130,0.0020356178283691406
1204,17,130,0.002106189727783203
1205,18,130,0.002079010009765625
1206,19,130,0.0019791126251220703
1207,20,130,0.00197601318359375
1208,21,130,0.0019390583038330078
1209,22,130,0.0018153190612792969
1210,23,130,0.0015990734100341797
1211,24,130,0.0016510486602783203
1212,25,130,0.0015368461608886719
1213,26,130,0.0015993118286132812
1214,27,130,0.0014891624450683594
1215,28,130,0.0014178752899169922
1216,29,130,0.0014481544494628906
1217,30,130,0.0014145374298095703
1218,31,130,0.001287698745727539
1219,32,130,0.0012819766998291016
1220,33,130,0.001255035400390625
1221,34,130,0.0011911392211914062
1222,35,130,0.0012166500091552734
1223,36,130,0.0011789798736572266
1224,37,130,0.0011196136474609375
1225,38,130,0.0010993480682373047
1226,39,130,0.001150369644165039
1227,40,130,0.00107574462890625
1228,41,130,0.0010690689086914062
1229,42,130,0.0010066032409667969
1230,43,130,0.0009965896606445312
1231,44,130,0.0010004043579101562
1232,45,130,0.0009551048278808594
1233,46,130,0.0009613037109375
1234,47,130,0.0009493827819824219
1235,48,130,0.0009145736694335938
1236,49,130,0.0008988380432128906
1237,50,130,0.0008749961853027344
1238,51,130,0.0008461475372314453
1239,52,130,0.0008664131164550781
1240,53,130,0.0008282661437988281
1241,54,130,0.0008656978607177734
1242,55,130,0.0008554458618164062
1243,56,130,0.0008563995361328125
1244,57,130,0.0008878707885742188
1245,58,130,0.0008137226104736328
1246,59,130,0.0008230209350585938
1247,60,130,0.0008287429809570312
1248,61,130,0.0008134841918945312
1249,62,130,0.0008256435394287109
1250,63,130,0.0008096694946289062
1251,64,130,0.0008463859558105469
1252,65,130,0.0008056163787841797
1253,66,130,0.0007960796356201172
1254,67,130,0.0007700920104980469
1255,68,130,0.0007634162902832031
1256,69,130,0.0007379055023193359
1257,70,130,0.0007483959197998047
1258,71,130,0.0007350444793701172
1259,72,130,0.0007486343383789062
1260,73,130,0.0007457733154296875
1261,74,130,0.0007061958312988281
1262,75,130,0.0006992816925048828
1263,76,130,0.0006723403930664062
1264,77,130,0.0006964206695556641
1265,78,130,0.0006968975067138672
1266,79,130,0.0007114410400390625
1267,80,130,0.0006816387176513672
1268,81,130,0.0006241798400878906
1269,82,130,0.0006561279296875
1270,83,130,0.0006597042083740234
1271,84,130,0.0006575584411621094
1272,85,130,0.0006761550903320312
1273,86,130,0.0006721019744873047
1274,87,130,0.0006966590881347656
1275,88,130,0.0006730556488037109
1276,89,130,0.0006976127624511719
1277,90,130,0.0006971359252929688
1278,91,130,0.0006897449493408203
1279,92,130,0.0006837844848632812
1280,93,130,0.0006618499755859375
1281,94,130,0.0006732940673828125
1282,95,130,0.0006542205810546875
1283,96,130,0.0006532669067382812
1284,97,130,0.0006489753723144531
1285,98,130,0.0006287097930908203
1286,99,130,0.0006277561187744141
1287,1,140,0.005040884017944336
1288,2,140,0.004154682159423828
1289,3,140,0.003945350646972656
1290,4,140,0.0040476322174072266
1291,5,140,0.0037736892700195312
1292,6,140,0.003545045852661133
1293,7,140,0.0035576820373535156
1294,8,140,0.003350496292114258
1295,9,140,0.0032134056091308594
1296,10,140,0.003129720687866211
1297,11,140,0.0029625892639160156
1298,12,140,0.002846240997314453
1299,13,140,0.0026848316192626953
1300,14,140,0.002749204635620117
1301,15,140,0.002742290496826172
1302,16,140,0.0023784637451171875
1303,17,140,0.0025391578674316406
1304,18,140,0.00228118896484375
1305,19,140,0.0022513866424560547
1306,20,140,0.002299785614013672
1307,21,140,0.0021445751190185547
1308,22,140,0.0019385814666748047
1309,23,140,0.0018725395202636719
1310,24,140,0.0019621849060058594
1311,25,140,0.001931905746459961
1312,26,140,0.0018634796142578125
1313,27,140,0.0016605854034423828
1314,28,140,0.0016021728515625
1315,29,140,0.0015635490417480469
1316,30,140,0.0016543865203857422
1317,31,140,0.0015742778778076172
1318,32,140,0.0015845298767089844
1319,33,140,0.0015494823455810547
1320,34,140,0.0014579296112060547
1321,35,140,0.0014297962188720703
1322,36,140,0.0014219284057617188
1323,37,140,0.0014176368713378906
1324,38,140,0.001247406005859375
1325,39,140,0.0013129711151123047
1326,40,140,0.0011963844299316406
1327,41,140,0.0013203620910644531
1328,42,140,0.0012507438659667969
1329,43,140,0.001245260238647461
1330,44,140,0.0011448860168457031
1331,45,140,0.0011761188507080078
1332,46,140,0.0010881423950195312
1333,47,140,0.0010867118835449219
1334,48,140,0.0010809898376464844
1335,49,140,0.0010938644409179688
1336,50,140,0.0010685920715332031
1337,51,140,0.0010676383972167969
1338,52,140,0.0009927749633789062
1339,53,140,0.0009601116180419922
1340,54,140,0.0009539127349853516
1341,55,140,0.0009605884552001953
1342,56,140,0.0009617805480957031
1343,57,140,0.0008976459503173828
1344,58,140,0.0009424686431884766
1345,59,140,0.0009424686431884766
1346,60,140,0.0009431838989257812
1347,61,140,0.000911712646484375
1348,62,140,0.0009295940399169922
1349,63,140,0.0009245872497558594
1350,64,140,0.0009071826934814453
1351,65,140,0.0008997917175292969
1352,66,140,0.0009219646453857422
1353,67,140,0.0009047985076904297
1354,68,140,0.0008835792541503906
1355,69,140,0.0008840560913085938
1356,70,140,0.0008742809295654297
1357,71,140,0.0008544921875
1358,72,140,0.0008370876312255859
1359,73,140,0.0008339881896972656
1360,74,140,0.0008370876312255859
1361,75,140,0.000812530517578125
1362,76,140,0.0008220672607421875
1363,77,140,0.0008342266082763672
1364,78,140,0.0008099079132080078
1365,79,140,0.0007998943328857422
1366,80,140,0.0007977485656738281
1367,81,140,0.0007700920104980469
1368,82,140,0.0007529258728027344
1369,83,140,0.0007607936859130859
1370,84,140,0.0007729530334472656
1371,85,140,0.0007753372192382812
1372,86,140,0.0007431507110595703
1373,87,140,0.0007369518280029297
1374,88,140,0.0007233619689941406
1375,89,140,0.0007381439208984375
1376,90,140,0.0007181167602539062
1377,91,140,0.0007143020629882812
1378,92,140,0.0007529258728027344
1379,93,140,0.0007588863372802734
1380,94,140,0.0007348060607910156
1381,95,140,0.0007431507110595703
1382,96,140,0.0007417201995849609
1383,97,140,0.0007731914520263672
1384,98,140,0.0007700920104980469
1385,99,140,0.0007367134094238281
1386,1,150,0.005759477615356445
1387,2,150,0.004792451858520508
1388,3,150,0.004471540451049805
1389,4,150,0.004611968994140625
1390,5,150,0.0043141841888427734
1391,6,150,0.004025936126708984
1392,7,150,0.004022359848022461
1393,8,150,0.0038912296295166016
1394,9,150,0.0036716461181640625
1395,10,150,0.0035877227783203125
1396,11,150,0.0036334991455078125
1397,12,150,0.003283262252807617
1398,13,150,0.0030591487884521484
1399,14,150,0.003210306167602539
1400,15,150,0.0031991004943847656
1401,16,150,0.002908945083618164
1402,17,150,0.0030181407928466797
1403,18,150,0.0027272701263427734
1404,19,150,0.00244140625
1405,20,150,0.002745389938354492
1406,21,150,0.0027151107788085938
1407,22,150,0.002593517303466797
1408,23,150,0.002508878707885742
1409,24,150,0.002501249313354492
1410,25,150,0.002288818359375
1411,26,150,0.0017704963684082031
1412,27,150,0.0021522045135498047
1413,28,150,0.0027425289154052734
1414,29,150,0.0025610923767089844
1415,30,150,0.0024871826171875
1416,31,150,0.0019948482513427734
1417,32,150,0.002290487289428711
1418,33,150,0.0019221305847167969
1419,34,150,0.0018994808197021484
1420,35,150,0.0018985271453857422
1421,36,150,0.0017671585083007812
1422,37,150,0.0017232894897460938
1423,38,150,0.0021584033966064453
1424,39,150,0.0018620491027832031
1425,40,150,0.0016095638275146484
1426,41,150,0.0016312599182128906
1427,42,150,0.0015358924865722656
1428,43,150,0.0018703937530517578
1429,44,150,0.0015473365783691406
1430,45,150,0.0014729499816894531
1431,46,150,0.0014290809631347656
1432,47,150,0.0014755725860595703
1433,48,150,0.0017943382263183594
1434,49,150,0.0017151832580566406
1435,50,150,0.0017299652099609375
1436,51,150,0.0014281272888183594
1437,52,150,0.001131296157836914
1438,53,150,0.0016710758209228516
1439,54,150,0.00125885009765625
1440,55,150,0.0015151500701904297
1441,56,150,0.0012629032135009766
1442,57,150,0.0011458396911621094
1443,58,150,0.0012509822845458984
1444,59,150,0.0011832714080810547
1445,60,150,0.0012066364288330078
1446,61,150,0.0011570453643798828
1447,62,150,0.0010974407196044922
1448,63,150,0.0013577938079833984
1449,64,150,0.0011141300201416016
1450,65,150,0.0013213157653808594
1451,66,150,0.0013082027435302734
1452,67,150,0.0010573863983154297
1453,68,150,0.0010614395141601562
1454,69,150,0.0010826587677001953
1455,70,150,0.001016378402709961
1456,71,150,0.0010347366333007812
1457,72,150,0.0009951591491699219
1458,73,150,0.000972747802734375
1459,74,150,0.0011436939239501953
1460,75,150,0.0009496212005615234
1461,76,150,0.0010819435119628906
1462,77,150,0.001046895980834961
1463,78,150,0.0010280609130859375
1464,79,150,0.0008983612060546875
1465,80,150,0.001033782958984375
1466,81,150,0.0009632110595703125
1467,82,150,0.0010387897491455078
1468,83,150,0.0008950233459472656
1469,84,150,0.0008716583251953125
1470,85,150,0.0009336471557617188
1471,86,150,0.0008714199066162109
1472,87,150,0.0008792877197265625
1473,88,150,0.0009272098541259766
1474,89,150,0.0008616447448730469
1475,90,150,0.0008363723754882812
1476,91,150,0.0008187294006347656
1477,92,150,0.0008475780487060547
1478,93,150,0.0008335113525390625
1479,94,150,0.0008096694946289062
1480,95,150,0.0008180141448974609
1481,96,150,0.0008070468902587891
1482,97,150,0.0007948875427246094
1483,98,150,0.0008349418640136719
1484,99,150,0.0008134841918945312
1485,1,160,0.006539821624755859
1486,2,160,0.005394458770751953
1487,3,160,0.005053043365478516
1488,4,160,0.005274295806884766
1489,5,160,0.00488591194152832
1490,6,160,0.004609107971191406
1491,7,160,0.004650115966796875
1492,8,160,0.004449367523193359
1493,9,160,0.004116058349609375
1494,10,160,0.004027843475341797
1495,11,160,0.0039806365966796875
1496,12,160,0.0041942596435546875
1497,13,160,0.003644704818725586
1498,14,160,0.0036094188690185547
1499,15,160,0.0033707618713378906
1500,16,160,0.003292083740234375
1501,17,160,0.003391265869140625
1502,18,160,0.0031082630157470703
1503,19,160,0.0030231475830078125
1504,20,160,0.0026619434356689453
1505,21,160,0.002672433853149414
1506,22,160,0.002936124801635742
1507,23,160,0.0025560855865478516
1508,24,160,0.002434253692626953
1509,25,160,0.0027854442596435547
1510,26,160,0.002866506576538086
1511,27,160,0.002666473388671875
1512,28,160,0.002504110336303711
1513,29,160,0.002545595169067383
1514,30,160,0.001993894577026367
1515,31,160,0.002229928970336914
1516,32,160,0.0021352767944335938
1517,33,160,0.0030820369720458984
1518,34,160,0.0029904842376708984
1519,35,160,0.0027420520782470703
1520,36,160,0.0019524097442626953
1521,37,160,0.0019426345825195312
1522,38,160,0.0022377967834472656
1523,39,160,0.0022177696228027344
1524,40,160,0.0021936893463134766
1525,41,160,0.0018067359924316406
1526,42,160,0.002596616744995117
1527,43,160,0.002519845962524414
1528,44,160,0.0023305416107177734
1529,45,160,0.002263784408569336
1530,46,160,0.0017724037170410156
1531,47,160,0.0016207695007324219
1532,48,160,0.001837015151977539
1533,49,160,0.002093076705932617
1534,50,160,0.0020258426666259766
1535,51,160,0.0019359588623046875
1536,52,160,0.0018513202667236328
1537,53,160,0.001783132553100586
1538,54,160,0.0017061233520507812
1539,55,160,0.0016317367553710938
1540,56,160,0.0015811920166015625
1541,57,160,0.0017888545989990234
1542,58,160,0.001600503921508789
1543,59,160,0.001684427261352539
1544,60,160,0.001325845718383789
1545,61,160,0.0011782646179199219
1546,62,160,0.0013866424560546875
1547,63,160,0.0013918876647949219
1548,64,160,0.0012574195861816406
1549,65,160,0.001325845718383789
1550,66,160,0.001425027847290039
1551,67,160,0.0015835762023925781
1552,68,160,0.0015554428100585938
1553,69,160,0.0015523433685302734
1554,70,160,0.0015141963958740234
1555,71,160,0.0014622211456298828
1556,72,160,0.0014698505401611328
1557,73,160,0.0013375282287597656
1558,74,160,0.0010979175567626953
1559,75,160,0.0014083385467529297
1560,76,160,0.0013060569763183594
1561,77,160,0.001127481460571289
1562,78,160,0.0014111995697021484
1563,79,160,0.0013484954833984375
1564,80,160,0.0012941360473632812
1565,81,160,0.0012025833129882812
1566,82,160,0.001214742660522461
1567,83,160,0.0011980533599853516
1568,84,160,0.0011436939239501953
1569,85,160,0.0010156631469726562
1570,86,160,0.0010933876037597656
1571,87,160,0.0011324882507324219
1572,88,160,0.0010538101196289062
1573,89,160,0.0009834766387939453
1574,90,160,0.0010595321655273438
1575,91,160,0.001194000244140625
1576,92,160,0.0010066032409667969
1577,93,160,0.0010342597961425781
1578,94,160,0.000988006591796875
1579,95,160,0.0011172294616699219
1580,96,160,0.0009682178497314453
1581,97,160,0.0009922981262207031
1582,98,160,0.0009593963623046875
1583,99,160,0.0009388923645019531
1584,1,170,0.007767677307128906
1585,2,170,0.006195545196533203
1586,3,170,0.005868196487426758
1587,4,170,0.00606536865234375
1588,5,170,0.0056972503662109375
1589,6,170,0.005293369293212891
1590,7,170,0.005257844924926758
1591,8,170,0.005181550979614258
1592,9,170,0.005246877670288086
1593,10,170,0.004866838455200195
1594,11,170,0.00495147705078125
1595,12,170,0.0056035518646240234
1596,13,170,0.004117727279663086
1597,14,170,0.0042057037353515625
1598,15,170,0.005079030990600586
1599,16,170,0.003926753997802734
1600,17,170,0.0042438507080078125
1601,18,170,0.003693103790283203
1602,19,170,0.004420757293701172
1603,20,170,0.00410008430480957
1604,21,170,0.005173683166503906
1605,22,170,0.003442049026489258
1606,23,170,0.004539966583251953
1607,24,170,0.00393366813659668
1608,25,170,0.003797292709350586
1609,26,170,0.0056645870208740234
1610,27,170,0.0046923160552978516
1611,28,170,0.004984378814697266
1612,29,170,0.0037415027618408203
1613,30,170,0.0050792694091796875
1614,31,170,0.0040247440338134766
1615,32,170,0.004021406173706055
1616,33,170,0.004750967025756836
1617,34,170,0.004733085632324219
1618,35,170,0.004569053649902344
1619,36,170,0.004518032073974609
1620,37,170,0.00442814826965332
1621,38,170,0.004518985748291016
1622,39,170,0.004218578338623047
1623,40,170,0.004243373870849609
1624,41,170,0.00414586067199707
1625,42,170,0.004168272018432617
1626,43,170,0.004012584686279297
1627,44,170,0.0019116401672363281
1628,45,170,0.0018999576568603516
1629,46,170,0.0037441253662109375
1630,47,170,0.003728151321411133
1631,48,170,0.003711700439453125
1632,49,170,0.003674030303955078
1633,50,170,0.0017731189727783203
1634,51,170,0.0036194324493408203
1635,52,170,0.0035212039947509766
1636,53,170,0.0016777515411376953
1637,54,170,0.0019478797912597656
1638,55,170,0.0033948421478271484
1639,56,170,0.0016367435455322266
1640,57,170,0.003248453140258789
1641,58,170,0.003223419189453125
1642,59,170,0.0018329620361328125
1643,60,170,0.0032095909118652344
1644,61,170,0.002110719680786133
1645,62,170,0.003037691116333008
1646,63,170,0.0014903545379638672
1647,64,170,0.002958059310913086
1648,65,170,0.002956390380859375
1649,66,170,0.0027866363525390625
1650,67,170,0.002878904342651367
1651,68,170,0.0029413700103759766
1652,69,170,0.0014107227325439453
1653,70,170,0.0028731822967529297
1654,71,170,0.00284576416015625
1655,72,170,0.0028505325317382812
1656,73,170,0.002887248992919922
1657,74,170,0.0014078617095947266
1658,75,170,0.001603841781616211
1659,76,170,0.0015702247619628906
1660,77,170,0.0013527870178222656
1661,78,170,0.0015904903411865234
1662,79,170,0.0027992725372314453
1663,80,170,0.0025606155395507812
1664,81,170,0.0025212764739990234
1665,82,170,0.0026950836181640625
1666,83,170,0.0015380382537841797
1667,84,170,0.0013270378112792969
1668,85,170,0.0026013851165771484
1669,86,170,0.0026154518127441406
1670,87,170,0.0023937225341796875
1671,88,170,0.001232147216796875
1672,89,170,0.002328634262084961
1673,90,170,0.0015108585357666016
1674,91,170,0.0024094581604003906
1675,92,170,0.0012023448944091797
1676,93,170,0.002460956573486328
1677,94,170,0.0011985301971435547
1678,95,170,0.0024268627166748047
1679,96,170,0.0012242794036865234
1680,97,170,0.001573801040649414
1681,98,170,0.002290487289428711
1682,99,170,0.002408266067504883
1683,1,180,0.0182802677154541
1684,2,180,0.015355110168457031
1685,3,180,0.012339591979980469
1686,4,180,0.010849714279174805
1687,5,180,0.011855602264404297
1688,6,180,0.011158227920532227
1689,7,180,0.009316205978393555
1690,8,180,0.009078502655029297
1691,9,180,0.010347127914428711
1692,10,180,0.010659933090209961
1693,11,180,0.011418581008911133
1694,12,180,0.01073145866394043
1695,13,180,0.006932973861694336
1696,14,180,0.009470939636230469
1697,15,180,0.006658792495727539
1698,16,180,0.009088516235351562
1699,17,180,0.008759260177612305
1700,18,180,0.007233858108520508
1701,19,180,0.008132457733154297
1702,20,180,0.006910800933837891
1703,21,180,0.0065572261810302734
1704,22,180,0.0074291229248046875
1705,23,180,0.007154226303100586
1706,24,180,0.006938934326171875
1707,25,180,0.006700277328491211
1708,26,180,0.006455898284912109
1709,27,180,0.006263017654418945
1710,28,180,0.0060901641845703125
1711,29,180,0.006098747253417969
1712,30,180,0.005842685699462891
1713,31,180,0.005498409271240234
1714,32,180,0.00535273551940918
1715,33,180,0.005427122116088867
1716,34,180,0.005330801010131836
1717,35,180,0.0029861927032470703
1718,36,180,0.0024957656860351562
1719,37,180,0.004944562911987305
1720,38,180,0.004071235656738281
1721,39,180,0.0047795772552490234
1722,40,180,0.004791975021362305
1723,41,180,0.00301361083984375
1724,42,180,0.004580020904541016
1725,43,180,0.0022046566009521484
1726,44,180,0.0044727325439453125
1727,45,180,0.0042188167572021484
1728,46,180,0.004411458969116211
1729,47,180,0.004114866256713867
1730,48,180,0.00419926643371582
1731,49,180,0.0041468143463134766
1732,50,180,0.0019989013671875
1733,51,180,0.0038716793060302734
1734,52,180,0.003951311111450195
1735,53,180,0.00395965576171875
1736,54,180,0.0039768218994140625
1737,55,180,0.003851175308227539
1738,56,180,0.003793001174926758
1739,57,180,0.0037004947662353516
1740,58,180,0.0036690235137939453
1741,59,180,0.0029764175415039062
1742,60,180,0.0036585330963134766
1743,61,180,0.0036046504974365234
1744,62,180,0.003428220748901367
1745,63,180,0.003525972366333008
1746,64,180,0.003448963165283203
1747,65,180,0.003499269485473633
1748,66,180,0.003420114517211914
1749,67,180,0.0033788681030273438
1750,68,180,0.0032672882080078125
1751,69,180,0.0032117366790771484
1752,70,180,0.0030434131622314453
1753,71,180,0.0031676292419433594
1754,72,180,0.0031862258911132812
1755,73,180,0.003198385238647461
1756,74,180,0.0030870437622070312
1757,75,180,0.0030400753021240234
1758,76,180,0.0030660629272460938
1759,77,180,0.003147125244140625
1760,78,180,0.003117084503173828
1761,79,180,0.001519918441772461
1762,80,180,0.0030469894409179688
1763,81,180,0.003043651580810547
1764,82,180,0.002901315689086914
1765,83,180,0.0014672279357910156
1766,84,180,0.002977609634399414
1767,85,180,0.0014638900756835938
1768,86,180,0.0029976367950439453
1769,87,180,0.002954244613647461
1770,88,180,0.002920866012573242
1771,89,180,0.0014629364013671875
1772,90,180,0.002826213836669922
1773,91,180,0.002848386764526367
1774,92,180,0.00278472900390625
1775,93,180,0.0013408660888671875
1776,94,180,0.0026857852935791016
1777,95,180,0.0013170242309570312
1778,96,180,0.0025720596313476562
1779,97,180,0.002679586410522461
1780,98,180,0.0026383399963378906
1781,99,180,0.0026764869689941406
1782,1,190,0.020182371139526367
1783,2,190,0.01584172248840332
1784,3,190,0.013776302337646484
1785,4,190,0.012015104293823242
1786,5,190,0.014386892318725586
1787,6,190,0.013431072235107422
1788,7,190,0.013289451599121094
1789,8,190,0.011440515518188477
1790,9,190,0.012166261672973633
1791,10,190,0.011950492858886719
1792,11,190,0.012388229370117188
1793,12,190,0.011900901794433594
1794,13,190,0.010985136032104492
1795,14,190,0.010328531265258789
1796,15,190,0.0069162845611572266
1797,16,190,0.005373954772949219
1798,17,190,0.009609699249267578
1799,18,190,0.0049953460693359375
1800,19,190,0.009062051773071289
1801,20,190,0.004689216613769531
1802,21,190,0.008353948593139648
1803,22,190,0.007183074951171875
1804,23,190,0.007209300994873047
1805,24,190,0.007382869720458984
1806,25,190,0.00715184211730957
1807,26,190,0.0069921016693115234
1808,27,190,0.0066928863525390625
1809,28,190,0.006647825241088867
1810,29,190,0.006463050842285156
1811,30,190,0.006345987319946289
1812,31,190,0.0046138763427734375
1813,32,190,0.005944967269897461
1814,33,190,0.005549430847167969
1815,34,190,0.0026483535766601562
1816,35,190,0.0054972171783447266
1817,36,190,0.005417585372924805
1818,37,190,0.007782936096191406
1819,38,190,0.00534510612487793
1820,39,190,0.005185365676879883
1821,40,190,0.005133390426635742
1822,41,190,0.004933357238769531
1823,42,190,0.004932403564453125
1824,43,190,0.004983425140380859
1825,44,190,0.004773855209350586
1826,45,190,0.00472712516784668
1827,46,190,0.004703521728515625
1828,47,190,0.004665374755859375
1829,48,190,0.004625797271728516
1830,49,190,0.004469633102416992
1831,50,190,0.004426240921020508
1832,51,190,0.004302024841308594
1833,52,190,0.0043506622314453125
1834,53,190,0.004204511642456055
1835,54,190,0.0037233829498291016
1836,55,190,0.004252910614013672
1837,56,190,0.0041294097900390625
1838,57,190,0.004114866256713867
1839,58,190,0.004040718078613281
1840,59,190,0.003991603851318359
1841,60,190,0.0038733482360839844
1842,61,190,0.0038254261016845703
1843,62,190,0.0026192665100097656
1844,63,190,0.0037581920623779297
1845,64,190,0.0037233829498291016
1846,65,190,0.0037233829498291016
1847,66,190,0.003589630126953125
1848,67,190,0.0028009414672851562
1849,68,190,0.003692150115966797
1850,69,190,0.0035734176635742188
1851,70,190,0.002669811248779297
1852,71,190,0.0035021305084228516
1853,72,190,0.002552032470703125
1854,73,190,0.003345966339111328
1855,74,190,0.0032198429107666016
1856,75,190,0.003301382064819336
1857,76,190,0.0033516883850097656
1858,77,190,0.002946138381958008
1859,78,190,0.0032987594604492188
1860,79,190,0.003002166748046875
1861,80,190,0.0032482147216796875
1862,81,190,0.003234386444091797
1863,82,190,0.003284931182861328
1864,83,190,0.003242969512939453
1865,84,190,0.0031876564025878906
1866,85,190,0.0030384063720703125
1867,86,190,0.0031456947326660156
1868,87,190,0.003245830535888672
1869,88,190,0.0031783580780029297
1870,89,190,0.0031690597534179688
1871,90,190,0.003082275390625
1872,91,190,0.0031452178955078125
1873,92,190,0.003050565719604492
1874,93,190,0.003131866455078125
1875,94,190,0.0032122135162353516
1876,95,190,0.0028603076934814453
1877,96,190,0.0029630661010742188
1878,97,190,0.002923250198364258
1879,98,190,0.0028352737426757812
1880,99,190,0.0032508373260498047
1881,1,200,0.021451711654663086
1882,2,200,0.016271114349365234
1883,3,200,0.017772197723388672
1884,4,200,0.012555122375488281
1885,5,200,0.014771223068237305
1886,6,200,0.013779163360595703
1887,7,200,0.011545658111572266
1888,8,200,0.0135498046875
1889,9,200,0.014736652374267578
1890,10,200,0.010077476501464844
1891,11,200,0.014014482498168945
1892,12,200,0.01327657699584961
1893,13,200,0.01248931884765625
1894,14,200,0.011796712875366211
1895,15,200,0.01164555549621582
1896,16,200,0.011210203170776367
1897,17,200,0.006084918975830078
1898,18,200,0.009649038314819336
1899,19,200,0.009962081909179688
1900,20,200,0.009670257568359375
1901,21,200,0.008775949478149414
1902,22,200,0.005224943161010742
1903,23,200,0.008215188980102539
1904,24,200,0.008710145950317383
1905,25,200,0.007754087448120117
1906,26,200,0.00761103630065918
1907,27,200,0.007632255554199219
1908,28,200,0.007554054260253906
1909,29,200,0.0073130130767822266
1910,30,200,0.0071566104888916016
1911,31,200,0.0070226192474365234
1912,32,200,0.006788015365600586
1913,33,200,0.0067653656005859375
1914,34,200,0.006485939025878906
1915,35,200,0.006306886672973633
1916,36,200,0.006316661834716797
1917,37,200,0.00607609748840332
1918,38,200,0.005577802658081055
1919,39,200,0.005822181701660156
1920,40,200,0.005425691604614258
1921,41,200,0.003310680389404297
1922,42,200,0.005707263946533203
1923,43,200,0.005662202835083008
1924,44,200,0.003224611282348633
1925,45,200,0.005375862121582031
1926,46,200,0.003109455108642578
1927,47,200,0.003510713577270508
1928,48,200,0.005177497863769531
1929,49,200,0.0044171810150146484
1930,50,200,0.004800319671630859
1931,51,200,0.004564523696899414
1932,52,200,0.004716634750366211
1933,53,200,0.004856109619140625
1934,54,200,0.004796504974365234
1935,55,200,0.0047454833984375
1936,56,200,0.004239797592163086
1937,57,200,0.0031659603118896484
1938,58,200,0.004553318023681641
1939,59,200,0.004576921463012695
1940,60,200,0.004521608352661133
1941,61,200,0.004075765609741211
1942,62,200,0.003968954086303711
1943,63,200,0.0024988651275634766
1944,64,200,0.003838062286376953
1945,65,200,0.004145622253417969
1946,66,200,0.004180431365966797
1947,67,200,0.004096031188964844
1948,68,200,0.003838062286376953
1949,69,200,0.004037618637084961
1950,70,200,0.0023603439331054688
1951,71,200,0.004059791564941406
1952,72,200,0.003970146179199219
1953,73,200,0.003907680511474609
1954,74,200,0.0038712024688720703
1955,75,200,0.003755331039428711
1956,76,200,0.003732442855834961
1957,77,200,0.003437042236328125
1958,78,200,0.0020456314086914062
1959,79,200,0.0034432411193847656
1960,80,200,0.0021698474884033203
1961,81,200,0.003420114517211914
1962,82,200,0.003711223602294922
1963,83,200,0.003610372543334961
1964,84,200,0.003603219985961914
1965,85,200,0.0027501583099365234
1966,86,200,0.0033860206604003906
1967,87,200,0.0036346912384033203
1968,88,200,0.0029206275939941406
1969,89,200,0.0034830570220947266
1970,90,200,0.003463268280029297
1971,91,200,0.003489971160888672
1972,92,200,0.003488302230834961
1973,93,200,0.0035059452056884766
1974,94,200,0.0029304027557373047
1975,95,200,0.0033996105194091797
1976,96,200,0.0033686161041259766
1977,97,200,0.003385782241821289
1978,98,200,0.0033822059631347656
1979,99,200,0.003442525863647461
1980,1,210,0.0250246524810791
1981,2,210,0.019333362579345703
1982,3,210,0.018183231353759766
1983,4,210,0.015892505645751953
1984,5,210,0.019292116165161133
1985,6,210,0.015427350997924805
1986,7,210,0.015656709671020508
1987,8,210,0.016063213348388672
1988,9,210,0.012286186218261719
1989,10,210,0.01599884033203125
1990,11,210,0.010897636413574219
1991,12,210,0.012378692626953125
1992,13,210,0.011313438415527344
1993,14,210,0.012914180755615234
1994,15,210,0.011928319931030273
1995,16,210,0.011248111724853516
1996,17,210,0.01194310188293457
1997,18,210,0.011421680450439453
1998,19,210,0.010123968124389648
1999,20,210,0.010441064834594727
2000,21,210,0.009636878967285156
2001,22,210,0.009979248046875
2002,23,210,0.009731054306030273
2003,24,210,0.009401082992553711
2004,25,210,0.00850534439086914
2005,26,210,0.008625507354736328
2006,27,210,0.008375406265258789
2007,28,210,0.008391141891479492
2008,29,210,0.007558345794677734
2009,30,210,0.007966995239257812
2010,31,210,0.007641792297363281
2011,32,210,0.007637739181518555
2012,33,210,0.007287740707397461
2013,34,210,0.007307767868041992
2014,35,210,0.00657963752746582
2015,36,210,0.006855010986328125
2016,37,210,0.006724119186401367
2017,38,210,0.0065228939056396484
2018,39,210,0.006337165832519531
2019,40,210,0.006003141403198242
2020,41,210,0.006203889846801758
2021,42,210,0.006285429000854492
2022,43,210,0.006134033203125
2023,44,210,0.00601506233215332
2024,45,210,0.005974531173706055
2025,46,210,0.005411624908447266
2026,47,210,0.005881071090698242
2027,48,210,0.005820751190185547
2028,49,210,0.0053141117095947266
2029,50,210,0.005578517913818359
2030,51,210,0.005558490753173828
2031,52,210,0.005451679229736328
2032,53,210,0.005346059799194336
2033,54,210,0.0049207210540771484
2034,55,210,0.005291461944580078
2035,56,210,0.0051953792572021484
2036,57,210,0.00503230094909668
2037,58,210,0.004727363586425781
2038,59,210,0.004613161087036133
2039,60,210,0.004845857620239258
2040,61,210,0.0050106048583984375
2041,62,210,0.004921674728393555
2042,63,210,0.004517316818237305
2043,64,210,0.004785060882568359
2044,65,210,0.00467228889465332
2045,66,210,0.004367828369140625
2046,67,210,0.0042841434478759766
2047,68,210,0.0044820308685302734
2048,69,210,0.004552125930786133
2049,70,210,0.004456758499145508
2050,71,210,0.004491090774536133
2051,72,210,0.0044629573822021484
2052,73,210,0.004277229309082031
2053,74,210,0.00422215461730957
2054,75,210,0.004015445709228516
2055,76,210,0.004268646240234375
2056,77,210,0.003915548324584961
2057,78,210,0.004220485687255859
2058,79,210,0.0023887157440185547
2059,80,210,0.004009723663330078
2060,81,210,0.003967761993408203
2061,82,210,0.0035903453826904297
2062,83,210,0.00400543212890625
2063,84,210,0.004007816314697266
2064,85,210,0.003989458084106445
2065,86,210,0.0023126602172851562
2066,87,210,0.0039157867431640625
2067,88,210,0.003908634185791016
2068,89,210,0.003891468048095703
2069,90,210,0.003946065902709961
2070,91,210,0.0038471221923828125
2071,92,210,0.003592967987060547
2072,93,210,0.0038001537322998047
2073,94,210,0.0036127567291259766
2074,95,210,0.0034415721893310547
2075,96,210,0.0037758350372314453
2076,97,210,0.003744840621948242
2077,98,210,0.0036590099334716797
2078,99,210,0.0036611557006835938
2079,1,220,0.027390480041503906
2080,2,220,0.019901037216186523
2081,3,220,0.021248817443847656
2082,4,220,0.019018888473510742
2083,5,220,0.018116235733032227
2084,6,220,0.014851808547973633
2085,7,220,0.01969170570373535
2086,8,220,0.01638484001159668
2087,9,220,0.017954587936401367
2088,10,220,0.015526056289672852
2089,11,220,0.016901731491088867
2090,12,220,0.014645576477050781
2091,13,220,0.015037059783935547
2092,14,220,0.01430511474609375
2093,15,220,0.013387918472290039
2094,16,220,0.0129547119140625
2095,17,220,0.013108968734741211
2096,18,220,0.012712240219116211
2097,19,220,0.012059450149536133
2098,20,220,0.01136469841003418
2099,21,220,0.011201143264770508
2100,22,220,0.011163711547851562
2101,23,220,0.010578155517578125
2102,24,220,0.010246753692626953
2103,25,220,0.009919881820678711
2104,26,220,0.009485721588134766
2105,27,220,0.009170293807983398
2106,28,220,0.009026288986206055
2107,29,220,0.008796930313110352
2108,30,220,0.008683204650878906
2109,31,220,0.008372306823730469
2110,32,220,0.00792241096496582
2111,33,220,0.00793004035949707
2112,34,220,0.007933616638183594
2113,35,220,0.007884979248046875
2114,36,220,0.007617950439453125
2115,37,220,0.007457733154296875
2116,38,220,0.007047414779663086
2117,39,220,0.0069773197174072266
2118,40,220,0.006874799728393555
2119,41,220,0.0068166255950927734
2120,42,220,0.006931304931640625
2121,43,220,0.00615382194519043
2122,44,220,0.006552219390869141
2123,45,220,0.00643610954284668
2124,46,220,0.006337642669677734
2125,47,220,0.006360292434692383
2126,48,220,0.005898952484130859
2127,49,220,0.0062713623046875
2128,50,220,0.006113290786743164
2129,51,220,0.006074666976928711
2130,52,220,0.005892038345336914
2131,53,220,0.005858898162841797
2132,54,220,0.005911827087402344
2133,55,220,0.005584001541137695
2134,56,220,0.005652904510498047
2135,57,220,0.005647420883178711
2136,58,220,0.005576610565185547
2137,59,220,0.005454540252685547
2138,60,220,0.005376338958740234
2139,61,220,0.005381107330322266
2140,62,220,0.005276203155517578
2141,63,220,0.005181312561035156
2142,64,220,0.005113124847412109
2143,65,220,0.005224704742431641
2144,66,220,0.005262851715087891
2145,67,220,0.005087137222290039
2146,68,220,0.005045652389526367
2147,69,220,0.0048427581787109375
2148,70,220,0.0048482418060302734
2149,71,220,0.004858970642089844
2150,72,220,0.004359006881713867
2151,73,220,0.0047607421875
2152,74,220,0.004834890365600586
2153,75,220,0.0047261714935302734
2154,76,220,0.0045871734619140625
2155,77,220,0.00459742546081543
2156,78,220,0.004686832427978516
2157,79,220,0.0046236515045166016
2158,80,220,0.004485130310058594
2159,81,220,0.004323720932006836
2160,82,220,0.002671957015991211
2161,83,220,0.004339456558227539
2162,84,220,0.004308938980102539
2163,85,220,0.004262685775756836
2164,86,220,0.0036618709564208984
2165,87,220,0.00426936149597168
2166,88,220,0.00426936149597168
2167,89,220,0.004240512847900391
2168,90,220,0.004160642623901367
2169,91,220,0.00414276123046875
2170,92,220,0.0041828155517578125
2171,93,220,0.004181385040283203
2172,94,220,0.004097700119018555
2173,95,220,0.0041103363037109375
2174,96,220,0.004042148590087891
2175,97,220,0.004099607467651367
2176,98,220,0.00407862663269043
2177,99,220,0.003939628601074219
2178,1,230,0.029821157455444336
2179,2,230,0.0236361026763916
2180,3,230,0.021406888961791992
2181,4,230,0.020134449005126953
2182,5,230,0.016678810119628906
2183,6,230,0.021494150161743164
2184,7,230,0.015326499938964844
2185,8,230,0.019191503524780273
2186,9,230,0.01806640625
2187,10,230,0.018985748291015625
2188,11,230,0.01860356330871582
2189,12,230,0.017266273498535156
2190,13,230,0.016385316848754883
2191,14,230,0.015238285064697266
2192,15,230,0.015094280242919922
2193,16,230,0.014446496963500977
2194,17,230,0.014426469802856445
2195,18,230,0.013714313507080078
2196,19,230,0.013034343719482422
2197,20,230,0.012468338012695312
2198,21,230,0.012102842330932617
2199,22,230,0.012150049209594727
2200,23,230,0.00930929183959961
2201,24,230,0.011186599731445312
2202,25,230,0.010791778564453125
2203,26,230,0.010471582412719727
2204,27,230,0.01001596450805664
2205,28,230,0.010047435760498047
2206,29,230,0.00963902473449707
2207,30,230,0.00905299186706543
2208,31,230,0.009164094924926758
2209,32,230,0.008891582489013672
2210,33,230,0.008752584457397461
2211,34,230,0.00869894027709961
2212,35,230,0.008523941040039062
2213,36,230,0.007925748825073242
2214,37,230,0.008217334747314453
2215,38,230,0.00801539421081543
2216,39,230,0.007790088653564453
2217,40,230,0.007519960403442383
2218,41,230,0.0073659420013427734
2219,42,230,0.007361173629760742
2220,43,230,0.007322072982788086
2221,44,230,0.007364749908447266
2222,45,230,0.00688481330871582
2223,46,230,0.0070226192474365234
2224,47,230,0.006947040557861328
2225,48,230,0.006578683853149414
2226,49,230,0.006758928298950195
2227,50,230,0.006548881530761719
2228,51,230,0.006601095199584961
2229,52,230,0.006490230560302734
2230,53,230,0.006445884704589844
2231,54,230,0.006346940994262695
2232,55,230,0.0063703060150146484
2233,56,230,0.0062503814697265625
2234,57,230,0.006189823150634766
2235,58,230,0.006033182144165039
2236,59,230,0.0060045719146728516
2237,60,230,0.005625486373901367
2238,61,230,0.005932807922363281
2239,62,230,0.005965232849121094
2240,63,230,0.005843639373779297
2241,64,230,0.005649089813232422
2242,65,230,0.005705833435058594
2243,66,230,0.005559206008911133
2244,67,230,0.005574464797973633
2245,68,230,0.005621194839477539
2246,69,230,0.00554656982421875
2247,70,230,0.005441427230834961
2248,71,230,0.005376577377319336
2249,72,230,0.005319833755493164
2250,73,230,0.0052797794342041016
2251,74,230,0.005164384841918945
2252,75,230,0.005785226821899414
2253,76,230,0.0052106380462646484
2254,77,230,0.005168914794921875
2255,78,230,0.00513148307800293
2256,79,230,0.005019187927246094
2257,80,230,0.0050008296966552734
2258,81,230,0.004935741424560547
2259,82,230,0.004994630813598633
2260,83,230,0.004869222640991211
2261,84,230,0.004778861999511719
2262,85,230,0.0049016475677490234
2263,86,230,0.004793405532836914
2264,87,230,0.004659414291381836
2265,88,230,0.0045855045318603516
2266,89,230,0.0045070648193359375
2267,90,230,0.004168033599853516
2268,91,230,0.004506111145019531
2269,92,230,0.004574298858642578
2270,93,230,0.0045130252838134766
2271,94,230,0.0044994354248046875
2272,95,230,0.0044214725494384766
2273,96,230,0.004444122314453125
2274,97,230,0.00440216064453125
2275,98,230,0.0044782161712646484
2276,99,230,0.004386425018310547
2277,1,240,0.03238391876220703
2278,2,240,0.025555133819580078
2279,3,240,0.023877382278442383
2280,4,240,0.020420551300048828
2281,5,240,0.022735595703125
2282,6,240,0.021595478057861328
2283,7,240,0.02218914031982422
2284,8,240,0.02083110809326172
2285,9,240,0.021059036254882812
2286,10,240,0.01457667350769043
2287,11,240,0.020342350006103516
2288,12,240,0.018765687942504883
2289,13,240,0.01771235466003418
2290,14,240,0.016716718673706055
2291,15,240,0.016295671463012695
2292,16,240,0.01577448844909668
2293,17,240,0.015909433364868164
2294,18,240,0.015020370483398438
2295,19,240,0.010886192321777344
2296,20,240,0.01349020004272461
2297,21,240,0.013392448425292969
2298,22,240,0.012889862060546875
2299,23,240,0.011698246002197266
2300,24,240,0.012375593185424805
2301,25,240,0.01173853874206543
2302,26,240,0.011456966400146484
2303,27,240,0.011156320571899414
2304,28,240,0.010656356811523438
2305,29,240,0.01061391830444336
2306,30,240,0.010234594345092773
2307,31,240,0.00989985466003418
2308,32,240,0.009818315505981445
2309,33,240,0.009558439254760742
2310,34,240,0.009309530258178711
2311,35,240,0.009242057800292969
2312,36,240,0.008942365646362305
2313,37,240,0.008859872817993164
2314,38,240,0.008714675903320312
2315,39,240,0.008537530899047852
2316,40,240,0.008382797241210938
2317,41,240,0.008128881454467773
2318,42,240,0.007790088653564453
2319,43,240,0.007888078689575195
2320,44,240,0.007727146148681641
2321,45,240,0.007668256759643555
2322,46,240,0.007632732391357422
2323,47,240,0.0072934627532958984
2324,48,240,0.007439374923706055
2325,49,240,0.007332563400268555
2326,50,240,0.007098674774169922
2327,51,240,0.007268190383911133
2328,52,240,0.007051229476928711
2329,53,240,0.006960391998291016
2330,54,240,0.0068972110748291016
2331,55,240,0.00699925422668457
2332,56,240,0.0067596435546875
2333,57,240,0.006659746170043945
2334,58,240,0.006685495376586914
2335,59,240,0.0065402984619140625
2336,60,240,0.006376743316650391
2337,61,240,0.0064029693603515625
2338,62,240,0.006394863128662109
2339,63,240,0.006394386291503906
2340,64,240,0.00616908073425293
2341,65,240,0.006174325942993164
2342,66,240,0.0061054229736328125
2343,67,240,0.005990028381347656
2344,68,240,0.0059621334075927734
2345,69,240,0.00589442253112793
2346,70,240,0.005974769592285156
2347,71,240,0.005866527557373047
2348,72,240,0.005791425704956055
2349,73,240,0.0057413578033447266
2350,74,240,0.005674123764038086
2351,75,240,0.0055921077728271484
2352,76,240,0.0055484771728515625
2353,77,240,0.005452871322631836
2354,78,240,0.005485057830810547
2355,79,240,0.0053844451904296875
2356,80,240,0.00546717643737793
2357,81,240,0.005438089370727539
2358,82,240,0.005299806594848633
2359,83,240,0.005225419998168945
2360,84,240,0.0051991939544677734
2361,85,240,0.005296945571899414
2362,86,240,0.005253314971923828
2363,87,240,0.005190134048461914
2364,88,240,0.0051114559173583984
2365,89,240,0.005056619644165039
2366,90,240,0.005028724670410156
2367,91,240,0.0047779083251953125
2368,92,240,0.004864692687988281
2369,93,240,0.0047643184661865234
2370,94,240,0.004579782485961914
2371,95,240,0.004873991012573242
2372,96,240,0.004809141159057617
2373,97,240,0.004786014556884766
2374,98,240,0.004634380340576172
2375,99,240,0.00480198860168457
2376,1,250,0.03481292724609375
2377,2,250,0.028870820999145508
2378,3,250,0.0277862548828125
2379,4,250,0.024834156036376953
2380,5,250,0.0232393741607666
2381,6,250,0.021663427352905273
2382,7,250,0.023599624633789062
2383,8,250,0.02081775665283203
2384,9,250,0.02130126953125
2385,10,250,0.022207021713256836
2386,11,250,0.014007329940795898
2387,12,250,0.020735502243041992
2388,13,250,0.01914238929748535
2389,14,250,0.018154621124267578
2390,15,250,0.015451192855834961
2391,16,250,0.01738452911376953
2392,17,250,0.016655921936035156
2393,18,250,0.016350269317626953
2394,19,250,0.015289545059204102
2395,20,250,0.014815330505371094
2396,21,250,0.014401674270629883
2397,22,250,0.014253377914428711
2398,23,250,0.013404369354248047
2399,24,250,0.013338327407836914
2400,25,250,0.012806415557861328
2401,26,250,0.012221336364746094
2402,27,250,0.01165008544921875
2403,28,250,0.011716604232788086
2404,29,250,0.011253595352172852
2405,30,250,0.011318445205688477
2406,31,250,0.010958671569824219
2407,32,250,0.0102996826171875
2408,33,250,0.010422229766845703
2409,34,250,0.00963449478149414
2410,35,250,0.010081291198730469
2411,36,250,0.009819984436035156
2412,37,250,0.009661197662353516
2413,38,250,0.009370088577270508
2414,39,250,0.009101629257202148
2415,40,250,0.009207010269165039
2416,41,250,0.00892782211303711
2417,42,250,0.00858759880065918
2418,43,250,0.008480548858642578
2419,44,250,0.008260965347290039
2420,45,250,0.008251428604125977
2421,46,250,0.007714033126831055
2422,47,250,0.008093595504760742
2423,48,250,0.008043527603149414
2424,49,250,0.00781559944152832
2425,50,250,0.007789134979248047
2426,51,250,0.007653713226318359
2427,52,250,0.007443666458129883
2428,53,250,0.00751948356628418
2429,54,250,0.007273674011230469
2430,55,250,0.007397890090942383
2431,56,250,0.007394313812255859
2432,57,250,0.007311344146728516
2433,58,250,0.007096290588378906
2434,59,250,0.007086038589477539
2435,60,250,0.007109403610229492
2436,61,250,0.007016897201538086
2437,62,250,0.006937980651855469
2438,63,250,0.006737232208251953
2439,64,250,0.006697893142700195
2440,65,250,0.006539821624755859
2441,66,250,0.006685018539428711
2442,67,250,0.006582021713256836
2443,68,250,0.0062372684478759766
2444,69,250,0.006478786468505859
2445,70,250,0.006361246109008789
2446,71,250,0.0060346126556396484
2447,72,250,0.006208181381225586
2448,73,250,0.006341695785522461
2449,74,250,0.006322145462036133
2450,75,250,0.006238222122192383
2451,76,250,0.00612330436706543
2452,77,250,0.006066560745239258
2453,78,250,0.005879402160644531
2454,79,250,0.005974531173706055
2455,80,250,0.005836963653564453
2456,81,250,0.005809307098388672
2457,82,250,0.005751132965087891
2458,83,250,0.005727052688598633
2459,84,250,0.0058536529541015625
2460,85,250,0.005741596221923828
2461,86,250,0.00570368766784668
2462,87,250,0.005659580230712891
2463,88,250,0.005391120910644531
2464,89,250,0.005566596984863281
2465,90,250,0.005568265914916992
2466,91,250,0.005464076995849609
2467,92,250,0.0052416324615478516
2468,93,250,0.005407810211181641
2469,94,250,0.005307912826538086
2470,95,250,0.005102634429931641
2471,96,250,0.00513005256652832
2472,97,250,0.0050776004791259766
2473,98,250,0.004894733428955078
2474,99,250,0.005109071731567383
2475,1,260,0.03792071342468262
2476,2,260,0.030100584030151367
2477,3,260,0.025629520416259766
2478,4,260,0.026447534561157227
2479,5,260,0.028924942016601562
2480,6,260,0.02516341209411621
2481,7,260,0.02391505241394043
2482,8,260,0.019739389419555664
2483,9,260,0.02449631690979004
2484,10,260,0.024169445037841797
2485,11,260,0.023776769638061523
2486,12,260,0.014720439910888672
2487,13,260,0.02095341682434082
2488,14,260,0.0197603702545166
2489,15,260,0.0190432071685791
2490,16,260,0.017054080963134766
2491,17,260,0.018529653549194336
2492,18,260,0.017593860626220703
2493,19,260,0.016841411590576172
2494,20,260,0.015807628631591797
2495,21,260,0.015749454498291016
2496,22,260,0.014625787734985352
2497,23,260,0.01476907730102539
2498,24,260,0.014122247695922852
2499,25,260,0.013864278793334961
2500,26,260,0.013368606567382812
2501,27,260,0.013087034225463867
2502,28,260,0.01251983642578125
2503,29,260,0.012461423873901367
2504,30,260,0.012070417404174805
2505,31,260,0.01187753677368164
2506,32,260,0.011487007141113281
2507,33,260,0.01121830940246582
2508,34,260,0.010813713073730469
2509,35,260,0.010602712631225586
2510,36,260,0.010535240173339844
2511,37,260,0.010136127471923828
2512,38,260,0.010218143463134766
2513,39,260,0.009816884994506836
2514,40,260,0.009792566299438477
2515,41,260,0.009684085845947266
2516,42,260,0.009572029113769531
2517,43,260,0.009451627731323242
2518,44,260,0.008974075317382812
2519,45,260,0.008558034896850586
2520,46,260,0.008697748184204102
2521,47,260,0.008693218231201172
2522,48,260,0.008461952209472656
2523,49,260,0.00861668586730957
2524,50,260,0.008439064025878906
2525,51,260,0.008130073547363281
2526,52,260,0.00820469856262207
2527,53,260,0.00819087028503418
2528,54,260,0.007948875427246094
2529,55,260,0.008066415786743164
2530,56,260,0.0077972412109375
2531,57,260,0.007733345031738281
2532,58,260,0.007745504379272461
2533,59,260,0.00769805908203125
2534,60,260,0.0076389312744140625
2535,61,260,0.007508754730224609
2536,62,260,0.007476806640625
2537,63,260,0.0073888301849365234
2538,64,260,0.007211923599243164
2539,65,260,0.0071659088134765625
2540,66,260,0.006955385208129883
2541,67,260,0.0070781707763671875
2542,68,260,0.006978511810302734
2543,69,260,0.00691986083984375
2544,70,260,0.006862640380859375
2545,71,260,0.0068509578704833984
2546,72,260,0.006820201873779297
2547,73,260,0.006591796875
2548,74,260,0.006074190139770508
2549,75,260,0.0066144466400146484
2550,76,260,0.006632804870605469
2551,77,260,0.006680488586425781
2552,78,260,0.006565093994140625
2553,79,260,0.0064945220947265625
2554,80,260,0.006411314010620117
2555,81,260,0.0063130855560302734
2556,82,260,0.006239652633666992
2557,83,260,0.006170034408569336
2558,84,260,0.006199836730957031
2559,85,260,0.00603938102722168
2560,86,260,0.006123065948486328
2561,87,260,0.006180286407470703
2562,88,260,0.006058692932128906
2563,89,260,0.00600886344909668
2564,90,260,0.005506277084350586
2565,91,260,0.0058841705322265625
2566,92,260,0.005859851837158203
2567,93,260,0.005788326263427734
2568,94,260,0.005891561508178711
2569,95,260,0.005750894546508789
2570,96,260,0.005758047103881836
2571,97,260,0.005638837814331055
2572,98,260,0.0055310726165771484
2573,99,260,0.005473613739013672
2574,1,270,0.04020047187805176
2575,2,270,0.02769947052001953
2576,3,270,0.025794506072998047
2577,4,270,0.024985074996948242
2578,5,270,0.02890491485595703
2579,6,270,0.029542207717895508
2580,7,270,0.020137310028076172
2581,8,270,0.02630901336669922
2582,9,270,0.02674579620361328
2583,10,270,0.01949000358581543
2584,11,270,0.02540898323059082
2585,12,270,0.024010419845581055
2586,13,270,0.022524118423461914
2587,14,270,0.021115779876708984
2588,15,270,0.02087116241455078
2589,16,270,0.020350217819213867
2590,17,270,0.019706249237060547
2591,18,270,0.01413416862487793
2592,19,270,0.018118858337402344
2593,20,270,0.017290115356445312
2594,21,270,0.017165422439575195
2595,22,270,0.01631951332092285
2596,23,270,0.015834569931030273
2597,24,270,0.014105558395385742
2598,25,270,0.014640569686889648
2599,26,270,0.01438140869140625
2600,27,270,0.014757156372070312
2601,28,270,0.013688087463378906
2602,29,270,0.01321864128112793
2603,30,270,0.013310909271240234
2604,31,270,0.010969400405883789
2605,32,270,0.012259244918823242
2606,33,270,0.011938095092773438
2607,34,270,0.011758804321289062
2608,35,270,0.011401176452636719
2609,36,270,0.011392354965209961
2610,37,270,0.011197566986083984
2611,38,270,0.010918617248535156
2612,39,270,0.010548114776611328
2613,40,270,0.010562658309936523
2614,41,270,0.010323286056518555
2615,42,270,0.010190010070800781
2616,43,270,0.010068416595458984
2617,44,270,0.00989222526550293
2618,45,270,0.009764432907104492
2619,46,270,0.009455204010009766
2620,47,270,0.009439229965209961
2621,48,270,0.008916616439819336
2622,49,270,0.009034395217895508
2623,50,270,0.00891876220703125
2624,51,270,0.008870601654052734
2625,52,270,0.008833169937133789
2626,53,270,0.008553028106689453
2627,54,270,0.008677482604980469
2628,55,270,0.008578777313232422
2629,56,270,0.008446455001831055
2630,57,270,0.008414268493652344
2631,58,270,0.008412361145019531
2632,59,270,0.008093833923339844
2633,60,270,0.008042097091674805
2634,61,270,0.008161067962646484
2635,62,270,0.008051872253417969
2636,63,270,0.007973670959472656
2637,64,270,0.007847785949707031
2638,65,270,0.007249355316162109
2639,66,270,0.007716655731201172
2640,67,270,0.007679462432861328
2641,68,270,0.007616519927978516
2642,69,270,0.007393360137939453
2643,70,270,0.007450580596923828
2644,71,270,0.007428646087646484
2645,72,270,0.007338762283325195
2646,73,270,0.0072498321533203125
2647,74,270,0.007292032241821289
2648,75,270,0.007127046585083008
2649,76,270,0.007025241851806641
2650,77,270,0.006748199462890625
2651,78,270,0.0069768428802490234
2652,79,270,0.007008075714111328
2653,80,270,0.006967067718505859
2654,81,270,0.006901741027832031
2655,82,270,0.006795644760131836
2656,83,270,0.006627321243286133
2657,84,270,0.006638288497924805
2658,85,270,0.006537437438964844
2659,86,270,0.006526947021484375
2660,87,270,0.006399631500244141
2661,88,270,0.006444454193115234
2662,89,270,0.006387948989868164
2663,90,270,0.006485462188720703
2664,91,270,0.006350040435791016
2665,92,270,0.006345510482788086
2666,93,270,0.006422996520996094
2667,94,270,0.006310701370239258
2668,95,270,0.006148338317871094
2669,96,270,0.00612950325012207
2670,97,270,0.006243705749511719
2671,98,270,0.006112098693847656
2672,99,270,0.006037473678588867
2673,1,280,0.04367685317993164
2674,2,280,0.031868696212768555
2675,3,280,0.03182792663574219
2676,4,280,0.025519847869873047
2677,5,280,0.02727985382080078
2678,6,280,0.029248952865600586
2679,7,280,0.025858640670776367
2680,8,280,0.019694089889526367
2681,9,280,0.028827428817749023
2682,10,280,0.01892256736755371
2683,11,280,0.027382373809814453
2684,12,280,0.019591331481933594
2685,13,280,0.024373292922973633
2686,14,280,0.022672176361083984
2687,15,280,0.020804166793823242
2688,16,280,0.02130603790283203
2689,17,280,0.021096229553222656
2690,18,280,0.020951509475708008
2691,19,280,0.019588708877563477
2692,20,280,0.018596887588500977
2693,21,280,0.018118858337402344
2694,22,280,0.01761007308959961
2695,23,280,0.01698470115661621
2696,24,280,0.016690969467163086
2697,25,280,0.015843868255615234
2698,26,280,0.015142679214477539
2699,27,280,0.014898300170898438
2700,28,280,0.014764547348022461
2701,29,280,0.014202356338500977
2702,30,280,0.014017343521118164
2703,31,280,0.013772964477539062
2704,32,280,0.01318216323852539
2705,33,280,0.012811422348022461
2706,34,280,0.012694597244262695
2707,35,280,0.01242971420288086
2708,36,280,0.012224674224853516
2709,37,280,0.01187276840209961
2710,38,280,0.011510372161865234
2711,39,280,0.011415481567382812
2712,40,280,0.011219024658203125
2713,41,280,0.010982990264892578
2714,42,280,0.010926246643066406
2715,43,280,0.010940074920654297
2716,44,280,0.010645627975463867
2717,45,280,0.010421276092529297
2718,46,280,0.010259389877319336
2719,47,280,0.01016545295715332
2720,48,280,0.009787321090698242
2721,49,280,0.009591102600097656
2722,50,280,0.009444713592529297
2723,51,280,0.009370803833007812
2724,52,280,0.00939488410949707
2725,53,280,0.009454965591430664
2726,54,280,0.009242057800292969
2727,55,280,0.009177923202514648
2728,56,280,0.009062767028808594
2729,57,280,0.008966445922851562
2730,58,280,0.00873255729675293
2731,59,280,0.008694171905517578
2732,60,280,0.008760213851928711
2733,61,280,0.008608102798461914
2734,62,280,0.008555412292480469
2735,63,280,0.00852513313293457
2736,64,280,0.008529186248779297
2737,65,280,0.008510112762451172
2738,66,280,0.00830841064453125
2739,67,280,0.008176326751708984
2740,68,280,0.008187294006347656
2741,69,280,0.008129119873046875
2742,70,280,0.008016109466552734
2743,71,280,0.007813215255737305
2744,72,280,0.007807731628417969
2745,73,280,0.007411956787109375
2746,74,280,0.007820367813110352
2747,75,280,0.007714509963989258
2748,76,280,0.007540225982666016
2749,77,280,0.0075681209564208984
2750,78,280,0.007440090179443359
2751,79,280,0.007355690002441406
2752,80,280,0.0072116851806640625
2753,81,280,0.0072956085205078125
2754,82,280,0.007442951202392578
2755,83,280,0.007370471954345703
2756,84,280,0.007222414016723633
2757,85,280,0.007292270660400391
2758,86,280,0.007228374481201172
2759,87,280,0.007030487060546875
2760,88,280,0.006911039352416992
2761,89,280,0.006819725036621094
2762,90,280,0.006841182708740234
2763,91,280,0.0067822933197021484
2764,92,280,0.006776571273803711
2765,93,280,0.006744384765625
2766,94,280,0.006784200668334961
2767,95,280,0.006757974624633789
2768,96,280,0.006667137145996094
2769,97,280,0.006525993347167969
2770,98,280,0.006479024887084961
2771,99,280,0.006482362747192383
2772,1,290,0.04458212852478027
2773,2,290,0.03174924850463867
2774,3,290,0.03081655502319336
2775,4,290,0.030558109283447266
2776,5,290,0.025727033615112305
2777,6,290,0.03139162063598633
2778,7,290,0.024265527725219727
2779,8,290,0.0261075496673584
2780,9,290,0.018923521041870117
2781,10,290,0.03009319305419922
2782,11,290,0.016299724578857422
2783,12,290,0.0276949405670166
2784,13,290,0.025836944580078125
2785,14,290,0.024433612823486328
2786,15,290,0.013518810272216797
2787,16,290,0.023287296295166016
2788,17,290,0.022592544555664062
2789,18,290,0.02169013023376465
2790,19,290,0.020803451538085938
2791,20,290,0.019896507263183594
2792,21,290,0.019518613815307617
2793,22,290,0.018960952758789062
2794,23,290,0.010076284408569336
2795,24,290,0.01004791259765625
2796,25,290,0.017145633697509766
2797,26,290,0.009340763092041016
2798,27,290,0.00910043716430664
2799,28,290,0.008972883224487305
2800,29,290,0.015384912490844727
2801,30,290,0.015078306198120117
2802,31,290,0.014361143112182617
2803,32,290,0.01436471939086914
2804,33,290,0.01395106315612793
2805,34,290,0.013506174087524414
2806,35,290,0.01327824592590332
2807,36,290,0.013167142868041992
2808,37,290,0.012567758560180664
2809,38,290,0.007269144058227539
2810,39,290,0.012337207794189453
2811,40,290,0.012147903442382812
2812,41,290,0.012032747268676758
2813,42,290,0.01169729232788086
2814,43,290,0.011691808700561523
2815,44,290,0.006506919860839844
2816,45,290,0.011075496673583984
2817,46,290,0.011077642440795898
2818,47,290,0.006361246109008789
2819,48,290,0.01080942153930664
2820,49,290,0.010549306869506836
2821,50,290,0.01028895378112793
2822,51,290,0.009881258010864258
2823,52,290,0.005814790725708008
2824,53,290,0.009816169738769531
2825,54,290,0.005757570266723633
2826,55,290,0.00970315933227539
2827,56,290,0.00571751594543457
2828,57,290,0.005438089370727539
2829,58,290,0.009438514709472656
2830,59,290,0.00938272476196289
2831,60,290,0.009280204772949219
2832,61,290,0.00929880142211914
2833,62,290,0.009245872497558594
2834,63,290,0.00911402702331543
2835,64,290,0.005227804183959961
2836,65,290,0.008844852447509766
2837,66,290,0.008948087692260742
2838,67,290,0.008710145950317383
2839,68,290,0.0050618648529052734
2840,69,290,0.008593559265136719
2841,70,290,0.004966020584106445
2842,71,290,0.008420228958129883
2843,72,290,0.008431434631347656
2844,73,290,0.0083160400390625
2845,74,290,0.0047130584716796875
2846,75,290,0.008089303970336914
2847,76,290,0.008044004440307617
2848,77,290,0.007989883422851562
2849,78,290,0.007908105850219727
2850,79,290,0.007692575454711914
2851,80,290,0.007910490036010742
2852,81,290,0.004576206207275391
2853,82,290,0.007747650146484375
2854,83,290,0.007511138916015625
2855,84,290,0.007749319076538086
2856,85,290,0.00449061393737793
2857,86,290,0.007649898529052734
2858,87,290,0.00767827033996582
2859,88,290,0.007483959197998047
2860,89,290,0.007262468338012695
2861,90,290,0.007351398468017578
2862,91,290,0.007185220718383789
2863,92,290,0.007261991500854492
2864,93,290,0.007064104080200195
2865,94,290,0.007080078125
2866,95,290,0.006990671157836914
2867,96,290,0.0070836544036865234
2868,97,290,0.007066249847412109
2869,98,290,0.007040977478027344
2870,99,290,0.004098653793334961
2871,1,300,0.0478363037109375
2872,2,300,0.03368711471557617
2873,3,300,0.02909541130065918
2874,4,300,0.02388453483581543
2875,5,300,0.03130197525024414
2876,6,300,0.029023170471191406
2877,7,300,0.02781510353088379
2878,8,300,0.02160334587097168
2879,9,300,0.023496627807617188
2880,10,300,0.02762889862060547
2881,11,300,0.03152036666870117
2882,12,300,0.0291440486907959
2883,13,300,0.017022132873535156
2884,14,300,0.022379159927368164
2885,15,300,0.025616884231567383
2886,16,300,0.0183107852935791
2887,17,300,0.024327993392944336
2888,18,300,0.02005600929260254
2889,19,300,0.022459745407104492
2890,20,300,0.012138605117797852
2891,21,300,0.020696401596069336
2892,22,300,0.020229101181030273
2893,23,300,0.01101231575012207
2894,24,300,0.018875837326049805
2895,25,300,0.018155813217163086
2896,26,300,0.009936094284057617
2897,27,300,0.009655475616455078
2898,28,300,0.01661062240600586
2899,29,300,0.009300470352172852
2900,30,300,0.016086101531982422
2901,31,300,0.0156097412109375
2902,32,300,0.008683204650878906
2903,33,300,0.014892578125
2904,34,300,0.008346796035766602
2905,35,300,0.00808858871459961
2906,36,300,0.014197587966918945
2907,37,300,0.013757705688476562
2908,38,300,0.013149499893188477
2909,39,300,0.00751805305480957
2910,40,300,0.007409572601318359
2911,41,300,0.007323265075683594
2912,42,300,0.012765645980834961
2913,43,300,0.007028341293334961
2914,44,300,0.006952524185180664
2915,45,300,0.011913299560546875
2916,46,300,0.0071260929107666016
2917,47,300,0.011142492294311523
2918,48,300,0.011563539505004883
2919,49,300,0.011463403701782227
2920,50,300,0.01118779182434082
2921,51,300,0.010942459106445312
2922,52,300,0.010617971420288086
2923,53,300,0.006097078323364258
2924,54,300,0.010462045669555664
2925,55,300,0.006041288375854492
2926,56,300,0.0059814453125
2927,57,300,0.010113239288330078
2928,58,300,0.010128974914550781
2929,59,300,0.009864091873168945
2930,60,300,0.009885311126708984
2931,61,300,0.009899616241455078
2932,62,300,0.00979924201965332
2933,63,300,0.009602546691894531
2934,64,300,0.00954747200012207
2935,65,300,0.00558018684387207
2936,66,300,0.009348630905151367
2937,67,300,0.009443521499633789
2938,68,300,0.009459972381591797
2939,69,300,0.009253740310668945
2940,70,300,0.009154081344604492
2941,71,300,0.009050369262695312
2942,72,300,0.0052947998046875
2943,73,300,0.009016990661621094
2944,74,300,0.008876562118530273
2945,75,300,0.008688211441040039
2946,76,300,0.00861048698425293
2947,77,300,0.008538961410522461
2948,78,300,0.008510112762451172
2949,79,300,0.008487224578857422
2950,80,300,0.008539438247680664
2951,81,300,0.004968166351318359
2952,82,300,0.008289098739624023
2953,83,300,0.00822138786315918
2954,84,300,0.0048351287841796875
2955,85,300,0.00821375846862793
2956,86,300,0.007840156555175781
2957,87,300,0.00805974006652832
2958,88,300,0.007695198059082031
2959,89,300,0.00796818733215332
2960,90,300,0.007966279983520508
2961,91,300,0.007953882217407227
2962,92,300,0.0077970027923583984
2963,93,300,0.0076160430908203125
2964,94,300,0.00762629508972168
2965,95,300,0.007625102996826172
2966,96,300,0.007518768310546875
2967,97,300,0.00742030143737793
2968,98,300,0.0074596405029296875
2969,99,300,0.007456302642822266
2970,1,310,0.05025219917297363
2971,2,310,0.04138612747192383
2972,3,310,0.02547311782836914
2973,4,310,0.029092073440551758
2974,5,310,0.031121492385864258
2975,6,310,0.027214765548706055
2976,7,310,0.03554821014404297
2977,8,310,0.0300905704498291
2978,9,310,0.026075363159179688
2979,10,310,0.03168487548828125
2980,11,310,0.033583641052246094
2981,12,310,0.028748512268066406
2982,13,310,0.03001880645751953
2983,14,310,0.02782583236694336
2984,15,310,0.027440786361694336
2985,16,310,0.02631664276123047
2986,17,310,0.025885581970214844
2987,18,310,0.02466440200805664
2988,19,310,0.013173818588256836
2989,20,310,0.022791624069213867
2990,21,310,0.022279977798461914
2991,22,310,0.012290477752685547
2992,23,310,0.021052837371826172
2993,24,310,0.020216703414916992
2994,25,310,0.019365549087524414
2995,26,310,0.018398046493530273
2996,27,310,0.015092849731445312
2997,28,310,0.01773977279663086
2998,29,310,0.017281532287597656
2999,30,310,0.017312049865722656
3000,31,310,0.016605615615844727
3001,32,310,0.009134292602539062
3002,33,310,0.01066446304321289
3003,34,310,0.015174627304077148
3004,35,310,0.01528477668762207
3005,36,310,0.014631032943725586
3006,37,310,0.014921903610229492
3007,38,310,0.008195877075195312
3008,39,310,0.013752222061157227
3009,40,310,0.007829666137695312
3010,41,310,0.009847164154052734
3011,42,310,0.01318979263305664
3012,43,310,0.013253211975097656
3013,44,310,0.013140201568603516
3014,45,310,0.012754201889038086
3015,46,310,0.01251673698425293
3016,47,310,0.007098674774169922
3017,48,310,0.012242555618286133
3018,49,310,0.0070607662200927734
3019,50,310,0.012091636657714844
3020,51,310,0.00678706169128418
3021,52,310,0.01133275032043457
3022,53,310,0.01125478744506836
3023,54,310,0.01119852066040039
3024,55,310,0.011104583740234375
3025,56,310,0.006283760070800781
3026,57,310,0.010685205459594727
3027,58,310,0.010843753814697266
3028,59,310,0.009401321411132812
3029,60,310,0.010627985000610352
3030,61,310,0.010462522506713867
3031,62,310,0.01037907600402832
3032,63,310,0.010280609130859375
3033,64,310,0.005840301513671875
3034,65,310,0.010059118270874023
3035,66,310,0.01012873649597168
3036,67,310,0.009627580642700195
3037,68,310,0.009827375411987305
3038,69,310,0.009764909744262695
3039,70,310,0.009765386581420898
3040,71,310,0.005616903305053711
3041,72,310,0.009619951248168945
3042,73,310,0.009599924087524414
3043,74,310,0.009462594985961914
3044,75,310,0.005528926849365234
3045,76,310,0.009291887283325195
3046,77,310,0.009226560592651367
3047,78,310,0.005372285842895508
3048,79,310,0.009126424789428711
3049,80,310,0.0090484619140625
3050,81,310,0.008468151092529297
3051,82,310,0.008805274963378906
3052,83,310,0.00876927375793457
3053,84,310,0.008825063705444336
3054,85,310,0.008806228637695312
3055,86,310,0.008555889129638672
3056,87,310,0.005059957504272461
3057,88,310,0.00852346420288086
3058,89,310,0.00494384765625
3059,90,310,0.008470535278320312
3060,91,310,0.0047872066497802734
3061,92,310,0.008369207382202148
3062,93,310,0.00836944580078125
3063,94,310,0.008249521255493164
3064,95,310,0.00818943977355957
3065,96,310,0.007975101470947266
3066,97,310,0.007839202880859375
3067,98,310,0.007925033569335938
3068,99,310,0.007811069488525391
3069,1,320,0.05202174186706543
3070,2,320,0.04359006881713867
3071,3,320,0.03385043144226074
3072,4,320,0.033065080642700195
3073,5,320,0.037117719650268555
3074,6,320,0.0308072566986084
3075,7,320,0.03141617774963379
3076,8,320,0.025169849395751953
3077,9,320,0.03218340873718262
3078,10,320,0.019698619842529297
3079,11,320,0.03296303749084473
3080,12,320,0.030713558197021484
3081,13,320,0.0314483642578125
3082,14,320,0.029708147048950195
3083,15,320,0.029098033905029297
3084,16,320,0.028110027313232422
3085,17,320,0.027414798736572266
3086,18,320,0.026387691497802734
3087,19,320,0.025227785110473633
3088,20,320,0.013425588607788086
3089,21,320,0.02351212501525879
3090,22,320,0.023051738739013672
3091,23,320,0.022048473358154297
3092,24,320,0.02166461944580078
3093,25,320,0.02066946029663086
3094,26,320,0.019931316375732422
3095,27,320,0.011011123657226562
3096,28,320,0.018935680389404297
3097,29,320,0.018476009368896484
3098,30,320,0.01807689666748047
3099,31,320,0.01011514663696289
3100,32,320,0.01722121238708496
3101,33,320,0.0167233943939209
3102,34,320,0.009351491928100586
3103,35,320,0.016278982162475586
3104,36,320,0.016026973724365234
3105,37,320,0.015448570251464844
3106,38,320,0.015271186828613281
3107,39,320,0.009070396423339844
3108,40,320,0.01473093032836914
3109,41,320,0.014181375503540039
3110,42,320,0.014317035675048828
3111,43,320,0.014060497283935547
3112,44,320,0.013808012008666992
3113,45,320,0.007843017578125
3114,46,320,0.013282299041748047
3115,47,320,0.013095378875732422
3116,48,320,0.012907028198242188
3117,49,320,0.013095855712890625
3118,50,320,0.012522697448730469
3119,51,320,0.012544393539428711
3120,52,320,0.01244664192199707
3121,53,320,0.012406349182128906
3122,54,320,0.012063264846801758
3123,55,320,0.01177072525024414
3124,56,320,0.011607885360717773
3125,57,320,0.011404037475585938
3126,58,320,0.006699800491333008
3127,59,320,0.011022329330444336
3128,60,320,0.011365652084350586
3129,61,320,0.011249065399169922
3130,62,320,0.011304616928100586
3131,63,320,0.00635218620300293
3132,64,320,0.010807275772094727
3133,65,320,0.010863304138183594
3134,66,320,0.0062863826751708984
3135,67,320,0.010599374771118164
3136,68,320,0.01057124137878418
3137,69,320,0.010421276092529297
3138,70,320,0.0059201717376708984
3139,71,320,0.0103912353515625
3140,72,320,0.010225772857666016
3141,73,320,0.0050351619720458984
3142,74,320,0.010037660598754883
3143,75,320,0.009926319122314453
3144,76,320,0.005770444869995117
3145,77,320,0.009662628173828125
3146,78,320,0.009823799133300781
3147,79,320,0.009710550308227539
3148,80,320,0.005635976791381836
3149,81,320,0.009478569030761719
3150,82,320,0.009334325790405273
3151,83,320,0.004604816436767578
3152,84,320,0.00928354263305664
3153,85,320,0.005453348159790039
3154,86,320,0.004538536071777344
3155,87,320,0.008997678756713867
3156,88,320,0.004511117935180664
3157,89,320,0.008910894393920898
3158,90,320,0.0087890625
3159,91,320,0.008470535278320312
3160,92,320,0.008719444274902344
3161,93,320,0.008835315704345703
3162,94,320,0.00871729850769043
3163,95,320,0.007695198059082031
3164,96,320,0.005099773406982422
3165,97,320,0.008548736572265625
3166,98,320,0.005000591278076172
3167,99,320,0.008278846740722656
3168,1,330,0.055521249771118164
3169,2,330,0.034316062927246094
3170,3,330,0.0320589542388916
3171,4,330,0.027289628982543945
3172,5,330,0.034085988998413086
3173,6,330,0.024171829223632812
3174,7,330,0.031209945678710938
3175,8,330,0.025058984756469727
3176,9,330,0.026723861694335938
3177,10,330,0.02787923812866211
3178,11,330,0.037421464920043945
3179,12,330,0.033025264739990234
3180,13,330,0.03085160255432129
3181,14,330,0.03148603439331055
3182,15,330,0.030941009521484375
3183,16,330,0.029755830764770508
3184,17,330,0.029401302337646484
3185,18,330,0.018400192260742188
3186,19,330,0.0264585018157959
3187,20,330,0.026477575302124023
3188,21,330,0.025938987731933594
3189,22,330,0.023905515670776367
3190,23,330,0.010975122451782227
3191,24,330,0.022960662841796875
3192,25,330,0.010313749313354492
3193,26,330,0.021079301834106445
3194,27,330,0.02061176300048828
3195,28,330,0.009506940841674805
3196,29,330,0.01978921890258789
3197,30,330,0.009159564971923828
3198,31,330,0.018425941467285156
3199,32,330,0.008814334869384766
3200,33,330,0.01784491539001465
3201,34,330,0.008296728134155273
3202,35,330,0.016878366470336914
3203,36,330,0.016989469528198242
3204,37,330,0.016573429107666016
3205,38,330,0.007719516754150391
3206,39,330,0.015519142150878906
3207,40,330,0.015822887420654297
3208,41,330,0.007354021072387695
3209,42,330,0.008604288101196289
3210,43,330,0.008291006088256836
3211,44,330,0.014520645141601562
3212,45,330,0.007993698120117188
3213,46,330,0.014270782470703125
3214,47,330,0.006642818450927734
3215,48,330,0.013907194137573242
3216,49,330,0.013694524765014648
3217,50,330,0.013446331024169922
3218,51,330,0.013213872909545898
3219,52,330,0.013080120086669922
3220,53,330,0.01281428337097168
3221,54,330,0.012800931930541992
3222,55,330,0.006235837936401367
3223,56,330,0.012543201446533203
3224,57,330,0.012157201766967773
3225,58,330,0.011857748031616211
3226,59,330,0.011934280395507812
3227,60,330,0.011804819107055664
3228,61,330,0.011647224426269531
3229,62,330,0.011699914932250977
3230,63,330,0.0057866573333740234
3231,64,330,0.011505365371704102
3232,65,330,0.011288642883300781
3233,66,330,0.01134347915649414
3234,67,330,0.005543231964111328
3235,68,330,0.010955810546875
3236,69,330,0.00540614128112793
3237,70,330,0.010930538177490234
3238,71,330,0.010705947875976562
3239,72,330,0.005328178405761719
3240,73,330,0.010691642761230469
3241,74,330,0.006136655807495117
3242,75,330,0.010491371154785156
3243,76,330,0.010206222534179688
3244,77,330,0.005085468292236328
3245,78,330,0.0059626102447509766
3246,79,330,0.010291576385498047
3247,80,330,0.005911588668823242
3248,81,330,0.010080099105834961
3249,82,330,0.009906530380249023
3250,83,330,0.009871244430541992
3251,84,330,0.005738019943237305
3252,85,330,0.004784345626831055
3253,86,330,0.00934457778930664
3254,87,330,0.0056416988372802734
3255,88,330,0.009598970413208008
3256,89,330,0.009485244750976562
3257,90,330,0.009378194808959961
3258,91,330,0.009370088577270508
3259,92,330,0.009348869323730469
3260,93,330,0.009237051010131836
3261,94,330,0.008440017700195312
3262,95,330,0.005334377288818359
3263,96,330,0.009256362915039062
3264,97,330,0.00910806655883789
3265,98,330,0.009104728698730469
3266,99,330,0.009100198745727539
3267,1,340,0.05706071853637695
3268,2,340,0.03825879096984863
3269,3,340,0.035433292388916016
3270,4,340,0.027646541595458984
3271,5,340,0.03535270690917969
3272,6,340,0.025566577911376953
3273,7,340,0.02457118034362793
3274,8,340,0.0296781063079834
3275,9,340,0.023450374603271484
3276,10,340,0.03531002998352051
3277,11,340,0.04026007652282715
3278,12,340,0.034040212631225586
3279,13,340,0.03550887107849121
3280,14,340,0.03310203552246094
3281,15,340,0.032251596450805664
3282,16,340,0.014772176742553711
3283,17,340,0.0311739444732666
3284,18,340,0.01675581932067871
3285,19,340,0.016079187393188477
3286,20,340,0.02728128433227539
3287,21,340,0.012531518936157227
3288,22,340,0.025872468948364258
3289,23,340,0.011786699295043945
3290,24,340,0.024664878845214844
3291,25,340,0.011101007461547852
3292,26,340,0.022405385971069336
3293,27,340,0.02183079719543457
3294,28,340,0.021047353744506836
3295,29,340,0.016771316528320312
3296,30,340,0.02050161361694336
3297,31,340,0.019634246826171875
3298,32,340,0.01903700828552246
3299,33,340,0.009176492691040039
3300,34,340,0.010535240173339844
3301,35,340,0.01813960075378418
3302,36,340,0.017929792404174805
3303,37,340,0.010105133056640625
3304,38,340,0.017050504684448242
3305,39,340,0.010013818740844727
3306,40,340,0.009248971939086914
3307,41,340,0.007852554321289062
3308,42,340,0.016092300415039062
3309,43,340,0.015799999237060547
3310,44,340,0.015305280685424805
3311,45,340,0.0072574615478515625
3312,46,340,0.01488804817199707
3313,47,340,0.014968395233154297
3314,48,340,0.01469731330871582
3315,49,340,0.014546632766723633
3316,50,340,0.014362812042236328
3317,51,340,0.014044523239135742
3318,52,340,0.013804912567138672
3319,53,340,0.013870716094970703
3320,54,340,0.006661176681518555
3321,55,340,0.013644933700561523
3322,56,340,0.006459236145019531
3323,57,340,0.013091325759887695
3324,58,340,0.0062711238861083984
3325,59,340,0.012375116348266602
3326,60,340,0.01237630844116211
3327,61,340,0.012384891510009766
3328,62,340,0.012226104736328125
3329,63,340,0.01230311393737793
3330,64,340,0.012358427047729492
3331,65,340,0.0059969425201416016
3332,66,340,0.012006282806396484
3333,67,340,0.005817413330078125
3334,68,340,0.011734962463378906
3335,69,340,0.011788606643676758
3336,70,340,0.011539220809936523
3337,71,340,0.010428667068481445
3338,72,340,0.011530637741088867
3339,73,340,0.005567312240600586
3340,74,340,0.011278629302978516
3341,75,340,0.0054302215576171875
3342,76,340,0.011258125305175781
3343,77,340,0.009014606475830078
3344,78,340,0.010992765426635742
3345,79,340,0.010961294174194336
3346,80,340,0.010004520416259766
3347,81,340,0.010759592056274414
3348,82,340,0.010474205017089844
3349,83,340,0.010674715042114258
3350,84,340,0.009111404418945312
3351,85,340,0.010490894317626953
3352,86,340,0.010301351547241211
3353,87,340,0.010300874710083008
3354,88,340,0.010217666625976562
3355,89,340,0.010065317153930664
3356,90,340,0.010136842727661133
3357,91,340,0.010058879852294922
3358,92,340,0.010001182556152344
3359,93,340,0.009955167770385742
3360,94,340,0.00986790657043457
3361,95,340,0.009818077087402344
3362,96,340,0.009676456451416016
3363,97,340,0.009387493133544922
3364,98,340,0.009616374969482422
3365,99,340,0.009575605392456055
3366,1,350,0.06058549880981445
3367,2,350,0.05079793930053711
3368,3,350,0.036066293716430664
3369,4,350,0.03804731369018555
3370,5,350,0.030360937118530273
3371,6,350,0.03473353385925293
3372,7,350,0.026021480560302734
3373,8,350,0.024565696716308594
3374,9,350,0.043428897857666016
3375,10,350,0.022408246994018555
3376,11,350,0.04192638397216797
3377,12,350,0.033699989318847656
3378,13,350,0.03759360313415527
3379,14,350,0.028877735137939453
3380,15,350,0.03509068489074707
3381,16,350,0.021395206451416016
3382,17,350,0.033022403717041016
3383,18,350,0.031711578369140625
3384,19,350,0.024219751358032227
3385,20,350,0.02832961082458496
3386,21,350,0.02807021141052246
3387,22,350,0.027449607849121094
3388,23,350,0.022357940673828125
3389,24,350,0.025892257690429688
3390,25,350,0.0211944580078125
3391,26,350,0.023731708526611328
3392,27,350,0.023226022720336914
3393,28,350,0.022709131240844727
3394,29,350,0.021915435791015625
3395,30,350,0.0219266414642334
3396,31,350,0.021191120147705078
3397,32,350,0.02030324935913086
3398,33,350,0.019994497299194336
3399,34,350,0.019909143447875977
3400,35,350,0.01899099349975586
3401,36,350,0.01896834373474121
3402,37,350,0.01778268814086914
3403,38,350,0.018031597137451172
3404,39,350,0.01822185516357422
3405,40,350,0.017508745193481445
3406,41,350,0.017340898513793945
3407,42,350,0.016957521438598633
3408,43,350,0.01667022705078125
3409,44,350,0.016201257705688477
3410,45,350,0.016028881072998047
3411,46,350,0.01606917381286621
3412,47,350,0.015636205673217773
3413,48,350,0.015624046325683594
3414,49,350,0.015475273132324219
3415,50,350,0.01500391960144043
3416,51,350,0.014539480209350586
3417,52,350,0.014784574508666992
3418,53,350,0.014424562454223633
3419,54,350,0.014398574829101562
3420,55,350,0.01448369026184082
3421,56,350,0.014102458953857422
3422,57,350,0.014095306396484375
3423,58,350,0.013944864273071289
3424,59,350,0.013725996017456055
3425,60,350,0.013315916061401367
3426,61,350,0.013198137283325195
3427,62,350,0.012988090515136719
3428,63,350,0.012949466705322266
3429,64,350,0.012866020202636719
3430,65,350,0.012808561325073242
3431,66,350,0.012813806533813477
3432,67,350,0.012806415557861328
3433,68,350,0.012599468231201172
3434,69,350,0.013489723205566406
3435,70,350,0.012351274490356445
3436,71,350,0.012351512908935547
3437,72,350,0.012260675430297852
3438,73,350,0.012089967727661133
3439,74,350,0.012301445007324219
3440,75,350,0.012050867080688477
3441,76,350,0.011925935745239258
3442,77,350,0.011731386184692383
3443,78,350,0.011629104614257812
3444,79,350,0.011672735214233398
3445,80,350,0.011766195297241211
3446,81,350,0.011543989181518555
3447,82,350,0.011576652526855469
3448,83,350,0.011381149291992188
3449,84,350,0.011242866516113281
3450,85,350,0.010842323303222656
3451,86,350,0.011135578155517578
3452,87,350,0.011220455169677734
3453,88,350,0.010978460311889648
3454,89,350,0.010791301727294922
3455,90,350,0.010771751403808594
3456,91,350,0.010724306106567383
3457,92,350,0.010675191879272461
3458,93,350,0.010724782943725586
3459,94,350,0.010350704193115234
3460,95,350,0.010311603546142578
3461,96,350,0.010422468185424805
3462,97,350,0.010377645492553711
3463,98,350,0.010154247283935547
3464,99,350,0.010122299194335938
3465,1,360,0.06369161605834961
3466,2,360,0.04168558120727539
3467,3,360,0.03626441955566406
3468,4,360,0.03549838066101074
3469,5,360,0.030846118927001953
3470,6,360,0.03184938430786133
3471,7,360,0.03503704071044922
3472,8,360,0.027993202209472656
3473,9,360,0.026729345321655273
3474,10,360,0.02574467658996582
3475,11,360,0.04171490669250488
3476,12,360,0.02362966537475586
3477,13,360,0.04000663757324219
3478,14,360,0.037377119064331055
3479,15,360,0.020961761474609375
3480,16,360,0.03574395179748535
3481,17,360,0.03480386734008789
3482,18,360,0.03361773490905762
3483,19,360,0.031961917877197266
3484,20,360,0.03140687942504883
3485,21,360,0.03023838996887207
3486,22,360,0.02881312370300293
3487,23,360,0.028409957885742188
3488,24,360,0.026638507843017578
3489,25,360,0.026187419891357422
3490,26,360,0.014571905136108398
3491,27,360,0.024707555770874023
3492,28,360,0.02399277687072754
3493,29,360,0.02353382110595703
3494,30,360,0.02315664291381836
3495,31,360,0.012818098068237305
3496,32,360,0.021898984909057617
3497,33,360,0.021028518676757812
3498,34,360,0.020853042602539062
3499,35,360,0.02051091194152832
3500,36,360,0.02009749412536621
3501,37,360,0.019466400146484375
3502,38,360,0.019201278686523438
3503,39,360,0.018883228302001953
3504,40,360,0.018851757049560547
3505,41,360,0.010493755340576172
3506,42,360,0.018022537231445312
3507,43,360,0.018137216567993164
3508,44,360,0.017510175704956055
3509,45,360,0.017124176025390625
3510,46,360,0.015661001205444336
3511,47,360,0.015447616577148438
3512,48,360,0.009407520294189453
3513,49,360,0.01570582389831543
3514,50,360,0.016173839569091797
3515,51,360,0.009166240692138672
3516,52,360,0.01567530632019043
3517,53,360,0.01562976837158203
3518,54,360,0.015117883682250977
3519,55,360,0.008652925491333008
3520,56,360,0.014958381652832031
3521,57,360,0.0148468017578125
3522,58,360,0.014757394790649414
3523,59,360,0.014596939086914062
3524,60,360,0.01437520980834961
3525,61,360,0.008133649826049805
3526,62,360,0.013936042785644531
3527,63,360,0.0137176513671875
3528,64,360,0.007921218872070312
3529,65,360,0.01365518569946289
3530,66,360,0.013445138931274414
3531,67,360,0.013110637664794922
3532,68,360,0.01346445083618164
3533,69,360,0.013408899307250977
3534,70,360,0.01310420036315918
3535,71,360,0.012851953506469727
3536,72,360,0.012766599655151367
3537,73,360,0.012825727462768555
3538,74,360,0.01277780532836914
3539,75,360,0.012488603591918945
3540,76,360,0.012687206268310547
3541,77,360,0.012616872787475586
3542,78,360,0.012472391128540039
3543,79,360,0.012306451797485352
3544,80,360,0.012260675430297852
3545,81,360,0.012141942977905273
3546,82,360,0.007122039794921875
3547,83,360,0.012018203735351562
3548,84,360,0.006949663162231445
3549,85,360,0.011715412139892578
3550,86,360,0.011757850646972656
3551,87,360,0.011743783950805664
3552,88,360,0.006910800933837891
3553,89,360,0.011336088180541992
3554,90,360,0.01145792007446289
3555,91,360,0.011294364929199219
3556,92,360,0.011297464370727539
3557,93,360,0.006539583206176758
3558,94,360,0.010350942611694336
3559,95,360,0.011029243469238281
3560,96,360,0.010960102081298828
3561,97,360,0.010771036148071289
3562,98,360,0.01075291633605957
3563,99,360,0.006339073181152344
3564,1,370,0.06536197662353516
3565,2,370,0.03698611259460449
3566,3,370,0.047730445861816406
3567,4,370,0.0378565788269043
3568,5,370,0.0340576171875
3569,6,370,0.030434846878051758
3570,7,370,0.031893014907836914
3571,8,370,0.03490138053894043
3572,9,370,0.028250694274902344
3573,10,370,0.036811113357543945
3574,11,370,0.037784576416015625
3575,12,370,0.03349876403808594
3576,13,370,0.03556180000305176
3577,14,370,0.0392758846282959
3578,15,370,0.038683414459228516
3579,16,370,0.03789472579956055
3580,17,370,0.03681492805480957
3581,18,370,0.035706520080566406
3582,19,370,0.03366279602050781
3583,20,370,0.0214996337890625
3584,21,370,0.03171515464782715
3585,22,370,0.019809484481811523
3586,23,370,0.029369354248046875
3587,24,370,0.017955303192138672
3588,25,370,0.02791881561279297
3589,26,370,0.02702617645263672
3590,27,370,0.025646209716796875
3591,28,370,0.025506973266601562
3592,29,370,0.019530296325683594
3593,30,370,0.023749828338623047
3594,31,370,0.023641347885131836
3595,32,370,0.022945642471313477
3596,33,370,0.022227764129638672
3597,34,370,0.021543502807617188
3598,35,370,0.021580934524536133
3599,36,370,0.02164483070373535
3600,37,370,0.02063584327697754
3601,38,370,0.020050525665283203
3602,39,370,0.01990056037902832
3603,40,370,0.01906871795654297
3604,41,370,0.019564390182495117
3605,42,370,0.01913905143737793
3606,43,370,0.012159585952758789
3607,44,370,0.018060922622680664
3608,45,370,0.017806529998779297
3609,46,370,0.01732778549194336
3610,47,370,0.016962528228759766
3611,48,370,0.010676860809326172
3612,49,370,0.0166475772857666
3613,50,370,0.016900062561035156
3614,51,370,0.016656160354614258
3615,52,370,0.010894298553466797
3616,53,370,0.016307592391967773
3617,54,370,0.010705947875976562
3618,55,370,0.015909910202026367
3619,56,370,0.01567244529724121
3620,57,370,0.015544414520263672
3621,58,370,0.015006303787231445
3622,59,370,0.015471220016479492
3623,60,370,0.01535797119140625
3624,61,370,0.014950752258300781
3625,62,370,0.014944076538085938
3626,63,370,0.014543771743774414
3627,64,370,0.013792753219604492
3628,65,370,0.013984441757202148
3629,66,370,0.013630151748657227
3630,67,370,0.01367640495300293
3631,68,370,0.013396978378295898
3632,69,370,0.013309955596923828
3633,70,370,0.01339578628540039
3634,71,370,0.013259172439575195
3635,72,370,0.013129949569702148
3636,73,370,0.012942075729370117
3637,74,370,0.012781858444213867
3638,75,370,0.012952327728271484
3639,76,370,0.012867450714111328
3640,77,370,0.012617826461791992
3641,78,370,0.012680768966674805
3642,79,370,0.012599468231201172
3643,80,370,0.012428522109985352
3644,81,370,0.012424468994140625
3645,82,370,0.012231826782226562
3646,83,370,0.012133359909057617
3647,84,370,0.012247562408447266
3648,85,370,0.012876510620117188
3649,86,370,0.012156486511230469
3650,87,370,0.011898040771484375
3651,88,370,0.011962175369262695
3652,89,370,0.011735677719116211
3653,90,370,0.011846065521240234
3654,91,370,0.012056350708007812
3655,92,370,0.011649131774902344
3656,93,370,0.011721372604370117
3657,94,370,0.011356353759765625
3658,95,370,0.011407613754272461
3659,96,370,0.011441946029663086
3660,97,370,0.011472225189208984
3661,98,370,0.011297464370727539
3662,99,370,0.011236429214477539
3663,1,380,0.06774592399597168
3664,2,380,0.04699063301086426
3665,3,380,0.03785204887390137
3666,4,380,0.036287546157836914
3667,5,380,0.03406524658203125
3668,6,380,0.03878974914550781
3669,7,380,0.03215456008911133
3670,8,380,0.031961917877197266
3671,9,380,0.039629220962524414
3672,10,380,0.050412654876708984
3673,11,380,0.048488616943359375
3674,12,380,0.04343366622924805
3675,13,380,0.040790557861328125
3676,14,380,0.04106950759887695
3677,15,380,0.025287151336669922
3678,16,380,0.039420366287231445
3679,17,380,0.026410579681396484
3680,18,380,0.037363290786743164
3681,19,380,0.03533625602722168
3682,20,380,0.033529043197631836
3683,21,380,0.024394512176513672
3684,22,380,0.03205752372741699
3685,23,380,0.03125357627868652
3686,24,380,0.030471086502075195
3687,25,380,0.029224872589111328
3688,26,380,0.028222322463989258
3689,27,380,0.027449846267700195
3690,28,380,0.02657341957092285
3691,29,380,0.025954723358154297
3692,30,380,0.025783538818359375
3693,31,380,0.02485179901123047
3694,32,380,0.02407550811767578
3695,33,380,0.02401113510131836
3696,34,380,0.02300572395324707
3697,35,380,0.022140026092529297
3698,36,380,0.02210092544555664
3699,37,380,0.02226424217224121
3700,38,380,0.02106928825378418
3701,39,380,0.020793914794921875
3702,40,380,0.020769119262695312
3703,41,380,0.011679649353027344
3704,42,380,0.020318269729614258
3705,43,380,0.0193636417388916
3706,44,380,0.018608808517456055
3707,45,380,0.018397808074951172
3708,46,380,0.018381834030151367
3709,47,380,0.017502307891845703
3710,48,380,0.010101795196533203
3711,49,380,0.01741170883178711
3712,50,380,0.017343759536743164
3713,51,380,0.01687312126159668
3714,52,380,0.016910076141357422
3715,53,380,0.016785860061645508
3716,54,380,0.016464710235595703
3717,55,380,0.009306669235229492
3718,56,380,0.01604318618774414
3719,57,380,0.009099721908569336
3720,58,380,0.015781641006469727
3721,59,380,0.015640974044799805
3722,60,380,0.015525341033935547
3723,61,380,0.00877237319946289
3724,62,380,0.015350103378295898
3725,63,380,0.015368938446044922
3726,64,380,0.008772134780883789
3727,65,380,0.014743804931640625
3728,66,380,0.014591455459594727
3729,67,380,0.014358997344970703
3730,68,380,0.014420747756958008
3731,69,380,0.01438593864440918
3732,70,380,0.013809442520141602
3733,71,380,0.014159440994262695
3734,72,380,0.014312028884887695
3735,73,380,0.014197349548339844
3736,74,380,0.01404261589050293
3737,75,380,0.013932943344116211
3738,76,380,0.013503551483154297
3739,77,380,0.008075714111328125
3740,78,380,0.013724803924560547
3741,79,380,0.013492822647094727
3742,80,380,0.013488531112670898
3743,81,380,0.014175653457641602
3744,82,380,0.01328277587890625
3745,83,380,0.007741689682006836
3746,84,380,0.013077497482299805
3747,85,380,0.013216257095336914
3748,86,380,0.013111591339111328
3749,87,380,0.013092279434204102
3750,88,380,0.012985944747924805
3751,89,380,0.012816667556762695
3752,90,380,0.012754678726196289
3753,91,380,0.012674331665039062
3754,92,380,0.007388591766357422
3755,93,380,0.012071371078491211
3756,94,380,0.01178121566772461
3757,95,380,0.012064933776855469
3758,96,380,0.007101774215698242
3759,97,380,0.012041091918945312
3760,98,380,0.01202082633972168
3761,99,380,0.011677026748657227
3762,1,390,0.07020998001098633
3763,2,390,0.039310455322265625
3764,3,390,0.044831037521362305
3765,4,390,0.03797793388366699
3766,5,390,0.03580021858215332
3767,6,390,0.033417701721191406
3768,7,390,0.03353166580200195
3769,8,390,0.03464317321777344
3770,9,390,0.032761335372924805
3771,10,390,0.05020856857299805
3772,11,390,0.030691146850585938
3773,12,390,0.03315401077270508
3774,13,390,0.025986433029174805
3775,14,390,0.04260683059692383
3776,15,390,0.03678584098815918
3777,16,390,0.04130840301513672
3778,17,390,0.04046177864074707
3779,18,390,0.0358738899230957
3780,19,390,0.03708457946777344
3781,20,390,0.03527331352233887
3782,21,390,0.03449654579162598
3783,22,390,0.03323030471801758
3784,23,390,0.03236222267150879
3785,24,390,0.03185629844665527
3786,25,390,0.03080582618713379
3787,26,390,0.02864527702331543
3788,27,390,0.028989315032958984
3789,28,390,0.021611928939819336
3790,29,390,0.027586698532104492
3791,30,390,0.02706146240234375
3792,31,390,0.026106834411621094
3793,32,390,0.025377988815307617
3794,33,390,0.02496504783630371
3795,34,390,0.024617671966552734
3796,35,390,0.023871898651123047
3797,36,390,0.02322554588317871
3798,37,390,0.02268218994140625
3799,38,390,0.0207674503326416
3800,39,390,0.0212404727935791
3801,40,390,0.021777629852294922
3802,41,390,0.021684885025024414
3803,42,390,0.021091461181640625
3804,43,390,0.021056652069091797
3805,44,390,0.020513057708740234
3806,45,390,0.020035266876220703
3807,46,390,0.01969766616821289
3808,47,390,0.018973827362060547
3809,48,390,0.019315481185913086
3810,49,390,0.01912379264831543
3811,50,390,0.018697023391723633
3812,51,390,0.01761651039123535
3813,52,390,0.017351627349853516
3814,53,390,0.018018245697021484
3815,54,390,0.01797771453857422
3816,55,390,0.017876625061035156
3817,56,390,0.017526865005493164
3818,57,390,0.017450809478759766
3819,58,390,0.017208099365234375
3820,59,390,0.01678299903869629
3821,60,390,0.017039060592651367
3822,61,390,0.01629805564880371
3823,62,390,0.016512155532836914
3824,63,390,0.01639580726623535
3825,64,390,0.016351938247680664
3826,65,390,0.016170978546142578
3827,66,390,0.01579761505126953
3828,67,390,0.015542745590209961
3829,68,390,0.015346527099609375
3830,69,390,0.015201091766357422
3831,70,390,0.015062808990478516
3832,71,390,0.015057563781738281
3833,72,390,0.014837503433227539
3834,73,390,0.015057563781738281
3835,74,390,0.014772415161132812
3836,75,390,0.014957666397094727
3837,76,390,0.014647722244262695
3838,77,390,0.014392614364624023
3839,78,390,0.014356613159179688
3840,79,390,0.014467716217041016
3841,80,390,0.014466047286987305
3842,81,390,0.014240264892578125
3843,82,390,0.014130353927612305
3844,83,390,0.014233827590942383
3845,84,390,0.014072656631469727
3846,85,390,0.013865470886230469
3847,86,390,0.013877153396606445
3848,87,390,0.013610363006591797
3849,88,390,0.013778448104858398
3850,89,390,0.013735294342041016
3851,90,390,0.013499259948730469
3852,91,390,0.013334274291992188
3853,92,390,0.013384342193603516
3854,93,390,0.01269841194152832
3855,94,390,0.01207113265991211
3856,95,390,0.012569904327392578
3857,96,390,0.012543439865112305
3858,97,390,0.012300491333007812
3859,98,390,0.012180566787719727
3860,99,390,0.012101888656616211
3861,1,400,0.07079434394836426
3862,2,400,0.048810482025146484
3863,3,400,0.03872823715209961
3864,4,400,0.0362093448638916
3865,5,400,0.04113578796386719
3866,6,400,0.03878521919250488
3867,7,400,0.041205406188964844
3868,8,400,0.035063743591308594
3869,9,400,0.032738685607910156
3870,10,400,0.04227161407470703
3871,11,400,0.04136228561401367
3872,12,400,0.051338911056518555
3873,13,400,0.04233074188232422
3874,14,400,0.04273509979248047
3875,15,400,0.03719663619995117
3876,16,400,0.04401588439941406
3877,17,400,0.04278683662414551
3878,18,400,0.04068803787231445
3879,19,400,0.02807760238647461
3880,20,400,0.03742170333862305
3881,21,400,0.036596059799194336
3882,22,400,0.030429363250732422
3883,23,400,0.03420519828796387
3884,24,400,0.03316974639892578
3885,25,400,0.03186368942260742
3886,26,400,0.03052496910095215
3887,27,400,0.03018665313720703
3888,28,400,0.029339313507080078
3889,29,400,0.028545141220092773
3890,30,400,0.02796339988708496
3891,31,400,0.027437210083007812
3892,32,400,0.02669525146484375
3893,33,400,0.021910667419433594
3894,34,400,0.025867700576782227
3895,35,400,0.02523970603942871
3896,36,400,0.024721145629882812
3897,37,400,0.02396082878112793
3898,38,400,0.022848129272460938
3899,39,400,0.02364659309387207
3900,40,400,0.022871971130371094
3901,41,400,0.022600412368774414
3902,42,400,0.022076845169067383
3903,43,400,0.021826982498168945
3904,44,400,0.021609067916870117
3905,45,400,0.02147507667541504
3906,46,400,0.020224809646606445
3907,47,400,0.019577503204345703
3908,48,400,0.01986408233642578
3909,49,400,0.020211458206176758
3910,50,400,0.019788503646850586
3911,51,400,0.019385099411010742
3912,52,400,0.01902151107788086
3913,53,400,0.01901555061340332
3914,54,400,0.018807172775268555
3915,55,400,0.019042253494262695
3916,56,400,0.018751144409179688
3917,57,400,0.0178525447845459
3918,58,400,0.018078327178955078
3919,59,400,0.017911672592163086
3920,60,400,0.017766475677490234
3921,61,400,0.017792940139770508
3922,62,400,0.01752924919128418
3923,63,400,0.017277240753173828
3924,64,400,0.01705026626586914
3925,65,400,0.017162322998046875
3926,66,400,0.01616358757019043
3927,67,400,0.016817808151245117
3928,68,400,0.01663661003112793
3929,69,400,0.015797138214111328
3930,70,400,0.015973806381225586
3931,71,400,0.01594710350036621
3932,72,400,0.0159604549407959
3933,73,400,0.015458106994628906
3934,74,400,0.015485048294067383
3935,75,400,0.015682220458984375
3936,76,400,0.015356779098510742
3937,77,400,0.01551675796508789
3938,78,400,0.015282392501831055
3939,79,400,0.01486515998840332
3940,80,400,0.015054702758789062
3941,81,400,0.015087127685546875
3942,82,400,0.014834165573120117
3943,83,400,0.014806747436523438
3944,84,400,0.014725685119628906
3945,85,400,0.014014720916748047
3946,86,400,0.013978242874145508
3947,87,400,0.014380216598510742
3948,88,400,0.014259815216064453
3949,89,400,0.01421976089477539
3950,90,400,0.014222860336303711
3951,91,400,0.014182567596435547
3952,92,400,0.013983726501464844
3953,93,400,0.013991117477416992
3954,94,400,0.013584136962890625
3955,95,400,0.013692855834960938
3956,96,400,0.013607263565063477
3957,97,400,0.013559818267822266
3958,98,400,0.013451576232910156
3959,99,400,0.013127326965332031
3960,1,410,0.07637643814086914
3961,2,410,0.04711580276489258
3962,3,410,0.04329085350036621
3963,4,410,0.04578065872192383
3964,5,410,0.039700984954833984
3965,6,410,0.039240360260009766
3966,7,410,0.037874460220336914
3967,8,410,0.03648066520690918
3968,9,410,0.045966386795043945
3969,10,410,0.04271721839904785
3970,11,410,0.0567011833190918
3971,12,410,0.03914690017700195
3972,13,410,0.045966148376464844
3973,14,410,0.04828476905822754
3974,15,410,0.04697918891906738
3975,16,410,0.04581427574157715
3976,17,410,0.0447542667388916
3977,18,410,0.040341854095458984
3978,19,410,0.04142594337463379
3979,20,410,0.03948330879211426
3980,21,410,0.03894329071044922
3981,22,410,0.03763389587402344
3982,23,410,0.036400556564331055
3983,24,410,0.035352230072021484
3984,25,410,0.03378438949584961
3985,26,410,0.024044036865234375
3986,27,410,0.031209230422973633
3987,28,410,0.030730247497558594
3988,29,410,0.030353069305419922
3989,30,410,0.029371976852416992
3990,31,410,0.028332233428955078
3991,32,410,0.027358055114746094
3992,33,410,0.02653980255126953
3993,34,410,0.026149272918701172
3994,35,410,0.025926589965820312
3995,36,410,0.0258028507232666
3996,37,410,0.013946533203125
3997,38,410,0.024817943572998047
3998,39,410,0.024033069610595703
3999,40,410,0.024248361587524414
4000,41,410,0.02341294288635254
4001,42,410,0.02347707748413086
4002,43,410,0.023021459579467773
4003,44,410,0.022454023361206055
4004,45,410,0.016468524932861328
4005,46,410,0.021818876266479492
4006,47,410,0.02160358428955078
4007,48,410,0.012373685836791992
4008,49,410,0.02123236656188965
4009,50,410,0.020939111709594727
4010,51,410,0.011921405792236328
4011,52,410,0.011737346649169922
4012,53,410,0.01966404914855957
4013,54,410,0.011458158493041992
4014,55,410,0.01959228515625
4015,56,410,0.011165857315063477
4016,57,410,0.01911163330078125
4017,58,410,0.011029720306396484
4018,59,410,0.010696172714233398
4019,60,410,0.018540620803833008
4020,61,410,0.018284320831298828
4021,62,410,0.01820850372314453
4022,63,410,0.010573387145996094
4023,64,410,0.017763376235961914
4024,65,410,0.010361194610595703
4025,66,410,0.017547607421875
4026,67,410,0.017502784729003906
4027,68,410,0.01730632781982422
4028,69,410,0.01705765724182129
4029,70,410,0.009794950485229492
4030,71,410,0.016286373138427734
4031,72,410,0.016083717346191406
4032,73,410,0.015951871871948242
4033,74,410,0.00940251350402832
4034,75,410,0.015550851821899414
4035,76,410,0.015510082244873047
4036,77,410,0.01555776596069336
4037,78,410,0.015317916870117188
4038,79,410,0.015457630157470703
4039,80,410,0.015203475952148438
4040,81,410,0.008681297302246094
4041,82,410,0.014916181564331055
4042,83,410,0.014989137649536133
4043,84,410,0.014810323715209961
4044,85,410,0.014638900756835938
4045,86,410,0.014705896377563477
4046,87,410,0.014734268188476562
4047,88,410,0.014440536499023438
4048,89,410,0.014392614364624023
4049,90,410,0.014138936996459961
4050,91,410,0.014064788818359375
4051,92,410,0.008001327514648438
4052,93,410,0.013986349105834961
4053,94,410,0.007972240447998047
4054,95,410,0.013841390609741211
4055,96,410,0.013704061508178711
4056,97,410,0.008132219314575195
4057,98,410,0.013866662979125977
4058,99,410,0.013750076293945312
4059,1,420,0.07643866539001465
4060,2,420,0.04872846603393555
4061,3,420,0.044832468032836914
4062,4,420,0.04441118240356445
4063,5,420,0.041556596755981445
4064,6,420,0.04093766212463379
4065,7,420,0.03932833671569824
4066,8,420,0.03949880599975586
4067,9,420,0.04788994789123535
4068,10,420,0.03753066062927246
4069,11,420,0.039307594299316406
4070,12,420,0.04365372657775879
4071,13,420,0.03307223320007324
4072,14,420,0.04948544502258301
4073,15,420,0.029427528381347656
4074,16,420,0.044178009033203125
4075,17,420,0.047078847885131836
4076,18,420,0.04579472541809082
4077,19,420,0.0394287109375
4078,20,420,0.026253938674926758
4079,21,420,0.04040956497192383
4080,22,420,0.03915977478027344
4081,23,420,0.03812885284423828
4082,24,420,0.03694772720336914
4083,25,420,0.03551197052001953
4084,26,420,0.033872127532958984
4085,27,420,0.032372474670410156
4086,28,420,0.031951904296875
4087,29,420,0.03194880485534668
4088,30,420,0.03154611587524414
4089,31,420,0.029685497283935547
4090,32,420,0.028645753860473633
4091,33,420,0.028038978576660156
4092,34,420,0.027768850326538086
4093,35,420,0.02701401710510254
4094,36,420,0.026921510696411133
4095,37,420,0.026467323303222656
4096,38,420,0.02528858184814453
4097,39,420,0.021747112274169922
4098,40,420,0.024808168411254883
4099,41,420,0.02466440200805664
4100,42,420,0.02381157875061035
4101,43,420,0.02384209632873535
4102,44,420,0.023519277572631836
4103,45,420,0.023094654083251953
4104,46,420,0.023195743560791016
4105,47,420,0.022011995315551758
4106,48,420,0.022365570068359375
4107,49,420,0.022334575653076172
4108,50,420,0.021933317184448242
4109,51,420,0.02164745330810547
4110,52,420,0.021120786666870117
4111,53,420,0.0208280086517334
4112,54,420,0.020575284957885742
4113,55,420,0.020746707916259766
4114,56,420,0.02009415626525879
4115,57,420,0.020080089569091797
4116,58,420,0.019969701766967773
4117,59,420,0.01982903480529785
4118,60,420,0.019361257553100586
4119,61,420,0.019327640533447266
4120,62,420,0.019080400466918945
4121,63,420,0.01836872100830078
4122,64,420,0.018082380294799805
4123,65,420,0.0184633731842041
4124,66,420,0.018239974975585938
4125,67,420,0.01839733123779297
4126,68,420,0.01805567741394043
4127,69,420,0.018083572387695312
4128,70,420,0.017764568328857422
4129,71,420,0.0175783634185791
4130,72,420,0.017135143280029297
4131,73,420,0.01654052734375
4132,74,420,0.016263484954833984
4133,75,420,0.016401052474975586
4134,76,420,0.016213655471801758
4135,77,420,0.016176939010620117
4136,78,420,0.016030073165893555
4137,79,420,0.01589798927307129
4138,80,420,0.015985965728759766
4139,81,420,0.015568733215332031
4140,82,420,0.01575779914855957
4141,83,420,0.015415430068969727
4142,84,420,0.01574397087097168
4143,85,420,0.015643835067749023
4144,86,420,0.015894412994384766
4145,87,420,0.015562295913696289
4146,88,420,0.015540599822998047
4147,89,420,0.015578746795654297
4148,90,420,0.015380859375
4149,91,420,0.01535487174987793
4150,92,420,0.01516413688659668
4151,93,420,0.015149354934692383
4152,94,420,0.014982461929321289
4153,95,420,0.014970779418945312
4154,96,420,0.014983177185058594
4155,97,420,0.014684677124023438
4156,98,420,0.014691829681396484
4157,99,420,0.014756202697753906
4158,1,430,0.0819094181060791
4159,2,430,0.05441451072692871
4160,3,430,0.04450201988220215
4161,4,430,0.046118974685668945
4162,5,430,0.043309688568115234
4163,6,430,0.04072880744934082
4164,7,430,0.04229092597961426
4165,8,430,0.0396420955657959
4166,9,430,0.044524192810058594
4167,10,430,0.061920166015625
4168,11,430,0.043570756912231445
4169,12,430,0.04555702209472656
4170,13,430,0.031949758529663086
4171,14,430,0.052285194396972656
4172,15,430,0.048142194747924805
4173,16,430,0.032707929611206055
4174,17,430,0.048870086669921875
4175,18,430,0.047835350036621094
4176,19,430,0.04532957077026367
4177,20,430,0.04346942901611328
4178,21,430,0.04175567626953125
4179,22,430,0.04153132438659668
4180,23,430,0.040116310119628906
4181,24,430,0.038643836975097656
4182,25,430,0.03714346885681152
4183,26,430,0.036156654357910156
4184,27,430,0.03497910499572754
4185,28,430,0.03391909599304199
4186,29,430,0.032915592193603516
4187,30,430,0.03279900550842285
4188,31,430,0.03194165229797363
4189,32,430,0.03087162971496582
4190,33,430,0.03002476692199707
4191,34,430,0.029651880264282227
4192,35,430,0.023311138153076172
4193,36,430,0.028437376022338867
4194,37,430,0.028178930282592773
4195,38,430,0.027498960494995117
4196,39,430,0.02659749984741211
4197,40,430,0.026234865188598633
4198,41,430,0.026209115982055664
4199,42,430,0.02599310874938965
4200,43,430,0.025251150131225586
4201,44,430,0.0248415470123291
4202,45,430,0.014338493347167969
4203,46,430,0.02338266372680664
4204,47,430,0.023097753524780273
4205,48,430,0.02305316925048828
4206,49,430,0.02234482765197754
4207,50,430,0.02203226089477539
4208,51,430,0.021698474884033203
4209,52,430,0.02180957794189453
4210,53,430,0.02140665054321289
4211,54,430,0.020931005477905273
4212,55,430,0.020262718200683594
4213,56,430,0.020657777786254883
4214,57,430,0.013237714767456055
4215,58,430,0.01993417739868164
4216,59,430,0.020107269287109375
4217,60,430,0.02051067352294922
4218,61,430,0.02016925811767578
4219,62,430,0.01981830596923828
4220,63,430,0.01972818374633789
4221,64,430,0.0193326473236084
4222,65,430,0.019409656524658203
4223,66,430,0.01936054229736328
4224,67,430,0.018989086151123047
4225,68,430,0.01910686492919922
4226,69,430,0.018724441528320312
4227,70,430,0.018664121627807617
4228,71,430,0.018250465393066406
4229,72,430,0.01825118064880371
4230,73,430,0.018136262893676758
4231,74,430,0.017771482467651367
4232,75,430,0.01759028434753418
4233,76,430,0.017302513122558594
4234,77,430,0.01695537567138672
4235,78,430,0.01728224754333496
4236,79,430,0.017122983932495117
4237,80,430,0.017482995986938477
4238,81,430,0.016687393188476562
4239,82,430,0.016504287719726562
4240,83,430,0.016819238662719727
4241,84,430,0.016715526580810547
4242,85,430,0.016516685485839844
4243,86,430,0.016671419143676758
4244,87,430,0.01644134521484375
4245,88,430,0.016504764556884766
4246,89,430,0.016343355178833008
4247,90,430,0.01606440544128418
4248,91,430,0.016283750534057617
4249,92,430,0.016123533248901367
4250,93,430,0.015525341033935547
4251,94,430,0.015641450881958008
4252,95,430,0.01566147804260254
4253,96,430,0.01540231704711914
4254,97,430,0.01567387580871582
4255,98,430,0.01540517807006836
4256,99,430,0.015498638153076172
4257,1,440,0.08162093162536621
4258,2,440,0.0498654842376709
4259,3,440,0.046732187271118164
4260,4,440,0.04839944839477539
4261,5,440,0.041593074798583984
4262,6,440,0.048949241638183594
4263,7,440,0.04329729080200195
4264,8,440,0.04184889793395996
4265,9,440,0.044707298278808594
4266,10,440,0.047678470611572266
4267,11,440,0.06197547912597656
4268,12,440,0.03453683853149414
4269,13,440,0.054686546325683594
4270,14,440,0.04401445388793945
4271,15,440,0.030350923538208008
4272,16,440,0.0415959358215332
4273,17,440,0.05047345161437988
4274,18,440,0.04917478561401367
4275,19,440,0.047510623931884766
4276,20,440,0.032921791076660156
4277,21,440,0.04377627372741699
4278,22,440,0.04233956336975098
4279,23,440,0.041300058364868164
4280,24,440,0.04078412055969238
4281,25,440,0.038460493087768555
4282,26,440,0.03670859336853027
4283,27,440,0.035538434982299805
4284,28,440,0.03543972969055176
4285,29,440,0.0343937873840332
4286,30,440,0.03349494934082031
4287,31,440,0.03343558311462402
4288,32,440,0.03214240074157715
4289,33,440,0.0314633846282959
4290,34,440,0.031125783920288086
4291,35,440,0.023118257522583008
4292,36,440,0.030067920684814453
4293,37,440,0.02930450439453125
4294,38,440,0.028931140899658203
4295,39,440,0.02820301055908203
4296,40,440,0.027452468872070312
4297,41,440,0.027050018310546875
4298,42,440,0.026941299438476562
4299,43,440,0.026719331741333008
4300,44,440,0.02606678009033203
4301,45,440,0.02561163902282715
4302,46,440,0.024932861328125
4303,47,440,0.024824142456054688
4304,48,440,0.02471756935119629
4305,49,440,0.02467179298400879
4306,50,440,0.023990869522094727
4307,51,440,0.023047447204589844
4308,52,440,0.02333998680114746
4309,53,440,0.02310466766357422
4310,54,440,0.022789716720581055
4311,55,440,0.022658824920654297
4312,56,440,0.021569490432739258
4313,57,440,0.020948410034179688
4314,58,440,0.02117609977722168
4315,59,440,0.020874738693237305
4316,60,440,0.019923686981201172
4317,61,440,0.02122807502746582
4318,62,440,0.020760536193847656
4319,63,440,0.020507335662841797
4320,64,440,0.020260334014892578
4321,65,440,0.020147085189819336
4322,66,440,0.020235061645507812
4323,67,440,0.02002882957458496
4324,68,440,0.01977992057800293
4325,69,440,0.018984079360961914
4326,70,440,0.01936483383178711
4327,71,440,0.019251585006713867
4328,72,440,0.01917243003845215
4329,73,440,0.01915717124938965
4330,74,440,0.018724679946899414
4331,75,440,0.018548250198364258
4332,76,440,0.018093585968017578
4333,77,440,0.01797008514404297
4334,78,440,0.0178830623626709
4335,79,440,0.017789840698242188
4336,80,440,0.017905235290527344
4337,81,440,0.017697572708129883
4338,82,440,0.017758607864379883
4339,83,440,0.017787694931030273
4340,84,440,0.017694950103759766
4341,85,440,0.01755213737487793
4342,86,440,0.017298221588134766
4343,87,440,0.01714944839477539
4344,88,440,0.017076969146728516
4345,89,440,0.016756534576416016
4346,90,440,0.016907215118408203
4347,91,440,0.016178131103515625
4348,92,440,0.01579117774963379
4349,93,440,0.01618504524230957
4350,94,440,0.01584625244140625
4351,95,440,0.01604604721069336
4352,96,440,0.0160830020904541
4353,97,440,0.016103267669677734
4354,98,440,0.015993833541870117
4355,99,440,0.016014575958251953
4356,1,450,0.0869438648223877
4357,2,450,0.05621147155761719
4358,3,450,0.04990983009338379
4359,4,450,0.05066871643066406
4360,5,450,0.04788613319396973
4361,6,450,0.044919490814208984
4362,7,450,0.045317649841308594
4363,8,450,0.04391813278198242
4364,9,450,0.04093480110168457
4365,10,450,0.056311607360839844
4366,11,450,0.039226531982421875
4367,12,450,0.06211352348327637
4368,13,450,0.0425262451171875
4369,14,450,0.055762529373168945
4370,15,450,0.03183889389038086
4371,16,450,0.04624056816101074
4372,17,450,0.031031370162963867
4373,18,450,0.05045962333679199
4374,19,450,0.04900932312011719
4375,20,450,0.03546547889709473
4376,21,450,0.04542851448059082
4377,22,450,0.03368186950683594
4378,23,450,0.04375123977661133
4379,24,450,0.042778968811035156
4380,25,450,0.029487133026123047
4381,26,450,0.039076805114746094
4382,27,450,0.03709673881530762
4383,28,450,0.037470102310180664
4384,29,450,0.023923158645629883
4385,30,450,0.03543543815612793
4386,31,450,0.020684003829956055
4387,32,450,0.034081459045410156
4388,33,450,0.03322172164916992
4389,34,450,0.03224992752075195
4390,35,450,0.031100034713745117
4391,36,450,0.03140544891357422
4392,37,450,0.026501178741455078
4393,38,450,0.029619932174682617
4394,39,450,0.029313087463378906
4395,40,450,0.029041528701782227
4396,41,450,0.028417587280273438
4397,42,450,0.02650141716003418
4398,43,450,0.02837681770324707
4399,44,450,0.02736806869506836
4400,45,450,0.026591062545776367
4401,46,450,0.024073362350463867
4402,47,450,0.025723695755004883
4403,48,450,0.02560877799987793
4404,49,450,0.025774478912353516
4405,50,450,0.025243043899536133
4406,51,450,0.02456355094909668
4407,52,450,0.024304866790771484
4408,53,450,0.023993253707885742
4409,54,450,0.024056434631347656
4410,55,450,0.023816823959350586
4411,56,450,0.023347139358520508
4412,57,450,0.02279210090637207
4413,58,450,0.02277827262878418
4414,59,450,0.02280282974243164
4415,60,450,0.02227616310119629
4416,61,450,0.022191524505615234
4417,62,450,0.022003889083862305
4418,63,450,0.022211551666259766
4419,64,450,0.0214540958404541
4420,65,450,0.021361589431762695
4421,66,450,0.021213769912719727
4422,67,450,0.020974159240722656
4423,68,450,0.02066969871520996
4424,69,450,0.02079463005065918
4425,70,450,0.020524978637695312
4426,71,450,0.020242691040039062
4427,72,450,0.020330190658569336
4428,73,450,0.020282506942749023
4429,74,450,0.02010965347290039
4430,75,450,0.019872665405273438
4431,76,450,0.0194394588470459
4432,77,450,0.019095897674560547
4433,78,450,0.0188295841217041
4434,79,450,0.01868128776550293
4435,80,450,0.018713951110839844
4436,81,450,0.01856541633605957
4437,82,450,0.018479108810424805
4438,83,450,0.017390727996826172
4439,84,450,0.018336772918701172
4440,85,450,0.018321752548217773
4441,86,450,0.01804375648498535
4442,87,450,0.01810169219970703
4443,88,450,0.017682313919067383
4444,89,450,0.017647266387939453
4445,90,450,0.017618894577026367
4446,91,450,0.0172727108001709
4447,92,450,0.01740288734436035
4448,93,450,0.0172884464263916
4449,94,450,0.016603946685791016
4450,95,450,0.017205238342285156
4451,96,450,0.01722240447998047
4452,97,450,0.016900062561035156
4453,98,450,0.01662445068359375
4454,99,450,0.01632094383239746
4455,1,460,0.08700704574584961
4456,2,460,0.059674978256225586
4457,3,460,0.051123619079589844
4458,4,460,0.0528864860534668
4459,5,460,0.0496373176574707
4460,6,460,0.053224802017211914
4461,7,460,0.04674172401428223
4462,8,460,0.04216647148132324
4463,9,460,0.042481422424316406
4464,10,460,0.04712367057800293
4465,11,460,0.041162967681884766
4466,12,460,0.06377792358398438
4467,13,460,0.0616300106048584
4468,14,460,0.04514288902282715
4469,15,460,0.05717778205871582
4470,16,460,0.05217909812927246
4471,17,460,0.05450320243835449
4472,18,460,0.04615020751953125
4473,19,460,0.05061149597167969
4474,20,460,0.04801583290100098
4475,21,460,0.04393172264099121
4476,22,460,0.04683423042297363
4477,23,460,0.045546531677246094
4478,24,460,0.026806354522705078
4479,25,460,0.04269909858703613
4480,26,460,0.040845632553100586
4481,27,460,0.0397183895111084
4482,28,460,0.03549695014953613
4483,29,460,0.037863731384277344
4484,30,460,0.03743624687194824
4485,31,460,0.036502838134765625
4486,32,460,0.03511643409729004
4487,33,460,0.033751487731933594
4488,34,460,0.033740997314453125
4489,35,460,0.03316211700439453
4490,36,460,0.03260612487792969
4491,37,460,0.03172469139099121
4492,38,460,0.030871868133544922
4493,39,460,0.030231475830078125
4494,40,460,0.030180931091308594
4495,41,460,0.029864788055419922
4496,42,460,0.028864145278930664
4497,43,460,0.028841733932495117
4498,44,460,0.02849125862121582
4499,45,460,0.027884721755981445
4500,46,460,0.027801513671875
4501,47,460,0.027240514755249023
4502,48,460,0.026914358139038086
4503,49,460,0.026326417922973633
4504,50,460,0.0262603759765625
4505,51,460,0.02591681480407715
4506,52,460,0.025416135787963867
4507,53,460,0.025151729583740234
4508,54,460,0.024781227111816406
4509,55,460,0.024840593338012695
4510,56,460,0.02406167984008789
4511,57,460,0.023852825164794922
4512,58,460,0.023736000061035156
4513,59,460,0.023347854614257812
4514,60,460,0.02275228500366211
4515,61,460,0.024363279342651367
4516,62,460,0.02273726463317871
4517,63,460,0.02256321907043457
4518,64,460,0.03003525733947754
4519,65,460,0.024675607681274414
4520,66,460,0.02146172523498535
4521,67,460,0.02126336097717285
4522,68,460,0.021842002868652344
4523,69,460,0.021649837493896484
4524,70,460,0.02074599266052246
4525,71,460,0.020885705947875977
4526,72,460,0.013099431991577148
4527,73,460,0.020415306091308594
4528,74,460,0.020212650299072266
4529,75,460,0.020404338836669922
4530,76,460,0.020030736923217773
4531,77,460,0.009844779968261719
4532,78,460,0.019621849060058594
4533,79,460,0.019228458404541016
4534,80,460,0.01926875114440918
4535,81,460,0.018799781799316406
4536,82,460,0.009303808212280273
4537,83,460,0.01912975311279297
4538,84,460,0.018552541732788086
4539,85,460,0.01846003532409668
4540,86,460,0.018889904022216797
4541,87,460,0.009279489517211914
4542,88,460,0.01870131492614746
4543,89,460,0.018322467803955078
4544,90,460,0.017951250076293945
4545,91,460,0.017841577529907227
4546,92,460,0.01798701286315918
4547,93,460,0.017996788024902344
4548,94,460,0.017792224884033203
4549,95,460,0.01767730712890625
4550,96,460,0.017385482788085938
4551,97,460,0.017636775970458984
4552,98,460,0.017278432846069336
4553,99,460,0.017519235610961914
4554,1,470,0.09435224533081055
4555,2,470,0.056734323501586914
4556,3,470,0.05304431915283203
4557,4,470,0.05567669868469238
4558,5,470,0.052524566650390625
4559,6,470,0.04849863052368164
4560,7,470,0.05571174621582031
4561,8,470,0.0593264102935791
4562,9,470,0.0624079704284668
4563,10,470,0.04247164726257324
4564,11,470,0.060230255126953125
4565,12,470,0.04021501541137695
4566,13,470,0.04544186592102051
4567,14,470,0.060411691665649414
4568,15,470,0.06003403663635254
4569,16,470,0.04890108108520508
4570,17,470,0.0546269416809082
4571,18,470,0.05624556541442871
4572,19,470,0.04646778106689453
4573,20,470,0.05091714859008789
4574,21,470,0.030524492263793945
4575,22,470,0.04857492446899414
4576,23,470,0.04719138145446777
4577,24,470,0.04737687110900879
4578,25,470,0.0411529541015625
4579,26,470,0.042714595794677734
4580,27,470,0.041409969329833984
4581,28,470,0.040853261947631836
4582,29,470,0.03948545455932617
4583,30,470,0.0395658016204834
4584,31,470,0.03781628608703613
4585,32,470,0.036834716796875
4586,33,470,0.02983856201171875
4587,34,470,0.03517603874206543
4588,35,470,0.03467082977294922
4589,36,470,0.03179526329040527
4590,37,470,0.03357815742492676
4591,38,470,0.03286290168762207
4592,39,470,0.03176474571228027
4593,40,470,0.0315401554107666
4594,41,470,0.03589057922363281
4595,42,470,0.030822277069091797
4596,43,470,0.025930404663085938
4597,44,470,0.029386281967163086
4598,45,470,0.02906012535095215
4599,46,470,0.028599262237548828
4600,47,470,0.02855229377746582
4601,48,470,0.02821183204650879
4602,49,470,0.027942180633544922
4603,50,470,0.02712559700012207
4604,51,470,0.02703237533569336
4605,52,470,0.026673316955566406
4606,53,470,0.02620983123779297
4607,54,470,0.026145458221435547
4608,55,470,0.025834321975708008
4609,56,470,0.025606155395507812
4610,57,470,0.02525949478149414
4611,58,470,0.024930715560913086
4612,59,470,0.024421215057373047
4613,60,470,0.024145126342773438
4614,61,470,0.014796257019042969
4615,62,470,0.023781776428222656
4616,63,470,0.023322582244873047
4617,64,470,0.0228884220123291
4618,65,470,0.024627208709716797
4619,66,470,0.023018598556518555
4620,67,470,0.022249460220336914
4621,68,470,0.022413969039916992
4622,69,470,0.022165298461914062
4623,70,470,0.022284984588623047
4624,71,470,0.021579980850219727
4625,72,470,0.02188420295715332
4626,73,470,0.02169322967529297
4627,74,470,0.021521806716918945
4628,75,470,0.021712064743041992
4629,76,470,0.021325349807739258
4630,77,470,0.021207571029663086
4631,78,470,0.017321348190307617
4632,79,470,0.020807743072509766
4633,80,470,0.020619869232177734
4634,81,470,0.01993107795715332
4635,82,470,0.01967144012451172
4636,83,470,0.019818544387817383
4637,84,470,0.019704103469848633
4638,85,470,0.0193026065826416
4639,86,470,0.019529104232788086
4640,87,470,0.01933002471923828
4641,88,470,0.019335269927978516
4642,89,470,0.019244670867919922
4643,90,470,0.019422531127929688
4644,91,470,0.01919078826904297
4645,92,470,0.01855015754699707
4646,93,470,0.01864480972290039
4647,94,470,0.018587112426757812
4648,95,470,0.01868152618408203
4649,96,470,0.018549203872680664
4650,97,470,0.018479347229003906
4651,98,470,0.01812434196472168
4652,99,470,0.010756969451904297
4653,1,480,0.09558987617492676
4654,2,480,0.05888843536376953
4655,3,480,0.05527997016906738
4656,4,480,0.05740237236022949
4657,5,480,0.0540313720703125
4658,6,480,0.050864219665527344
4659,7,480,0.050985097885131836
4660,8,480,0.04598808288574219
4661,9,480,0.04807090759277344
4662,10,480,0.06250667572021484
4663,11,480,0.04657864570617676
4664,12,480,0.04824423789978027
4665,13,480,0.04313349723815918
4666,14,480,0.03886079788208008
4667,15,480,0.060803890228271484
4668,16,480,0.03669428825378418
4669,17,480,0.05217337608337402
4670,18,480,0.057602643966674805
4671,19,480,0.055515289306640625
4672,20,480,0.04319453239440918
4673,21,480,0.0523219108581543
4674,22,480,0.05073213577270508
4675,23,480,0.05005598068237305
4676,24,480,0.04849743843078613
4677,25,480,0.0429997444152832
4678,26,480,0.044274091720581055
4679,27,480,0.0434565544128418
4680,28,480,0.04243111610412598
4681,29,480,0.04158425331115723
4682,30,480,0.04092884063720703
4683,31,480,0.03970479965209961
4684,32,480,0.03770875930786133
4685,33,480,0.037566423416137695
4686,34,480,0.037226200103759766
4687,35,480,0.0351564884185791
4688,36,480,0.03538918495178223
4689,37,480,0.034677982330322266
4690,38,480,0.03371763229370117
4691,39,480,0.03341531753540039
4692,40,480,0.03258371353149414
4693,41,480,0.032511234283447266
4694,42,480,0.03225588798522949
4695,43,480,0.02794504165649414
4696,44,480,0.030649423599243164
4697,45,480,0.030101299285888672
4698,46,480,0.026311635971069336
4699,47,480,0.028949737548828125
4700,48,480,0.027240276336669922
4701,49,480,0.028948307037353516
4702,50,480,0.028509855270385742
4703,51,480,0.02765059471130371
4704,52,480,0.02779388427734375
4705,53,480,0.02765798568725586
4706,54,480,0.027302026748657227
4707,55,480,0.027133464813232422
4708,56,480,0.026654958724975586
4709,57,480,0.026095867156982422
4710,58,480,0.025859594345092773
4711,59,480,0.02541065216064453
4712,60,480,0.025400876998901367
4713,61,480,0.0252377986907959
4714,62,480,0.024924516677856445
4715,63,480,0.024646759033203125
4716,64,480,0.02436685562133789
4717,65,480,0.024264097213745117
4718,66,480,0.023884296417236328
4719,67,480,0.02399730682373047
4720,68,480,0.023974895477294922
4721,69,480,0.02332472801208496
4722,70,480,0.02258014678955078
4723,71,480,0.02303600311279297
4724,72,480,0.02288222312927246
4725,73,480,0.02247786521911621
4726,74,480,0.022507667541503906
4727,75,480,0.022196531295776367
4728,76,480,0.021984100341796875
4729,77,480,0.021930694580078125
4730,78,480,0.022026538848876953
4731,79,480,0.021738529205322266
4732,80,480,0.02172398567199707
4733,81,480,0.02127695083618164
4734,82,480,0.020987749099731445
4735,83,480,0.020624876022338867
4736,84,480,0.02058553695678711
4737,85,480,0.020186185836791992
4738,86,480,0.01950216293334961
4739,87,480,0.020427227020263672
4740,88,480,0.020085573196411133
4741,89,480,0.020020246505737305
4742,90,480,0.019985437393188477
4743,91,480,0.01982736587524414
4744,92,480,0.01983952522277832
4745,93,480,0.019613027572631836
4746,94,480,0.018799304962158203
4747,95,480,0.019068002700805664
4748,96,480,0.01905369758605957
4749,97,480,0.018955230712890625
4750,98,480,0.01894521713256836
4751,99,480,0.018552780151367188
4752,1,490,0.09644126892089844
4753,2,490,0.06121635437011719
4754,3,490,0.05708432197570801
4755,4,490,0.05957317352294922
4756,5,490,0.05646038055419922
4757,6,490,0.0522923469543457
4758,7,490,0.06519222259521484
4759,8,490,0.04223227500915527
4760,9,490,0.04800844192504883
4761,10,490,0.0740671157836914
4762,11,490,0.05838656425476074
4763,12,490,0.05528593063354492
4764,13,490,0.06790614128112793
4765,14,490,0.04086041450500488
4766,15,490,0.04851579666137695
4767,16,490,0.06117653846740723
4768,17,490,0.045801401138305664
4769,18,490,0.046959638595581055
4770,19,490,0.04477572441101074
4771,20,490,0.04264235496520996
4772,21,490,0.05363583564758301
4773,22,490,0.052514076232910156
4774,23,490,0.044821739196777344
4775,24,490,0.049240827560424805
4776,25,490,0.04207444190979004
4777,26,490,0.04580807685852051
4778,27,490,0.04499673843383789
4779,28,490,0.044036865234375
4780,29,490,0.043120622634887695
4781,30,490,0.04261159896850586
4782,31,490,0.041349172592163086
4783,32,490,0.03848576545715332
4784,33,490,0.03906655311584473
4785,34,490,0.038292646408081055
4786,35,490,0.037853240966796875
4787,36,490,0.0373082160949707
4788,37,490,0.03586411476135254
4789,38,490,0.03530168533325195
4790,39,490,0.034628868103027344
4791,40,490,0.03419351577758789
4792,41,490,0.03369569778442383
4793,42,490,0.03344273567199707
4794,43,490,0.032949209213256836
4795,44,490,0.032074928283691406
4796,45,490,0.03127622604370117
4797,46,490,0.03072667121887207
4798,47,490,0.03102421760559082
4799,48,490,0.02531743049621582
4800,49,490,0.030272722244262695
4801,50,490,0.029761552810668945
4802,51,490,0.02960658073425293
4803,52,490,0.028946876525878906
4804,53,490,0.028293848037719727
4805,54,490,0.028430700302124023
4806,55,490,0.02804422378540039
4807,56,490,0.027762889862060547
4808,57,490,0.027069091796875
4809,58,490,0.024949312210083008
4810,59,490,0.026597976684570312
4811,60,490,0.026453018188476562
4812,61,490,0.026210308074951172
4813,62,490,0.025683879852294922
4814,63,490,0.02559185028076172
4815,64,490,0.023862123489379883
4816,65,490,0.025179386138916016
4817,66,490,0.024924039840698242
4818,67,490,0.024638652801513672
4819,68,490,0.024509191513061523
4820,69,490,0.0243685245513916
4821,70,490,0.0239565372467041
4822,71,490,0.023883581161499023
4823,72,490,0.0234832763671875
4824,73,490,0.02328181266784668
4825,74,490,0.02320384979248047
4826,75,490,0.023352622985839844
4827,76,490,0.02309727668762207
4828,77,490,0.022879600524902344
4829,78,490,0.022743701934814453
4830,79,490,0.022756099700927734
4831,80,490,0.02245616912841797
4832,81,490,0.02240729331970215
4833,82,490,0.022117137908935547
4834,83,490,0.021588563919067383
4835,84,490,0.021411895751953125
4836,85,490,0.021242141723632812
4837,86,490,0.021289825439453125
4838,87,490,0.021182775497436523
4839,88,490,0.02097034454345703
4840,89,490,0.021005630493164062
4841,90,490,0.02084040641784668
4842,91,490,0.020663022994995117
4843,92,490,0.020750761032104492
4844,93,490,0.020466327667236328
4845,94,490,0.020595788955688477
4846,95,490,0.020246505737304688
4847,96,490,0.019070148468017578
4848,97,490,0.01974940299987793
4849,98,490,0.011757135391235352
4850,99,490,0.01961064338684082
