,l_xy,n_pts,time
0,1,10,0.9985523223876953
1,2,10,0.0001404285430908203
2,3,10,7.963180541992188e-05
3,4,10,8.296966552734375e-05
4,5,10,6.29425048828125e-05
5,6,10,6.985664367675781e-05
6,7,10,6.0558319091796875e-05
7,8,10,4.76837158203125e-05
8,9,10,5.459785461425781e-05
9,10,10,4.9114227294921875e-05
10,11,10,4.38690185546875e-05
11,12,10,4.363059997558594e-05
12,13,10,4.076957702636719e-05
13,14,10,4.3392181396484375e-05
14,15,10,3.838539123535156e-05
15,16,10,3.314018249511719e-05
16,17,10,3.4809112548828125e-05
17,18,10,3.552436828613281e-05
18,19,10,3.4332275390625e-05
19,20,10,4.172325134277344e-05
20,21,10,3.075599670410156e-05
21,22,10,3.3855438232421875e-05
22,23,10,3.981590270996094e-05
23,24,10,3.123283386230469e-05
24,25,10,3.170967102050781e-05
25,26,10,3.8623809814453125e-05
26,27,10,2.7418136596679688e-05
27,28,10,2.7894973754882812e-05
28,29,10,2.765655517578125e-05
29,30,10,3.361701965332031e-05
30,31,10,2.86102294921875e-05
31,32,10,3.0279159545898438e-05
32,33,10,3.147125244140625e-05
33,34,10,2.956390380859375e-05
34,35,10,2.9325485229492188e-05
35,36,10,2.9087066650390625e-05
36,37,10,2.6226043701171875e-05
37,38,10,3.0994415283203125e-05
38,39,10,2.6226043701171875e-05
39,40,10,2.765655517578125e-05
40,41,10,2.7894973754882812e-05
41,42,10,2.5272369384765625e-05
42,43,10,2.7894973754882812e-05
43,44,10,3.0040740966796875e-05
44,45,10,2.7179718017578125e-05
45,46,10,2.5510787963867188e-05
46,47,10,2.7894973754882812e-05
47,48,10,2.6226043701171875e-05
48,49,10,2.47955322265625e-05
49,50,10,2.6941299438476562e-05
50,51,10,2.5510787963867188e-05
51,52,10,2.5987625122070312e-05
52,53,10,2.3603439331054688e-05
53,54,10,2.384185791015625e-05
54,55,10,2.2172927856445312e-05
55,56,10,2.8848648071289062e-05
56,57,10,2.2172927856445312e-05
57,58,10,2.6226043701171875e-05
58,59,10,2.6702880859375e-05
59,60,10,2.5987625122070312e-05
60,61,10,2.288818359375e-05
61,62,10,2.8133392333984375e-05
62,63,10,2.5510787963867188e-05
63,64,10,2.6226043701171875e-05
64,65,10,2.765655517578125e-05
65,66,10,2.574920654296875e-05
66,67,10,2.2649765014648438e-05
67,68,10,2.6941299438476562e-05
68,69,10,2.3603439331054688e-05
69,70,10,2.5987625122070312e-05
70,71,10,2.3126602172851562e-05
71,72,10,2.3603439331054688e-05
72,73,10,2.1696090698242188e-05
73,74,10,2.6226043701171875e-05
74,75,10,2.193450927734375e-05
75,76,10,2.3126602172851562e-05
76,77,10,2.384185791015625e-05
77,78,10,2.6226043701171875e-05
78,79,10,2.5033950805664062e-05
79,80,10,2.384185791015625e-05
80,81,10,2.193450927734375e-05
81,82,10,2.5987625122070312e-05
82,83,10,2.574920654296875e-05
83,84,10,2.2649765014648438e-05
84,85,10,2.09808349609375e-05
85,86,10,2.384185791015625e-05
86,87,10,2.193450927734375e-05
87,88,10,2.2649765014648438e-05
88,89,10,2.2649765014648438e-05
89,90,10,2.2172927856445312e-05
90,91,10,2.1219253540039062e-05
91,92,10,2.574920654296875e-05
92,93,10,2.2172927856445312e-05
93,94,10,2.288818359375e-05
94,95,10,2.288818359375e-05
95,96,10,2.2411346435546875e-05
96,97,10,2.1219253540039062e-05
97,98,10,2.4080276489257812e-05
98,99,10,2.0265579223632812e-05
99,1,20,0.0004813671112060547
100,2,20,0.000347137451171875
101,3,20,0.0002791881561279297
102,4,20,0.0002052783966064453
103,5,20,0.0002090930938720703
104,6,20,0.0001881122589111328
105,7,20,0.00016689300537109375
106,8,20,0.00015044212341308594
107,9,20,0.00013709068298339844
108,10,20,0.00013399124145507812
109,11,20,0.00011467933654785156
110,12,20,0.00011324882507324219
111,13,20,0.00011110305786132812
112,14,20,0.00012636184692382812
113,15,20,0.00011539459228515625
114,16,20,0.00011205673217773438
115,17,20,9.059906005859375e-05
116,18,20,9.72747802734375e-05
117,19,20,9.226799011230469e-05
118,20,20,8.821487426757812e-05
119,21,20,8.630752563476562e-05
120,22,20,8.368492126464844e-05
121,23,20,8.20159912109375e-05
122,24,20,7.343292236328125e-05
123,25,20,8.249282836914062e-05
124,26,20,8.940696716308594e-05
125,27,20,8.416175842285156e-05
126,28,20,7.343292236328125e-05
127,29,20,8.678436279296875e-05
128,30,20,7.486343383789062e-05
129,31,20,8.153915405273438e-05
130,32,20,8.344650268554688e-05
131,33,20,6.985664367675781e-05
132,34,20,6.67572021484375e-05
133,35,20,7.43865966796875e-05
134,36,20,6.628036499023438e-05
135,37,20,6.580352783203125e-05
136,38,20,6.151199340820312e-05
137,39,20,6.29425048828125e-05
138,40,20,6.246566772460938e-05
139,41,20,6.771087646484375e-05
140,42,20,6.532669067382812e-05
141,43,20,6.890296936035156e-05
142,44,20,6.151199340820312e-05
143,45,20,5.650520324707031e-05
144,46,20,5.936622619628906e-05
145,47,20,6.651878356933594e-05
146,48,20,5.936622619628906e-05
147,49,20,5.7220458984375e-05
148,50,20,6.222724914550781e-05
149,51,20,5.269050598144531e-05
150,52,20,5.316734313964844e-05
151,53,20,6.127357482910156e-05
152,54,20,5.340576171875e-05
153,55,20,5.555152893066406e-05
154,56,20,5.078315734863281e-05
155,57,20,5.412101745605469e-05
156,58,20,5.745887756347656e-05
157,59,20,4.76837158203125e-05
158,60,20,4.291534423828125e-05
159,61,20,4.744529724121094e-05
160,62,20,5.173683166503906e-05
161,63,20,5.507469177246094e-05
162,64,20,4.863739013671875e-05
163,65,20,5.435943603515625e-05
164,66,20,5.14984130859375e-05
165,67,20,4.696846008300781e-05
166,68,20,4.887580871582031e-05
167,69,20,4.863739013671875e-05
168,70,20,5.626678466796875e-05
169,71,20,5.078315734863281e-05
170,72,20,4.839897155761719e-05
171,73,20,4.887580871582031e-05
172,74,20,4.76837158203125e-05
173,75,20,4.7206878662109375e-05
174,76,20,4.6253204345703125e-05
175,77,20,5.316734313964844e-05
176,78,20,4.673004150390625e-05
177,79,20,5.1975250244140625e-05
178,80,20,4.601478576660156e-05
179,81,20,4.792213439941406e-05
180,82,20,4.3392181396484375e-05
181,83,20,4.863739013671875e-05
182,84,20,4.601478576660156e-05
183,85,20,4.673004150390625e-05
184,86,20,5.0067901611328125e-05
185,87,20,4.38690185546875e-05
186,88,20,4.267692565917969e-05
187,89,20,4.7206878662109375e-05
188,90,20,4.5299530029296875e-05
189,91,20,4.38690185546875e-05
190,92,20,4.458427429199219e-05
191,93,20,4.57763671875e-05
192,94,20,4.220008850097656e-05
193,95,20,4.673004150390625e-05
194,96,20,3.981590270996094e-05
195,97,20,3.933906555175781e-05
196,98,20,4.482269287109375e-05
197,99,20,4.315376281738281e-05
198,1,30,0.0010256767272949219
199,2,30,0.0007977485656738281
200,3,30,0.0005867481231689453
201,4,30,0.00047206878662109375
202,5,30,0.000431060791015625
203,6,30,0.0003952980041503906
204,7,30,0.00034928321838378906
205,8,30,0.0003387928009033203
206,9,30,0.00030159950256347656
207,10,30,0.0002617835998535156
208,11,30,0.000247955322265625
209,12,30,0.00023055076599121094
210,13,30,0.00022459030151367188
211,14,30,0.00024437904357910156
212,15,30,0.00021195411682128906
213,16,30,0.0001971721649169922
214,17,30,0.0001881122589111328
215,18,30,0.00018739700317382812
216,19,30,0.00017762184143066406
217,20,30,0.00019502639770507812
218,21,30,0.00019407272338867188
219,22,30,0.00018143653869628906
220,23,30,0.0001537799835205078
221,24,30,0.00016689300537109375
222,25,30,0.00015401840209960938
223,26,30,0.00013566017150878906
224,27,30,0.00014829635620117188
225,28,30,0.0001380443572998047
226,29,30,0.00014257431030273438
227,30,30,0.00013828277587890625
228,31,30,0.00013303756713867188
229,32,30,0.00014281272888183594
230,33,30,0.00014281272888183594
231,34,30,0.00011944770812988281
232,35,30,0.000125885009765625
233,36,30,0.0001323223114013672
234,37,30,0.00012421607971191406
235,38,30,0.0001266002655029297
236,39,30,0.00013375282287597656
237,40,30,0.0001266002655029297
238,41,30,0.00012564659118652344
239,42,30,0.0001277923583984375
240,43,30,0.0001285076141357422
241,44,30,0.00012421607971191406
242,45,30,0.00011730194091796875
243,46,30,0.00011038780212402344
244,47,30,0.00011467933654785156
245,48,30,0.00011777877807617188
246,49,30,0.00011086463928222656
247,50,30,0.00011754035949707031
248,51,30,0.00010395050048828125
249,52,30,0.00010180473327636719
250,53,30,0.00011444091796875
251,54,30,9.799003601074219e-05
252,55,30,9.655952453613281e-05
253,56,30,0.00010466575622558594
254,57,30,9.965896606445312e-05
255,58,30,9.322166442871094e-05
256,59,30,0.00010991096496582031
257,60,30,9.942054748535156e-05
258,61,30,9.965896606445312e-05
259,62,30,0.00011205673217773438
260,63,30,0.00010442733764648438
261,64,30,9.72747802734375e-05
262,65,30,9.608268737792969e-05
263,66,30,0.00010418891906738281
264,67,30,9.775161743164062e-05
265,68,30,9.417533874511719e-05
266,69,30,9.369850158691406e-05
267,70,30,9.799003601074219e-05
268,71,30,9.059906005859375e-05
269,72,30,0.00010156631469726562
270,73,30,9.036064147949219e-05
271,74,30,9.942054748535156e-05
272,75,30,8.749961853027344e-05
273,76,30,9.417533874511719e-05
274,77,30,8.606910705566406e-05
275,78,30,8.20159912109375e-05
276,79,30,8.20159912109375e-05
277,80,30,8.916854858398438e-05
278,81,30,8.726119995117188e-05
279,82,30,8.58306884765625e-05
280,83,30,8.869171142578125e-05
281,84,30,8.249282836914062e-05
282,85,30,8.153915405273438e-05
283,86,30,9.059906005859375e-05
284,87,30,7.987022399902344e-05
285,88,30,7.867813110351562e-05
286,89,30,8.392333984375e-05
287,90,30,7.128715515136719e-05
288,91,30,6.556510925292969e-05
289,92,30,7.104873657226562e-05
290,93,30,8.320808410644531e-05
291,94,30,7.677078247070312e-05
292,95,30,8.225440979003906e-05
293,96,30,7.843971252441406e-05
294,97,30,7.295608520507812e-05
295,98,30,7.677078247070312e-05
296,99,30,7.486343383789062e-05
297,1,40,0.0018177032470703125
298,2,40,0.0014345645904541016
299,3,40,0.00102996826171875
300,4,40,0.000797271728515625
301,5,40,0.0006928443908691406
302,6,40,0.0006389617919921875
303,7,40,0.0005791187286376953
304,8,40,0.0005452632904052734
305,9,40,0.0004787445068359375
306,10,40,0.0004138946533203125
307,11,40,0.00039005279541015625
308,12,40,0.0003800392150878906
309,13,40,0.00035691261291503906
310,14,40,0.0003612041473388672
311,15,40,0.0003228187561035156
312,16,40,0.0002872943878173828
313,17,40,0.0002951622009277344
314,18,40,0.00029015541076660156
315,19,40,0.0002956390380859375
316,20,40,0.0002753734588623047
317,21,40,0.0002765655517578125
318,22,40,0.0002636909484863281
319,23,40,0.00024175643920898438
320,24,40,0.0002567768096923828
321,25,40,0.00025463104248046875
322,26,40,0.0002319812774658203
323,27,40,0.00022912025451660156
324,28,40,0.00023055076599121094
325,29,40,0.00023365020751953125
326,30,40,0.0002040863037109375
327,31,40,0.0001938343048095703
328,32,40,0.00018835067749023438
329,33,40,0.0001919269561767578
330,34,40,0.00019216537475585938
331,35,40,0.00017380714416503906
332,36,40,0.00018167495727539062
333,37,40,0.00018358230590820312
334,38,40,0.0001773834228515625
335,39,40,0.00017380714416503906
336,40,40,0.00017523765563964844
337,41,40,0.00016379356384277344
338,42,40,0.00016808509826660156
339,43,40,0.00015997886657714844
340,44,40,0.00016045570373535156
341,45,40,0.0001595020294189453
342,46,40,0.0001480579376220703
343,47,40,0.0001595020294189453
344,48,40,0.0001583099365234375
345,49,40,0.00014638900756835938
346,50,40,0.0001621246337890625
347,51,40,0.00015664100646972656
348,52,40,0.0001621246337890625
349,53,40,0.00015997886657714844
350,54,40,0.0001621246337890625
351,55,40,0.00015616416931152344
352,56,40,0.00015091896057128906
353,57,40,0.0001633167266845703
354,58,40,0.00015687942504882812
355,59,40,0.00015163421630859375
356,60,40,0.0001506805419921875
357,61,40,0.00014400482177734375
358,62,40,0.00015091896057128906
359,63,40,0.0001430511474609375
360,64,40,0.00014972686767578125
361,65,40,0.0001494884490966797
362,66,40,0.0001537799835205078
363,67,40,0.0001556873321533203
364,68,40,0.000148773193359375
365,69,40,0.00014328956604003906
366,70,40,0.0001404285430908203
367,71,40,0.0001571178436279297
368,72,40,0.00013518333435058594
369,73,40,0.0001366138458251953
370,74,40,0.00013327598571777344
371,75,40,0.00013113021850585938
372,76,40,0.0001285076141357422
373,77,40,0.00013399124145507812
374,78,40,0.00012826919555664062
375,79,40,0.00013136863708496094
376,80,40,0.00013589859008789062
377,81,40,0.00013875961303710938
378,82,40,0.0001437664031982422
379,83,40,0.00014352798461914062
380,84,40,0.00013685226440429688
381,85,40,0.00012540817260742188
382,86,40,0.00012493133544921875
383,87,40,0.00013208389282226562
384,88,40,0.00012183189392089844
385,89,40,0.00012135505676269531
386,90,40,0.0001232624053955078
387,91,40,0.00012135505676269531
388,92,40,0.00011372566223144531
389,93,40,0.00012159347534179688
390,94,40,0.00011420249938964844
391,95,40,0.00012636184692382812
392,96,40,0.00011277198791503906
393,97,40,0.00011754035949707031
394,98,40,0.00011491775512695312
395,99,40,0.00011348724365234375
396,1,50,0.002495288848876953
397,2,50,0.0018963813781738281
398,3,50,0.0014181137084960938
399,4,50,0.001096487045288086
400,5,50,0.0010323524475097656
401,6,50,0.0009472370147705078
402,7,50,0.0008196830749511719
403,8,50,0.0007531642913818359
404,9,50,0.0006492137908935547
405,10,50,0.0006196498870849609
406,11,50,0.0005953311920166016
407,12,50,0.0005562305450439453
408,13,50,0.0004987716674804688
409,14,50,0.0004661083221435547
410,15,50,0.00047969818115234375
411,16,50,0.00046181678771972656
412,17,50,0.00040841102600097656
413,18,50,0.0004401206970214844
414,19,50,0.00037789344787597656
415,20,50,0.00039887428283691406
416,21,50,0.0004055500030517578
417,22,50,0.00036597251892089844
418,23,50,0.0003628730773925781
419,24,50,0.0003573894500732422
420,25,50,0.0003552436828613281
421,26,50,0.00034165382385253906
422,27,50,0.0003383159637451172
423,28,50,0.00030493736267089844
424,29,50,0.0002982616424560547
425,30,50,0.00031185150146484375
426,31,50,0.000293731689453125
427,32,50,0.0002932548522949219
428,33,50,0.0003261566162109375
429,34,50,0.0003058910369873047
430,35,50,0.00029921531677246094
431,36,50,0.00029540061950683594
432,37,50,0.0002892017364501953
433,38,50,0.00027632713317871094
434,39,50,0.0002529621124267578
435,40,50,0.00027823448181152344
436,41,50,0.00026488304138183594
437,42,50,0.00024199485778808594
438,43,50,0.00025391578674316406
439,44,50,0.0002422332763671875
440,45,50,0.0002429485321044922
441,46,50,0.00024056434631347656
442,47,50,0.00023317337036132812
443,48,50,0.00024628639221191406
444,49,50,0.00023174285888671875
445,50,50,0.00024175643920898438
446,51,50,0.0002193450927734375
447,52,50,0.0002391338348388672
448,53,50,0.0002205371856689453
449,54,50,0.00022673606872558594
450,55,50,0.00022363662719726562
451,56,50,0.00021076202392578125
452,57,50,0.00022101402282714844
453,58,50,0.0002110004425048828
454,59,50,0.00021886825561523438
455,60,50,0.00021767616271972656
456,61,50,0.00022149085998535156
457,62,50,0.00020384788513183594
458,63,50,0.0002028942108154297
459,64,50,0.00020241737365722656
460,65,50,0.0002048015594482422
461,66,50,0.0001952648162841797
462,67,50,0.0002129077911376953
463,68,50,0.0002205371856689453
464,69,50,0.00020766258239746094
465,70,50,0.0001895427703857422
466,71,50,0.00022363662719726562
467,72,50,0.00020432472229003906
468,73,50,0.000217437744140625
469,74,50,0.00021648406982421875
470,75,50,0.000194549560546875
471,76,50,0.0002014636993408203
472,77,50,0.00022125244140625
473,78,50,0.00018930435180664062
474,79,50,0.0001971721649169922
475,80,50,0.00020170211791992188
476,81,50,0.0001971721649169922
477,82,50,0.00019502639770507812
478,83,50,0.00018739700317382812
479,84,50,0.00019621849060058594
480,85,50,0.00018286705017089844
481,86,50,0.00018334388732910156
482,87,50,0.00017118453979492188
483,88,50,0.00016951560974121094
484,89,50,0.0001766681671142578
485,90,50,0.00017690658569335938
486,91,50,0.0001709461212158203
487,92,50,0.00016427040100097656
488,93,50,0.0001690387725830078
489,94,50,0.00016427040100097656
490,95,50,0.00016379356384277344
491,96,50,0.00016307830810546875
492,97,50,0.00016021728515625
493,98,50,0.000152587890625
494,99,50,0.00016832351684570312
495,1,60,0.003507852554321289
496,2,60,0.002736330032348633
497,3,60,0.002003908157348633
498,4,60,0.0015716552734375
499,5,60,0.0014462471008300781
500,6,60,0.0013113021850585938
501,7,60,0.00112152099609375
502,8,60,0.0010700225830078125
503,9,60,0.0009555816650390625
504,10,60,0.0008544921875
505,11,60,0.0008141994476318359
506,12,60,0.0007634162902832031
507,13,60,0.0007419586181640625
508,14,60,0.0007278919219970703
509,15,60,0.0006959438323974609
510,16,60,0.0006389617919921875
511,17,60,0.0006282329559326172
512,18,60,0.0006146430969238281
513,19,60,0.0005719661712646484
514,20,60,0.0005831718444824219
515,21,60,0.0005702972412109375
516,22,60,0.0005235671997070312
517,23,60,0.0004730224609375
518,24,60,0.0005123615264892578
519,25,60,0.0004978179931640625
520,26,60,0.000507354736328125
521,27,60,0.0004734992980957031
522,28,60,0.0004591941833496094
523,29,60,0.00044655799865722656
524,30,60,0.0004374980926513672
525,31,60,0.00044417381286621094
526,32,60,0.0004267692565917969
527,33,60,0.0004220008850097656
528,34,60,0.00040793418884277344
529,35,60,0.00039267539978027344
530,36,60,0.0003902912139892578
531,37,60,0.0003654956817626953
532,38,60,0.00038170814514160156
533,39,60,0.0003628730773925781
534,40,60,0.0003764629364013672
535,41,60,0.0003845691680908203
536,42,60,0.00039577484130859375
537,43,60,0.0003650188446044922
538,44,60,0.0003743171691894531
539,45,60,0.00035643577575683594
540,46,60,0.00034618377685546875
541,47,60,0.000331878662109375
542,48,60,0.00033783912658691406
543,49,60,0.0003447532653808594
544,50,60,0.00033211708068847656
545,51,60,0.0003211498260498047
546,52,60,0.0003101825714111328
547,53,60,0.00029087066650390625
548,54,60,0.0003063678741455078
549,55,60,0.0003116130828857422
550,56,60,0.0003032684326171875
551,57,60,0.0002827644348144531
552,58,60,0.00029015541076660156
553,59,60,0.0002980232238769531
554,60,60,0.0003046989440917969
555,61,60,0.00029540061950683594
556,62,60,0.0002772808074951172
557,63,60,0.0002961158752441406
558,64,60,0.00029468536376953125
559,65,60,0.0002868175506591797
560,66,60,0.0002849102020263672
561,67,60,0.0002810955047607422
562,68,60,0.000274658203125
563,69,60,0.00031828880310058594
564,70,60,0.0003669261932373047
565,71,60,0.0002872943878173828
566,72,60,0.00029206275939941406
567,73,60,0.0002696514129638672
568,74,60,0.00025177001953125
569,75,60,0.00027942657470703125
570,76,60,0.0002720355987548828
571,77,60,0.00026798248291015625
572,78,60,0.00026154518127441406
573,79,60,0.0002765655517578125
574,80,60,0.0002624988555908203
575,81,60,0.00026798248291015625
576,82,60,0.00026917457580566406
577,83,60,0.00026679039001464844
578,84,60,0.0002639293670654297
579,85,60,0.0002574920654296875
580,86,60,0.0002655982971191406
581,87,60,0.0002582073211669922
582,88,60,0.0002562999725341797
583,89,60,0.00027251243591308594
584,90,60,0.0002474784851074219
585,91,60,0.0002474784851074219
586,92,60,0.000255584716796875
587,93,60,0.0002257823944091797
588,94,60,0.00023055076599121094
589,95,60,0.0002410411834716797
590,96,60,0.00023674964904785156
591,97,60,0.00023984909057617188
592,98,60,0.00022792816162109375
593,99,60,0.00023484230041503906
594,1,70,0.004754304885864258
595,2,70,0.003705739974975586
596,3,70,0.0027618408203125
597,4,70,0.0021114349365234375
598,5,70,0.0019485950469970703
599,6,70,0.001766204833984375
600,7,70,0.0016171932220458984
601,8,70,0.0014400482177734375
602,9,70,0.0012466907501220703
603,10,70,0.0011713504791259766
604,11,70,0.0011265277862548828
605,12,70,0.001039743423461914
606,13,70,0.0009887218475341797
607,14,70,0.0009715557098388672
608,15,70,0.0009222030639648438
609,16,70,0.0008602142333984375
610,17,70,0.0008418560028076172
611,18,70,0.0007886886596679688
612,19,70,0.0007941722869873047
613,20,70,0.0007801055908203125
614,21,70,0.0007505416870117188
615,22,70,0.0006973743438720703
616,23,70,0.0006811618804931641
617,24,70,0.0006349086761474609
618,25,70,0.0006594657897949219
619,26,70,0.0006158351898193359
620,27,70,0.0005702972412109375
621,28,70,0.0006055831909179688
622,29,70,0.0005769729614257812
623,30,70,0.0005922317504882812
624,31,70,0.0005831718444824219
625,32,70,0.0005605220794677734
626,33,70,0.000576019287109375
627,34,70,0.0005388259887695312
628,35,70,0.0005474090576171875
629,36,70,0.0005383491516113281
630,37,70,0.0004999637603759766
631,38,70,0.0005104541778564453
632,39,70,0.0005221366882324219
633,40,70,0.000499725341796875
634,41,70,0.0004954338073730469
635,42,70,0.0004937648773193359
636,43,70,0.00047516822814941406
637,44,70,0.0004622936248779297
638,45,70,0.0004603862762451172
639,46,70,0.0004723072052001953
640,47,70,0.00046634674072265625
641,48,70,0.00047278404235839844
642,49,70,0.0004630088806152344
643,50,70,0.0004572868347167969
644,51,70,0.0004858970642089844
645,52,70,0.00046181678771972656
646,53,70,0.0004177093505859375
647,54,70,0.00040531158447265625
648,55,70,0.0004355907440185547
649,56,70,0.0004189014434814453
650,57,70,0.00041174888610839844
651,58,70,0.0004215240478515625
652,59,70,0.00041675567626953125
653,60,70,0.0004038810729980469
654,61,70,0.0004000663757324219
655,62,70,0.00037097930908203125
656,63,70,0.0003902912139892578
657,64,70,0.00039458274841308594
658,65,70,0.0003941059112548828
659,66,70,0.00038433074951171875
660,67,70,0.0003902912139892578
661,68,70,0.0003762245178222656
662,69,70,0.0003693103790283203
663,70,70,0.00037360191345214844
664,71,70,0.0003807544708251953
665,72,70,0.0003407001495361328
666,73,70,0.00036454200744628906
667,74,70,0.0003733634948730469
668,75,70,0.00036644935607910156
669,76,70,0.0003540515899658203
670,77,70,0.00035381317138671875
671,78,70,0.0003459453582763672
672,79,70,0.00034427642822265625
673,80,70,0.0003483295440673828
674,81,70,0.0003254413604736328
675,82,70,0.00032782554626464844
676,83,70,0.0003390312194824219
677,84,70,0.00032901763916015625
678,85,70,0.0003380775451660156
679,86,70,0.00032782554626464844
680,87,70,0.00032258033752441406
681,88,70,0.00032830238342285156
682,89,70,0.00032448768615722656
683,90,70,0.0003211498260498047
684,91,70,0.0003180503845214844
685,92,70,0.00032830238342285156
686,93,70,0.0003075599670410156
687,94,70,0.0003151893615722656
688,95,70,0.0003116130828857422
689,96,70,0.0003094673156738281
690,97,70,0.00030159950256347656
691,98,70,0.0003135204315185547
692,99,70,0.00030541419982910156
693,1,80,0.006147146224975586
694,2,80,0.004790782928466797
695,3,80,0.003554821014404297
696,4,80,0.002786397933959961
697,5,80,0.0025141239166259766
698,6,80,0.002286672592163086
699,7,80,0.002038717269897461
700,8,80,0.001974344253540039
701,9,80,0.0016667842864990234
702,10,80,0.0014913082122802734
703,11,80,0.0014100074768066406
704,12,80,0.0013494491577148438
705,13,80,0.0013225078582763672
706,14,80,0.0012083053588867188
707,15,80,0.0012049674987792969
708,16,80,0.001153707504272461
709,17,80,0.001077413558959961
710,18,80,0.001035451889038086
711,19,80,0.0010151863098144531
712,20,80,0.0009961128234863281
713,21,80,0.0009784698486328125
714,22,80,0.0009379386901855469
715,23,80,0.0009174346923828125
716,24,80,0.0008795261383056641
717,25,80,0.0008606910705566406
718,26,80,0.0008220672607421875
719,27,80,0.0008471012115478516
720,28,80,0.0007982254028320312
721,29,80,0.0007848739624023438
722,30,80,0.0007388591766357422
723,31,80,0.00064849853515625
724,32,80,0.0007102489471435547
725,33,80,0.0007076263427734375
726,34,80,0.0007083415985107422
727,35,80,0.0006873607635498047
728,36,80,0.0006740093231201172
729,37,80,0.0006799697875976562
730,38,80,0.0006890296936035156
731,39,80,0.00067901611328125
732,40,80,0.0006542205810546875
733,41,80,0.0006306171417236328
734,42,80,0.0006070137023925781
735,43,80,0.0006265640258789062
736,44,80,0.0006098747253417969
737,45,80,0.0005838871002197266
738,46,80,0.0005915164947509766
739,47,80,0.0005803108215332031
740,48,80,0.0006208419799804688
741,49,80,0.0005574226379394531
742,50,80,0.0005795955657958984
743,51,80,0.0005483627319335938
744,52,80,0.0005526542663574219
745,53,80,0.0005736351013183594
746,54,80,0.0005629062652587891
747,55,80,0.0005686283111572266
748,56,80,0.0005741119384765625
749,57,80,0.0005407333374023438
750,58,80,0.0005509853363037109
751,59,80,0.00055694580078125
752,60,80,0.0005295276641845703
753,61,80,0.0005121231079101562
754,62,80,0.0005042552947998047
755,63,80,0.0005033016204833984
756,64,80,0.0005061626434326172
757,65,80,0.0005092620849609375
758,66,80,0.0005121231079101562
759,67,80,0.0004909038543701172
760,68,80,0.0004992485046386719
761,69,80,0.000507354736328125
762,70,80,0.0004906654357910156
763,71,80,0.00043845176696777344
764,72,80,0.00048732757568359375
765,73,80,0.00044918060302734375
766,74,80,0.00045752525329589844
767,75,80,0.0004565715789794922
768,76,80,0.0004582405090332031
769,77,80,0.0004470348358154297
770,78,80,0.0004432201385498047
771,79,80,0.00044274330139160156
772,80,80,0.0004565715789794922
773,81,80,0.0004363059997558594
774,82,80,0.0004222393035888672
775,83,80,0.0004119873046875
776,84,80,0.0004291534423828125
777,85,80,0.0004286766052246094
778,86,80,0.00042557716369628906
779,87,80,0.0004165172576904297
780,88,80,0.0004134178161621094
781,89,80,0.00040459632873535156
782,90,80,0.0004124641418457031
783,91,80,0.0004031658172607422
784,92,80,0.00039458274841308594
785,93,80,0.00036454200744628906
786,94,80,0.00038814544677734375
787,95,80,0.00039696693420410156
788,96,80,0.0003840923309326172
789,97,80,0.0003733634948730469
790,98,80,0.0003707408905029297
791,99,80,0.0003714561462402344
792,1,90,0.00786280632019043
793,2,90,0.006001472473144531
794,3,90,0.004587411880493164
795,4,90,0.0035276412963867188
796,5,90,0.0031900405883789062
797,6,90,0.002950906753540039
798,7,90,0.0025582313537597656
799,8,90,0.00243377685546875
800,9,90,0.0021660327911376953
801,10,90,0.001909494400024414
802,11,90,0.0017883777618408203
803,12,90,0.0017077922821044922
804,13,90,0.0016312599182128906
805,14,90,0.0015232563018798828
806,15,90,0.0015058517456054688
807,16,90,0.0014085769653320312
808,17,90,0.001336812973022461
809,18,90,0.0013306140899658203
810,19,90,0.0013020038604736328
811,20,90,0.0013065338134765625
812,21,90,0.0012235641479492188
813,22,90,0.0011856555938720703
814,23,90,0.0011496543884277344
815,24,90,0.001104116439819336
816,25,90,0.0010647773742675781
817,26,90,0.001065969467163086
818,27,90,0.0010464191436767578
819,28,90,0.001024007797241211
820,29,90,0.0009717941284179688
821,30,90,0.0009756088256835938
822,31,90,0.0008895397186279297
823,32,90,0.0009274482727050781
824,33,90,0.0009176731109619141
825,34,90,0.0008630752563476562
826,35,90,0.0007805824279785156
827,36,90,0.0008478164672851562
828,37,90,0.0008215904235839844
829,38,90,0.000823974609375
830,39,90,0.0008161067962646484
831,40,90,0.0007982254028320312
832,41,90,0.0008015632629394531
833,42,90,0.0007824897766113281
834,43,90,0.0007996559143066406
835,44,90,0.0007874965667724609
836,45,90,0.0007672309875488281
837,46,90,0.0007469654083251953
838,47,90,0.0007345676422119141
839,48,90,0.0007164478302001953
840,49,90,0.0007181167602539062
841,50,90,0.0007307529449462891
842,51,90,0.0007023811340332031
843,52,90,0.0006914138793945312
844,53,90,0.0006818771362304688
845,54,90,0.0006959438323974609
846,55,90,0.0006747245788574219
847,56,90,0.0006358623504638672
848,57,90,0.0006673336029052734
849,58,90,0.0006525516510009766
850,59,90,0.000667572021484375
851,60,90,0.0006871223449707031
852,61,90,0.00066375732421875
853,62,90,0.0006721019744873047
854,63,90,0.0006699562072753906
855,64,90,0.0006685256958007812
856,65,90,0.0006744861602783203
857,66,90,0.0006568431854248047
858,67,90,0.0006542205810546875
859,68,90,0.0006253719329833984
860,69,90,0.0006124973297119141
861,70,90,0.0005729198455810547
862,71,90,0.0006098747253417969
863,72,90,0.0006020069122314453
864,73,90,0.0005877017974853516
865,74,90,0.0005984306335449219
866,75,90,0.0006003379821777344
867,76,90,0.0005950927734375
868,77,90,0.0005750656127929688
869,78,90,0.0005733966827392578
870,79,90,0.0005640983581542969
871,80,90,0.000514984130859375
872,81,90,0.0005471706390380859
873,82,90,0.0005526542663574219
874,83,90,0.0005369186401367188
875,84,90,0.0005509853363037109
876,85,90,0.0005307197570800781
877,86,90,0.0005021095275878906
878,87,90,0.0005464553833007812
879,88,90,0.0005254745483398438
880,89,90,0.0005052089691162109
881,90,90,0.0005199909210205078
882,91,90,0.0005033016204833984
883,92,90,0.0005023479461669922
884,93,90,0.00047135353088378906
885,94,90,0.00048089027404785156
886,95,90,0.0004799365997314453
887,96,90,0.00048065185546875
888,97,90,0.000484466552734375
889,98,90,0.0004699230194091797
890,99,90,0.0004734992980957031
891,1,100,0.009605646133422852
892,2,100,0.0075380802154541016
893,3,100,0.0056095123291015625
894,4,100,0.004408597946166992
895,5,100,0.0038194656372070312
896,6,100,0.0035734176635742188
897,7,100,0.0032181739807128906
898,8,100,0.0029325485229492188
899,9,100,0.002628326416015625
900,10,100,0.002377033233642578
901,11,100,0.002214670181274414
902,12,100,0.0021796226501464844
903,13,100,0.0019385814666748047
904,14,100,0.0019533634185791016
905,15,100,0.0018110275268554688
906,16,100,0.0017271041870117188
907,17,100,0.001615285873413086
908,18,100,0.0016207695007324219
909,19,100,0.0015819072723388672
910,20,100,0.001550912857055664
911,21,100,0.0015110969543457031
912,22,100,0.0014491081237792969
913,23,100,0.0014052391052246094
914,24,100,0.0013508796691894531
915,25,100,0.0013382434844970703
916,26,100,0.0012791156768798828
917,27,100,0.0012454986572265625
918,28,100,0.0012354850769042969
919,29,100,0.0012350082397460938
920,30,100,0.0011820793151855469
921,31,100,0.001140594482421875
922,32,100,0.0011162757873535156
923,33,100,0.0010950565338134766
924,34,100,0.0011141300201416016
925,35,100,0.001031637191772461
926,36,100,0.0010528564453125
927,37,100,0.0010406970977783203
928,38,100,0.0009930133819580078
929,39,100,0.0009353160858154297
930,40,100,0.0009751319885253906
931,41,100,0.0009677410125732422
932,42,100,0.0009520053863525391
933,43,100,0.0009400844573974609
934,44,100,0.0009739398956298828
935,45,100,0.0009255409240722656
936,46,100,0.0009093284606933594
937,47,100,0.0009121894836425781
938,48,100,0.0009124279022216797
939,49,100,0.000911712646484375
940,50,100,0.0008776187896728516
941,51,100,0.0008654594421386719
942,52,100,0.0008654594421386719
943,53,100,0.0008509159088134766
944,54,100,0.0008363723754882812
945,55,100,0.0008285045623779297
946,56,100,0.0008420944213867188
947,57,100,0.0008196830749511719
948,58,100,0.0008385181427001953
949,59,100,0.0007874965667724609
950,60,100,0.0007975101470947266
951,61,100,0.0007958412170410156
952,62,100,0.0007698535919189453
953,63,100,0.0007574558258056641
954,64,100,0.0007770061492919922
955,65,100,0.000774383544921875
956,66,100,0.0007643699645996094
957,67,100,0.0007581710815429688
958,68,100,0.0007715225219726562
959,69,100,0.0007829666137695312
960,70,100,0.0007717609405517578
961,71,100,0.0007588863372802734
962,72,100,0.0007588863372802734
963,73,100,0.0007653236389160156
964,74,100,0.0007455348968505859
965,75,100,0.0007495880126953125
966,76,100,0.0007119178771972656
967,77,100,0.0007059574127197266
968,78,100,0.0006659030914306641
969,79,100,0.0007016658782958984
970,80,100,0.0006859302520751953
971,81,100,0.0006847381591796875
972,82,100,0.0006911754608154297
973,83,100,0.0006816387176513672
974,84,100,0.0006728172302246094
975,85,100,0.0006597042083740234
976,86,100,0.0006728172302246094
977,87,100,0.0006597042083740234
978,88,100,0.0006477832794189453
979,89,100,0.0005919933319091797
980,90,100,0.0006110668182373047
981,91,100,0.0006229877471923828
982,92,100,0.0006151199340820312
983,93,100,0.00063323974609375
984,94,100,0.0006055831909179688
985,95,100,0.0005750656127929688
986,96,100,0.0005855560302734375
987,97,100,0.0005724430084228516
988,98,100,0.0005598068237304688
989,99,100,0.0005638599395751953
990,1,110,0.011579513549804688
991,2,110,0.009015083312988281
992,3,110,0.006726741790771484
993,4,110,0.0052032470703125
994,5,110,0.004670858383178711
995,6,110,0.004275321960449219
996,7,110,0.0037882328033447266
997,8,110,0.0035753250122070312
998,9,110,0.0030851364135742188
999,10,110,0.002870798110961914
1000,11,110,0.002651691436767578
1001,12,110,0.002585887908935547
1002,13,110,0.002451181411743164
1003,14,110,0.002319812774658203
1004,15,110,0.0022742748260498047
1005,16,110,0.0020940303802490234
1006,17,110,0.0019996166229248047
1007,18,110,0.0019989013671875
1008,19,110,0.0018885135650634766
1009,20,110,0.0018496513366699219
1010,21,110,0.0018193721771240234
1011,22,110,0.0017554759979248047
1012,23,110,0.0016620159149169922
1013,24,110,0.0016372203826904297
1014,25,110,0.0016107559204101562
1015,26,110,0.0015614032745361328
1016,27,110,0.0015501976013183594
1017,28,110,0.0014989376068115234
1018,29,110,0.0014567375183105469
1019,30,110,0.0014107227325439453
1020,31,110,0.0013689994812011719
1021,32,110,0.0013821125030517578
1022,33,110,0.001360177993774414
1023,34,110,0.0013146400451660156
1024,35,110,0.0012598037719726562
1025,36,110,0.0012371540069580078
1026,37,110,0.0012469291687011719
1027,38,110,0.0011401176452636719
1028,39,110,0.0012226104736328125
1029,40,110,0.0011949539184570312
1030,41,110,0.0011622905731201172
1031,42,110,0.0011148452758789062
1032,43,110,0.0010876655578613281
1033,44,110,0.0011088848114013672
1034,45,110,0.0011012554168701172
1035,46,110,0.001096963882446289
1036,47,110,0.0010807514190673828
1037,48,110,0.0010883808135986328
1038,49,110,0.0010418891906738281
1039,50,110,0.0010631084442138672
1040,51,110,0.0010361671447753906
1041,52,110,0.0010569095611572266
1042,53,110,0.0010368824005126953
1043,54,110,0.0010492801666259766
1044,55,110,0.0010266304016113281
1045,56,110,0.0009944438934326172
1046,57,110,0.0010333061218261719
1047,58,110,0.0009884834289550781
1048,59,110,0.0009605884552001953
1049,60,110,0.0009629726409912109
1050,61,110,0.0009520053863525391
1051,62,110,0.0009310245513916016
1052,63,110,0.0009410381317138672
1053,64,110,0.0009241104125976562
1054,65,110,0.0009129047393798828
1055,66,110,0.0009281635284423828
1056,67,110,0.0008790493011474609
1057,68,110,0.0009102821350097656
1058,69,110,0.0008890628814697266
1059,70,110,0.0008859634399414062
1060,71,110,0.0008747577667236328
1061,72,110,0.0008742809295654297
1062,73,110,0.0008790493011474609
1063,74,110,0.0008869171142578125
1064,75,110,0.0009083747863769531
1065,76,110,0.0008912086486816406
1066,77,110,0.0008995532989501953
1067,78,110,0.00087738037109375
1068,79,110,0.0008444786071777344
1069,80,110,0.0008792877197265625
1070,81,110,0.0008780956268310547
1071,82,110,0.0008604526519775391
1072,83,110,0.0008261203765869141
1073,84,110,0.0008137226104736328
1074,85,110,0.0007863044738769531
1075,86,110,0.000762939453125
1076,87,110,0.0007913112640380859
1077,88,110,0.0007772445678710938
1078,89,110,0.0007791519165039062
1079,90,110,0.0007715225219726562
1080,91,110,0.0007505416870117188
1081,92,110,0.0007390975952148438
1082,93,110,0.0007493495941162109
1083,94,110,0.0007348060607910156
1084,95,110,0.0007412433624267578
1085,96,110,0.0007219314575195312
1086,97,110,0.0007152557373046875
1087,98,110,0.0006563663482666016
1088,99,110,0.0006725788116455078
1089,1,120,0.013773441314697266
1090,2,120,0.01069784164428711
1091,3,120,0.008031845092773438
1092,4,120,0.0062351226806640625
1093,5,120,0.0056111812591552734
1094,6,120,0.005024909973144531
1095,7,120,0.004547119140625
1096,8,120,0.004219532012939453
1097,9,120,0.0037615299224853516
1098,10,120,0.0033507347106933594
1099,11,120,0.0031151771545410156
1100,12,120,0.003034353256225586
1101,13,120,0.0029144287109375
1102,14,120,0.002740144729614258
1103,15,120,0.002620697021484375
1104,16,120,0.0024542808532714844
1105,17,120,0.002378225326538086
1106,18,120,0.002348184585571289
1107,19,120,0.0022957324981689453
1108,20,120,0.0022385120391845703
1109,21,120,0.0020890235900878906
1110,22,120,0.001971721649169922
1111,23,120,0.0020062923431396484
1112,24,120,0.0019540786743164062
1113,25,120,0.001886606216430664
1114,26,120,0.0018444061279296875
1115,27,120,0.0017921924591064453
1116,28,120,0.0018033981323242188
1117,29,120,0.0017199516296386719
1118,30,120,0.00168609619140625
1119,31,120,0.0016336441040039062
1120,32,120,0.0016360282897949219
1121,33,120,0.0016129016876220703
1122,34,120,0.0014426708221435547
1123,35,120,0.0015420913696289062
1124,36,120,0.0015256404876708984
1125,37,120,0.0014500617980957031
1126,38,120,0.0014595985412597656
1127,39,120,0.0014278888702392578
1128,40,120,0.0014121532440185547
1129,41,120,0.0014090538024902344
1130,42,120,0.0013685226440429688
1131,43,120,0.0013737678527832031
1132,44,120,0.0013072490692138672
1133,45,120,0.001283884048461914
1134,46,120,0.0012698173522949219
1135,47,120,0.001239776611328125
1136,48,120,0.001237630844116211
1137,49,120,0.0012335777282714844
1138,50,120,0.0012216567993164062
1139,51,120,0.0012309551239013672
1140,52,120,0.0012378692626953125
1141,53,120,0.0012233257293701172
1142,54,120,0.001180410385131836
1143,55,120,0.0012247562408447266
1144,56,120,0.0011816024780273438
1145,57,120,0.0011916160583496094
1146,58,120,0.0011937618255615234
1147,59,120,0.0011916160583496094
1148,60,120,0.0011539459228515625
1149,61,120,0.0011298656463623047
1150,62,120,0.0010995864868164062
1151,63,120,0.0011043548583984375
1152,64,120,0.001087188720703125
1153,65,120,0.0010960102081298828
1154,66,120,0.0010695457458496094
1155,67,120,0.0010797977447509766
1156,68,120,0.001008749008178711
1157,69,120,0.0010733604431152344
1158,70,120,0.0010218620300292969
1159,71,120,0.0010335445404052734
1160,72,120,0.0010526180267333984
1161,73,120,0.0010349750518798828
1162,74,120,0.0010306835174560547
1163,75,120,0.000993967056274414
1164,76,120,0.00101470947265625
1165,77,120,0.0010097026824951172
1166,78,120,0.0010073184967041016
1167,79,120,0.0009946823120117188
1168,80,120,0.0010268688201904297
1169,81,120,0.000982522964477539
1170,82,120,0.00102996826171875
1171,83,120,0.0009968280792236328
1172,84,120,0.0010073184967041016
1173,85,120,0.000988006591796875
1174,86,120,0.0009658336639404297
1175,87,120,0.0009765625
1176,88,120,0.0009710788726806641
1177,89,120,0.0009505748748779297
1178,90,120,0.0009281635284423828
1179,91,120,0.0009136199951171875
1180,92,120,0.0008919239044189453
1181,93,120,0.0008738040924072266
1182,94,120,0.0008463859558105469
1183,95,120,0.0008685588836669922
1184,96,120,0.0008549690246582031
1185,97,120,0.0008444786071777344
1186,98,120,0.0008363723754882812
1187,99,120,0.0008275508880615234
1188,1,130,0.016267061233520508
1189,2,130,0.012542009353637695
1190,3,130,0.009423971176147461
1191,4,130,0.007258415222167969
1192,5,130,0.006562948226928711
1193,6,130,0.005973339080810547
1194,7,130,0.005389690399169922
1195,8,130,0.004973173141479492
1196,9,130,0.004372596740722656
1197,10,130,0.0039615631103515625
1198,11,130,0.0037190914154052734
1199,12,130,0.0035347938537597656
1200,13,130,0.003345966339111328
1201,14,130,0.0032777786254882812
1202,15,130,0.003025054931640625
1203,16,130,0.00286865234375
1204,17,130,0.0027391910552978516
1205,18,130,0.0027437210083007812
1206,19,130,0.0026514530181884766
1207,20,130,0.002611398696899414
1208,21,130,0.0025637149810791016
1209,22,130,0.0024487972259521484
1210,23,130,0.0023021697998046875
1211,24,130,0.0022439956665039062
1212,25,130,0.0021970272064208984
1213,26,130,0.002182483673095703
1214,27,130,0.0020799636840820312
1215,28,130,0.002117633819580078
1216,29,130,0.002032041549682617
1217,30,130,0.001972198486328125
1218,31,130,0.001922607421875
1219,32,130,0.001871347427368164
1220,33,130,0.0018596649169921875
1221,34,130,0.001813650131225586
1222,35,130,0.0017817020416259766
1223,36,130,0.0017673969268798828
1224,37,130,0.0016949176788330078
1225,38,130,0.001680612564086914
1226,39,130,0.0017156600952148438
1227,40,130,0.0016450881958007812
1228,41,130,0.0016336441040039062
1229,42,130,0.0015864372253417969
1230,43,130,0.0015575885772705078
1231,44,130,0.0015909671783447266
1232,45,130,0.0014476776123046875
1233,46,130,0.0016276836395263672
1234,47,130,0.0015339851379394531
1235,48,130,0.0014634132385253906
1236,49,130,0.0014355182647705078
1237,50,130,0.0014295578002929688
1238,51,130,0.001375436782836914
1239,52,130,0.0013971328735351562
1240,53,130,0.001383066177368164
1241,54,130,0.0013742446899414062
1242,55,130,0.0013773441314697266
1243,56,130,0.0013778209686279297
1244,57,130,0.0013933181762695312
1245,58,130,0.0013272762298583984
1246,59,130,0.0013608932495117188
1247,60,130,0.0013179779052734375
1248,61,130,0.0013318061828613281
1249,62,130,0.0013301372528076172
1250,63,130,0.0013360977172851562
1251,64,130,0.0013463497161865234
1252,65,130,0.0013115406036376953
1253,66,130,0.0012898445129394531
1254,67,130,0.001268625259399414
1255,68,130,0.001222848892211914
1256,69,130,0.0012519359588623047
1257,70,130,0.0012314319610595703
1258,71,130,0.0012288093566894531
1259,72,130,0.0012199878692626953
1260,73,130,0.0012235641479492188
1261,74,130,0.0012085437774658203
1262,75,130,0.0011851787567138672
1263,76,130,0.0011355876922607422
1264,77,130,0.0011813640594482422
1265,78,130,0.001184701919555664
1266,79,130,0.0011782646179199219
1267,80,130,0.0011320114135742188
1268,81,130,0.0010726451873779297
1269,82,130,0.0011129379272460938
1270,83,130,0.0011241436004638672
1271,84,130,0.001116037368774414
1272,85,130,0.0011096000671386719
1273,86,130,0.0010950565338134766
1274,87,130,0.0011141300201416016
1275,88,130,0.0010979175567626953
1276,89,130,0.0011301040649414062
1277,90,130,0.0011157989501953125
1278,91,130,0.0011165142059326172
1279,92,130,0.001074075698852539
1280,93,130,0.0010488033294677734
1281,94,130,0.0010623931884765625
1282,95,130,0.0010602474212646484
1283,96,130,0.001043081283569336
1284,97,130,0.0010323524475097656
1285,98,130,0.001007080078125
1286,99,130,0.0009887218475341797
1287,1,140,0.018796920776367188
1288,2,140,0.014514923095703125
1289,3,140,0.010940313339233398
1290,4,140,0.008433341979980469
1291,5,140,0.00766444206237793
1292,6,140,0.006864786148071289
1293,7,140,0.0062007904052734375
1294,8,140,0.0057010650634765625
1295,9,140,0.0051364898681640625
1296,10,140,0.00459742546081543
1297,11,140,0.004256486892700195
1298,12,140,0.004177093505859375
1299,13,140,0.0038728713989257812
1300,14,140,0.003748178482055664
1301,15,140,0.003607034683227539
1302,16,140,0.003395557403564453
1303,17,140,0.003271818161010742
1304,18,140,0.00313568115234375
1305,19,140,0.0030252933502197266
1306,20,140,0.0029821395874023438
1307,21,140,0.0029327869415283203
1308,22,140,0.0027933120727539062
1309,23,140,0.0027065277099609375
1310,24,140,0.002579212188720703
1311,25,140,0.002569913864135742
1312,26,140,0.00247955322265625
1313,27,140,0.002459287643432617
1314,28,140,0.002384662628173828
1315,29,140,0.002264738082885742
1316,30,140,0.002256631851196289
1317,31,140,0.0022089481353759766
1318,32,140,0.002182483673095703
1319,33,140,0.002171039581298828
1320,34,140,0.00212860107421875
1321,35,140,0.002106189727783203
1322,36,140,0.0020296573638916016
1323,37,140,0.002001047134399414
1324,38,140,0.0019130706787109375
1325,39,140,0.0019369125366210938
1326,40,140,0.0018663406372070312
1327,41,140,0.0018949508666992188
1328,42,140,0.0018341541290283203
1329,43,140,0.001834869384765625
1330,44,140,0.001783609390258789
1331,45,140,0.0017631053924560547
1332,46,140,0.001712799072265625
1333,47,140,0.0017495155334472656
1334,48,140,0.0016980171203613281
1335,49,140,0.0017135143280029297
1336,50,140,0.0016939640045166016
1337,51,140,0.0017278194427490234
1338,52,140,0.0016350746154785156
1339,53,140,0.0016188621520996094
1340,54,140,0.001560211181640625
1341,55,140,0.0015761852264404297
1342,56,140,0.0015568733215332031
1343,57,140,0.001516580581665039
1344,58,140,0.0015637874603271484
1345,59,140,0.0015401840209960938
1346,60,140,0.0015642642974853516
1347,61,140,0.0015256404876708984
1348,62,140,0.0015320777893066406
1349,63,140,0.0015001296997070312
1350,64,140,0.0015153884887695312
1351,65,140,0.0015125274658203125
1352,66,140,0.0014796257019042969
1353,67,140,0.0015017986297607422
1354,68,140,0.0014584064483642578
1355,69,140,0.001466512680053711
1356,70,140,0.001447439193725586
1357,71,140,0.0014503002166748047
1358,72,140,0.0013937950134277344
1359,73,140,0.0013682842254638672
1360,74,140,0.0014019012451171875
1361,75,140,0.0013823509216308594
1362,76,140,0.0013794898986816406
1363,77,140,0.001338958740234375
1364,78,140,0.0013835430145263672
1365,79,140,0.0013513565063476562
1366,80,140,0.0013284683227539062
1367,81,140,0.0013179779052734375
1368,82,140,0.001277923583984375
1369,83,140,0.0012791156768798828
1370,84,140,0.0012967586517333984
1371,85,140,0.0012900829315185547
1372,86,140,0.0012731552124023438
1373,87,140,0.0012288093566894531
1374,88,140,0.0012085437774658203
1375,89,140,0.001237630844116211
1376,90,140,0.001203775405883789
1377,91,140,0.0011963844299316406
1378,92,140,0.001171112060546875
1379,93,140,0.0012013912200927734
1380,94,140,0.0012023448944091797
1381,95,140,0.0012085437774658203
1382,96,140,0.0012040138244628906
1383,97,140,0.0012106895446777344
1384,98,140,0.0011835098266601562
1385,99,140,0.0011615753173828125
1386,1,150,0.02161264419555664
1387,2,150,0.01671147346496582
1388,3,150,0.012375593185424805
1389,4,150,0.009745121002197266
1390,5,150,0.008727550506591797
1391,6,150,0.007889509201049805
1392,7,150,0.007097721099853516
1393,8,150,0.006577253341674805
1394,9,150,0.0057621002197265625
1395,10,150,0.005258083343505859
1396,11,150,0.004907131195068359
1397,12,150,0.004647970199584961
1398,13,150,0.004397392272949219
1399,14,150,0.004286050796508789
1400,15,150,0.0041234493255615234
1401,16,150,0.0038568973541259766
1402,17,150,0.003741741180419922
1403,18,150,0.0036003589630126953
1404,19,150,0.0034575462341308594
1405,20,150,0.00345611572265625
1406,21,150,0.0033495426177978516
1407,22,150,0.003236532211303711
1408,23,150,0.003058910369873047
1409,24,150,0.003007173538208008
1410,25,150,0.002947568893432617
1411,26,150,0.0027294158935546875
1412,27,150,0.0027823448181152344
1413,28,150,0.002739429473876953
1414,29,150,0.0026242733001708984
1415,30,150,0.002580404281616211
1416,31,150,0.0025687217712402344
1417,32,150,0.002547025680541992
1418,33,150,0.00247955322265625
1419,34,150,0.002483844757080078
1420,35,150,0.0023889541625976562
1421,36,150,0.002185344696044922
1422,37,150,0.0022857189178466797
1423,38,150,0.002269744873046875
1424,39,150,0.002103090286254883
1425,40,150,0.002218961715698242
1426,41,150,0.002179384231567383
1427,42,150,0.002101421356201172
1428,43,150,0.0020799636840820312
1429,44,150,0.0020990371704101562
1430,45,150,0.002045154571533203
1431,46,150,0.0020363330841064453
1432,47,150,0.0019583702087402344
1433,48,150,0.0019440650939941406
1434,49,150,0.0019292831420898438
1435,50,150,0.0019736289978027344
1436,51,150,0.0019295215606689453
1437,52,150,0.0017278194427490234
1438,53,150,0.001837015151977539
1439,54,150,0.0018346309661865234
1440,55,150,0.0018305778503417969
1441,56,150,0.001806497573852539
1442,57,150,0.0017385482788085938
1443,58,150,0.0017077922821044922
1444,59,150,0.0017557144165039062
1445,60,150,0.0017178058624267578
1446,61,150,0.001664876937866211
1447,62,150,0.0017392635345458984
1448,63,150,0.0017268657684326172
1449,64,150,0.0017087459564208984
1450,65,150,0.0016832351684570312
1451,66,150,0.001676797866821289
1452,67,150,0.0016422271728515625
1453,68,150,0.0016820430755615234
1454,69,150,0.0016739368438720703
1455,70,150,0.0016412734985351562
1456,71,150,0.001676321029663086
1457,72,150,0.0016150474548339844
1458,73,150,0.0016124248504638672
1459,74,150,0.0016446113586425781
1460,75,150,0.0016260147094726562
1461,76,150,0.0015838146209716797
1462,77,150,0.0015494823455810547
1463,78,150,0.0016260147094726562
1464,79,150,0.0015108585357666016
1465,80,150,0.0015115737915039062
1466,81,150,0.0015213489532470703
1467,82,150,0.0015079975128173828
1468,83,150,0.0014979839324951172
1469,84,150,0.0014886856079101562
1470,85,150,0.001416921615600586
1471,86,150,0.0014595985412597656
1472,87,150,0.0014483928680419922
1473,88,150,0.0013968944549560547
1474,89,150,0.001398324966430664
1475,90,150,0.0013852119445800781
1476,91,150,0.0013806819915771484
1477,92,150,0.001386404037475586
1478,93,150,0.0013659000396728516
1479,94,150,0.0013380050659179688
1480,95,150,0.001332998275756836
1481,96,150,0.0013074874877929688
1482,97,150,0.0012896060943603516
1483,98,150,0.0012912750244140625
1484,99,150,0.0012924671173095703
1485,1,160,0.02444767951965332
1486,2,160,0.018948078155517578
1487,3,160,0.01422429084777832
1488,4,160,0.011099576950073242
1489,5,160,0.009871959686279297
1490,6,160,0.009035587310791016
1491,7,160,0.00809621810913086
1492,8,160,0.007460117340087891
1493,9,160,0.006600141525268555
1494,10,160,0.005922555923461914
1495,11,160,0.005608797073364258
1496,12,160,0.005321979522705078
1497,13,160,0.005077362060546875
1498,14,160,0.00500178337097168
1499,15,160,0.004658937454223633
1500,16,160,0.004431009292602539
1501,17,160,0.004225015640258789
1502,18,160,0.004137277603149414
1503,19,160,0.0040225982666015625
1504,20,160,0.0038340091705322266
1505,21,160,0.003823995590209961
1506,22,160,0.0036454200744628906
1507,23,160,0.003543853759765625
1508,24,160,0.003448009490966797
1509,25,160,0.003274202346801758
1510,26,160,0.0033042430877685547
1511,27,160,0.0031371116638183594
1512,28,160,0.0030493736267089844
1513,29,160,0.003013134002685547
1514,30,160,0.0029158592224121094
1515,31,160,0.0028901100158691406
1516,32,160,0.00283050537109375
1517,33,160,0.0028078556060791016
1518,34,160,0.0027468204498291016
1519,35,160,0.002680063247680664
1520,36,160,0.002621173858642578
1521,37,160,0.0025649070739746094
1522,38,160,0.002577066421508789
1523,39,160,0.0025320053100585938
1524,40,160,0.0025191307067871094
1525,41,160,0.0024297237396240234
1526,42,160,0.002386808395385742
1527,43,160,0.002382993698120117
1528,44,160,0.0023305416107177734
1529,45,160,0.0022950172424316406
1530,46,160,0.0022444725036621094
1531,47,160,0.002300262451171875
1532,48,160,0.002232789993286133
1533,49,160,0.002246379852294922
1534,50,160,0.002184152603149414
1535,51,160,0.0021216869354248047
1536,52,160,0.0021402835845947266
1537,53,160,0.0020797252655029297
1538,54,160,0.0020346641540527344
1539,55,160,0.0020971298217773438
1540,56,160,0.002048015594482422
1541,57,160,0.002068042755126953
1542,58,160,0.002052783966064453
1543,59,160,0.002000570297241211
1544,60,160,0.0019643306732177734
1545,61,160,0.001928567886352539
1546,62,160,0.0018818378448486328
1547,63,160,0.0019178390502929688
1548,64,160,0.0019047260284423828
1549,65,160,0.001890420913696289
1550,66,160,0.0018749237060546875
1551,67,160,0.0018897056579589844
1552,68,160,0.0018868446350097656
1553,69,160,0.0018901824951171875
1554,70,160,0.0018954277038574219
1555,71,160,0.0018568038940429688
1556,72,160,0.0018270015716552734
1557,73,160,0.0018155574798583984
1558,74,160,0.001783132553100586
1559,75,160,0.0018069744110107422
1560,76,160,0.0018084049224853516
1561,77,160,0.0017955303192138672
1562,78,160,0.0017859935760498047
1563,79,160,0.0017781257629394531
1564,80,160,0.0017364025115966797
1565,81,160,0.0017066001892089844
1566,82,160,0.0016927719116210938
1567,83,160,0.0016579627990722656
1568,84,160,0.001653432846069336
1569,85,160,0.0016684532165527344
1570,86,160,0.001645803451538086
1571,87,160,0.0016319751739501953
1572,88,160,0.001584768295288086
1573,89,160,0.0018126964569091797
1574,90,160,0.0015785694122314453
1575,91,160,0.0015482902526855469
1576,92,160,0.0015134811401367188
1577,93,160,0.0015442371368408203
1578,94,160,0.001478433609008789
1579,95,160,0.0014967918395996094
1580,96,160,0.0015227794647216797
1581,97,160,0.0015003681182861328
1582,98,160,0.001445770263671875
1583,99,160,0.0014233589172363281
1584,1,170,0.02759385108947754
1585,2,170,0.02155160903930664
1586,3,170,0.016139507293701172
1587,4,170,0.012662410736083984
1588,5,170,0.011364459991455078
1589,6,170,0.010235071182250977
1590,7,170,0.00916743278503418
1591,8,170,0.008672237396240234
1592,9,170,0.007704496383666992
1593,10,170,0.006898403167724609
1594,11,170,0.00653386116027832
1595,12,170,0.006323337554931641
1596,13,170,0.005928993225097656
1597,14,170,0.0056416988372802734
1598,15,170,0.005471467971801758
1599,16,170,0.005211591720581055
1600,17,170,0.0049669742584228516
1601,18,170,0.0047609806060791016
1602,19,170,0.004707813262939453
1603,20,170,0.004579782485961914
1604,21,170,0.004466533660888672
1605,22,170,0.004278898239135742
1606,23,170,0.004121303558349609
1607,24,170,0.00408935546875
1608,25,170,0.003908395767211914
1609,26,170,0.003851652145385742
1610,27,170,0.0038268566131591797
1611,28,170,0.0036246776580810547
1612,29,170,0.0035333633422851562
1613,30,170,0.003414630889892578
1614,31,170,0.003355741500854492
1615,32,170,0.0033316612243652344
1616,33,170,0.0032956600189208984
1617,34,170,0.003267049789428711
1618,35,170,0.003153562545776367
1619,36,170,0.0031185150146484375
1620,37,170,0.003093242645263672
1621,38,170,0.003088712692260742
1622,39,170,0.003014802932739258
1623,40,170,0.002928495407104492
1624,41,170,0.0028858184814453125
1625,42,170,0.002890348434448242
1626,43,170,0.0028562545776367188
1627,44,170,0.002773284912109375
1628,45,170,0.0027916431427001953
1629,46,170,0.002692699432373047
1630,47,170,0.0027005672454833984
1631,48,170,0.002649068832397461
1632,49,170,0.0026607513427734375
1633,50,170,0.0026590824127197266
1634,51,170,0.002612590789794922
1635,52,170,0.002597332000732422
1636,53,170,0.0025153160095214844
1637,54,170,0.0025243759155273438
1638,55,170,0.002499818801879883
1639,56,170,0.0024690628051757812
1640,57,170,0.0025060176849365234
1641,58,170,0.002451181411743164
1642,59,170,0.002224445343017578
1643,60,170,0.0024199485778808594
1644,61,170,0.0023949146270751953
1645,62,170,0.0023958683013916016
1646,63,170,0.0023665428161621094
1647,64,170,0.0023059844970703125
1648,65,170,0.002304553985595703
1649,66,170,0.002223968505859375
1650,67,170,0.002223968505859375
1651,68,170,0.0022614002227783203
1652,69,170,0.0022649765014648438
1653,70,170,0.0022373199462890625
1654,71,170,0.002227306365966797
1655,72,170,0.0022161006927490234
1656,73,170,0.002202749252319336
1657,74,170,0.002241373062133789
1658,75,170,0.002191781997680664
1659,76,170,0.002113819122314453
1660,77,170,0.0021271705627441406
1661,78,170,0.002171039581298828
1662,79,170,0.0021533966064453125
1663,80,170,0.0021071434020996094
1664,81,170,0.002131938934326172
1665,82,170,0.002076864242553711
1666,83,170,0.0020966529846191406
1667,84,170,0.002071380615234375
1668,85,170,0.002045154571533203
1669,86,170,0.002042055130004883
1670,87,170,0.002007722854614258
1671,88,170,0.001943349838256836
1672,89,170,0.001936197280883789
1673,90,170,0.0019578933715820312
1674,91,170,0.0019023418426513672
1675,92,170,0.0019040107727050781
1676,93,170,0.0019092559814453125
1677,94,170,0.0018775463104248047
1678,95,170,0.0018568038940429688
1679,96,170,0.0018460750579833984
1680,97,170,0.0018150806427001953
1681,98,170,0.001813650131225586
1682,99,170,0.0017898082733154297
1683,1,180,0.031019210815429688
1684,2,180,0.024167776107788086
1685,3,180,0.018060922622680664
1686,4,180,0.014055252075195312
1687,5,180,0.01277303695678711
1688,6,180,0.011562585830688477
1689,7,180,0.010322332382202148
1690,8,180,0.009679794311523438
1691,9,180,0.008559703826904297
1692,10,180,0.00777435302734375
1693,11,180,0.0072062015533447266
1694,12,180,0.006963253021240234
1695,13,180,0.006596565246582031
1696,14,180,0.006392240524291992
1697,15,180,0.006066799163818359
1698,16,180,0.0057506561279296875
1699,17,180,0.005467653274536133
1700,18,180,0.00539088249206543
1701,19,180,0.005274057388305664
1702,20,180,0.0051877498626708984
1703,21,180,0.004969596862792969
1704,22,180,0.004792213439941406
1705,23,180,0.004565715789794922
1706,24,180,0.004544496536254883
1707,25,180,0.004450559616088867
1708,26,180,0.0042994022369384766
1709,27,180,0.004204511642456055
1710,28,180,0.004056453704833984
1711,29,180,0.003958702087402344
1712,30,180,0.003923892974853516
1713,31,180,0.003756284713745117
1714,32,180,0.0037605762481689453
1715,33,180,0.003624439239501953
1716,34,180,0.0036182403564453125
1717,35,180,0.0034542083740234375
1718,36,180,0.0035178661346435547
1719,37,180,0.003446817398071289
1720,38,180,0.0034627914428710938
1721,39,180,0.003360271453857422
1722,40,180,0.003343820571899414
1723,41,180,0.003300905227661133
1724,42,180,0.0032227039337158203
1725,43,180,0.0031783580780029297
1726,44,180,0.0031528472900390625
1727,45,180,0.0031490325927734375
1728,46,180,0.003064393997192383
1729,47,180,0.002947092056274414
1730,48,180,0.002947092056274414
1731,49,180,0.002969026565551758
1732,50,180,0.0029561519622802734
1733,51,180,0.002872467041015625
1734,52,180,0.002939939498901367
1735,53,180,0.002863168716430664
1736,54,180,0.0028743743896484375
1737,55,180,0.0028259754180908203
1738,56,180,0.0027761459350585938
1739,57,180,0.0027332305908203125
1740,58,180,0.002721071243286133
1741,59,180,0.0027027130126953125
1742,60,180,0.002702951431274414
1743,61,180,0.0026764869689941406
1744,62,180,0.0026607513427734375
1745,63,180,0.0026237964630126953
1746,64,180,0.002663135528564453
1747,65,180,0.0026373863220214844
1748,66,180,0.002564668655395508
1749,67,180,0.0025815963745117188
1750,68,180,0.002504110336303711
1751,69,180,0.002488374710083008
1752,70,180,0.002376556396484375
1753,71,180,0.0024843215942382812
1754,72,180,0.0024394989013671875
1755,73,180,0.0024597644805908203
1756,74,180,0.0023992061614990234
1757,75,180,0.0023581981658935547
1758,76,180,0.0024003982543945312
1759,77,180,0.002417325973510742
1760,78,180,0.0024259090423583984
1761,79,180,0.00238800048828125
1762,80,180,0.0023522377014160156
1763,81,180,0.0022993087768554688
1764,82,180,0.002281665802001953
1765,83,180,0.002315044403076172
1766,84,180,0.002312898635864258
1767,85,180,0.002292633056640625
1768,86,180,0.002280712127685547
1769,87,180,0.0022678375244140625
1770,88,180,0.0022039413452148438
1771,89,180,0.0022478103637695312
1772,90,180,0.0022106170654296875
1773,91,180,0.0021724700927734375
1774,92,180,0.00213623046875
1775,93,180,0.0021228790283203125
1776,94,180,0.0020656585693359375
1777,95,180,0.0020792484283447266
1778,96,180,0.0020422935485839844
1779,97,180,0.0020151138305664062
1780,98,180,0.002015352249145508
1781,99,180,0.002028226852416992
1782,1,190,0.03471660614013672
1783,2,190,0.026925086975097656
1784,3,190,0.02022838592529297
1785,4,190,0.015619993209838867
1786,5,190,0.014147043228149414
1787,6,190,0.012847661972045898
1788,7,190,0.01153254508972168
1789,8,190,0.010791540145874023
1790,9,190,0.00952768325805664
1791,10,190,0.008596181869506836
1792,11,190,0.008032560348510742
1793,12,190,0.0077059268951416016
1794,13,190,0.007430076599121094
1795,14,190,0.007105112075805664
1796,15,190,0.006774425506591797
1797,16,190,0.006370067596435547
1798,17,190,0.006066560745239258
1799,18,190,0.0059413909912109375
1800,19,190,0.0058023929595947266
1801,20,190,0.005705595016479492
1802,21,190,0.0055828094482421875
1803,22,190,0.005229949951171875
1804,23,190,0.005182504653930664
1805,24,190,0.004991769790649414
1806,25,190,0.004903316497802734
1807,26,190,0.004833698272705078
1808,27,190,0.004646778106689453
1809,28,190,0.004575490951538086
1810,29,190,0.004461050033569336
1811,30,190,0.004337787628173828
1812,31,190,0.00425410270690918
1813,32,190,0.0041828155517578125
1814,33,190,0.004024028778076172
1815,34,190,0.0040280818939208984
1816,35,190,0.003854513168334961
1817,36,190,0.003838062286376953
1818,37,190,0.0037772655487060547
1819,38,190,0.003780841827392578
1820,39,190,0.0037474632263183594
1821,40,190,0.0036907196044921875
1822,41,190,0.0036711692810058594
1823,42,190,0.0035321712493896484
1824,43,190,0.003556489944458008
1825,44,190,0.003505229949951172
1826,45,190,0.003444194793701172
1827,46,190,0.0034110546112060547
1828,47,190,0.0034093856811523438
1829,48,190,0.003275632858276367
1830,49,190,0.003258943557739258
1831,50,190,0.003241300582885742
1832,51,190,0.0031926631927490234
1833,52,190,0.003233671188354492
1834,53,190,0.003142118453979492
1835,54,190,0.0029366016387939453
1836,55,190,0.003126859664916992
1837,56,190,0.003110647201538086
1838,57,190,0.0030913352966308594
1839,58,190,0.0030663013458251953
1840,59,190,0.0030121803283691406
1841,60,190,0.002960205078125
1842,61,190,0.0029273033142089844
1843,62,190,0.0029621124267578125
1844,63,190,0.0028715133666992188
1845,64,190,0.002933025360107422
1846,65,190,0.0029201507568359375
1847,66,190,0.0026674270629882812
1848,67,190,0.002828359603881836
1849,68,190,0.0028870105743408203
1850,69,190,0.002840280532836914
1851,70,190,0.0027799606323242188
1852,71,190,0.002791881561279297
1853,72,190,0.0027060508728027344
1854,73,190,0.0026700496673583984
1855,74,190,0.002561807632446289
1856,75,190,0.0026869773864746094
1857,76,190,0.0026471614837646484
1858,77,190,0.002665281295776367
1859,78,190,0.0026748180389404297
1860,79,190,0.0026063919067382812
1861,80,190,0.002638578414916992
1862,81,190,0.002586841583251953
1863,82,190,0.002588510513305664
1864,83,190,0.0026197433471679688
1865,84,190,0.0025713443756103516
1866,85,190,0.0024678707122802734
1867,86,190,0.002494335174560547
1868,87,190,0.0024940967559814453
1869,88,190,0.0024254322052001953
1870,89,190,0.0024433135986328125
1871,90,190,0.00243377685546875
1872,91,190,0.0024254322052001953
1873,92,190,0.0024127960205078125
1874,93,190,0.0023758411407470703
1875,94,190,0.002369403839111328
1876,95,190,0.002277851104736328
1877,96,190,0.002308368682861328
1878,97,190,0.0022690296173095703
1879,98,190,0.002209186553955078
1880,99,190,0.0022945404052734375
1881,1,200,0.038313865661621094
1882,2,200,0.029856204986572266
1883,3,200,0.022361278533935547
1884,4,200,0.01735711097717285
1885,5,200,0.015586137771606445
1886,6,200,0.014291048049926758
1887,7,200,0.012737274169921875
1888,8,200,0.011859416961669922
1889,9,200,0.010644674301147461
1890,10,200,0.009652137756347656
1891,11,200,0.008965253829956055
1892,12,200,0.008572816848754883
1893,13,200,0.00817728042602539
1894,14,200,0.007833242416381836
1895,15,200,0.0075190067291259766
1896,16,200,0.007047414779663086
1897,17,200,0.006830692291259766
1898,18,200,0.006667613983154297
1899,19,200,0.006422758102416992
1900,20,200,0.006315946578979492
1901,21,200,0.0062181949615478516
1902,22,200,0.005998849868774414
1903,23,200,0.005673885345458984
1904,24,200,0.005609273910522461
1905,25,200,0.005263805389404297
1906,26,200,0.0051991939544677734
1907,27,200,0.005185127258300781
1908,28,200,0.0050258636474609375
1909,29,200,0.0049321651458740234
1910,30,200,0.004815816879272461
1911,31,200,0.00470423698425293
1912,32,200,0.004617214202880859
1913,33,200,0.004634380340576172
1914,34,200,0.004444599151611328
1915,35,200,0.004270076751708984
1916,36,200,0.004296302795410156
1917,37,200,0.0042073726654052734
1918,38,200,0.004155635833740234
1919,39,200,0.004038810729980469
1920,40,200,0.004082918167114258
1921,41,200,0.003983974456787109
1922,42,200,0.003940105438232422
1923,43,200,0.0038940906524658203
1924,44,200,0.0038497447967529297
1925,45,200,0.0038576126098632812
1926,46,200,0.0037691593170166016
1927,47,200,0.003734588623046875
1928,48,200,0.0036199092864990234
1929,49,200,0.0036628246307373047
1930,50,200,0.003634929656982422
1931,51,200,0.003568887710571289
1932,52,200,0.0034058094024658203
1933,53,200,0.003520488739013672
1934,54,200,0.00347137451171875
1935,55,200,0.0034470558166503906
1936,56,200,0.003369569778442383
1937,57,200,0.0033066272735595703
1938,58,200,0.0033903121948242188
1939,59,200,0.0033540725708007812
1940,60,200,0.0033545494079589844
1941,61,200,0.0032415390014648438
1942,62,200,0.0032095909118652344
1943,63,200,0.0032052993774414062
1944,64,200,0.0031964778900146484
1945,65,200,0.0031549930572509766
1946,66,200,0.003159046173095703
1947,67,200,0.003108978271484375
1948,68,200,0.0031735897064208984
1949,69,200,0.0030946731567382812
1950,70,200,0.0030972957611083984
1951,71,200,0.003090381622314453
1952,72,200,0.0030858516693115234
1953,73,200,0.0030651092529296875
1954,74,200,0.0030393600463867188
1955,75,200,0.0029070377349853516
1956,76,200,0.0029573440551757812
1957,77,200,0.0028867721557617188
1958,78,200,0.0027353763580322266
1959,79,200,0.002866983413696289
1960,80,200,0.002851724624633789
1961,81,200,0.0028738975524902344
1962,82,200,0.002820730209350586
1963,83,200,0.0027854442596435547
1964,84,200,0.002832174301147461
1965,85,200,0.0027773380279541016
1966,86,200,0.0027740001678466797
1967,87,200,0.0027570724487304688
1968,88,200,0.0027213096618652344
1969,89,200,0.0026922225952148438
1970,90,200,0.0026400089263916016
1971,91,200,0.0026459693908691406
1972,92,200,0.0026504993438720703
1973,93,200,0.002619504928588867
1974,94,200,0.0026094913482666016
1975,95,200,0.002590656280517578
1976,96,200,0.0025606155395507812
1977,97,200,0.0025305747985839844
1978,98,200,0.0025031566619873047
1979,99,200,0.0025174617767333984
1980,1,210,0.042352914810180664
1981,2,210,0.03285503387451172
1982,3,210,0.024483919143676758
1983,4,210,0.019115924835205078
1984,5,210,0.017204999923706055
1985,6,210,0.01576852798461914
1986,7,210,0.014048099517822266
1987,8,210,0.0131378173828125
1988,9,210,0.011574983596801758
1989,10,210,0.010603666305541992
1990,11,210,0.009715080261230469
1991,12,210,0.00940084457397461
1992,13,210,0.00884103775024414
1993,14,210,0.008697032928466797
1994,15,210,0.00829315185546875
1995,16,210,0.007706403732299805
1996,17,210,0.007495403289794922
1997,18,210,0.007354021072387695
1998,19,210,0.007122039794921875
1999,20,210,0.006967782974243164
2000,21,210,0.006730318069458008
2001,22,210,0.006537914276123047
2002,23,210,0.006308794021606445
2003,24,210,0.00609278678894043
2004,25,210,0.00600433349609375
2005,26,210,0.0058062076568603516
2006,27,210,0.0056760311126708984
2007,28,210,0.005538463592529297
2008,29,210,0.005453586578369141
2009,30,210,0.0052814483642578125
2010,31,210,0.005232572555541992
2011,32,210,0.005170583724975586
2012,33,210,0.0050466060638427734
2013,34,210,0.004970073699951172
2014,35,210,0.004868268966674805
2015,36,210,0.004682302474975586
2016,37,210,0.00458836555480957
2017,38,210,0.004582881927490234
2018,39,210,0.00446629524230957
2019,40,210,0.004532814025878906
2020,41,210,0.0042989253997802734
2021,42,210,0.004344940185546875
2022,43,210,0.004311561584472656
2023,44,210,0.004224061965942383
2024,45,210,0.0041887760162353516
2025,46,210,0.004135608673095703
2026,47,210,0.0041468143463134766
2027,48,210,0.00410771369934082
2028,49,210,0.004000425338745117
2029,50,210,0.003972530364990234
2030,51,210,0.00396418571472168
2031,52,210,0.003885507583618164
2032,53,210,0.0038192272186279297
2033,54,210,0.003797769546508789
2034,55,210,0.0037856101989746094
2035,56,210,0.0037903785705566406
2036,57,210,0.0036966800689697266
2037,58,210,0.0037107467651367188
2038,59,210,0.0036475658416748047
2039,60,210,0.003573179244995117
2040,61,210,0.0036101341247558594
2041,62,210,0.0036296844482421875
2042,63,210,0.0036058425903320312
2043,64,210,0.003550291061401367
2044,65,210,0.0034956932067871094
2045,66,210,0.0034439563751220703
2046,67,210,0.0033626556396484375
2047,68,210,0.003419637680053711
2048,69,210,0.0033979415893554688
2049,70,210,0.003444194793701172
2050,71,210,0.003392934799194336
2051,72,210,0.0033669471740722656
2052,73,210,0.003161191940307617
2053,74,210,0.003308534622192383
2054,75,210,0.0033371448516845703
2055,76,210,0.0033888816833496094
2056,77,210,0.0032186508178710938
2057,78,210,0.003229379653930664
2058,79,210,0.003192424774169922
2059,80,210,0.003154754638671875
2060,81,210,0.003068208694458008
2061,82,210,0.0028603076934814453
2062,83,210,0.003063201904296875
2063,84,210,0.0030517578125
2064,85,210,0.003055572509765625
2065,86,210,0.0030355453491210938
2066,87,210,0.003027677536010742
2067,88,210,0.002944469451904297
2068,89,210,0.0030035972595214844
2069,90,210,0.0029904842376708984
2070,91,210,0.002938508987426758
2071,92,210,0.002943277359008789
2072,93,210,0.002870321273803711
2073,94,210,0.0028090476989746094
2074,95,210,0.0028395652770996094
2075,96,210,0.002796173095703125
2076,97,210,0.002772808074951172
2077,98,210,0.0027306079864501953
2078,99,210,0.002743244171142578
2079,1,220,0.04610419273376465
2080,2,220,0.03596687316894531
2081,3,220,0.026890277862548828
2082,4,220,0.020823001861572266
2083,5,220,0.018906116485595703
2084,6,220,0.017267227172851562
2085,7,220,0.015320062637329102
2086,8,220,0.01425623893737793
2087,9,220,0.012799739837646484
2088,10,220,0.011473655700683594
2089,11,220,0.010734081268310547
2090,12,220,0.010320663452148438
2091,13,220,0.00980997085571289
2092,14,220,0.00956583023071289
2093,15,220,0.00905299186706543
2094,16,220,0.008470535278320312
2095,17,220,0.008167505264282227
2096,18,220,0.007998943328857422
2097,19,220,0.0078012943267822266
2098,20,220,0.007477521896362305
2099,21,220,0.007492542266845703
2100,22,220,0.007143974304199219
2101,23,220,0.006934404373168945
2102,24,220,0.006674289703369141
2103,25,220,0.006505489349365234
2104,26,220,0.006371259689331055
2105,27,220,0.006270170211791992
2106,28,220,0.006049394607543945
2107,29,220,0.0058863162994384766
2108,30,220,0.005782365798950195
2109,31,220,0.005753517150878906
2110,32,220,0.005527973175048828
2111,33,220,0.005543708801269531
2112,34,220,0.005415439605712891
2113,35,220,0.0053653717041015625
2114,36,220,0.005163908004760742
2115,37,220,0.005124330520629883
2116,38,220,0.004908084869384766
2117,39,220,0.004946231842041016
2118,40,220,0.004812717437744141
2119,41,220,0.004819393157958984
2120,42,220,0.004736185073852539
2121,43,220,0.004375457763671875
2122,44,220,0.0046236515045166016
2123,45,220,0.00458073616027832
2124,46,220,0.004508018493652344
2125,47,220,0.004517078399658203
2126,48,220,0.004289150238037109
2127,49,220,0.0043756961822509766
2128,50,220,0.004332780838012695
2129,51,220,0.004328489303588867
2130,52,220,0.004277467727661133
2131,53,220,0.004136562347412109
2132,54,220,0.004212141036987305
2133,55,220,0.004170417785644531
2134,56,220,0.004109382629394531
2135,57,220,0.004044055938720703
2136,58,220,0.0040395259857177734
2137,59,220,0.00400233268737793
2138,60,220,0.0039556026458740234
2139,61,220,0.003953695297241211
2140,62,220,0.003911256790161133
2141,63,220,0.003817319869995117
2142,64,220,0.0038700103759765625
2143,65,220,0.0038805007934570312
2144,66,220,0.0038909912109375
2145,67,220,0.0038073062896728516
2146,68,220,0.0037758350372314453
2147,69,220,0.0037076473236083984
2148,70,220,0.003719806671142578
2149,71,220,0.0036509037017822266
2150,72,220,0.003632068634033203
2151,73,220,0.0036187171936035156
2152,74,220,0.0036783218383789062
2153,75,220,0.0036559104919433594
2154,76,220,0.003597736358642578
2155,77,220,0.0035588741302490234
2156,78,220,0.003551959991455078
2157,79,220,0.003576993942260742
2158,80,220,0.0034263134002685547
2159,81,220,0.003414154052734375
2160,82,220,0.003453493118286133
2161,83,220,0.0034041404724121094
2162,84,220,0.003331899642944336
2163,85,220,0.003249645233154297
2164,86,220,0.002898693084716797
2165,87,220,0.003263711929321289
2166,88,220,0.0032377243041992188
2167,89,220,0.0032470226287841797
2168,90,220,0.0032041072845458984
2169,91,220,0.003186464309692383
2170,92,220,0.0031409263610839844
2171,93,220,0.003135204315185547
2172,94,220,0.0031058788299560547
2173,95,220,0.003092527389526367
2174,96,220,0.003042936325073242
2175,97,220,0.003004789352416992
2176,98,220,0.0029730796813964844
2177,99,220,0.0029163360595703125
2178,1,230,0.05048966407775879
2179,2,230,0.03912091255187988
2180,3,230,0.02917790412902832
2181,4,230,0.02273416519165039
2182,5,230,0.020539045333862305
2183,6,230,0.018769502639770508
2184,7,230,0.016790390014648438
2185,8,230,0.015683412551879883
2186,9,230,0.01392054557800293
2187,10,230,0.012571334838867188
2188,11,230,0.011770009994506836
2189,12,230,0.011187314987182617
2190,13,230,0.010795354843139648
2191,14,230,0.010400533676147461
2192,15,230,0.009853601455688477
2193,16,230,0.009250402450561523
2194,17,230,0.008966684341430664
2195,18,230,0.008618354797363281
2196,19,230,0.008478403091430664
2197,20,230,0.008287429809570312
2198,21,230,0.008146524429321289
2199,22,230,0.007826805114746094
2200,23,230,0.0075931549072265625
2201,24,230,0.007316112518310547
2202,25,230,0.0072307586669921875
2203,26,230,0.006984233856201172
2204,27,230,0.0067861080169677734
2205,28,230,0.006682634353637695
2206,29,230,0.006410121917724609
2207,30,230,0.00614619255065918
2208,31,230,0.00619816780090332
2209,32,230,0.0061795711517333984
2210,33,230,0.0059239864349365234
2211,34,230,0.005936861038208008
2212,35,230,0.005771160125732422
2213,36,230,0.0054988861083984375
2214,37,230,0.00562739372253418
2215,38,230,0.0055582523345947266
2216,39,230,0.005472421646118164
2217,40,230,0.005295276641845703
2218,41,230,0.005181312561035156
2219,42,230,0.0051004886627197266
2220,43,230,0.005107402801513672
2221,44,230,0.0051229000091552734
2222,45,230,0.004875898361206055
2223,46,230,0.004966020584106445
2224,47,230,0.0049097537994384766
2225,48,230,0.004716157913208008
2226,49,230,0.004796504974365234
2227,50,230,0.0047490596771240234
2228,51,230,0.004683256149291992
2229,52,230,0.004708766937255859
2230,53,230,0.0046422481536865234
2231,54,230,0.00458216667175293
2232,55,230,0.004568338394165039
2233,56,230,0.0045282840728759766
2234,57,230,0.0044558048248291016
2235,58,230,0.004402637481689453
2236,59,230,0.004380941390991211
2237,60,230,0.004148960113525391
2238,61,230,0.004312276840209961
2239,62,230,0.004331350326538086
2240,63,230,0.004296541213989258
2241,64,230,0.0042612552642822266
2242,65,230,0.0041806697845458984
2243,66,230,0.0041027069091796875
2244,67,230,0.0041408538818359375
2245,68,230,0.004121541976928711
2246,69,230,0.004133462905883789
2247,70,230,0.004082441329956055
2248,71,230,0.004049062728881836
2249,72,230,0.003931522369384766
2250,73,230,0.003913402557373047
2251,74,230,0.0038824081420898438
2252,75,230,0.0038983821868896484
2253,76,230,0.003906726837158203
2254,77,230,0.003943681716918945
2255,78,230,0.003877401351928711
2256,79,230,0.0037987232208251953
2257,80,230,0.003569364547729492
2258,81,230,0.003816843032836914
2259,82,230,0.0037734508514404297
2260,83,230,0.0036706924438476562
2261,84,230,0.003706216812133789
2262,85,230,0.0036382675170898438
2263,86,230,0.0036077499389648438
2264,87,230,0.003543376922607422
2265,88,230,0.0034646987915039062
2266,89,230,0.0033898353576660156
2267,90,230,0.0032258033752441406
2268,91,230,0.003424406051635742
2269,92,230,0.0034127235412597656
2270,93,230,0.0033998489379882812
2271,94,230,0.0033168792724609375
2272,95,230,0.0033414363861083984
2273,96,230,0.0032224655151367188
2274,97,230,0.0033202171325683594
2275,98,230,0.003232240676879883
2276,99,230,0.003219127655029297
2277,1,240,0.05468916893005371
2278,2,240,0.04253864288330078
2279,3,240,0.03193783760070801
2280,4,240,0.02478170394897461
2281,5,240,0.022334575653076172
2282,6,240,0.020466089248657227
2283,7,240,0.018304824829101562
2284,8,240,0.0170900821685791
2285,9,240,0.015218734741210938
2286,10,240,0.01384592056274414
2287,11,240,0.012802362442016602
2288,12,240,0.012346506118774414
2289,13,240,0.01168203353881836
2290,14,240,0.011202335357666016
2291,15,240,0.010617256164550781
2292,16,240,0.010180950164794922
2293,17,240,0.00981760025024414
2294,18,240,0.009515523910522461
2295,19,240,0.009229183197021484
2296,20,240,0.008984804153442383
2297,21,240,0.008850812911987305
2298,22,240,0.008442878723144531
2299,23,240,0.008269309997558594
2300,24,240,0.008065938949584961
2301,25,240,0.00777888298034668
2302,26,240,0.007600307464599609
2303,27,240,0.007477998733520508
2304,28,240,0.007207155227661133
2305,29,240,0.007115840911865234
2306,30,240,0.0067539215087890625
2307,31,240,0.006703376770019531
2308,32,240,0.006654500961303711
2309,33,240,0.006549835205078125
2310,34,240,0.006433963775634766
2311,35,240,0.006288766860961914
2312,36,240,0.006125926971435547
2313,37,240,0.0060846805572509766
2314,38,240,0.006020069122314453
2315,39,240,0.005899906158447266
2316,40,240,0.005840301513671875
2317,41,240,0.005719184875488281
2318,42,240,0.005489349365234375
2319,43,240,0.0055637359619140625
2320,44,240,0.005478858947753906
2321,45,240,0.0054607391357421875
2322,46,240,0.005422115325927734
2323,47,240,0.005185365676879883
2324,48,240,0.0052564144134521484
2325,49,240,0.005221843719482422
2326,50,240,0.005033731460571289
2327,51,240,0.0051975250244140625
2328,52,240,0.005059957504272461
2329,53,240,0.004965305328369141
2330,54,240,0.004977226257324219
2331,55,240,0.004950046539306641
2332,56,240,0.0049440860748291016
2333,57,240,0.004845619201660156
2334,58,240,0.004793405532836914
2335,59,240,0.004849672317504883
2336,60,240,0.004730939865112305
2337,61,240,0.004621267318725586
2338,62,240,0.0046002864837646484
2339,63,240,0.00458526611328125
2340,64,240,0.004603147506713867
2341,65,240,0.004530906677246094
2342,66,240,0.004514932632446289
2343,67,240,0.004472255706787109
2344,68,240,0.004425525665283203
2345,69,240,0.004433155059814453
2346,70,240,0.00447392463684082
2347,71,240,0.004415750503540039
2348,72,240,0.004332065582275391
2349,73,240,0.004327535629272461
2350,74,240,0.004330158233642578
2351,75,240,0.0042116641998291016
2352,76,240,0.004262447357177734
2353,77,240,0.004177570343017578
2354,78,240,0.0041658878326416016
2355,79,240,0.00399017333984375
2356,80,240,0.004172801971435547
2357,81,240,0.004108905792236328
2358,82,240,0.00407099723815918
2359,83,240,0.004002809524536133
2360,84,240,0.003985166549682617
2361,85,240,0.003892660140991211
2362,86,240,0.003980159759521484
2363,87,240,0.0039517879486083984
2364,88,240,0.0038688182830810547
2365,89,240,0.0038471221923828125
2366,90,240,0.0038132667541503906
2367,91,240,0.003638029098510742
2368,92,240,0.003660917282104492
2369,93,240,0.0035676956176757812
2370,94,240,0.003435373306274414
2371,95,240,0.0035674571990966797
2372,96,240,0.0035533905029296875
2373,97,240,0.003532886505126953
2374,98,240,0.003439664840698242
2375,99,240,0.0034668445587158203
2376,1,250,0.059488534927368164
2377,2,250,0.04622387886047363
2378,3,250,0.03478097915649414
2379,4,250,0.02695012092590332
2380,5,250,0.024301528930664062
2381,6,250,0.022133827209472656
2382,7,250,0.01981973648071289
2383,8,250,0.01844930648803711
2384,9,250,0.016538619995117188
2385,10,250,0.014908790588378906
2386,11,250,0.013927698135375977
2387,12,250,0.013386011123657227
2388,13,250,0.012671709060668945
2389,14,250,0.012181520462036133
2390,15,250,0.011567354202270508
2391,16,250,0.01108407974243164
2392,17,250,0.010431289672851562
2393,18,250,0.01031494140625
2394,19,250,0.010082483291625977
2395,20,250,0.009820222854614258
2396,21,250,0.009560585021972656
2397,22,250,0.00932002067565918
2398,23,250,0.008675336837768555
2399,24,250,0.00869607925415039
2400,25,250,0.008530139923095703
2401,26,250,0.00836324691772461
2402,27,250,0.008088827133178711
2403,28,250,0.007918357849121094
2404,29,250,0.007524013519287109
2405,30,250,0.007532596588134766
2406,31,250,0.0073549747467041016
2407,32,250,0.007150888442993164
2408,33,250,0.0071184635162353516
2409,34,250,0.00684356689453125
2410,35,250,0.006804227828979492
2411,36,250,0.00665593147277832
2412,37,250,0.0066187381744384766
2413,38,250,0.006489276885986328
2414,39,250,0.0063571929931640625
2415,40,250,0.006403446197509766
2416,41,250,0.006256103515625
2417,42,250,0.006094932556152344
2418,43,250,0.006018638610839844
2419,44,250,0.005856990814208984
2420,45,250,0.005908489227294922
2421,46,250,0.005584239959716797
2422,47,250,0.005820751190185547
2423,48,250,0.0057451725006103516
2424,49,250,0.005533933639526367
2425,50,250,0.005602359771728516
2426,51,250,0.005572795867919922
2427,52,250,0.0054168701171875
2428,53,250,0.00549006462097168
2429,54,250,0.00542449951171875
2430,55,250,0.0053293704986572266
2431,56,250,0.0053365230560302734
2432,57,250,0.00532841682434082
2433,58,250,0.005220651626586914
2434,59,250,0.005188703536987305
2435,60,250,0.005095243453979492
2436,61,250,0.005066394805908203
2437,62,250,0.0050618648529052734
2438,63,250,0.005006313323974609
2439,64,250,0.004954338073730469
2440,65,250,0.00484919548034668
2441,66,250,0.004947185516357422
2442,67,250,0.004870891571044922
2443,68,250,0.004679203033447266
2444,69,250,0.0048372745513916016
2445,70,250,0.004797697067260742
2446,71,250,0.0046710968017578125
2447,72,250,0.004732370376586914
2448,73,250,0.00471949577331543
2449,74,250,0.004731416702270508
2450,75,250,0.004669666290283203
2451,76,250,0.004668235778808594
2452,77,250,0.0046062469482421875
2453,78,250,0.004482746124267578
2454,79,250,0.0044858455657958984
2455,80,250,0.004422187805175781
2456,81,250,0.004424095153808594
2457,82,250,0.004378795623779297
2458,83,250,0.004341840744018555
2459,84,250,0.004356861114501953
2460,85,250,0.0043811798095703125
2461,86,250,0.004319667816162109
2462,87,250,0.00402379035949707
2463,88,250,0.004132509231567383
2464,89,250,0.0042378902435302734
2465,90,250,0.0042018890380859375
2466,91,250,0.004148244857788086
2467,92,250,0.003957509994506836
2468,93,250,0.004025459289550781
2469,94,250,0.003947019577026367
2470,95,250,0.003907918930053711
2471,96,250,0.0038504600524902344
2472,97,250,0.0037631988525390625
2473,98,250,0.0036575794219970703
2474,99,250,0.003729104995727539
2475,1,260,0.06429553031921387
2476,2,260,0.05018758773803711
2477,3,260,0.03750014305114746
2478,4,260,0.029020071029663086
2479,5,260,0.02611565589904785
2480,6,260,0.02410578727722168
2481,7,260,0.02138662338256836
2482,8,260,0.019968509674072266
2483,9,260,0.017688512802124023
2484,10,260,0.01604461669921875
2485,11,260,0.014948368072509766
2486,12,260,0.01437520980834961
2487,13,260,0.013692617416381836
2488,14,260,0.013249397277832031
2489,15,260,0.01258397102355957
2490,16,260,0.011892080307006836
2491,17,260,0.011397838592529297
2492,18,260,0.011165380477905273
2493,19,260,0.010869264602661133
2494,20,260,0.01058340072631836
2495,21,260,0.010381460189819336
2496,22,260,0.0098724365234375
2497,23,260,0.009693384170532227
2498,24,260,0.009289741516113281
2499,25,260,0.00927114486694336
2500,26,260,0.009011507034301758
2501,27,260,0.008823394775390625
2502,28,260,0.008574724197387695
2503,29,260,0.008323907852172852
2504,30,260,0.008087635040283203
2505,31,260,0.007993459701538086
2506,32,260,0.0078125
2507,33,260,0.00766301155090332
2508,34,260,0.007454633712768555
2509,35,260,0.007332801818847656
2510,36,260,0.007147789001464844
2511,37,260,0.007071018218994141
2512,38,260,0.007044553756713867
2513,39,260,0.006982326507568359
2514,40,260,0.006791114807128906
2515,41,260,0.006752967834472656
2516,42,260,0.0066339969635009766
2517,43,260,0.0065920352935791016
2518,44,260,0.006417751312255859
2519,45,260,0.006271839141845703
2520,46,260,0.006272554397583008
2521,47,260,0.006242036819458008
2522,48,260,0.006063222885131836
2523,49,260,0.006086826324462891
2524,50,260,0.006026744842529297
2525,51,260,0.005856752395629883
2526,52,260,0.005959510803222656
2527,53,260,0.0058629512786865234
2528,54,260,0.005769014358520508
2529,55,260,0.005852460861206055
2530,56,260,0.005716085433959961
2531,57,260,0.005670785903930664
2532,58,260,0.0056307315826416016
2533,59,260,0.005672454833984375
2534,60,260,0.0055696964263916016
2535,61,260,0.005480766296386719
2536,62,260,0.005464792251586914
2537,63,260,0.005440950393676758
2538,64,260,0.005406618118286133
2539,65,260,0.005373954772949219
2540,66,260,0.005269765853881836
2541,67,260,0.005269765853881836
2542,68,260,0.005112171173095703
2543,69,260,0.0051991939544677734
2544,70,260,0.005169868469238281
2545,71,260,0.005083560943603516
2546,72,260,0.005113363265991211
2547,73,260,0.005042314529418945
2548,74,260,0.004766225814819336
2549,75,260,0.005025148391723633
2550,76,260,0.005017518997192383
2551,77,260,0.0050199031829833984
2552,78,260,0.00500798225402832
2553,79,260,0.00489354133605957
2554,80,260,0.0048711299896240234
2555,81,260,0.004748344421386719
2556,82,260,0.004739046096801758
2557,83,260,0.004669666290283203
2558,84,260,0.004641294479370117
2559,85,260,0.004631757736206055
2560,86,260,0.004632711410522461
2561,87,260,0.0046422481536865234
2562,88,260,0.0045621395111083984
2563,89,260,0.004544734954833984
2564,90,260,0.004437685012817383
2565,91,260,0.0043909549713134766
2566,92,260,0.0043947696685791016
2567,93,260,0.004312992095947266
2568,94,260,0.004342317581176758
2569,95,260,0.0043375492095947266
2570,96,260,0.0042002201080322266
2571,97,260,0.004247903823852539
2572,98,260,0.004103660583496094
2573,99,260,0.004056215286254883
2574,1,270,0.06921052932739258
2575,2,270,0.05381894111633301
2576,3,270,0.04028487205505371
2577,4,270,0.03146839141845703
2578,5,270,0.028229713439941406
2579,6,270,0.0257570743560791
2580,7,270,0.02299809455871582
2581,8,270,0.02156543731689453
2582,9,270,0.01913762092590332
2583,10,270,0.017282724380493164
2584,11,270,0.016011953353881836
2585,12,270,0.015680313110351562
2586,13,270,0.014575004577636719
2587,14,270,0.014245748519897461
2588,15,270,0.013666152954101562
2589,16,270,0.01283717155456543
2590,17,270,0.012289762496948242
2591,18,270,0.01204061508178711
2592,19,270,0.011718273162841797
2593,20,270,0.011412382125854492
2594,21,270,0.011180400848388672
2595,22,270,0.010722160339355469
2596,23,270,0.010365724563598633
2597,24,270,0.010160207748413086
2598,25,270,0.009755849838256836
2599,26,270,0.00969839096069336
2600,27,270,0.009504318237304688
2601,28,270,0.009261846542358398
2602,29,270,0.008886575698852539
2603,30,270,0.008781671524047852
2604,31,270,0.008647441864013672
2605,32,270,0.008437633514404297
2606,33,270,0.00829935073852539
2607,34,270,0.008103609085083008
2608,35,270,0.007866382598876953
2609,36,270,0.007767915725708008
2610,37,270,0.007689237594604492
2611,38,270,0.00763249397277832
2612,39,270,0.007382631301879883
2613,40,270,0.00739598274230957
2614,41,270,0.007266044616699219
2615,42,270,0.007122993469238281
2616,43,270,0.00713038444519043
2617,44,270,0.006928682327270508
2618,45,270,0.0069255828857421875
2619,46,270,0.006778717041015625
2620,47,270,0.006689786911010742
2621,48,270,0.006470918655395508
2622,49,270,0.006483554840087891
2623,50,270,0.0064544677734375
2624,51,270,0.00643610954284668
2625,52,270,0.006379127502441406
2626,53,270,0.006241321563720703
2627,54,270,0.006262540817260742
2628,55,270,0.006203889846801758
2629,56,270,0.006163835525512695
2630,57,270,0.0061681270599365234
2631,58,270,0.006140470504760742
2632,59,270,0.00597381591796875
2633,60,270,0.005888700485229492
2634,61,270,0.00597834587097168
2635,62,270,0.0059049129486083984
2636,63,270,0.005864620208740234
2637,64,270,0.005812644958496094
2638,65,270,0.0054857730865478516
2639,66,270,0.005724191665649414
2640,67,270,0.005651235580444336
2641,68,270,0.005640983581542969
2642,69,270,0.005562782287597656
2643,70,270,0.005559206008911133
2644,71,270,0.005515336990356445
2645,72,270,0.005486249923706055
2646,73,270,0.005471944808959961
2647,74,270,0.005473613739013672
2648,75,270,0.005427837371826172
2649,76,270,0.005330801010131836
2650,77,270,0.005231618881225586
2651,78,270,0.005297660827636719
2652,79,270,0.005314826965332031
2653,80,270,0.005213737487792969
2654,81,270,0.005244731903076172
2655,82,270,0.005176544189453125
2656,83,270,0.005070924758911133
2657,84,270,0.005025625228881836
2658,85,270,0.004969358444213867
2659,86,270,0.00494384765625
2660,87,270,0.0049016475677490234
2661,88,270,0.004889249801635742
2662,89,270,0.004700422286987305
2663,90,270,0.00482177734375
2664,91,270,0.004784345626831055
2665,92,270,0.004734516143798828
2666,93,270,0.004653453826904297
2667,94,270,0.004400730133056641
2668,95,270,0.004637479782104492
2669,96,270,0.004552602767944336
2670,97,270,0.004615306854248047
2671,98,270,0.004510402679443359
2672,99,270,0.004430055618286133
2673,1,280,0.0743567943572998
2674,2,280,0.05788159370422363
2675,3,280,0.043158531188964844
2676,4,280,0.03383040428161621
2677,5,280,0.03029799461364746
2678,6,280,0.02772378921508789
2679,7,280,0.024862289428710938
2680,8,280,0.02317643165588379
2681,9,280,0.020527362823486328
2682,10,280,0.018602848052978516
2683,11,280,0.01731276512145996
2684,12,280,0.01655411720275879
2685,13,280,0.015836238861083984
2686,14,280,0.015382766723632812
2687,15,280,0.014651775360107422
2688,16,280,0.013860225677490234
2689,17,280,0.013084888458251953
2690,18,280,0.012940406799316406
2691,19,280,0.012628793716430664
2692,20,280,0.012383222579956055
2693,21,280,0.01200103759765625
2694,22,280,0.011616230010986328
2695,23,280,0.01105046272277832
2696,24,280,0.010900497436523438
2697,25,280,0.010539770126342773
2698,26,280,0.010329961776733398
2699,27,280,0.010267972946166992
2700,28,280,0.009919881820678711
2701,29,280,0.00965738296508789
2702,30,280,0.00935673713684082
2703,31,280,0.009246587753295898
2704,32,280,0.009018659591674805
2705,33,280,0.008893013000488281
2706,34,280,0.008786678314208984
2707,35,280,0.008411407470703125
2708,36,280,0.008285999298095703
2709,37,280,0.008261919021606445
2710,38,280,0.008096694946289062
2711,39,280,0.008121728897094727
2712,40,280,0.007919073104858398
2713,41,280,0.007850170135498047
2714,42,280,0.007678508758544922
2715,43,280,0.007614850997924805
2716,44,280,0.00746607780456543
2717,45,280,0.007428646087646484
2718,46,280,0.007364749908447266
2719,47,280,0.007189512252807617
2720,48,280,0.007043600082397461
2721,49,280,0.006918668746948242
2722,50,280,0.006902456283569336
2723,51,280,0.006900787353515625
2724,52,280,0.006864070892333984
2725,53,280,0.006749391555786133
2726,54,280,0.00669097900390625
2727,55,280,0.006539821624755859
2728,56,280,0.006577014923095703
2729,57,280,0.006552219390869141
2730,58,280,0.006501913070678711
2731,59,280,0.00640106201171875
2732,60,280,0.006484508514404297
2733,61,280,0.0063626766204833984
2734,62,280,0.006329774856567383
2735,63,280,0.00627589225769043
2736,64,280,0.006296873092651367
2737,65,280,0.006263256072998047
2738,66,280,0.006157398223876953
2739,67,280,0.006104946136474609
2740,68,280,0.00606226921081543
2741,69,280,0.005997180938720703
2742,70,280,0.005985736846923828
2743,71,280,0.00597691535949707
2744,72,280,0.005904674530029297
2745,73,280,0.00562739372253418
2746,74,280,0.0058498382568359375
2747,75,280,0.005805015563964844
2748,76,280,0.00570988655090332
2749,77,280,0.005766868591308594
2750,78,280,0.005654335021972656
2751,79,280,0.0056035518646240234
2752,80,280,0.005458354949951172
2753,81,280,0.005616664886474609
2754,82,280,0.005552530288696289
2755,83,280,0.005544424057006836
2756,84,280,0.005498647689819336
2757,85,280,0.005442619323730469
2758,86,280,0.005357980728149414
2759,87,280,0.0052776336669921875
2760,88,280,0.005176544189453125
2761,89,280,0.0051670074462890625
2762,90,280,0.0051381587982177734
2763,91,280,0.0051190853118896484
2764,92,280,0.005015850067138672
2765,93,280,0.004973888397216797
2766,94,280,0.005063056945800781
2767,95,280,0.004971504211425781
2768,96,280,0.004903078079223633
2769,97,280,0.0048062801361083984
2770,98,280,0.004728078842163086
2771,99,280,0.00476527214050293
2772,1,290,0.07965207099914551
2773,2,290,0.06209278106689453
2774,3,290,0.046295881271362305
2775,4,290,0.03622293472290039
2776,5,290,0.0325009822845459
2777,6,290,0.029740333557128906
2778,7,290,0.02650141716003418
2779,8,290,0.024895906448364258
2780,9,290,0.022160053253173828
2781,10,290,0.019958019256591797
2782,11,290,0.018536806106567383
2783,12,290,0.0179293155670166
2784,13,290,0.01707005500793457
2785,14,290,0.01643514633178711
2786,15,290,0.015664339065551758
2787,16,290,0.014884471893310547
2788,17,290,0.01413273811340332
2789,18,290,0.013797760009765625
2790,19,290,0.013451099395751953
2791,20,290,0.013172626495361328
2792,21,290,0.01280069351196289
2793,22,290,0.012441396713256836
2794,23,290,0.011903762817382812
2795,24,290,0.011617183685302734
2796,25,290,0.01143646240234375
2797,26,290,0.011101961135864258
2798,27,290,0.01083827018737793
2799,28,290,0.01069331169128418
2800,29,290,0.010297060012817383
2801,30,290,0.010056495666503906
2802,31,290,0.00987553596496582
2803,32,290,0.009775400161743164
2804,33,290,0.009572982788085938
2805,34,290,0.0093231201171875
2806,35,290,0.009204387664794922
2807,36,290,0.008894681930541992
2808,37,290,0.008797168731689453
2809,38,290,0.008797407150268555
2810,39,290,0.008543968200683594
2811,40,290,0.008505582809448242
2812,41,290,0.008416414260864258
2813,42,290,0.008266925811767578
2814,43,290,0.008188247680664062
2815,44,290,0.008078336715698242
2816,45,290,0.007974624633789062
2817,46,290,0.007872343063354492
2818,47,290,0.007834911346435547
2819,48,290,0.00767827033996582
2820,49,290,0.0075490474700927734
2821,50,290,0.007435798645019531
2822,51,290,0.007292032241821289
2823,52,290,0.0073583126068115234
2824,53,290,0.007201194763183594
2825,54,290,0.007216691970825195
2826,55,290,0.007091999053955078
2827,56,290,0.007063865661621094
2828,57,290,0.006903886795043945
2829,58,290,0.006941795349121094
2830,59,290,0.006957530975341797
2831,60,290,0.006810665130615234
2832,61,290,0.006794452667236328
2833,62,290,0.006822109222412109
2834,63,290,0.00670623779296875
2835,64,290,0.00667881965637207
2836,65,290,0.006619930267333984
2837,66,290,0.00658106803894043
2838,67,290,0.006548404693603516
2839,68,290,0.006494760513305664
2840,69,290,0.0064830780029296875
2841,70,290,0.006415128707885742
2842,71,290,0.006456613540649414
2843,72,290,0.006352901458740234
2844,73,290,0.006351947784423828
2845,74,290,0.006226778030395508
2846,75,290,0.00613713264465332
2847,76,290,0.00609135627746582
2848,77,290,0.006120920181274414
2849,78,290,0.006081581115722656
2850,79,290,0.005902290344238281
2851,80,290,0.005986690521240234
2852,81,290,0.005940437316894531
2853,82,290,0.005863666534423828
2854,83,290,0.005799531936645508
2855,84,290,0.0058689117431640625
2856,85,290,0.0058155059814453125
2857,86,290,0.005806446075439453
2858,87,290,0.005753040313720703
2859,88,290,0.005633115768432617
2860,89,290,0.005602836608886719
2861,90,290,0.005580425262451172
2862,91,290,0.0053746700286865234
2863,92,290,0.005393505096435547
2864,93,290,0.005323648452758789
2865,94,290,0.005269050598144531
2866,95,290,0.005257129669189453
2867,96,290,0.005254268646240234
2868,97,290,0.0052492618560791016
2869,98,290,0.005173683166503906
2870,99,290,0.005094766616821289
2871,1,300,0.08531570434570312
2872,2,300,0.06628704071044922
2873,3,300,0.04970192909240723
2874,4,300,0.03857755661010742
2875,5,300,0.03484797477722168
2876,6,300,0.031679391860961914
2877,7,300,0.02827143669128418
2878,8,300,0.026597023010253906
2879,9,300,0.023651123046875
2880,10,300,0.02129077911376953
2881,11,300,0.01980113983154297
2882,12,300,0.01920294761657715
2883,13,300,0.018146038055419922
2884,14,300,0.017618894577026367
2885,15,300,0.016778945922851562
2886,16,300,0.015958786010742188
2887,17,300,0.01516270637512207
2888,18,300,0.014679431915283203
2889,19,300,0.014491081237792969
2890,20,300,0.013993263244628906
2891,21,300,0.013675451278686523
2892,22,300,0.01323246955871582
2893,23,300,0.012822389602661133
2894,24,300,0.012420654296875
2895,25,300,0.01211237907409668
2896,26,300,0.011970996856689453
2897,27,300,0.011605978012084961
2898,28,300,0.01128697395324707
2899,29,300,0.011115074157714844
2900,30,300,0.010783672332763672
2901,31,300,0.010706901550292969
2902,32,300,0.010465621948242188
2903,33,300,0.010277509689331055
2904,34,300,0.010081291198730469
2905,35,300,0.009824275970458984
2906,36,300,0.009622812271118164
2907,37,300,0.009548664093017578
2908,38,300,0.009239435195922852
2909,39,300,0.009176015853881836
2910,40,300,0.008993387222290039
2911,41,300,0.008832216262817383
2912,42,300,0.00882577896118164
2913,43,300,0.008695125579833984
2914,44,300,0.00863337516784668
2915,45,300,0.008521318435668945
2916,46,300,0.008478879928588867
2917,47,300,0.008085966110229492
2918,48,300,0.008184432983398438
2919,49,300,0.008134603500366211
2920,50,300,0.008085966110229492
2921,51,300,0.007954597473144531
2922,52,300,0.007727861404418945
2923,53,300,0.007719755172729492
2924,54,300,0.007693290710449219
2925,55,300,0.007602691650390625
2926,56,300,0.007567405700683594
2927,57,300,0.007563352584838867
2928,58,300,0.007470846176147461
2929,59,300,0.007266998291015625
2930,60,300,0.007297992706298828
2931,61,300,0.00728917121887207
2932,62,300,0.007230997085571289
2933,63,300,0.007163047790527344
2934,64,300,0.0072214603424072266
2935,65,300,0.007171154022216797
2936,66,300,0.0070209503173828125
2937,67,300,0.006956815719604492
2938,68,300,0.006974697113037109
2939,69,300,0.006936311721801758
2940,70,300,0.006905078887939453
2941,71,300,0.006792306900024414
2942,72,300,0.006790637969970703
2943,73,300,0.006760358810424805
2944,74,300,0.0067119598388671875
2945,75,300,0.006591796875
2946,76,300,0.006585121154785156
2947,77,300,0.006548166275024414
2948,78,300,0.006414651870727539
2949,79,300,0.0064127445220947266
2950,80,300,0.006395101547241211
2951,81,300,0.0063555240631103516
2952,82,300,0.006310224533081055
2953,83,300,0.006264209747314453
2954,84,300,0.006232261657714844
2955,85,300,0.006130695343017578
2956,86,300,0.006013631820678711
2957,87,300,0.0060923099517822266
2958,88,300,0.006033420562744141
2959,89,300,0.006063222885131836
2960,90,300,0.006031990051269531
2961,91,300,0.005892038345336914
2962,92,300,0.0058557987213134766
2963,93,300,0.005755186080932617
2964,94,300,0.005551338195800781
2965,95,300,0.005644083023071289
2966,96,300,0.0055484771728515625
2967,97,300,0.005471229553222656
2968,98,300,0.005448818206787109
2969,99,300,0.005425691604614258
2970,1,310,0.09077978134155273
2971,2,310,0.07086324691772461
2972,3,310,0.05280780792236328
2973,4,310,0.04125022888183594
2974,5,310,0.03714323043823242
2975,6,310,0.03414773941040039
2976,7,310,0.030400514602661133
2977,8,310,0.02833080291748047
2978,9,310,0.025197505950927734
2979,10,310,0.02273869514465332
2980,11,310,0.02107071876525879
2981,12,310,0.02037358283996582
2982,13,310,0.01946258544921875
2983,14,310,0.018808841705322266
2984,15,310,0.018026113510131836
2985,16,310,0.017025470733642578
2986,17,310,0.016167640686035156
2987,18,310,0.015783071517944336
2988,19,310,0.015320301055908203
2989,20,310,0.01502537727355957
2990,21,310,0.014649629592895508
2991,22,310,0.014263629913330078
2992,23,310,0.01359701156616211
2993,24,310,0.013281583786010742
2994,25,310,0.013019800186157227
2995,26,310,0.012575387954711914
2996,27,310,0.012478351593017578
2997,28,310,0.01214909553527832
2998,29,310,0.011642694473266602
2999,30,310,0.011681318283081055
3000,31,310,0.01137089729309082
3001,32,310,0.011032819747924805
3002,33,310,0.010953664779663086
3003,34,310,0.010760784149169922
3004,35,310,0.010516643524169922
3005,36,310,0.010087013244628906
3006,37,310,0.01014256477355957
3007,38,310,0.00999760627746582
3008,39,310,0.009814977645874023
3009,40,310,0.009656429290771484
3010,41,310,0.009565353393554688
3011,42,310,0.009321451187133789
3012,43,310,0.00930166244506836
3013,44,310,0.00913691520690918
3014,45,310,0.009060859680175781
3015,46,310,0.00901031494140625
3016,47,310,0.008801460266113281
3017,48,310,0.008681774139404297
3018,49,310,0.00870656967163086
3019,50,310,0.008582830429077148
3020,51,310,0.008461713790893555
3021,52,310,0.008348226547241211
3022,53,310,0.008280038833618164
3023,54,310,0.008212089538574219
3024,55,310,0.008062124252319336
3025,56,310,0.007953405380249023
3026,57,310,0.007886886596679688
3027,58,310,0.008020401000976562
3028,59,310,0.007944822311401367
3029,60,310,0.007783412933349609
3030,61,310,0.007643938064575195
3031,62,310,0.0076999664306640625
3032,63,310,0.0076677799224853516
3033,64,310,0.0075876712799072266
3034,65,310,0.007504940032958984
3035,66,310,0.007570743560791016
3036,67,310,0.007497072219848633
3037,68,310,0.007467985153198242
3038,69,310,0.0073049068450927734
3039,70,310,0.007393360137939453
3040,71,310,0.007323503494262695
3041,72,310,0.007264137268066406
3042,73,310,0.0072078704833984375
3043,74,310,0.00717926025390625
3044,75,310,0.007071971893310547
3045,76,310,0.007100343704223633
3046,77,310,0.007059574127197266
3047,78,310,0.006972312927246094
3048,79,310,0.006896495819091797
3049,80,310,0.0068013668060302734
3050,81,310,0.006546974182128906
3051,82,310,0.006699085235595703
3052,83,310,0.0067102909088134766
3053,84,310,0.006630659103393555
3054,85,310,0.006615638732910156
3055,86,310,0.006531953811645508
3056,87,310,0.0065038204193115234
3057,88,310,0.006315469741821289
3058,89,310,0.0063059329986572266
3059,90,310,0.0063588619232177734
3060,91,310,0.006150007247924805
3061,92,310,0.006269931793212891
3062,93,310,0.006232023239135742
3063,94,310,0.006050825119018555
3064,95,310,0.006075143814086914
3065,96,310,0.005952119827270508
3066,97,310,0.0058782100677490234
3067,98,310,0.005811452865600586
3068,99,310,0.0057220458984375
3069,1,320,0.0968782901763916
3070,2,320,0.07529687881469727
3071,3,320,0.056531429290771484
3072,4,320,0.04393625259399414
3073,5,320,0.03957700729370117
3074,6,320,0.036054134368896484
3075,7,320,0.03233051300048828
3076,8,320,0.030257463455200195
3077,9,320,0.02688002586364746
3078,10,320,0.024183034896850586
3079,11,320,0.02240610122680664
3080,12,320,0.02175307273864746
3081,13,320,0.02061772346496582
3082,14,320,0.01996755599975586
3083,15,320,0.019047975540161133
3084,16,320,0.018051624298095703
3085,17,320,0.01721811294555664
3086,18,320,0.01674938201904297
3087,19,320,0.016335010528564453
3088,20,320,0.01596236228942871
3089,21,320,0.015630722045898438
3090,22,320,0.015102863311767578
3091,23,320,0.01461482048034668
3092,24,320,0.014191150665283203
3093,25,320,0.013786792755126953
3094,26,320,0.013547658920288086
3095,27,320,0.013195276260375977
3096,28,320,0.012979984283447266
3097,29,320,0.01248025894165039
3098,30,320,0.012160301208496094
3099,31,320,0.01213383674621582
3100,32,320,0.011935710906982422
3101,33,320,0.011687994003295898
3102,34,320,0.011411428451538086
3103,35,320,0.011195898056030273
3104,36,320,0.010977506637573242
3105,37,320,0.010827779769897461
3106,38,320,0.010636329650878906
3107,39,320,0.010587453842163086
3108,40,320,0.01032114028930664
3109,41,320,0.010087728500366211
3110,42,320,0.009946346282958984
3111,43,320,0.00989222526550293
3112,44,320,0.009778738021850586
3113,45,320,0.009686946868896484
3114,46,320,0.009553194046020508
3115,47,320,0.009446859359741211
3116,48,320,0.009294986724853516
3117,49,320,0.009250402450561523
3118,50,320,0.009098529815673828
3119,51,320,0.009068965911865234
3120,52,320,0.009054899215698242
3121,53,320,0.008939504623413086
3122,54,320,0.008743762969970703
3123,55,320,0.008631229400634766
3124,56,320,0.008584976196289062
3125,57,320,0.008497238159179688
3126,58,320,0.008470773696899414
3127,59,320,0.00814056396484375
3128,60,320,0.008334875106811523
3129,61,320,0.008307456970214844
3130,62,320,0.008154153823852539
3131,63,320,0.008023738861083984
3132,64,320,0.008118629455566406
3133,65,320,0.008080244064331055
3134,66,320,0.008020401000976562
3135,67,320,0.00786137580871582
3136,68,320,0.008018016815185547
3137,69,320,0.007828474044799805
3138,70,320,0.0078105926513671875
3139,71,320,0.007857084274291992
3140,72,320,0.007673978805541992
3141,73,320,0.007706165313720703
3142,74,320,0.007643461227416992
3143,75,320,0.007586002349853516
3144,76,320,0.007532358169555664
3145,77,320,0.0073359012603759766
3146,78,320,0.007391214370727539
3147,79,320,0.007376670837402344
3148,80,320,0.007241487503051758
3149,81,320,0.0072345733642578125
3150,82,320,0.007166385650634766
3151,83,320,0.007081270217895508
3152,84,320,0.00701594352722168
3153,85,320,0.0069849491119384766
3154,86,320,0.006983518600463867
3155,87,320,0.006850719451904297
3156,88,320,0.006880998611450195
3157,89,320,0.006801605224609375
3158,90,320,0.0067484378814697266
3159,91,320,0.006474733352661133
3160,92,320,0.006593942642211914
3161,93,320,0.006567478179931641
3162,94,320,0.006529569625854492
3163,95,320,0.006543397903442383
3164,96,320,0.0064356327056884766
3165,97,320,0.006258964538574219
3166,98,320,0.0062808990478515625
3167,99,320,0.006159543991088867
3168,1,330,0.10299253463745117
3169,2,330,0.08012866973876953
3170,3,330,0.059883832931518555
3171,4,330,0.0466763973236084
3172,5,330,0.0421605110168457
3173,6,330,0.03829813003540039
3174,7,330,0.03438067436218262
3175,8,330,0.03223371505737305
3176,9,330,0.02854466438293457
3177,10,330,0.025788307189941406
3178,11,330,0.02387404441833496
3179,12,330,0.023136138916015625
3180,13,330,0.021854400634765625
3181,14,330,0.02126622200012207
3182,15,330,0.020277976989746094
3183,16,330,0.019256591796875
3184,17,330,0.018256187438964844
3185,18,330,0.017791748046875
3186,19,330,0.01727771759033203
3187,20,330,0.017026662826538086
3188,21,330,0.016715049743652344
3189,22,330,0.01588606834411621
3190,23,330,0.015276432037353516
3191,24,330,0.015033483505249023
3192,25,330,0.014712095260620117
3193,26,330,0.014409542083740234
3194,27,330,0.014020204544067383
3195,28,330,0.013627052307128906
3196,29,330,0.01333475112915039
3197,30,330,0.012982368469238281
3198,31,330,0.012721061706542969
3199,32,330,0.012769222259521484
3200,33,330,0.01243734359741211
3201,34,330,0.012131214141845703
3202,35,330,0.01184988021850586
3203,36,330,0.011664152145385742
3204,37,330,0.01150965690612793
3205,38,330,0.011303186416625977
3206,39,330,0.0109405517578125
3207,40,330,0.011089086532592773
3208,41,330,0.010797500610351562
3209,42,330,0.010564088821411133
3210,43,330,0.01031804084777832
3211,44,330,0.010245323181152344
3212,45,330,0.010201692581176758
3213,46,330,0.010269880294799805
3214,47,330,0.00988459587097168
3215,48,330,0.009851694107055664
3216,49,330,0.00986623764038086
3217,50,330,0.009633302688598633
3218,51,330,0.00964665412902832
3219,52,330,0.009578943252563477
3220,53,330,0.009316444396972656
3221,54,330,0.009353876113891602
3222,55,330,0.00928354263305664
3223,56,330,0.009175539016723633
3224,57,330,0.009000301361083984
3225,58,330,0.008926630020141602
3226,59,330,0.008855581283569336
3227,60,330,0.008904218673706055
3228,61,330,0.008614301681518555
3229,62,330,0.008677482604980469
3230,63,330,0.008695840835571289
3231,64,330,0.008610963821411133
3232,65,330,0.008421659469604492
3233,66,330,0.008514404296875
3234,67,330,0.00842905044555664
3235,68,330,0.008331537246704102
3236,69,330,0.008156061172485352
3237,70,330,0.00835108757019043
3238,71,330,0.00827932357788086
3239,72,330,0.008215665817260742
3240,73,330,0.008173704147338867
3241,74,330,0.008102655410766602
3242,75,330,0.008063316345214844
3243,76,330,0.007846593856811523
3244,77,330,0.007973670959472656
3245,78,330,0.00783991813659668
3246,79,330,0.007833719253540039
3247,80,330,0.0077972412109375
3248,81,330,0.007749080657958984
3249,82,330,0.007674694061279297
3250,83,330,0.007577180862426758
3251,84,330,0.007481575012207031
3252,85,330,0.007429361343383789
3253,86,330,0.00708460807800293
3254,87,330,0.0072977542877197266
3255,88,330,0.007245063781738281
3256,89,330,0.007203578948974609
3257,90,330,0.007112979888916016
3258,91,330,0.0071010589599609375
3259,92,330,0.0070037841796875
3260,93,330,0.006917238235473633
3261,94,330,0.006525278091430664
3262,95,330,0.0068187713623046875
3263,96,330,0.006841182708740234
3264,97,330,0.006765842437744141
3265,98,330,0.006718158721923828
3266,99,330,0.0066149234771728516
3267,1,340,0.10920405387878418
3268,2,340,0.08494019508361816
3269,3,340,0.06357812881469727
3270,4,340,0.04948163032531738
3271,5,340,0.04467153549194336
3272,6,340,0.040491580963134766
3273,7,340,0.0362856388092041
3274,8,340,0.03400373458862305
3275,9,340,0.030239105224609375
3276,10,340,0.027368545532226562
3277,11,340,0.025377750396728516
3278,12,340,0.02440810203552246
3279,13,340,0.023273229598999023
3280,14,340,0.022377967834472656
3281,15,340,0.02116560935974121
3282,16,340,0.020426511764526367
3283,17,340,0.019375085830688477
3284,18,340,0.018900156021118164
3285,19,340,0.018453598022460938
3286,20,340,0.018017292022705078
3287,21,340,0.017492055892944336
3288,22,340,0.017058372497558594
3289,23,340,0.016447782516479492
3290,24,340,0.016102313995361328
3291,25,340,0.015571832656860352
3292,26,340,0.01508641242980957
3293,27,340,0.014946222305297852
3294,28,340,0.01429295539855957
3295,29,340,0.014158487319946289
3296,30,340,0.01362752914428711
3297,31,340,0.013545751571655273
3298,32,340,0.013323545455932617
3299,33,340,0.013343334197998047
3300,34,340,0.012939453125
3301,35,340,0.012663125991821289
3302,36,340,0.012377262115478516
3303,37,340,0.012257814407348633
3304,38,340,0.012019634246826172
3305,39,340,0.011885881423950195
3306,40,340,0.011699914932250977
3307,41,340,0.01151728630065918
3308,42,340,0.011233329772949219
3309,43,340,0.011047124862670898
3310,44,340,0.010891199111938477
3311,45,340,0.0107879638671875
3312,46,340,0.010766744613647461
3313,47,340,0.01070261001586914
3314,48,340,0.010564804077148438
3315,49,340,0.010436058044433594
3316,50,340,0.010353803634643555
3317,51,340,0.010206460952758789
3318,52,340,0.01015925407409668
3319,53,340,0.00994873046875
3320,54,340,0.009961366653442383
3321,55,340,0.009866714477539062
3322,56,340,0.00963592529296875
3323,57,340,0.009659767150878906
3324,58,340,0.009607076644897461
3325,59,340,0.009411811828613281
3326,60,340,0.009196043014526367
3327,61,340,0.009297847747802734
3328,62,340,0.009166955947875977
3329,63,340,0.009119510650634766
3330,64,340,0.009205341339111328
3331,65,340,0.009125471115112305
3332,66,340,0.008978605270385742
3333,67,340,0.008813619613647461
3334,68,340,0.008858203887939453
3335,69,340,0.008842945098876953
3336,70,340,0.008784770965576172
3337,71,340,0.008232593536376953
3338,72,340,0.008721590042114258
3339,73,340,0.00865316390991211
3340,74,340,0.008608341217041016
3341,75,340,0.008379936218261719
3342,76,340,0.008408546447753906
3343,77,340,0.008428812026977539
3344,78,340,0.008379220962524414
3345,79,340,0.008259773254394531
3346,80,340,0.008227825164794922
3347,81,340,0.008171319961547852
3348,82,340,0.007882118225097656
3349,83,340,0.008032083511352539
3350,84,340,0.007967233657836914
3351,85,340,0.007879257202148438
3352,86,340,0.007759571075439453
3353,87,340,0.00776219367980957
3354,88,340,0.007651805877685547
3355,89,340,0.0075168609619140625
3356,90,340,0.007410764694213867
3357,91,340,0.007530927658081055
3358,92,340,0.0074002742767333984
3359,93,340,0.007368326187133789
3360,94,340,0.007245063781738281
3361,95,340,0.0072307586669921875
3362,96,340,0.0071258544921875
3363,97,340,0.006968259811401367
3364,98,340,0.0070552825927734375
3365,99,340,0.006986856460571289
3366,1,350,0.11562585830688477
3367,2,350,0.08977007865905762
3368,3,350,0.06709480285644531
3369,4,350,0.05245828628540039
3370,5,350,0.047083377838134766
3371,6,350,0.04310202598571777
3372,7,350,0.03857994079589844
3373,8,350,0.03612947463989258
3374,9,350,0.03192615509033203
3375,10,350,0.028946876525878906
3376,11,350,0.026859521865844727
3377,12,350,0.025974750518798828
3378,13,350,0.024568796157836914
3379,14,350,0.02385997772216797
3380,15,350,0.02268671989440918
3381,16,350,0.02148747444152832
3382,17,350,0.020613431930541992
3383,18,350,0.020076751708984375
3384,19,350,0.019531965255737305
3385,20,350,0.019016504287719727
3386,21,350,0.018597126007080078
3387,22,350,0.0179135799407959
3388,23,350,0.017220258712768555
3389,24,350,0.0170745849609375
3390,25,350,0.016611337661743164
3391,26,350,0.01613616943359375
3392,27,350,0.015866994857788086
3393,28,350,0.015357255935668945
3394,29,350,0.014961481094360352
3395,30,350,0.014669179916381836
3396,31,350,0.014533281326293945
3397,32,350,0.014092683792114258
3398,33,350,0.013916492462158203
3399,34,350,0.013785839080810547
3400,35,350,0.013345956802368164
3401,36,350,0.013170242309570312
3402,37,350,0.012984991073608398
3403,38,350,0.012707948684692383
3404,39,350,0.012691259384155273
3405,40,350,0.012367486953735352
3406,41,350,0.012154102325439453
3407,42,350,0.012011051177978516
3408,43,350,0.011686086654663086
3409,44,350,0.01161956787109375
3410,45,350,0.01151132583618164
3411,46,350,0.011340856552124023
3412,47,350,0.011179208755493164
3413,48,350,0.011171579360961914
3414,49,350,0.011099815368652344
3415,50,350,0.010833740234375
3416,51,350,0.010678291320800781
3417,52,350,0.010783910751342773
3418,53,350,0.010582208633422852
3419,54,350,0.010522127151489258
3420,55,350,0.010411500930786133
3421,56,350,0.010329723358154297
3422,57,350,0.010228395462036133
3423,58,350,0.010200977325439453
3424,59,350,0.010094642639160156
3425,60,350,0.009856462478637695
3426,61,350,0.00977635383605957
3427,62,350,0.00973057746887207
3428,63,350,0.009711265563964844
3429,64,350,0.009644746780395508
3430,65,350,0.009536981582641602
3431,66,350,0.009588956832885742
3432,67,350,0.009490251541137695
3433,68,350,0.009307384490966797
3434,69,350,0.009220123291015625
3435,70,350,0.009275197982788086
3436,71,350,0.009211063385009766
3437,72,350,0.009231328964233398
3438,73,350,0.008887290954589844
3439,74,350,0.009101152420043945
3440,75,350,0.009022712707519531
3441,76,350,0.008980751037597656
3442,77,350,0.008885622024536133
3443,78,350,0.008735418319702148
3444,79,350,0.008810997009277344
3445,80,350,0.008785247802734375
3446,81,350,0.008672237396240234
3447,82,350,0.008608579635620117
3448,83,350,0.008526325225830078
3449,84,350,0.008401870727539062
3450,85,350,0.00836801528930664
3451,86,350,0.00831747055053711
3452,87,350,0.008286476135253906
3453,88,350,0.008158206939697266
3454,89,350,0.008034229278564453
3455,90,350,0.007979869842529297
3456,91,350,0.007815361022949219
3457,92,350,0.007770538330078125
3458,93,350,0.0078122615814208984
3459,94,350,0.00767970085144043
3460,95,350,0.007612466812133789
3461,96,350,0.00756072998046875
3462,97,350,0.0075571537017822266
3463,98,350,0.0074291229248046875
3464,99,350,0.007315397262573242
3465,1,360,0.12236237525939941
3466,2,360,0.09522557258605957
3467,3,360,0.0711979866027832
3468,4,360,0.05559682846069336
3469,5,360,0.05004453659057617
3470,6,360,0.04578280448913574
3471,7,360,0.040781259536743164
3472,8,360,0.03778886795043945
3473,9,360,0.033983469009399414
3474,10,360,0.03065800666809082
3475,11,360,0.028407573699951172
3476,12,360,0.027412891387939453
3477,13,360,0.026183605194091797
3478,14,360,0.02538323402404785
3479,15,360,0.02413177490234375
3480,16,360,0.02306389808654785
3481,17,360,0.021776437759399414
3482,18,360,0.021328449249267578
3483,19,360,0.02069878578186035
3484,20,360,0.020323514938354492
3485,21,360,0.01971125602722168
3486,22,360,0.019051551818847656
3487,23,360,0.018212080001831055
3488,24,360,0.0175626277923584
3489,25,360,0.017483234405517578
3490,26,360,0.017221450805664062
3491,27,360,0.01674675941467285
3492,28,360,0.01633477210998535
3493,29,360,0.015894412994384766
3494,30,360,0.015497684478759766
3495,31,360,0.01537775993347168
3496,32,360,0.015113115310668945
3497,33,360,0.014752388000488281
3498,34,360,0.014497756958007812
3499,35,360,0.014304161071777344
3500,36,360,0.013931989669799805
3501,37,360,0.013807296752929688
3502,38,360,0.013592243194580078
3503,39,360,0.013299226760864258
3504,40,360,0.013255596160888672
3505,41,360,0.012841463088989258
3506,42,360,0.012694358825683594
3507,43,360,0.012647151947021484
3508,44,360,0.012581110000610352
3509,45,360,0.012316226959228516
3510,46,360,0.012093782424926758
3511,47,360,0.011508703231811523
3512,48,360,0.01160120964050293
3513,49,360,0.011541604995727539
3514,50,360,0.011626482009887695
3515,51,360,0.011526823043823242
3516,52,360,0.011422395706176758
3517,53,360,0.011289119720458984
3518,54,360,0.011171340942382812
3519,55,360,0.011022329330444336
3520,56,360,0.010999441146850586
3521,57,360,0.010866403579711914
3522,58,360,0.01084446907043457
3523,59,360,0.010724782943725586
3524,60,360,0.01062917709350586
3525,61,360,0.01042628288269043
3526,62,360,0.010352134704589844
3527,63,360,0.01027059555053711
3528,64,360,0.010232686996459961
3529,65,360,0.01022195816040039
3530,66,360,0.010061979293823242
3531,67,360,0.009895801544189453
3532,68,360,0.010077953338623047
3533,69,360,0.010019302368164062
3534,70,360,0.009844541549682617
3535,71,360,0.009720325469970703
3536,72,360,0.009713411331176758
3537,73,360,0.009694814682006836
3538,74,360,0.009675741195678711
3539,75,360,0.009463071823120117
3540,76,360,0.009595394134521484
3541,77,360,0.009623050689697266
3542,78,360,0.00945425033569336
3543,79,360,0.009343862533569336
3544,80,360,0.00923919677734375
3545,81,360,0.00921630859375
3546,82,360,0.00910496711730957
3547,83,360,0.009118795394897461
3548,84,360,0.008908510208129883
3549,85,360,0.008952617645263672
3550,86,360,0.008836746215820312
3551,87,360,0.008692264556884766
3552,88,360,0.008732080459594727
3553,89,360,0.008565187454223633
3554,90,360,0.008510351181030273
3555,91,360,0.00846552848815918
3556,92,360,0.008404731750488281
3557,93,360,0.008254528045654297
3558,94,360,0.007855415344238281
3559,95,360,0.008133172988891602
3560,96,360,0.008137941360473633
3561,97,360,0.007992029190063477
3562,98,360,0.007781028747558594
3563,99,360,0.008089780807495117
3564,1,370,0.12983131408691406
3565,2,370,0.10062217712402344
3566,3,370,0.07515144348144531
3567,4,370,0.05874133110046387
3568,5,370,0.05251002311706543
3569,6,370,0.0481112003326416
3570,7,370,0.04313063621520996
3571,8,370,0.04041314125061035
3572,9,370,0.03599429130554199
3573,10,370,0.03228616714477539
3574,11,370,0.03004169464111328
3575,12,370,0.02908015251159668
3576,13,370,0.027367353439331055
3577,14,370,0.02674078941345215
3578,15,370,0.025534868240356445
3579,16,370,0.02406167984008789
3580,17,370,0.022991657257080078
3581,18,370,0.022658586502075195
3582,19,370,0.021708250045776367
3583,20,370,0.021553754806518555
3584,21,370,0.020902633666992188
3585,22,370,0.0200347900390625
3586,23,370,0.01944279670715332
3587,24,370,0.018997669219970703
3588,25,370,0.018486976623535156
3589,26,370,0.018166303634643555
3590,27,370,0.017737388610839844
3591,28,370,0.017232894897460938
3592,29,370,0.016492128372192383
3593,30,370,0.016429424285888672
3594,31,370,0.01614832878112793
3595,32,370,0.015877723693847656
3596,33,370,0.015630006790161133
3597,34,370,0.015148401260375977
3598,35,370,0.014940261840820312
3599,36,370,0.014838457107543945
3600,37,370,0.014536857604980469
3601,38,370,0.014245748519897461
3602,39,370,0.014180660247802734
3603,40,370,0.013806581497192383
3604,41,370,0.013719797134399414
3605,42,370,0.01337122917175293
3606,43,370,0.01325535774230957
3607,44,370,0.013158321380615234
3608,45,370,0.013046503067016602
3609,46,370,0.012839078903198242
3610,47,370,0.012573480606079102
3611,48,370,0.012326955795288086
3612,49,370,0.012506484985351562
3613,50,370,0.012238502502441406
3614,51,370,0.012095451354980469
3615,52,370,0.012125968933105469
3616,53,370,0.011903047561645508
3617,54,370,0.011822223663330078
3618,55,370,0.011652469635009766
3619,56,370,0.011559009552001953
3620,57,370,0.011462211608886719
3621,58,370,0.011185646057128906
3622,59,370,0.011400938034057617
3623,60,370,0.01127767562866211
3624,61,370,0.010972023010253906
3625,62,370,0.011012554168701172
3626,63,370,0.010866880416870117
3627,64,370,0.010851860046386719
3628,65,370,0.010695934295654297
3629,66,370,0.010628938674926758
3630,67,370,0.01064443588256836
3631,68,370,0.010486364364624023
3632,69,370,0.010394573211669922
3633,70,370,0.01049661636352539
3634,71,370,0.01038980484008789
3635,72,370,0.010229110717773438
3636,73,370,0.010104179382324219
3637,74,370,0.010060787200927734
3638,75,370,0.01012730598449707
3639,76,370,0.010135650634765625
3640,77,370,0.009900331497192383
3641,78,370,0.009996414184570312
3642,79,370,0.009815216064453125
3643,80,370,0.00975179672241211
3644,81,370,0.009698867797851562
3645,82,370,0.009643793106079102
3646,83,370,0.009522438049316406
3647,84,370,0.009399175643920898
3648,85,370,0.00942087173461914
3649,86,370,0.009361743927001953
3650,87,370,0.009276866912841797
3651,88,370,0.009213447570800781
3652,89,370,0.009048700332641602
3653,90,370,0.009047269821166992
3654,91,370,0.009067773818969727
3655,92,370,0.008821249008178711
3656,93,370,0.008793830871582031
3657,94,370,0.008575439453125
3658,95,370,0.008652448654174805
3659,96,370,0.008442163467407227
3660,97,370,0.00839090347290039
3661,98,370,0.008630037307739258
3662,99,370,0.008572578430175781
3663,1,380,0.1367955207824707
3664,2,380,0.10614585876464844
3665,3,380,0.07917189598083496
3666,4,380,0.061798810958862305
3667,5,380,0.055487871170043945
3668,6,380,0.05088973045349121
3669,7,380,0.04545760154724121
3670,8,380,0.042258501052856445
3671,9,380,0.03781390190124512
3672,10,380,0.03412222862243652
3673,11,380,0.03162980079650879
3674,12,380,0.030622482299804688
3675,13,380,0.02898859977722168
3676,14,380,0.02802133560180664
3677,15,380,0.026818275451660156
3678,16,380,0.025562286376953125
3679,17,380,0.02433633804321289
3680,18,380,0.023827314376831055
3681,19,380,0.023024797439575195
3682,20,380,0.02237701416015625
3683,21,380,0.02204585075378418
3684,22,380,0.02111983299255371
3685,23,380,0.02041912078857422
3686,24,380,0.01991128921508789
3687,25,380,0.019525527954101562
3688,26,380,0.019129514694213867
3689,27,380,0.01881265640258789
3690,28,380,0.01807546615600586
3691,29,380,0.017487764358520508
3692,30,380,0.017264127731323242
3693,31,380,0.016977310180664062
3694,32,380,0.016686201095581055
3695,33,380,0.0165557861328125
3696,34,380,0.01630997657775879
3697,35,380,0.015488147735595703
3698,36,380,0.015539169311523438
3699,37,380,0.015443563461303711
3700,38,380,0.015013456344604492
3701,39,380,0.01493525505065918
3702,40,380,0.014701604843139648
3703,41,380,0.014409542083740234
3704,42,380,0.014306306838989258
3705,43,380,0.014084339141845703
3706,44,380,0.013799667358398438
3707,45,380,0.01365041732788086
3708,46,380,0.013647079467773438
3709,47,380,0.013165712356567383
3710,48,380,0.013072967529296875
3711,49,380,0.012942075729370117
3712,50,380,0.012870550155639648
3713,51,380,0.012766361236572266
3714,52,380,0.012649059295654297
3715,53,380,0.012665748596191406
3716,54,380,0.012440919876098633
3717,55,380,0.012256145477294922
3718,56,380,0.012238025665283203
3719,57,380,0.012188911437988281
3720,58,380,0.012066125869750977
3721,59,380,0.011929750442504883
3722,60,380,0.011914253234863281
3723,61,380,0.011771440505981445
3724,62,380,0.011645078659057617
3725,63,380,0.011613130569458008
3726,64,380,0.011500835418701172
3727,65,380,0.011347532272338867
3728,66,380,0.011213064193725586
3729,67,380,0.011128664016723633
3730,68,380,0.010987520217895508
3731,69,380,0.010993242263793945
3732,70,380,0.010617971420288086
3733,71,380,0.010983943939208984
3734,72,380,0.010831832885742188
3735,73,380,0.010798931121826172
3736,74,380,0.010671854019165039
3737,75,380,0.010604619979858398
3738,76,380,0.010360002517700195
3739,77,380,0.010525226593017578
3740,78,380,0.010485410690307617
3741,79,380,0.010364532470703125
3742,80,380,0.010258197784423828
3743,81,380,0.010246992111206055
3744,82,380,0.010080575942993164
3745,83,380,0.010063409805297852
3746,84,380,0.01001739501953125
3747,85,380,0.00986623764038086
3748,86,380,0.009853839874267578
3749,87,380,0.009801387786865234
3750,88,380,0.009674549102783203
3751,89,380,0.00956583023071289
3752,90,380,0.009502887725830078
3753,91,380,0.009486675262451172
3754,92,380,0.009271383285522461
3755,93,380,0.009238481521606445
3756,94,380,0.008865118026733398
3757,95,380,0.00904226303100586
3758,96,380,0.008956193923950195
3759,97,380,0.009171724319458008
3760,98,380,0.009087800979614258
3761,99,380,0.00880575180053711
3762,1,390,0.14423370361328125
3763,2,390,0.1116189956665039
3764,3,390,0.08351278305053711
3765,4,390,0.06479382514953613
3766,5,390,0.05853891372680664
3767,6,390,0.0533909797668457
3768,7,390,0.047882080078125
3769,8,390,0.04480767250061035
3770,9,390,0.03983163833618164
3771,10,390,0.035898447036743164
3772,11,390,0.03331279754638672
3773,12,390,0.03217029571533203
3774,13,390,0.030539274215698242
3775,14,390,0.029666423797607422
3776,15,390,0.028331756591796875
3777,16,390,0.02685379981994629
3778,17,390,0.025533437728881836
3779,18,390,0.0248870849609375
3780,19,390,0.024498701095581055
3781,20,390,0.023794889450073242
3782,21,390,0.023154497146606445
3783,22,390,0.02236342430114746
3784,23,390,0.021558761596679688
3785,24,390,0.021078109741210938
3786,25,390,0.020594120025634766
3787,26,390,0.01955413818359375
3788,27,390,0.019660234451293945
3789,28,390,0.01910996437072754
3790,29,390,0.018524169921875
3791,30,390,0.01821303367614746
3792,31,390,0.017879724502563477
3793,32,390,0.01751399040222168
3794,33,390,0.01720118522644043
3795,34,390,0.01707148551940918
3796,35,390,0.016497373580932617
3797,36,390,0.016070842742919922
3798,37,390,0.016010284423828125
3799,38,390,0.016113996505737305
3800,39,390,0.015682220458984375
3801,40,390,0.015489816665649414
3802,41,390,0.015213727951049805
3803,42,390,0.014861583709716797
3804,43,390,0.014886140823364258
3805,44,390,0.014651775360107422
3806,45,390,0.01455378532409668
3807,46,390,0.014263153076171875
3808,47,390,0.013743400573730469
3809,48,390,0.013837814331054688
3810,49,390,0.0137176513671875
3811,50,390,0.01359701156616211
3812,51,390,0.013596057891845703
3813,52,390,0.013075590133666992
3814,53,390,0.013140439987182617
3815,54,390,0.013140678405761719
3816,55,390,0.012993574142456055
3817,56,390,0.012876033782958984
3818,57,390,0.012869834899902344
3819,58,390,0.012714385986328125
3820,59,390,0.012579917907714844
3821,60,390,0.012498140335083008
3822,61,390,0.012180328369140625
3823,62,390,0.01230621337890625
3824,63,390,0.012239933013916016
3825,64,390,0.012104511260986328
3826,65,390,0.012077808380126953
3827,66,390,0.011872291564941406
3828,67,390,0.011702775955200195
3829,68,390,0.011645793914794922
3830,69,390,0.011542797088623047
3831,70,390,0.01156306266784668
3832,71,390,0.01148080825805664
3833,72,390,0.011180400848388672
3834,73,390,0.01138615608215332
3835,74,390,0.01133584976196289
3836,75,390,0.011287212371826172
3837,76,390,0.011059999465942383
3838,77,390,0.011004447937011719
3839,78,390,0.010901212692260742
3840,79,390,0.010876178741455078
3841,80,390,0.010881900787353516
3842,81,390,0.010658979415893555
3843,82,390,0.010653018951416016
3844,83,390,0.010710716247558594
3845,84,390,0.010588407516479492
3846,85,390,0.010371923446655273
3847,86,390,0.010343074798583984
3848,87,390,0.010153532028198242
3849,88,390,0.010210037231445312
3850,89,390,0.010171651840209961
3851,90,390,0.010110616683959961
3852,91,390,0.009864330291748047
3853,92,390,0.009882688522338867
3854,93,390,0.009748220443725586
3855,94,390,0.009160041809082031
3856,95,390,0.009595870971679688
3857,96,390,0.009849071502685547
3858,97,390,0.009710073471069336
3859,98,390,0.00955963134765625
3860,99,390,0.009488582611083984
3861,1,400,0.15143609046936035
3862,2,400,0.11712384223937988
3863,3,400,0.08775997161865234
3864,4,400,0.06839728355407715
3865,5,400,0.06160306930541992
3866,6,400,0.05604195594787598
3867,7,400,0.0500340461730957
3868,8,400,0.04696917533874512
3869,9,400,0.04162764549255371
3870,10,400,0.03763556480407715
3871,11,400,0.035103797912597656
3872,12,400,0.033913612365722656
3873,13,400,0.03232622146606445
3874,14,400,0.030975818634033203
3875,15,400,0.029815673828125
3876,16,400,0.028249025344848633
3877,17,400,0.026905536651611328
3878,18,400,0.02636885643005371
3879,19,400,0.025476932525634766
3880,20,400,0.02504730224609375
3881,21,400,0.02426934242248535
3882,22,400,0.023449420928955078
3883,23,400,0.02233409881591797
3884,24,400,0.021978139877319336
3885,25,400,0.021547317504882812
3886,26,400,0.021024227142333984
3887,27,400,0.02077174186706543
3888,28,400,0.020056962966918945
3889,29,400,0.019561290740966797
3890,30,400,0.0191342830657959
3891,31,400,0.018897294998168945
3892,32,400,0.018576860427856445
3893,33,400,0.017826318740844727
3894,34,400,0.017891645431518555
3895,35,400,0.0175325870513916
3896,36,400,0.017075061798095703
3897,37,400,0.016707897186279297
3898,38,400,0.016533851623535156
3899,39,400,0.016741037368774414
3900,40,400,0.01624751091003418
3901,41,400,0.016067981719970703
3902,42,400,0.01575756072998047
3903,43,400,0.015602827072143555
3904,44,400,0.015399932861328125
3905,45,400,0.015325069427490234
3906,46,400,0.014945507049560547
3907,47,400,0.014607429504394531
3908,48,400,0.014636993408203125
3909,49,400,0.014458656311035156
3910,50,400,0.014233589172363281
3911,51,400,0.014142990112304688
3912,52,400,0.013935565948486328
3913,53,400,0.013945579528808594
3914,54,400,0.013663768768310547
3915,55,400,0.013607978820800781
3916,56,400,0.013562202453613281
3917,57,400,0.013216257095336914
3918,58,400,0.01340794563293457
3919,59,400,0.013151168823242188
3920,60,400,0.013140201568603516
3921,61,400,0.012954950332641602
3922,62,400,0.012974262237548828
3923,63,400,0.012811660766601562
3924,64,400,0.012801408767700195
3925,65,400,0.012684345245361328
3926,66,400,0.012308120727539062
3927,67,400,0.012415409088134766
3928,68,400,0.012356758117675781
3929,69,400,0.01204991340637207
3930,70,400,0.012043237686157227
3931,71,400,0.012044191360473633
3932,72,400,0.011991024017333984
3933,73,400,0.011830568313598633
3934,74,400,0.011768341064453125
3935,75,400,0.011777400970458984
3936,76,400,0.01163339614868164
3937,77,400,0.011672258377075195
3938,78,400,0.011408090591430664
3939,79,400,0.011306047439575195
3940,80,400,0.011327743530273438
3941,81,400,0.011320829391479492
3942,82,400,0.011235713958740234
3943,83,400,0.011129140853881836
3944,84,400,0.011020660400390625
3945,85,400,0.010966777801513672
3946,86,400,0.010900497436523438
3947,87,400,0.010843515396118164
3948,88,400,0.010700464248657227
3949,89,400,0.010613441467285156
3950,90,400,0.01049494743347168
3951,91,400,0.010469675064086914
3952,92,400,0.010317564010620117
3953,93,400,0.010248422622680664
3954,94,400,0.010073661804199219
3955,95,400,0.010094404220581055
3956,96,400,0.009943246841430664
3957,97,400,0.010277986526489258
3958,98,400,0.010207891464233398
3959,99,400,0.00989532470703125
3960,1,410,0.15923452377319336
3961,2,410,0.12322854995727539
3962,3,410,0.0921626091003418
3963,4,410,0.07177996635437012
3964,5,410,0.06450486183166504
3965,6,410,0.059075355529785156
3966,7,410,0.052962303161621094
3967,8,410,0.04929709434509277
3968,9,410,0.043854475021362305
3969,10,410,0.03961539268493652
3970,11,410,0.03671693801879883
3971,12,410,0.03551125526428223
3972,13,410,0.03364276885986328
3973,14,410,0.03260970115661621
3974,15,410,0.03122115135192871
3975,16,410,0.029705047607421875
3976,17,410,0.028358936309814453
3977,18,410,0.02790975570678711
3978,19,410,0.02703070640563965
3979,20,410,0.02617955207824707
3980,21,410,0.025866985321044922
3981,22,410,0.024817705154418945
3982,23,410,0.023862838745117188
3983,24,410,0.023162841796875
3984,25,410,0.022584199905395508
3985,26,410,0.022237539291381836
3986,27,410,0.02176666259765625
3987,28,410,0.021198749542236328
3988,29,410,0.02063298225402832
3989,30,410,0.020097017288208008
3990,31,410,0.0197751522064209
3991,32,410,0.01933002471923828
3992,33,410,0.019193410873413086
3993,34,410,0.018655776977539062
3994,35,410,0.018400907516479492
3995,36,410,0.01815032958984375
3996,37,410,0.017745494842529297
3997,38,410,0.01741170883178711
3998,39,410,0.017269134521484375
3999,40,410,0.01737213134765625
4000,41,410,0.016752243041992188
4001,42,410,0.01661229133605957
4002,43,410,0.016352415084838867
4003,44,410,0.016086101531982422
4004,45,410,0.016072988510131836
4005,46,410,0.015895366668701172
4006,47,410,0.015462636947631836
4007,48,410,0.015312433242797852
4008,49,410,0.015263795852661133
4009,50,410,0.015172719955444336
4010,51,410,0.014890432357788086
4011,52,410,0.014797449111938477
4012,53,410,0.014449119567871094
4013,54,410,0.014418601989746094
4014,55,410,0.014251232147216797
4015,56,410,0.014128923416137695
4016,57,410,0.01411294937133789
4017,58,410,0.014015913009643555
4018,59,410,0.013746261596679688
4019,60,410,0.013759374618530273
4020,61,410,0.013625621795654297
4021,62,410,0.013521671295166016
4022,63,410,0.013514041900634766
4023,64,410,0.013387203216552734
4024,65,410,0.01335597038269043
4025,66,410,0.013176679611206055
4026,67,410,0.013132333755493164
4027,68,410,0.013108491897583008
4028,69,410,0.01295781135559082
4029,70,410,0.01284337043762207
4030,71,410,0.012732267379760742
4031,72,410,0.012532949447631836
4032,73,410,0.01229095458984375
4033,74,410,0.012415409088134766
4034,75,410,0.012375354766845703
4035,76,410,0.012300252914428711
4036,77,410,0.012406349182128906
4037,78,410,0.012224435806274414
4038,79,410,0.01207113265991211
4039,80,410,0.011847972869873047
4040,81,410,0.011835813522338867
4041,82,410,0.011731863021850586
4042,83,410,0.01174020767211914
4043,84,410,0.011670351028442383
4044,85,410,0.011446475982666016
4045,86,410,0.01138925552368164
4046,87,410,0.011421918869018555
4047,88,410,0.011144399642944336
4048,89,410,0.011188268661499023
4049,90,410,0.011139392852783203
4050,91,410,0.010960102081298828
4051,92,410,0.010709047317504883
4052,93,410,0.010761260986328125
4053,94,410,0.010630607604980469
4054,95,410,0.010534286499023438
4055,96,410,0.010890007019042969
4056,97,410,0.010750293731689453
4057,98,410,0.01059865951538086
4058,99,410,0.010387897491455078
4059,1,420,0.16699767112731934
4060,2,420,0.12889432907104492
4061,3,420,0.0964975357055664
4062,4,420,0.07524657249450684
4063,5,420,0.06787538528442383
4064,6,420,0.06185007095336914
4065,7,420,0.05547523498535156
4066,8,420,0.05179882049560547
4067,9,420,0.0462031364440918
4068,10,420,0.04177093505859375
4069,11,420,0.03879833221435547
4070,12,420,0.037346601486206055
4071,13,420,0.03547930717468262
4072,14,420,0.03409099578857422
4073,15,420,0.03277778625488281
4074,16,420,0.031069278717041016
4075,17,420,0.029431819915771484
4076,18,420,0.029014110565185547
4077,19,420,0.028371810913085938
4078,20,420,0.027643918991088867
4079,21,420,0.026919841766357422
4080,22,420,0.025929689407348633
4081,23,420,0.024835586547851562
4082,24,420,0.024205923080444336
4083,25,420,0.023727893829345703
4084,26,420,0.023127079010009766
4085,27,420,0.022797346115112305
4086,28,420,0.021749258041381836
4087,29,420,0.021536827087402344
4088,30,420,0.021217823028564453
4089,31,420,0.020681142807006836
4090,32,420,0.020391464233398438
4091,33,420,0.020127296447753906
4092,34,420,0.019681930541992188
4093,35,420,0.019182920455932617
4094,36,420,0.0189664363861084
4095,37,420,0.018828868865966797
4096,38,420,0.01840996742248535
4097,39,420,0.018185138702392578
4098,40,420,0.017975807189941406
4099,41,420,0.01781606674194336
4100,42,420,0.017330646514892578
4101,43,420,0.017194747924804688
4102,44,420,0.016985416412353516
4103,45,420,0.016680479049682617
4104,46,420,0.016718149185180664
4105,47,420,0.015982389450073242
4106,48,420,0.016067028045654297
4107,49,420,0.01603078842163086
4108,50,420,0.015918254852294922
4109,51,420,0.015724897384643555
4110,52,420,0.015523672103881836
4111,53,420,0.015290260314941406
4112,54,420,0.015030622482299805
4113,55,420,0.015040874481201172
4114,56,420,0.014667749404907227
4115,57,420,0.01471257209777832
4116,58,420,0.014627456665039062
4117,59,420,0.014592885971069336
4118,60,420,0.014327287673950195
4119,61,420,0.014269113540649414
4120,62,420,0.01415395736694336
4121,63,420,0.014111995697021484
4122,64,420,0.014046430587768555
4123,65,420,0.013889551162719727
4124,66,420,0.01383519172668457
4125,67,420,0.013711929321289062
4126,68,420,0.013718605041503906
4127,69,420,0.013627052307128906
4128,70,420,0.013527631759643555
4129,71,420,0.013475894927978516
4130,72,420,0.01321268081665039
4131,73,420,0.013061046600341797
4132,74,420,0.013006210327148438
4133,75,420,0.012964248657226562
4134,76,420,0.012924671173095703
4135,77,420,0.012831449508666992
4136,78,420,0.01265406608581543
4137,79,420,0.012556791305541992
4138,80,420,0.012541055679321289
4139,81,420,0.012298822402954102
4140,82,420,0.012232065200805664
4141,83,420,0.01211404800415039
4142,84,420,0.012182235717773438
4143,85,420,0.012051582336425781
4144,86,420,0.011970758438110352
4145,87,420,0.011886119842529297
4146,88,420,0.011742591857910156
4147,89,420,0.011789083480834961
4148,90,420,0.011725425720214844
4149,91,420,0.011542797088623047
4150,92,420,0.011420011520385742
4151,93,420,0.0113372802734375
4152,94,420,0.011067867279052734
4153,95,420,0.011136293411254883
4154,96,420,0.011058568954467773
4155,97,420,0.01090860366821289
4156,98,420,0.010689020156860352
4157,99,420,0.010685443878173828
4158,1,430,0.17432093620300293
4159,2,430,0.1353471279144287
4160,3,430,0.10144376754760742
4161,4,430,0.07897257804870605
4162,5,430,0.08547067642211914
4163,6,430,0.06472992897033691
4164,7,430,0.05806398391723633
4165,8,430,0.0543975830078125
4166,9,430,0.04805183410644531
4167,10,430,0.04358935356140137
4168,11,430,0.04049396514892578
4169,12,430,0.03911542892456055
4170,13,430,0.03700590133666992
4171,14,430,0.03586459159851074
4172,15,430,0.03414011001586914
4173,16,430,0.03253030776977539
4174,17,430,0.030989408493041992
4175,18,430,0.030569791793823242
4176,19,430,0.029671192169189453
4177,20,430,0.029100894927978516
4178,21,430,0.028244972229003906
4179,22,430,0.027244091033935547
4180,23,430,0.026186227798461914
4181,24,430,0.025548458099365234
4182,25,430,0.025070667266845703
4183,26,430,0.02437448501586914
4184,27,430,0.023823022842407227
4185,28,430,0.023206472396850586
4186,29,430,0.02254772186279297
4187,30,430,0.02197265625
4188,31,430,0.021813631057739258
4189,32,430,0.021368026733398438
4190,33,430,0.02113938331604004
4191,34,430,0.02067422866821289
4192,35,430,0.02006673812866211
4193,36,430,0.01979660987854004
4194,37,430,0.019688129425048828
4195,38,430,0.01933455467224121
4196,39,430,0.01901865005493164
4197,40,430,0.018778085708618164
4198,41,430,0.018563508987426758
4199,42,430,0.01836395263671875
4200,43,430,0.018016338348388672
4201,44,430,0.017821073532104492
4202,45,430,0.017596721649169922
4203,46,430,0.017334938049316406
4204,47,430,0.017113924026489258
4205,48,430,0.016982316970825195
4206,49,430,0.016606807708740234
4207,50,430,0.016440868377685547
4208,51,430,0.0164644718170166
4209,52,430,0.01641702651977539
4210,53,430,0.01602959632873535
4211,54,430,0.015789031982421875
4212,55,430,0.015424728393554688
4213,56,430,0.015531778335571289
4214,57,430,0.015431642532348633
4215,58,430,0.015363216400146484
4216,59,430,0.015317440032958984
4217,60,430,0.015187740325927734
4218,61,430,0.014993429183959961
4219,62,430,0.014884233474731445
4220,63,430,0.014794349670410156
4221,64,430,0.014652490615844727
4222,65,430,0.014569282531738281
4223,66,430,0.014508962631225586
4224,67,430,0.014390945434570312
4225,68,430,0.014406442642211914
4226,69,430,0.01418614387512207
4227,70,430,0.01414942741394043
4228,71,430,0.013895511627197266
4229,72,430,0.013887166976928711
4230,73,430,0.013848066329956055
4231,74,430,0.013683795928955078
4232,75,430,0.013560056686401367
4233,76,430,0.013494253158569336
4234,77,430,0.013204813003540039
4235,78,430,0.01339578628540039
4236,79,430,0.0131988525390625
4237,80,430,0.013159513473510742
4238,81,430,0.013145685195922852
4239,82,430,0.013026714324951172
4240,83,430,0.012857675552368164
4241,84,430,0.01259756088256836
4242,85,430,0.012533903121948242
4243,86,430,0.01256871223449707
4244,87,430,0.012342214584350586
4245,88,430,0.012341737747192383
4246,89,430,0.012237071990966797
4247,90,430,0.011985301971435547
4248,91,430,0.012058496475219727
4249,92,430,0.01202702522277832
4250,93,430,0.011748552322387695
4251,94,430,0.011612892150878906
4252,95,430,0.011578559875488281
4253,96,430,0.011342287063598633
4254,97,430,0.011410236358642578
4255,98,430,0.01114511489868164
4256,99,430,0.011153221130371094
4257,1,440,0.18215203285217285
4258,2,440,0.14157819747924805
4259,3,440,0.10590624809265137
4260,4,440,0.08230996131896973
4261,5,440,0.07446455955505371
4262,6,440,0.06778335571289062
4263,7,440,0.0610051155090332
4264,8,440,0.05673623085021973
4265,9,440,0.05066275596618652
4266,10,440,0.04548358917236328
4267,11,440,0.04235672950744629
4268,12,440,0.04082202911376953
4269,13,440,0.03892779350280762
4270,14,440,0.037537574768066406
4271,15,440,0.0357363224029541
4272,16,440,0.033940792083740234
4273,17,440,0.032323598861694336
4274,18,440,0.031766414642333984
4275,19,440,0.030962228775024414
4276,20,440,0.029896974563598633
4277,21,440,0.029616355895996094
4278,22,440,0.02840447425842285
4279,23,440,0.027080774307250977
4280,24,440,0.026602506637573242
4281,25,440,0.026109695434570312
4282,26,440,0.025339126586914062
4283,27,440,0.024946212768554688
4284,28,440,0.02435922622680664
4285,29,440,0.023555755615234375
4286,30,440,0.022989988327026367
4287,31,440,0.022751808166503906
4288,32,440,0.0223388671875
4289,33,440,0.022095918655395508
4290,34,440,0.02167367935180664
4291,35,440,0.02115154266357422
4292,36,440,0.020663976669311523
4293,37,440,0.02060246467590332
4294,38,440,0.02044200897216797
4295,39,440,0.020128488540649414
4296,40,440,0.019619226455688477
4297,41,440,0.019213438034057617
4298,42,440,0.01906609535217285
4299,43,440,0.018991947174072266
4300,44,440,0.0186922550201416
4301,45,440,0.018536090850830078
4302,46,440,0.018105506896972656
4303,47,440,0.018054962158203125
4304,48,440,0.017795562744140625
4305,49,440,0.017709732055664062
4306,50,440,0.017487287521362305
4307,51,440,0.017055749893188477
4308,52,440,0.01699352264404297
4309,53,440,0.016813278198242188
4310,54,440,0.016660451889038086
4311,55,440,0.016402244567871094
4312,56,440,0.016347408294677734
4313,57,440,0.01601433753967285
4314,58,440,0.016116619110107422
4315,59,440,0.015882253646850586
4316,60,440,0.01558232307434082
4317,61,440,0.01706838607788086
4318,62,440,0.01577925682067871
4319,63,440,0.020484447479248047
4320,64,440,0.02019810676574707
4321,65,440,0.01616954803466797
4322,66,440,0.02125382423400879
4323,67,440,0.02152228355407715
4324,68,440,0.021921634674072266
4325,69,440,0.014569997787475586
4326,70,440,0.014894962310791016
4327,71,440,0.01479649543762207
4328,72,440,0.014700651168823242
4329,73,440,0.014532804489135742
4330,74,440,0.01443171501159668
4331,75,440,0.014334678649902344
4332,76,440,0.0140533447265625
4333,77,440,0.01399540901184082
4334,78,440,0.013873815536499023
4335,79,440,0.013765811920166016
4336,80,440,0.01368856430053711
4337,81,440,0.013430356979370117
4338,82,440,0.01354670524597168
4339,83,440,0.013614177703857422
4340,84,440,0.013459205627441406
4341,85,440,0.013332366943359375
4342,86,440,0.012949705123901367
4343,87,440,0.012925863265991211
4344,88,440,0.012938737869262695
4345,89,440,0.012796401977539062
4346,90,440,0.01277017593383789
4347,91,440,0.012578487396240234
4348,92,440,0.012122869491577148
4349,93,440,0.012414693832397461
4350,94,440,0.01268148422241211
4351,95,440,0.012539148330688477
4352,96,440,0.012470245361328125
4353,97,440,0.012383222579956055
4354,98,440,0.01214289665222168
4355,99,440,0.01210331916809082
4356,1,450,0.1915874481201172
4357,2,450,0.1475675106048584
4358,3,450,0.11063528060913086
4359,4,450,0.08621931076049805
4360,5,450,0.07762837409973145
4361,6,450,0.07124876976013184
4362,7,450,0.0637357234954834
4363,8,450,0.05937790870666504
4364,9,450,0.052861928939819336
4365,10,450,0.047609567642211914
4366,11,450,0.04423809051513672
4367,12,450,0.04267096519470215
4368,13,450,0.04067873954772949
4369,14,450,0.03918576240539551
4370,15,450,0.03733658790588379
4371,16,450,0.03558087348937988
4372,17,450,0.033632516860961914
4373,18,450,0.03338742256164551
4374,19,450,0.03226494789123535
4375,20,450,0.0317997932434082
4376,21,450,0.030966758728027344
4377,22,450,0.02985548973083496
4378,23,450,0.028743505477905273
4379,24,450,0.027989625930786133
4380,25,450,0.02738642692565918
4381,26,450,0.02647686004638672
4382,27,450,0.02606058120727539
4383,28,450,0.0251922607421875
4384,29,450,0.02471446990966797
4385,30,450,0.023881912231445312
4386,31,450,0.023818254470825195
4387,32,450,0.0234224796295166
4388,33,450,0.023041963577270508
4389,34,450,0.022544384002685547
4390,35,450,0.021991491317749023
4391,36,450,0.021615028381347656
4392,37,450,0.021363496780395508
4393,38,450,0.02102065086364746
4394,39,450,0.020999908447265625
4395,40,450,0.020707130432128906
4396,41,450,0.020107746124267578
4397,42,450,0.019777536392211914
4398,43,450,0.019853591918945312
4399,44,450,0.019575834274291992
4400,45,450,0.019309282302856445
4401,46,450,0.01897430419921875
4402,47,450,0.01855611801147461
4403,48,450,0.018491029739379883
4404,49,450,0.018419265747070312
4405,50,450,0.0182645320892334
4406,51,450,0.01793384552001953
4407,52,450,0.017804861068725586
4408,53,450,0.017524242401123047
4409,54,450,0.01752781867980957
4410,55,450,0.017304420471191406
4411,56,450,0.01707911491394043
4412,57,450,0.0168154239654541
4413,58,450,0.01675248146057129
4414,59,450,0.01665663719177246
4415,60,450,0.016332387924194336
4416,61,450,0.016353130340576172
4417,62,450,0.016174793243408203
4418,63,450,0.016270875930786133
4419,64,450,0.015990018844604492
4420,65,450,0.015970230102539062
4421,66,450,0.01590728759765625
4422,67,450,0.015661239624023438
4423,68,450,0.015582561492919922
4424,69,450,0.015565872192382812
4425,70,450,0.015474081039428711
4426,71,450,0.015387773513793945
4427,72,450,0.015308618545532227
4428,73,450,0.015241146087646484
4429,74,450,0.015067815780639648
4430,75,450,0.015038251876831055
4431,76,450,0.014837980270385742
4432,77,450,0.014666080474853516
4433,78,450,0.014522075653076172
4434,79,450,0.014349222183227539
4435,80,450,0.014236688613891602
4436,81,450,0.014252662658691406
4437,82,450,0.014093399047851562
4438,83,450,0.0133819580078125
4439,84,450,0.013976812362670898
4440,85,450,0.013826847076416016
4441,86,450,0.013671159744262695
4442,87,450,0.013612508773803711
4443,88,450,0.013193845748901367
4444,89,450,0.01329493522644043
4445,90,450,0.013377666473388672
4446,91,450,0.013010263442993164
4447,92,450,0.012952804565429688
4448,93,450,0.013322114944458008
4449,94,450,0.01286005973815918
4450,95,450,0.013192415237426758
4451,96,450,0.013209342956542969
4452,97,450,0.013082027435302734
4453,98,450,0.012815713882446289
4454,99,450,0.012533426284790039
4455,1,460,0.20067977905273438
4456,2,460,0.15481996536254883
4457,3,460,0.11565876007080078
4458,4,460,0.0899965763092041
4459,5,460,0.08122730255126953
4460,6,460,0.07393383979797363
4461,7,460,0.06598711013793945
4462,8,460,0.06189727783203125
4463,9,460,0.055240631103515625
4464,10,460,0.049913644790649414
4465,11,460,0.04616594314575195
4466,12,460,0.04468655586242676
4467,13,460,0.04256033897399902
4468,14,460,0.04063844680786133
4469,15,460,0.039191484451293945
4470,16,460,0.03713846206665039
4471,17,460,0.035407304763793945
4472,18,460,0.034682512283325195
4473,19,460,0.033650875091552734
4474,20,460,0.03324723243713379
4475,21,460,0.03217577934265137
4476,22,460,0.03125309944152832
4477,23,460,0.029995441436767578
4478,24,460,0.02901005744934082
4479,25,460,0.028510332107543945
4480,26,460,0.027812957763671875
4481,27,460,0.0272369384765625
4482,28,460,0.026110172271728516
4483,29,460,0.025782346725463867
4484,30,460,0.025078296661376953
4485,31,460,0.02472996711730957
4486,32,460,0.02416062355041504
4487,33,460,0.024212360382080078
4488,34,460,0.023547649383544922
4489,35,460,0.02290511131286621
4490,36,460,0.022511720657348633
4491,37,460,0.02201533317565918
4492,38,460,0.021806955337524414
4493,39,460,0.021602630615234375
4494,40,460,0.021502256393432617
4495,41,460,0.021082639694213867
4496,42,460,0.02063274383544922
4497,43,460,0.020547151565551758
4498,44,460,0.020434856414794922
4499,45,460,0.020061016082763672
4500,46,460,0.020026206970214844
4501,47,460,0.01971268653869629
4502,48,460,0.019498109817504883
4503,49,460,0.019273757934570312
4504,50,460,0.019158363342285156
4505,51,460,0.01891303062438965
4506,52,460,0.018759965896606445
4507,53,460,0.018465042114257812
4508,54,460,0.01811814308166504
4509,55,460,0.018134593963623047
4510,56,460,0.01790642738342285
4511,57,460,0.01774764060974121
4512,58,460,0.017575502395629883
4513,59,460,0.017365694046020508
4514,60,460,0.016911029815673828
4515,61,460,0.017061233520507812
4516,62,460,0.017002344131469727
4517,63,460,0.016861677169799805
4518,64,460,0.016811132431030273
4519,65,460,0.01672816276550293
4520,66,460,0.0165560245513916
4521,67,460,0.016444683074951172
4522,68,460,0.01639103889465332
4523,69,460,0.016233444213867188
4524,70,460,0.016025066375732422
4525,71,460,0.016099214553833008
4526,72,460,0.015788793563842773
4527,73,460,0.01577138900756836
4528,74,460,0.015676498413085938
4529,75,460,0.015645742416381836
4530,76,460,0.015451908111572266
4531,77,460,0.015512466430664062
4532,78,460,0.015250921249389648
4533,79,460,0.01501321792602539
4534,80,460,0.014888525009155273
4535,81,460,0.014783143997192383
4536,82,460,0.01477360725402832
4537,83,460,0.014796733856201172
4538,84,460,0.014467477798461914
4539,85,460,0.014266014099121094
4540,86,460,0.014348983764648438
4541,87,460,0.014274835586547852
4542,88,460,0.014131784439086914
4543,89,460,0.013978719711303711
4544,90,460,0.01356959342956543
4545,91,460,0.013575077056884766
4546,92,460,0.013616323471069336
4547,93,460,0.013397216796875
4548,94,460,0.013398408889770508
4549,95,460,0.01385498046875
4550,96,460,0.013437509536743164
4551,97,460,0.013626575469970703
4552,98,460,0.013337373733520508
4553,99,460,0.013125181198120117
4554,1,470,0.20856881141662598
4555,2,470,0.16178321838378906
4556,3,470,0.12068486213684082
4557,4,470,0.09393477439880371
4558,5,470,0.08500838279724121
4559,6,470,0.07737278938293457
4560,7,470,0.0691523551940918
4561,8,470,0.06475257873535156
4562,9,470,0.05742597579956055
4563,10,470,0.05220603942871094
4564,11,470,0.04832863807678223
4565,12,470,0.04677248001098633
4566,13,470,0.044365644454956055
4567,14,470,0.04273867607116699
4568,15,470,0.041048288345336914
4569,16,470,0.03870582580566406
4570,17,470,0.037101030349731445
4571,18,470,0.036203861236572266
4572,19,470,0.03525972366333008
4573,20,470,0.034348487854003906
4574,21,470,0.03375411033630371
4575,22,470,0.0323028564453125
4576,23,470,0.03117203712463379
4577,24,470,0.030609846115112305
4578,25,470,0.0297088623046875
4579,26,470,0.029090404510498047
4580,27,470,0.028375864028930664
4581,28,470,0.02749776840209961
4582,29,470,0.02672600746154785
4583,30,470,0.02653360366821289
4584,31,470,0.0257112979888916
4585,32,470,0.025388240814208984
4586,33,470,0.02519536018371582
4587,34,470,0.02446579933166504
4588,35,470,0.024106740951538086
4589,36,470,0.02355647087097168
4590,37,470,0.02339792251586914
4591,38,470,0.022993803024291992
4592,39,470,0.02266550064086914
4593,40,470,0.02236032485961914
4594,41,470,0.02204108238220215
4595,42,470,0.021768808364868164
4596,43,470,0.02150893211364746
4597,44,470,0.021136999130249023
4598,45,470,0.0211331844329834
4599,46,470,0.02071857452392578
4600,47,470,0.020665407180786133
4601,48,470,0.020397186279296875
4602,49,470,0.02012038230895996
4603,50,470,0.019835948944091797
4604,51,470,0.019747018814086914
4605,52,470,0.019570350646972656
4606,53,470,0.019263267517089844
4607,54,470,0.019069671630859375
4608,55,470,0.018804311752319336
4609,56,470,0.01870131492614746
4610,57,470,0.01874518394470215
4611,58,470,0.018448829650878906
4612,59,470,0.01791071891784668
4613,60,470,0.01796102523803711
4614,61,470,0.017715930938720703
4615,62,470,0.017740726470947266
4616,63,470,0.017534255981445312
4617,64,470,0.017313480377197266
4618,65,470,0.017525672912597656
4619,66,470,0.01729273796081543
4620,67,470,0.016884565353393555
4621,68,470,0.016754150390625
4622,69,470,0.016994953155517578
4623,70,470,0.0167849063873291
4624,71,470,0.0166475772857666
4625,72,470,0.01684713363647461
4626,73,470,0.016579389572143555
4627,74,470,0.01647162437438965
4628,75,470,0.016437768936157227
4629,76,470,0.016324996948242188
4630,77,470,0.016145944595336914
4631,78,470,0.016030311584472656
4632,79,470,0.015815258026123047
4633,80,470,0.01576375961303711
4634,81,470,0.015525341033935547
4635,82,470,0.015396833419799805
4636,83,470,0.015199899673461914
4637,84,470,0.015161991119384766
4638,85,470,0.014795064926147461
4639,86,470,0.014928817749023438
4640,87,470,0.014734506607055664
4641,88,470,0.01476907730102539
4642,89,470,0.014758825302124023
4643,90,470,0.014601707458496094
4644,91,470,0.014426231384277344
4645,92,470,0.013906240463256836
4646,93,470,0.01395273208618164
4647,94,470,0.014384746551513672
4648,95,470,0.014268159866333008
4649,96,470,0.014329195022583008
4650,97,470,0.014152765274047852
4651,98,470,0.013776302337646484
4652,99,470,0.013808250427246094
4653,1,480,0.21744680404663086
4654,2,480,0.16800999641418457
4655,3,480,0.12563776969909668
4656,4,480,0.09792947769165039
4657,5,480,0.0882730484008789
4658,6,480,0.0805666446685791
4659,7,480,0.07205533981323242
4660,8,480,0.06762981414794922
4661,9,480,0.06003570556640625
4662,10,480,0.05426788330078125
4663,11,480,0.05039572715759277
4664,12,480,0.04864358901977539
4665,13,480,0.04606485366821289
4666,14,480,0.04449772834777832
4667,15,480,0.042493343353271484
4668,16,480,0.04031705856323242
4669,17,480,0.03818202018737793
4670,18,480,0.03772592544555664
4671,19,480,0.03674721717834473
4672,20,480,0.03597211837768555
4673,21,480,0.03515052795410156
4674,22,480,0.03384709358215332
4675,23,480,0.03262805938720703
4676,24,480,0.03188920021057129
4677,25,480,0.03104114532470703
4678,26,480,0.030267715454101562
4679,27,480,0.02969074249267578
4680,28,480,0.028708457946777344
4681,29,480,0.027970552444458008
4682,30,480,0.027309179306030273
4683,31,480,0.02694106101989746
4684,32,480,0.02623748779296875
4685,33,480,0.026163816452026367
4686,34,480,0.0257570743560791
4687,35,480,0.0248720645904541
4688,36,480,0.024630308151245117
4689,37,480,0.024194002151489258
4690,38,480,0.023793458938598633
4691,39,480,0.023875713348388672
4692,40,480,0.0234835147857666
4693,41,480,0.023082494735717773
4694,42,480,0.022674560546875
4695,43,480,0.02173590660095215
4696,44,480,0.021974802017211914
4697,45,480,0.021834611892700195
4698,46,480,0.021737337112426758
4699,47,480,0.020885705947875977
4700,48,480,0.021159648895263672
4701,49,480,0.020921945571899414
4702,50,480,0.020658254623413086
4703,51,480,0.020229101181030273
4704,52,480,0.020370006561279297
4705,53,480,0.020164012908935547
4706,54,480,0.019946813583374023
4707,55,480,0.019547462463378906
4708,56,480,0.019437313079833984
4709,57,480,0.01926136016845703
4710,58,480,0.019231796264648438
4711,59,480,0.018912553787231445
4712,60,480,0.018721342086791992
4713,61,480,0.018515348434448242
4714,62,480,0.01833343505859375
4715,63,480,0.018340587615966797
4716,64,480,0.0180513858795166
4717,65,480,0.01811051368713379
4718,66,480,0.017883777618408203
4719,67,480,0.017909526824951172
4720,68,480,0.017714500427246094
4721,69,480,0.017592191696166992
4722,70,480,0.01743793487548828
4723,71,480,0.017527103424072266
4724,72,480,0.017347335815429688
4725,73,480,0.017194032669067383
4726,74,480,0.016992568969726562
4727,75,480,0.016880512237548828
4728,76,480,0.01679539680480957
4729,77,480,0.016824007034301758
4730,78,480,0.016704082489013672
4731,79,480,0.016449451446533203
4732,80,480,0.016587495803833008
4733,81,480,0.016373872756958008
4734,82,480,0.016016244888305664
4735,83,480,0.015809297561645508
4736,84,480,0.015890121459960938
4737,85,480,0.015727996826171875
4738,86,480,0.015345335006713867
4739,87,480,0.015462160110473633
4740,88,480,0.015257120132446289
4741,89,480,0.015142440795898438
4742,90,480,0.015108823776245117
4743,91,480,0.014886856079101562
4744,92,480,0.014868736267089844
4745,93,480,0.014607667922973633
4746,94,480,0.014000415802001953
4747,95,480,0.014731407165527344
4748,96,480,0.01478719711303711
4749,97,480,0.014551401138305664
4750,98,480,0.01446223258972168
4751,99,480,0.014332771301269531
4752,1,490,0.22641563415527344
4753,2,490,0.17520475387573242
4754,3,490,0.13100004196166992
4755,4,490,0.10190510749816895
4756,5,490,0.09198141098022461
4757,6,490,0.08386826515197754
4758,7,490,0.07525300979614258
4759,8,490,0.06994485855102539
4760,9,490,0.06241750717163086
4761,10,490,0.05658674240112305
4762,11,490,0.05224108695983887
4763,12,490,0.05064201354980469
4764,13,490,0.047904253005981445
4765,14,490,0.046584129333496094
4766,15,490,0.04446864128112793
4767,16,490,0.04182887077331543
4768,17,490,0.04006171226501465
4769,18,490,0.03923654556274414
4770,19,490,0.038247108459472656
4771,20,490,0.03734183311462402
4772,21,490,0.03649282455444336
4773,22,490,0.03542923927307129
4774,23,490,0.03394913673400879
4775,24,490,0.03269505500793457
4776,25,490,0.03253912925720215
4777,26,490,0.03146815299987793
4778,27,490,0.03093862533569336
4779,28,490,0.029947519302368164
4780,29,490,0.029031753540039062
4781,30,490,0.0285642147064209
4782,31,490,0.02826714515686035
4783,32,490,0.027091264724731445
4784,33,490,0.027202129364013672
4785,34,490,0.026619434356689453
4786,35,490,0.026221275329589844
4787,36,490,0.025582075119018555
4788,37,490,0.025268077850341797
4789,38,490,0.02496790885925293
4790,39,490,0.02470993995666504
4791,40,490,0.024268388748168945
4792,41,490,0.023865222930908203
4793,42,490,0.023614883422851562
4794,43,490,0.023494243621826172
4795,44,490,0.022951841354370117
4796,45,490,0.02274298667907715
4797,46,490,0.022497177124023438
4798,47,490,0.02236771583557129
4799,48,490,0.02132892608642578
4800,49,490,0.021839380264282227
4801,50,490,0.021635055541992188
4802,51,490,0.021492719650268555
4803,52,490,0.021161317825317383
4804,53,490,0.02070474624633789
4805,54,490,0.020782470703125
4806,55,490,0.02056574821472168
4807,56,490,0.020302534103393555
4808,57,490,0.020056724548339844
4809,58,490,0.019891738891601562
4810,59,490,0.019763469696044922
4811,60,490,0.01964712142944336
4812,61,490,0.019387006759643555
4813,62,490,0.019184589385986328
4814,63,490,0.019107341766357422
4815,64,490,0.01845073699951172
4816,65,490,0.018953323364257812
4817,66,490,0.018731117248535156
4818,67,490,0.018479108810424805
4819,68,490,0.018706798553466797
4820,69,490,0.018593311309814453
4821,70,490,0.018310070037841797
4822,71,490,0.01831507682800293
4823,72,490,0.01798272132873535
4824,73,490,0.01785111427307129
4825,74,490,0.01775836944580078
4826,75,490,0.017760038375854492
4827,76,490,0.017686843872070312
4828,77,490,0.017511844635009766
4829,78,490,0.01740121841430664
4830,79,490,0.01725912094116211
4831,80,490,0.017101764678955078
4832,81,490,0.016926050186157227
4833,82,490,0.0168912410736084
4834,83,490,0.016645193099975586
4835,84,490,0.016471147537231445
4836,85,490,0.016274452209472656
4837,86,490,0.0161435604095459
4838,87,490,0.016025781631469727
4839,88,490,0.015932321548461914
4840,89,490,0.015774965286254883
4841,90,490,0.015666723251342773
4842,91,490,0.015533447265625
4843,92,490,0.015450477600097656
4844,93,490,0.015254497528076172
4845,94,490,0.015184164047241211
4846,95,490,0.014975309371948242
4847,96,490,0.014754772186279297
4848,97,490,0.015160799026489258
4849,98,490,0.015050649642944336
4850,99,490,0.014864206314086914
