,l_xy,n_pts,time
0,1,10,1.0028645992279053
1,2,10,0.00010395050048828125
2,3,10,7.390975952148438e-05
3,4,10,6.651878356933594e-05
4,5,10,6.198883056640625e-05
5,6,10,5.936622619628906e-05
6,7,10,7.176399230957031e-05
7,8,10,5.1975250244140625e-05
8,9,10,4.4345855712890625e-05
9,10,10,4.887580871582031e-05
10,11,10,4.100799560546875e-05
11,12,10,4.363059997558594e-05
12,13,10,3.838539123535156e-05
13,14,10,4.5299530029296875e-05
14,15,10,4.696846008300781e-05
15,16,10,4.1961669921875e-05
16,17,10,4.1961669921875e-05
17,18,10,3.600120544433594e-05
18,19,10,3.886222839355469e-05
19,20,10,3.528594970703125e-05
20,21,10,3.337860107421875e-05
21,22,10,3.552436828613281e-05
22,23,10,3.3855438232421875e-05
23,24,10,3.600120544433594e-05
24,25,10,3.0279159545898438e-05
25,26,10,3.552436828613281e-05
26,27,10,3.0517578125e-05
27,28,10,3.0279159545898438e-05
28,29,10,2.5510787963867188e-05
29,30,10,3.123283386230469e-05
30,31,10,3.0517578125e-05
31,32,10,3.170967102050781e-05
32,33,10,3.838539123535156e-05
33,34,10,2.9087066650390625e-05
34,35,10,2.5987625122070312e-05
35,36,10,2.9087066650390625e-05
36,37,10,2.765655517578125e-05
37,38,10,3.4332275390625e-05
38,39,10,2.574920654296875e-05
39,40,10,2.7894973754882812e-05
40,41,10,2.8371810913085938e-05
41,42,10,3.0279159545898438e-05
42,43,10,3.0279159545898438e-05
43,44,10,2.765655517578125e-05
44,45,10,2.5510787963867188e-05
45,46,10,2.765655517578125e-05
46,47,10,3.62396240234375e-05
47,48,10,3.4809112548828125e-05
48,49,10,2.4318695068359375e-05
49,50,10,2.6702880859375e-05
50,51,10,2.5033950805664062e-05
51,52,10,2.6464462280273438e-05
52,53,10,2.6226043701171875e-05
53,54,10,2.7418136596679688e-05
54,55,10,2.384185791015625e-05
55,56,10,2.5510787963867188e-05
56,57,10,2.47955322265625e-05
57,58,10,2.6464462280273438e-05
58,59,10,3.075599670410156e-05
59,60,10,2.8133392333984375e-05
60,61,10,2.47955322265625e-05
61,62,10,2.7179718017578125e-05
62,63,10,2.5033950805664062e-05
63,64,10,2.5510787963867188e-05
64,65,10,2.574920654296875e-05
65,66,10,2.7179718017578125e-05
66,67,10,2.47955322265625e-05
67,68,10,2.8371810913085938e-05
68,69,10,2.4318695068359375e-05
69,70,10,2.5987625122070312e-05
70,71,10,3.075599670410156e-05
71,72,10,2.7418136596679688e-05
72,73,10,2.5272369384765625e-05
73,74,10,2.5510787963867188e-05
74,75,10,2.4557113647460938e-05
75,76,10,2.7179718017578125e-05
76,77,10,2.4080276489257812e-05
77,78,10,2.574920654296875e-05
78,79,10,2.9087066650390625e-05
79,80,10,2.5987625122070312e-05
80,81,10,2.5272369384765625e-05
81,82,10,3.647804260253906e-05
82,83,10,2.384185791015625e-05
83,84,10,3.218650817871094e-05
84,85,10,2.6941299438476562e-05
85,86,10,2.5033950805664062e-05
86,87,10,2.4080276489257812e-05
87,88,10,2.5033950805664062e-05
88,89,10,2.288818359375e-05
89,90,10,2.5272369384765625e-05
90,91,10,2.3365020751953125e-05
91,92,10,2.6464462280273438e-05
92,93,10,2.4080276489257812e-05
93,94,10,2.5987625122070312e-05
94,95,10,2.3365020751953125e-05
95,96,10,2.47955322265625e-05
96,97,10,2.4080276489257812e-05
97,98,10,2.5510787963867188e-05
98,99,10,2.3603439331054688e-05
99,1,20,0.0002617835998535156
100,2,20,0.0001811981201171875
101,3,20,0.0001938343048095703
102,4,20,0.00020647048950195312
103,5,20,0.0001780986785888672
104,6,20,0.00016188621520996094
105,7,20,0.00014543533325195312
106,8,20,0.00013136863708496094
107,9,20,0.00012111663818359375
108,10,20,0.00012087821960449219
109,11,20,0.00011777877807617188
110,12,20,0.00010156631469726562
111,13,20,9.989738464355469e-05
112,14,20,0.00011181831359863281
113,15,20,0.00010085105895996094
114,16,20,9.012222290039062e-05
115,17,20,9.012222290039062e-05
116,18,20,8.940696716308594e-05
117,19,20,8.392333984375e-05
118,20,20,7.963180541992188e-05
119,21,20,6.961822509765625e-05
120,22,20,7.009506225585938e-05
121,23,20,7.867813110351562e-05
122,24,20,9.369850158691406e-05
123,25,20,7.510185241699219e-05
124,26,20,7.2479248046875e-05
125,27,20,8.344650268554688e-05
126,28,20,6.29425048828125e-05
127,29,20,7.43865966796875e-05
128,30,20,6.651878356933594e-05
129,31,20,7.414817810058594e-05
130,32,20,6.413459777832031e-05
131,33,20,6.961822509765625e-05
132,34,20,5.841255187988281e-05
133,35,20,6.604194641113281e-05
134,36,20,5.841255187988281e-05
135,37,20,5.745887756347656e-05
136,38,20,6.008148193359375e-05
137,39,20,6.270408630371094e-05
138,40,20,5.650520324707031e-05
139,41,20,6.437301635742188e-05
140,42,20,5.984306335449219e-05
141,43,20,6.341934204101562e-05
142,44,20,5.0067901611328125e-05
143,45,20,5.698204040527344e-05
144,46,20,5.3882598876953125e-05
145,47,20,5.745887756347656e-05
146,48,20,5.1021575927734375e-05
147,49,20,5.412101745605469e-05
148,50,20,5.507469177246094e-05
149,51,20,5.984306335449219e-05
150,52,20,4.7206878662109375e-05
151,53,20,5.650520324707031e-05
152,54,20,5.245208740234375e-05
153,55,20,5.1975250244140625e-05
154,56,20,5.1021575927734375e-05
155,57,20,4.8160552978515625e-05
156,58,20,4.935264587402344e-05
157,59,20,4.291534423828125e-05
158,60,20,3.719329833984375e-05
159,61,20,4.410743713378906e-05
160,62,20,5.221366882324219e-05
161,63,20,4.553794860839844e-05
162,64,20,4.673004150390625e-05
163,65,20,4.744529724121094e-05
164,66,20,4.363059997558594e-05
165,67,20,4.696846008300781e-05
166,68,20,4.935264587402344e-05
167,69,20,4.57763671875e-05
168,70,20,4.506111145019531e-05
169,71,20,4.696846008300781e-05
170,72,20,4.3392181396484375e-05
171,73,20,4.3392181396484375e-05
172,74,20,4.3392181396484375e-05
173,75,20,4.291534423828125e-05
174,76,20,4.3392181396484375e-05
175,77,20,4.673004150390625e-05
176,78,20,4.3392181396484375e-05
177,79,20,4.673004150390625e-05
178,80,20,5.221366882324219e-05
179,81,20,4.6253204345703125e-05
180,82,20,3.910064697265625e-05
181,83,20,4.9591064453125e-05
182,84,20,4.100799560546875e-05
183,85,20,4.649162292480469e-05
184,86,20,4.0531158447265625e-05
185,87,20,4.029273986816406e-05
186,88,20,4.0531158447265625e-05
187,89,20,4.315376281738281e-05
188,90,20,4.1961669921875e-05
189,91,20,4.124641418457031e-05
190,92,20,3.933906555175781e-05
191,93,20,4.267692565917969e-05
192,94,20,4.029273986816406e-05
193,95,20,3.9577484130859375e-05
194,96,20,4.029273986816406e-05
195,97,20,4.220008850097656e-05
196,98,20,5.1975250244140625e-05
197,99,20,4.172325134277344e-05
198,1,30,0.0005316734313964844
199,2,30,0.0004029273986816406
200,3,30,0.0003895759582519531
201,4,30,0.0004792213439941406
202,5,30,0.00037789344787597656
203,6,30,0.00028395652770996094
204,7,30,0.0002562999725341797
205,8,30,0.00029087066650390625
206,9,30,0.0002551078796386719
207,10,30,0.00022101402282714844
208,11,30,0.00021338462829589844
209,12,30,0.00017452239990234375
210,13,30,0.0001971721649169922
211,14,30,0.00018930435180664062
212,15,30,0.00019097328186035156
213,16,30,0.0001666545867919922
214,17,30,0.00014090538024902344
215,18,30,0.00015115737915039062
216,19,30,0.00013685226440429688
217,20,30,0.0001437664031982422
218,21,30,0.0001404285430908203
219,22,30,0.0001571178436279297
220,23,30,0.00012564659118652344
221,24,30,0.0001323223114013672
222,25,30,0.000110626220703125
223,26,30,0.0001289844512939453
224,27,30,0.00012040138244628906
225,28,30,0.00011324882507324219
226,29,30,0.00012350082397460938
227,30,30,0.00010442733764648438
228,31,30,0.00011754035949707031
229,32,30,0.0001068115234375
230,33,30,0.00010418891906738281
231,34,30,0.00011014938354492188
232,35,30,0.00010609626770019531
233,36,30,0.00011110305786132812
234,37,30,0.000102996826171875
235,38,30,0.00010275840759277344
236,39,30,0.00011324882507324219
237,40,30,9.775161743164062e-05
238,41,30,9.775161743164062e-05
239,42,30,9.560585021972656e-05
240,43,30,9.918212890625e-05
241,44,30,0.00010728836059570312
242,45,30,9.655952453613281e-05
243,46,30,0.00010251998901367188
244,47,30,0.00010037422180175781
245,48,30,0.00010895729064941406
246,49,30,0.00010013580322265625
247,50,30,9.560585021972656e-05
248,51,30,9.036064147949219e-05
249,52,30,9.202957153320312e-05
250,53,30,8.368492126464844e-05
251,54,30,8.96453857421875e-05
252,55,30,8.654594421386719e-05
253,56,30,8.678436279296875e-05
254,57,30,8.20159912109375e-05
255,58,30,7.772445678710938e-05
256,59,30,8.7738037109375e-05
257,60,30,8.416175842285156e-05
258,61,30,8.869171142578125e-05
259,62,30,8.440017700195312e-05
260,63,30,8.416175842285156e-05
261,64,30,7.295608520507812e-05
262,65,30,8.320808410644531e-05
263,66,30,7.796287536621094e-05
264,67,30,7.271766662597656e-05
265,68,30,7.700920104980469e-05
266,69,30,7.748603820800781e-05
267,70,30,7.390975952148438e-05
268,71,30,8.058547973632812e-05
269,72,30,7.772445678710938e-05
270,73,30,6.937980651855469e-05
271,74,30,8.0108642578125e-05
272,75,30,7.224082946777344e-05
273,76,30,7.486343383789062e-05
274,77,30,6.914138793945312e-05
275,78,30,7.843971252441406e-05
276,79,30,7.557868957519531e-05
277,80,30,7.581710815429688e-05
278,81,30,6.508827209472656e-05
279,82,30,7.200241088867188e-05
280,83,30,7.343292236328125e-05
281,84,30,6.842613220214844e-05
282,85,30,7.176399230957031e-05
283,86,30,7.343292236328125e-05
284,87,30,6.532669067382812e-05
285,88,30,6.67572021484375e-05
286,89,30,6.4849853515625e-05
287,90,30,6.318092346191406e-05
288,91,30,5.7697296142578125e-05
289,92,30,5.340576171875e-05
290,93,30,7.081031799316406e-05
291,94,30,6.198883056640625e-05
292,95,30,6.651878356933594e-05
293,96,30,6.67572021484375e-05
294,97,30,6.365776062011719e-05
295,98,30,5.936622619628906e-05
296,99,30,5.817413330078125e-05
297,1,40,0.0009329319000244141
298,2,40,0.0006608963012695312
299,3,40,0.0006003379821777344
300,4,40,0.0005562305450439453
301,5,40,0.0006415843963623047
302,6,40,0.0004839897155761719
303,7,40,0.0004265308380126953
304,8,40,0.000514984130859375
305,9,40,0.0003902912139892578
306,10,40,0.0004076957702636719
307,11,40,0.00041031837463378906
308,12,40,0.0003647804260253906
309,13,40,0.0003228187561035156
310,14,40,0.0002956390380859375
311,15,40,0.00028324127197265625
312,16,40,0.00025773048400878906
313,17,40,0.000274658203125
314,18,40,0.00025963783264160156
315,19,40,0.0002644062042236328
316,20,40,0.00021767616271972656
317,21,40,0.0002281665802001953
318,22,40,0.00023221969604492188
319,23,40,0.00020194053649902344
320,24,40,0.00021529197692871094
321,25,40,0.0001995563507080078
322,26,40,0.00020360946655273438
323,27,40,0.00018906593322753906
324,28,40,0.00022363662719726562
325,29,40,0.00019288063049316406
326,30,40,0.0001773834228515625
327,31,40,0.00016689300537109375
328,32,40,0.00017070770263671875
329,33,40,0.00017380714416503906
330,34,40,0.00017595291137695312
331,35,40,0.0001575946807861328
332,36,40,0.0001475811004638672
333,37,40,0.00014710426330566406
334,38,40,0.0001456737518310547
335,39,40,0.00014925003051757812
336,40,40,0.0001468658447265625
337,41,40,0.0001430511474609375
338,42,40,0.0001373291015625
339,43,40,0.00013875961303710938
340,44,40,0.0001404285430908203
341,45,40,0.00013709068298339844
342,46,40,0.00012350082397460938
343,47,40,0.0001423358917236328
344,48,40,0.00013494491577148438
345,49,40,0.00012111663818359375
346,50,40,0.00013303756713867188
347,51,40,0.00013971328735351562
348,52,40,0.00013589859008789062
349,53,40,0.00013375282287597656
350,54,40,0.00013256072998046875
351,55,40,0.00013208389282226562
352,56,40,0.00013065338134765625
353,57,40,0.00014066696166992188
354,58,40,0.0001308917999267578
355,59,40,0.00012254714965820312
356,60,40,0.00013208389282226562
357,61,40,0.00012421607971191406
358,62,40,0.00012135505676269531
359,63,40,0.00011563301086425781
360,64,40,0.0001246929168701172
361,65,40,0.0001201629638671875
362,66,40,0.0001246929168701172
363,67,40,0.00012040138244628906
364,68,40,0.000118255615234375
365,69,40,0.00011110305786132812
366,70,40,0.00011014938354492188
367,71,40,0.0001270771026611328
368,72,40,0.00010609626770019531
369,73,40,0.00010228157043457031
370,74,40,0.0001010894775390625
371,75,40,0.00010371208190917969
372,76,40,9.918212890625e-05
373,77,40,0.00010585784912109375
374,78,40,9.655952453613281e-05
375,79,40,0.00010347366333007812
376,80,40,0.00010991096496582031
377,81,40,0.00011014938354492188
378,82,40,0.00011563301086425781
379,83,40,0.00011134147644042969
380,84,40,0.0001087188720703125
381,85,40,0.00010848045349121094
382,86,40,0.00010180473327636719
383,87,40,0.00010442733764648438
384,88,40,9.679794311523438e-05
385,89,40,9.965896606445312e-05
386,90,40,0.00010085105895996094
387,91,40,9.870529174804688e-05
388,92,40,9.489059448242188e-05
389,93,40,0.00010251998901367188
390,94,40,9.632110595703125e-05
391,95,40,0.00010228157043457031
392,96,40,9.322166442871094e-05
393,97,40,9.918212890625e-05
394,98,40,9.846687316894531e-05
395,99,40,9.34600830078125e-05
396,1,50,0.001271963119506836
397,2,50,0.0010471343994140625
398,3,50,0.0009381771087646484
399,4,50,0.0009152889251708984
400,5,50,0.0008428096771240234
401,6,50,0.0007488727569580078
402,7,50,0.0006835460662841797
403,8,50,0.0006515979766845703
404,9,50,0.00057220458984375
405,10,50,0.0005624294281005859
406,11,50,0.0005650520324707031
407,12,50,0.0004837512969970703
408,13,50,0.0004551410675048828
409,14,50,0.0003914833068847656
410,15,50,0.00041675567626953125
411,16,50,0.0003886222839355469
412,17,50,0.00037550926208496094
413,18,50,0.0003669261932373047
414,19,50,0.00031113624572753906
415,20,50,0.00032329559326171875
416,21,50,0.0003268718719482422
417,22,50,0.00029397010803222656
418,23,50,0.0003063678741455078
419,24,50,0.0002968311309814453
420,25,50,0.0002923011779785156
421,26,50,0.00030350685119628906
422,27,50,0.0002758502960205078
423,28,50,0.0002658367156982422
424,29,50,0.0002536773681640625
425,30,50,0.0002601146697998047
426,31,50,0.0002377033233642578
427,32,50,0.00024962425231933594
428,33,50,0.00027561187744140625
429,34,50,0.0002570152282714844
430,35,50,0.0002448558807373047
431,36,50,0.0002570152282714844
432,37,50,0.0002372264862060547
433,38,50,0.0002269744873046875
434,39,50,0.00021958351135253906
435,40,50,0.00021314620971679688
436,41,50,0.00022482872009277344
437,42,50,0.0002148151397705078
438,43,50,0.0002224445343017578
439,44,50,0.00023031234741210938
440,45,50,0.00019741058349609375
441,46,50,0.0002281665802001953
442,47,50,0.00019121170043945312
443,48,50,0.000202178955078125
444,49,50,0.00019478797912597656
445,50,50,0.0001995563507080078
446,51,50,0.0001742839813232422
447,52,50,0.00019502639770507812
448,53,50,0.00018286705017089844
449,54,50,0.0001804828643798828
450,55,50,0.0001819133758544922
451,56,50,0.0001804828643798828
452,57,50,0.0001780986785888672
453,58,50,0.00017118453979492188
454,59,50,0.0001761913299560547
455,60,50,0.00018072128295898438
456,61,50,0.00017952919006347656
457,62,50,0.0001709461212158203
458,63,50,0.000171661376953125
459,64,50,0.0001666545867919922
460,65,50,0.00016641616821289062
461,66,50,0.0001518726348876953
462,67,50,0.00016188621520996094
463,68,50,0.00017333030700683594
464,69,50,0.0001628398895263672
465,70,50,0.00015282630920410156
466,71,50,0.00017642974853515625
467,72,50,0.0001690387725830078
468,73,50,0.0001723766326904297
469,74,50,0.00017213821411132812
470,75,50,0.00015854835510253906
471,76,50,0.0001628398895263672
472,77,50,0.00019168853759765625
473,78,50,0.00015854835510253906
474,79,50,0.00015473365783691406
475,80,50,0.00015854835510253906
476,81,50,0.00016021728515625
477,82,50,0.00015425682067871094
478,83,50,0.00014638900756835938
479,84,50,0.00015807151794433594
480,85,50,0.00014162063598632812
481,86,50,0.0001468658447265625
482,87,50,0.00013709068298339844
483,88,50,0.00014710426330566406
484,89,50,0.00014543533325195312
485,90,50,0.0001513957977294922
486,91,50,0.00014972686767578125
487,92,50,0.00013780593872070312
488,93,50,0.0001342296600341797
489,94,50,0.0001456737518310547
490,95,50,0.0001354217529296875
491,96,50,0.00013303756713867188
492,97,50,0.000133514404296875
493,98,50,0.000133514404296875
494,99,50,0.0001533031463623047
495,1,60,0.0017900466918945312
496,2,60,0.0014848709106445312
497,3,60,0.0013074874877929688
498,4,60,0.0012900829315185547
499,5,60,0.0012216567993164062
500,6,60,0.0010488033294677734
501,7,60,0.0009367465972900391
502,8,60,0.000911712646484375
503,9,60,0.0008366107940673828
504,10,60,0.0007464885711669922
505,11,60,0.0007579326629638672
506,12,60,0.0006659030914306641
507,13,60,0.0006380081176757812
508,14,60,0.0006263256072998047
509,15,60,0.0005965232849121094
510,16,60,0.0005726814270019531
511,17,60,0.0005316734313964844
512,18,60,0.0005040168762207031
513,19,60,0.0004677772521972656
514,20,60,0.00047135353088378906
515,21,60,0.0004513263702392578
516,22,60,0.00042176246643066406
517,23,60,0.0003840923309326172
518,24,60,0.0004062652587890625
519,25,60,0.00039768218994140625
520,26,60,0.0004088878631591797
521,27,60,0.00037097930908203125
522,28,60,0.0003714561462402344
523,29,60,0.0003750324249267578
524,30,60,0.00036072731018066406
525,31,60,0.00037360191345214844
526,32,60,0.0003514289855957031
527,33,60,0.00034499168395996094
528,34,60,0.00032329559326171875
529,35,60,0.0003368854522705078
530,36,60,0.0003266334533691406
531,37,60,0.0002951622009277344
532,38,60,0.0003070831298828125
533,39,60,0.00030732154846191406
534,40,60,0.00031757354736328125
535,41,60,0.0003142356872558594
536,42,60,0.0003209114074707031
537,43,60,0.00030517578125
538,44,60,0.0003037452697753906
539,45,60,0.00029158592224121094
540,46,60,0.0002796649932861328
541,47,60,0.00027942657470703125
542,48,60,0.0002791881561279297
543,49,60,0.00028324127197265625
544,50,60,0.00026869773864746094
545,51,60,0.0002620220184326172
546,52,60,0.00026488304138183594
547,53,60,0.00025391578674316406
548,54,60,0.0002465248107910156
549,55,60,0.0002472400665283203
550,56,60,0.00024509429931640625
551,57,60,0.00024175643920898438
552,58,60,0.0002338886260986328
553,59,60,0.0002467632293701172
554,60,60,0.0002377033233642578
555,61,60,0.00023102760314941406
556,62,60,0.00021958351135253906
557,63,60,0.0002307891845703125
558,64,60,0.00022912025451660156
559,65,60,0.00022363662719726562
560,66,60,0.00022101402282714844
561,67,60,0.00022482872009277344
562,68,60,0.0002105236053466797
563,69,60,0.00020837783813476562
564,70,60,0.00021219253540039062
565,71,60,0.00022840499877929688
566,72,60,0.00022602081298828125
567,73,60,0.0002079010009765625
568,74,60,0.00020575523376464844
569,75,60,0.00022149085998535156
570,76,60,0.00021576881408691406
571,77,60,0.0002048015594482422
572,78,60,0.00020360946655273438
573,79,60,0.00020647048950195312
574,80,60,0.0002002716064453125
575,81,60,0.0002090930938720703
576,82,60,0.00022172927856445312
577,83,60,0.00020885467529296875
578,84,60,0.00022172927856445312
579,85,60,0.0002002716064453125
580,86,60,0.00020551681518554688
581,87,60,0.00020313262939453125
582,88,60,0.00020265579223632812
583,89,60,0.00021600723266601562
584,90,60,0.0001971721649169922
585,91,60,0.00019693374633789062
586,92,60,0.00020933151245117188
587,93,60,0.00017952919006347656
588,94,60,0.0001983642578125
589,95,60,0.00020003318786621094
590,96,60,0.00019621849060058594
591,97,60,0.0001995563507080078
592,98,60,0.00018334388732910156
593,99,60,0.00019693374633789062
594,1,70,0.002418994903564453
595,2,70,0.0020368099212646484
596,3,70,0.0017614364624023438
597,4,70,0.0017547607421875
598,5,70,0.001682281494140625
599,6,70,0.0014295578002929688
600,7,70,0.0013506412506103516
601,8,70,0.0012085437774658203
602,9,70,0.0010879039764404297
603,10,70,0.0010461807250976562
604,11,70,0.0010042190551757812
605,12,70,0.0009295940399169922
606,13,70,0.0008418560028076172
607,14,70,0.0008194446563720703
608,15,70,0.0007772445678710938
609,16,70,0.0007379055023193359
610,17,70,0.0007228851318359375
611,18,70,0.0006508827209472656
612,19,70,0.0006456375122070312
613,20,70,0.0006330013275146484
614,21,70,0.0006234645843505859
615,22,70,0.0005786418914794922
616,23,70,0.0005714893341064453
617,24,70,0.0005667209625244141
618,25,70,0.0005240440368652344
619,26,70,0.0004971027374267578
620,27,70,0.0004458427429199219
621,28,70,0.00047469139099121094
622,29,70,0.00048422813415527344
623,30,70,0.00047326087951660156
624,31,70,0.0004687309265136719
625,32,70,0.0004706382751464844
626,33,70,0.00046181678771972656
627,34,70,0.0004749298095703125
628,35,70,0.0004379749298095703
629,36,70,0.0004799365997314453
630,37,70,0.00040435791015625
631,38,70,0.0004324913024902344
632,39,70,0.00041937828063964844
633,40,70,0.0004017353057861328
634,41,70,0.0003948211669921875
635,42,70,0.0004038810729980469
636,43,70,0.0003807544708251953
637,44,70,0.0003650188446044922
638,45,70,0.0003657341003417969
639,46,70,0.00036334991455078125
640,47,70,0.0003948211669921875
641,48,70,0.0003819465637207031
642,49,70,0.00037384033203125
643,50,70,0.0003693103790283203
644,51,70,0.0003972053527832031
645,52,70,0.0003707408905029297
646,53,70,0.00034117698669433594
647,54,70,0.0003299713134765625
648,55,70,0.0003635883331298828
649,56,70,0.0003249645233154297
650,57,70,0.0003235340118408203
651,58,70,0.0004127025604248047
652,59,70,0.00032520294189453125
653,60,70,0.00032019615173339844
654,61,70,0.0003190040588378906
655,62,70,0.0003211498260498047
656,63,70,0.0003020763397216797
657,64,70,0.0003037452697753906
658,65,70,0.0003108978271484375
659,66,70,0.0002932548522949219
660,67,70,0.00029587745666503906
661,68,70,0.0002887248992919922
662,69,70,0.0002791881561279297
663,70,70,0.0002841949462890625
664,71,70,0.0002884864807128906
665,72,70,0.0002586841583251953
666,73,70,0.0002818107604980469
667,74,70,0.0002810955047607422
668,75,70,0.00027108192443847656
669,76,70,0.0002658367156982422
670,77,70,0.0002636909484863281
671,78,70,0.00026869773864746094
672,79,70,0.0002579689025878906
673,80,70,0.0002627372741699219
674,81,70,0.0002505779266357422
675,82,70,0.0002529621124267578
676,83,70,0.00027060508728027344
677,84,70,0.0002570152282714844
678,85,70,0.00025725364685058594
679,86,70,0.0002510547637939453
680,87,70,0.00025177001953125
681,88,70,0.0002574920654296875
682,89,70,0.0002541542053222656
683,90,70,0.00025200843811035156
684,91,70,0.00024700164794921875
685,92,70,0.00024962425231933594
686,93,70,0.00024318695068359375
687,94,70,0.0002627372741699219
688,95,70,0.0002644062042236328
689,96,70,0.0002582073211669922
690,97,70,0.00023627281188964844
691,98,70,0.0002491474151611328
692,99,70,0.00024390220642089844
693,1,80,0.003107309341430664
694,2,80,0.002635478973388672
695,3,80,0.0022699832916259766
696,4,80,0.0022788047790527344
697,5,80,0.002156972885131836
698,6,80,0.001842498779296875
699,7,80,0.0017032623291015625
700,8,80,0.001683950424194336
701,9,80,0.0014431476593017578
702,10,80,0.0017881393432617188
703,11,80,0.0012974739074707031
704,12,80,0.001176595687866211
705,13,80,0.0011315345764160156
706,14,80,0.0010120868682861328
707,15,80,0.0010104179382324219
708,16,80,0.0009729862213134766
709,17,80,0.0009315013885498047
710,18,80,0.0008761882781982422
711,19,80,0.0008337497711181641
712,20,80,0.0008020401000976562
713,21,80,0.0007815361022949219
714,22,80,0.0007419586181640625
715,23,80,0.0007352828979492188
716,24,80,0.0007402896881103516
717,25,80,0.0006837844848632812
718,26,80,0.0006480216979980469
719,27,80,0.000675201416015625
720,28,80,0.0006356239318847656
721,29,80,0.0006194114685058594
722,30,80,0.0006020069122314453
723,31,80,0.0005023479461669922
724,32,80,0.0005624294281005859
725,33,80,0.0005619525909423828
726,34,80,0.0005598068237304688
727,35,80,0.0005552768707275391
728,36,80,0.0005474090576171875
729,37,80,0.0005469322204589844
730,38,80,0.0005481243133544922
731,39,80,0.0005612373352050781
732,40,80,0.0005269050598144531
733,41,80,0.0005085468292236328
734,42,80,0.0004951953887939453
735,43,80,0.0004963874816894531
736,44,80,0.00048732757568359375
737,45,80,0.0004925727844238281
738,46,80,0.0004718303680419922
739,47,80,0.0004699230194091797
740,48,80,0.0004961490631103516
741,49,80,0.0004677772521972656
742,50,80,0.0004596710205078125
743,51,80,0.0004525184631347656
744,52,80,0.0004436969757080078
745,53,80,0.0004489421844482422
746,54,80,0.00044536590576171875
747,55,80,0.00044989585876464844
748,56,80,0.0004534721374511719
749,57,80,0.0004298686981201172
750,58,80,0.0004425048828125
751,59,80,0.0004410743713378906
752,60,80,0.0004215240478515625
753,61,80,0.00040221214294433594
754,62,80,0.0003895759582519531
755,63,80,0.0003998279571533203
756,64,80,0.00038695335388183594
757,65,80,0.0003898143768310547
758,66,80,0.0003979206085205078
759,67,80,0.0003821849822998047
760,68,80,0.00037741661071777344
761,69,80,0.00039315223693847656
762,70,80,0.0003807544708251953
763,71,80,0.00035381317138671875
764,72,80,0.0003597736358642578
765,73,80,0.000335693359375
766,74,80,0.0003437995910644531
767,75,80,0.0003490447998046875
768,76,80,0.0003421306610107422
769,77,80,0.0003325939178466797
770,78,80,0.00034117698669433594
771,79,80,0.0003445148468017578
772,80,80,0.0003428459167480469
773,81,80,0.00034332275390625
774,82,80,0.00032591819763183594
775,83,80,0.0003094673156738281
776,84,80,0.0003211498260498047
777,85,80,0.0003285408020019531
778,86,80,0.0003199577331542969
779,87,80,0.0003180503845214844
780,88,80,0.00031447410583496094
781,89,80,0.0003173351287841797
782,90,80,0.0003161430358886719
783,91,80,0.0003075599670410156
784,92,80,0.0003101825714111328
785,93,80,0.0002808570861816406
786,94,80,0.0003075599670410156
787,95,80,0.0003094673156738281
788,96,80,0.0003123283386230469
789,97,80,0.00031065940856933594
790,98,80,0.0002982616424560547
791,99,80,0.0002961158752441406
792,1,90,0.00398564338684082
793,2,90,0.003309011459350586
794,3,90,0.0029404163360595703
795,4,90,0.002907276153564453
796,5,90,0.0027120113372802734
797,6,90,0.002385377883911133
798,7,90,0.002155303955078125
799,8,90,0.0020287036895751953
800,9,90,0.001867532730102539
801,10,90,0.0017256736755371094
802,11,90,0.0016169548034667969
803,12,90,0.0015006065368652344
804,13,90,0.001390218734741211
805,14,90,0.0012769699096679688
806,15,90,0.0012636184692382812
807,16,90,0.0011668205261230469
808,17,90,0.0011227130889892578
809,18,90,0.0010836124420166016
810,19,90,0.0010564327239990234
811,20,90,0.0010669231414794922
812,21,90,0.0009765625
813,22,90,0.0009407997131347656
814,23,90,0.0009067058563232422
815,24,90,0.0008831024169921875
816,25,90,0.000843048095703125
817,26,90,0.0008571147918701172
818,27,90,0.0008299350738525391
819,28,90,0.0008242130279541016
820,29,90,0.0007653236389160156
821,30,90,0.0007886886596679688
822,31,90,0.0007534027099609375
823,32,90,0.0007290840148925781
824,33,90,0.0007367134094238281
825,34,90,0.000675201416015625
826,35,90,0.0006182193756103516
827,36,90,0.0006723403930664062
828,37,90,0.0006747245788574219
829,38,90,0.0006580352783203125
830,39,90,0.0006473064422607422
831,40,90,0.0006458759307861328
832,41,90,0.0006392002105712891
833,42,90,0.0006237030029296875
834,43,90,0.0006411075592041016
835,44,90,0.0006325244903564453
836,45,90,0.0006198883056640625
837,46,90,0.0006029605865478516
838,47,90,0.0005972385406494141
839,48,90,0.0005729198455810547
840,49,90,0.0005741119384765625
841,50,90,0.000583648681640625
842,51,90,0.0005528926849365234
843,52,90,0.0005495548248291016
844,53,90,0.0005352497100830078
845,54,90,0.0005462169647216797
846,55,90,0.0005474090576171875
847,56,90,0.0004856586456298828
848,57,90,0.0005152225494384766
849,58,90,0.0005178451538085938
850,59,90,0.0005211830139160156
851,60,90,0.000537872314453125
852,61,90,0.0005173683166503906
853,62,90,0.0005238056182861328
854,63,90,0.0005199909210205078
855,64,90,0.0005154609680175781
856,65,90,0.000514984130859375
857,66,90,0.0005021095275878906
858,67,90,0.0005037784576416016
859,68,90,0.00048041343688964844
860,69,90,0.00047707557678222656
861,70,90,0.0004374980926513672
862,71,90,0.00045752525329589844
863,72,90,0.0004525184631347656
864,73,90,0.0004372596740722656
865,74,90,0.00044727325439453125
866,75,90,0.00044798851013183594
867,76,90,0.00044155120849609375
868,77,90,0.0004253387451171875
869,78,90,0.00043964385986328125
870,79,90,0.0004246234893798828
871,80,90,0.0004153251647949219
872,81,90,0.0004150867462158203
873,82,90,0.0004258155822753906
874,83,90,0.0004074573516845703
875,84,90,0.00042128562927246094
876,85,90,0.0004012584686279297
877,86,90,0.00040602684020996094
878,87,90,0.00041747093200683594
879,88,90,0.0004000663757324219
880,89,90,0.0003924369812011719
881,90,90,0.00039649009704589844
882,91,90,0.0004019737243652344
883,92,90,0.0003867149353027344
884,93,90,0.0003628730773925781
885,94,90,0.0003826618194580078
886,95,90,0.0003693103790283203
887,96,90,0.0003743171691894531
888,97,90,0.00038552284240722656
889,98,90,0.000370025634765625
890,99,90,0.0003809928894042969
891,1,100,0.004846334457397461
892,2,100,0.004149436950683594
893,3,100,0.003576040267944336
894,4,100,0.003522157669067383
895,5,100,0.0033173561096191406
896,6,100,0.0028519630432128906
897,7,100,0.002682924270629883
898,8,100,0.0024819374084472656
899,9,100,0.0022444725036621094
900,10,100,0.0021059513092041016
901,11,100,0.0020456314086914062
902,12,100,0.0018849372863769531
903,13,100,0.001649618148803711
904,14,100,0.0016551017761230469
905,15,100,0.0015206336975097656
906,16,100,0.0014803409576416016
907,17,100,0.001367330551147461
908,18,100,0.001332998275756836
909,19,100,0.0013134479522705078
910,20,100,0.0012347698211669922
911,21,100,0.0012164115905761719
912,22,100,0.0011551380157470703
913,23,100,0.0011267662048339844
914,24,100,0.0010952949523925781
915,25,100,0.0010755062103271484
916,26,100,0.0010068416595458984
917,27,100,0.0009860992431640625
918,28,100,0.0009737014770507812
919,29,100,0.0009799003601074219
920,30,100,0.0009560585021972656
921,31,100,0.0009043216705322266
922,32,100,0.0008978843688964844
923,33,100,0.0008873939514160156
924,34,100,0.0008857250213623047
925,35,100,0.0008203983306884766
926,36,100,0.00084686279296875
927,37,100,0.0008280277252197266
928,38,100,0.0007770061492919922
929,39,100,0.0007452964782714844
930,40,100,0.000782012939453125
931,41,100,0.0007615089416503906
932,42,100,0.0007624626159667969
933,43,100,0.0007607936859130859
934,44,100,0.0007741451263427734
935,45,100,0.0007379055023193359
936,46,100,0.0007393360137939453
937,47,100,0.0007281303405761719
938,48,100,0.0007169246673583984
939,49,100,0.0007212162017822266
940,50,100,0.0006995201110839844
941,51,100,0.00067901611328125
942,52,100,0.0006771087646484375
943,53,100,0.0006718635559082031
944,54,100,0.0006535053253173828
945,55,100,0.0006642341613769531
946,56,100,0.0006527900695800781
947,57,100,0.0006349086761474609
948,58,100,0.0006592273712158203
949,59,100,0.0006148815155029297
950,60,100,0.0006256103515625
951,61,100,0.0006253719329833984
952,62,100,0.0005819797515869141
953,63,100,0.0005998611450195312
954,64,100,0.0005903244018554688
955,65,100,0.000591278076171875
956,66,100,0.0005824565887451172
957,67,100,0.0005843639373779297
958,68,100,0.0005810260772705078
959,69,100,0.0006034374237060547
960,70,100,0.0005886554718017578
961,71,100,0.0005941390991210938
962,72,100,0.0005817413330078125
963,73,100,0.0006010532379150391
964,74,100,0.0005891323089599609
965,75,100,0.0005702972412109375
966,76,100,0.0005524158477783203
967,77,100,0.0005271434783935547
968,78,100,0.0004971027374267578
969,79,100,0.000553131103515625
970,80,100,0.0005261898040771484
971,81,100,0.0005164146423339844
972,82,100,0.0005164146423339844
973,83,100,0.0005106925964355469
974,84,100,0.0005054473876953125
975,85,100,0.0004971027374267578
976,86,100,0.0005047321319580078
977,87,100,0.0004961490631103516
978,88,100,0.0004918575286865234
979,89,100,0.0004687309265136719
980,90,100,0.00048470497131347656
981,91,100,0.0004801750183105469
982,92,100,0.0004711151123046875
983,93,100,0.0004897117614746094
984,94,100,0.00046825408935546875
985,95,100,0.00045013427734375
986,96,100,0.00045752525329589844
987,97,100,0.0004572868347167969
988,98,100,0.0004527568817138672
989,99,100,0.0004494190216064453
990,1,110,0.0058629512786865234
991,2,110,0.004930734634399414
992,3,110,0.004351139068603516
993,4,110,0.004406929016113281
994,5,110,0.003969669342041016
995,6,110,0.003443479537963867
996,7,110,0.0031533241271972656
997,8,110,0.0030410289764404297
998,9,110,0.002636432647705078
999,10,110,0.0025224685668945312
1000,11,110,0.002464771270751953
1001,12,110,0.002245187759399414
1002,13,110,0.0020971298217773438
1003,14,110,0.0019774436950683594
1004,15,110,0.0019109249114990234
1005,16,110,0.0017795562744140625
1006,17,110,0.001683950424194336
1007,18,110,0.0016531944274902344
1008,19,110,0.0015158653259277344
1009,20,110,0.0014646053314208984
1010,21,110,0.0014488697052001953
1011,22,110,0.0013909339904785156
1012,23,110,0.0013599395751953125
1013,24,110,0.001306295394897461
1014,25,110,0.001279592514038086
1015,26,110,0.0012326240539550781
1016,27,110,0.0012276172637939453
1017,28,110,0.001188039779663086
1018,29,110,0.00115203857421875
1019,30,110,0.0011551380157470703
1020,31,110,0.0010912418365478516
1021,32,110,0.0010943412780761719
1022,33,110,0.001085519790649414
1023,34,110,0.0010669231414794922
1024,35,110,0.0010008811950683594
1025,36,110,0.001020193099975586
1026,37,110,0.000989675521850586
1027,38,110,0.0009760856628417969
1028,39,110,0.0009701251983642578
1029,40,110,0.0009419918060302734
1030,41,110,0.0009343624114990234
1031,42,110,0.0008988380432128906
1032,43,110,0.0008606910705566406
1033,44,110,0.0008971691131591797
1034,45,110,0.0008761882781982422
1035,46,110,0.0008709430694580078
1036,47,110,0.0008516311645507812
1037,48,110,0.0008561611175537109
1038,49,110,0.0008261203765869141
1039,50,110,0.0008332729339599609
1040,51,110,0.000823974609375
1041,52,110,0.0008256435394287109
1042,53,110,0.0008053779602050781
1043,54,110,0.0008237361907958984
1044,55,110,0.0008246898651123047
1045,56,110,0.0007915496826171875
1046,57,110,0.0008242130279541016
1047,58,110,0.0007576942443847656
1048,59,110,0.0007452964782714844
1049,60,110,0.0007464885711669922
1050,61,110,0.0007419586181640625
1051,62,110,0.0007271766662597656
1052,63,110,0.0007145404815673828
1053,64,110,0.0007159709930419922
1054,65,110,0.0006976127624511719
1055,66,110,0.0006985664367675781
1056,67,110,0.0006766319274902344
1057,68,110,0.0006859302520751953
1058,69,110,0.000667572021484375
1059,70,110,0.0006577968597412109
1060,71,110,0.0006551742553710938
1061,72,110,0.0006701946258544922
1062,73,110,0.0006625652313232422
1063,74,110,0.0006732940673828125
1064,75,110,0.0006802082061767578
1065,76,110,0.0006759166717529297
1066,77,110,0.0006706714630126953
1067,78,110,0.0006704330444335938
1068,79,110,0.0006403923034667969
1069,80,110,0.0006730556488037109
1070,81,110,0.0006508827209472656
1071,82,110,0.000652313232421875
1072,83,110,0.0006201267242431641
1073,84,110,0.0006134510040283203
1074,85,110,0.0005993843078613281
1075,86,110,0.0005829334259033203
1076,87,110,0.0006036758422851562
1077,88,110,0.0006201267242431641
1078,89,110,0.0005879402160644531
1079,90,110,0.0005934238433837891
1080,91,110,0.0005893707275390625
1081,92,110,0.0006074905395507812
1082,93,110,0.0005872249603271484
1083,94,110,0.0005629062652587891
1084,95,110,0.0005807876586914062
1085,96,110,0.0005717277526855469
1086,97,110,0.0005483627319335938
1087,98,110,0.0005447864532470703
1088,99,110,0.0005500316619873047
1089,1,120,0.007002353668212891
1090,2,120,0.005855560302734375
1091,3,120,0.005102634429931641
1092,4,120,0.005079746246337891
1093,5,120,0.00470280647277832
1094,6,120,0.004123210906982422
1095,7,120,0.003801584243774414
1096,8,120,0.003575563430786133
1097,9,120,0.0032377243041992188
1098,10,120,0.0029964447021484375
1099,11,120,0.002880573272705078
1100,12,120,0.002633810043334961
1101,13,120,0.002535581588745117
1102,14,120,0.002394437789916992
1103,15,120,0.002267122268676758
1104,16,120,0.0021784305572509766
1105,17,120,0.0020318031311035156
1106,18,120,0.0019235610961914062
1107,19,120,0.0018680095672607422
1108,20,120,0.0017921924591064453
1109,21,120,0.0016412734985351562
1110,22,120,0.0015552043914794922
1111,23,120,0.0016016960144042969
1112,24,120,0.0017077922821044922
1113,25,120,0.0016198158264160156
1114,26,120,0.0015461444854736328
1115,27,120,0.001413106918334961
1116,28,120,0.0014541149139404297
1117,29,120,0.0013933181762695312
1118,30,120,0.0013320446014404297
1119,31,120,0.0012967586517333984
1120,32,120,0.0012896060943603516
1121,33,120,0.001270294189453125
1122,34,120,0.0011403560638427734
1123,35,120,0.001222848892211914
1124,36,120,0.001214742660522461
1125,37,120,0.0011730194091796875
1126,38,120,0.0011539459228515625
1127,39,120,0.001135110855102539
1128,40,120,0.0011415481567382812
1129,41,120,0.0011227130889892578
1130,42,120,0.0010852813720703125
1131,43,120,0.0011150836944580078
1132,44,120,0.0010330677032470703
1133,45,120,0.0010120868682861328
1134,46,120,0.000990152359008789
1135,47,120,0.000978231430053711
1136,48,120,0.0009987354278564453
1137,49,120,0.0009989738464355469
1138,50,120,0.0009753704071044922
1139,51,120,0.0009629726409912109
1140,52,120,0.0009756088256835938
1141,53,120,0.0009496212005615234
1142,54,120,0.000919342041015625
1143,55,120,0.0009467601776123047
1144,56,120,0.00091552734375
1145,57,120,0.0009188652038574219
1146,58,120,0.0009226799011230469
1147,59,120,0.0009243488311767578
1148,60,120,0.0008831024169921875
1149,61,120,0.0008690357208251953
1150,62,120,0.0008544921875
1151,63,120,0.0008499622344970703
1152,64,120,0.0008230209350585938
1153,65,120,0.0008265972137451172
1154,66,120,0.0008087158203125
1155,67,120,0.0008196830749511719
1156,68,120,0.00078582763671875
1157,69,120,0.0008034706115722656
1158,70,120,0.0007696151733398438
1159,71,120,0.0007729530334472656
1160,72,120,0.0007851123809814453
1161,73,120,0.0007727146148681641
1162,74,120,0.0007765293121337891
1163,75,120,0.0007305145263671875
1164,76,120,0.000751495361328125
1165,77,120,0.0007560253143310547
1166,78,120,0.0007479190826416016
1167,79,120,0.000759124755859375
1168,80,120,0.0007760524749755859
1169,81,120,0.0007250308990478516
1170,82,120,0.0007684230804443359
1171,83,120,0.0007524490356445312
1172,84,120,0.0007593631744384766
1173,85,120,0.0007469654083251953
1174,86,120,0.0007390975952148438
1175,87,120,0.0007481575012207031
1176,88,120,0.0007426738739013672
1177,89,120,0.0007195472717285156
1178,90,120,0.0007054805755615234
1179,91,120,0.0007038116455078125
1180,92,120,0.0006742477416992188
1181,93,120,0.0006723403930664062
1182,94,120,0.0006451606750488281
1183,95,120,0.0006725788116455078
1184,96,120,0.0006635189056396484
1185,97,120,0.0006561279296875
1186,98,120,0.0006473064422607422
1187,99,120,0.0006616115570068359
1188,1,130,0.008208990097045898
1189,2,130,0.006935596466064453
1190,3,130,0.005999565124511719
1191,4,130,0.006082773208618164
1192,5,130,0.005654811859130859
1193,6,130,0.004836320877075195
1194,7,130,0.004490375518798828
1195,8,130,0.004216909408569336
1196,9,130,0.003780364990234375
1197,10,130,0.0035147666931152344
1198,11,130,0.0034368038177490234
1199,12,130,0.0030934810638427734
1200,13,130,0.0029649734497070312
1201,14,130,0.0028934478759765625
1202,15,130,0.0026183128356933594
1203,16,130,0.0024924278259277344
1204,17,130,0.0023546218872070312
1205,18,130,0.0024716854095458984
1206,19,130,0.002292633056640625
1207,20,130,0.002203226089477539
1208,21,130,0.0020689964294433594
1209,22,130,0.0019404888153076172
1210,23,130,0.001857757568359375
1211,24,130,0.0018277168273925781
1212,25,130,0.0017635822296142578
1213,26,130,0.0018758773803710938
1214,27,130,0.0017671585083007812
1215,28,130,0.0018138885498046875
1216,29,130,0.0017313957214355469
1217,30,130,0.0016248226165771484
1218,31,130,0.0015704631805419922
1219,32,130,0.001481771469116211
1220,33,130,0.0014820098876953125
1221,34,130,0.0014503002166748047
1222,35,130,0.001432180404663086
1223,36,130,0.001424551010131836
1224,37,130,0.0013380050659179688
1225,38,130,0.0013363361358642578
1226,39,130,0.0013611316680908203
1227,40,130,0.0013060569763183594
1228,41,130,0.0012907981872558594
1229,42,130,0.0012593269348144531
1230,43,130,0.001260995864868164
1231,44,130,0.0012581348419189453
1232,45,130,0.0012116432189941406
1233,46,130,0.0012211799621582031
1234,47,130,0.0012061595916748047
1235,48,130,0.0011594295501708984
1236,49,130,0.0011370182037353516
1237,50,130,0.0011255741119384766
1238,51,130,0.0010745525360107422
1239,52,130,0.0011034011840820312
1240,53,130,0.0010557174682617188
1241,54,130,0.001085042953491211
1242,55,130,0.0010859966278076172
1243,56,130,0.0010766983032226562
1244,57,130,0.0010671615600585938
1245,58,130,0.0010251998901367188
1246,59,130,0.0010366439819335938
1247,60,130,0.0010373592376708984
1248,61,130,0.001013040542602539
1249,62,130,0.0010287761688232422
1250,63,130,0.0010182857513427734
1251,64,130,0.001039266586303711
1252,65,130,0.0010013580322265625
1253,66,130,0.0009851455688476562
1254,67,130,0.0009584426879882812
1255,68,130,0.0009436607360839844
1256,69,130,0.0009295940399169922
1257,70,130,0.0009143352508544922
1258,71,130,0.0009224414825439453
1259,72,130,0.0009303092956542969
1260,73,130,0.000926971435546875
1261,74,130,0.000888824462890625
1262,75,130,0.00087738037109375
1263,76,130,0.000843048095703125
1264,77,130,0.0008704662322998047
1265,78,130,0.0008807182312011719
1266,79,130,0.0008916854858398438
1267,80,130,0.0008563995361328125
1268,81,130,0.0007851123809814453
1269,82,130,0.0008263587951660156
1270,83,130,0.0008313655853271484
1271,84,130,0.0008299350738525391
1272,85,130,0.0008380413055419922
1273,86,130,0.0008356571197509766
1274,87,130,0.0008647441864013672
1275,88,130,0.0008335113525390625
1276,89,130,0.0008556842803955078
1277,90,130,0.0008568763732910156
1278,91,130,0.0008573532104492188
1279,92,130,0.0008351802825927734
1280,93,130,0.0008056163787841797
1281,94,130,0.0008306503295898438
1282,95,130,0.0008127689361572266
1283,96,130,0.0008099079132080078
1284,97,130,0.0008122920989990234
1285,98,130,0.0007901191711425781
1286,99,130,0.0007703304290771484
1287,1,140,0.009520769119262695
1288,2,140,0.007943391799926758
1289,3,140,0.006935834884643555
1290,4,140,0.0069103240966796875
1291,5,140,0.0064601898193359375
1292,6,140,0.00556492805480957
1293,7,140,0.0051670074462890625
1294,8,140,0.004856109619140625
1295,9,140,0.004406452178955078
1296,10,140,0.004115581512451172
1297,11,140,0.0038352012634277344
1298,12,140,0.0036084651947021484
1299,13,140,0.0033016204833984375
1300,14,140,0.0031621456146240234
1301,15,140,0.003010272979736328
1302,16,140,0.002813100814819336
1303,17,140,0.0027663707733154297
1304,18,140,0.002612590789794922
1305,19,140,0.002436399459838867
1306,20,140,0.002399921417236328
1307,21,140,0.0023386478424072266
1308,22,140,0.0022125244140625
1309,23,140,0.002141714096069336
1310,24,140,0.002047300338745117
1311,25,140,0.002023935317993164
1312,26,140,0.0019559860229492188
1313,27,140,0.0019469261169433594
1314,28,140,0.0018863677978515625
1315,29,140,0.0018422603607177734
1316,30,140,0.0018377304077148438
1317,31,140,0.0018115043640136719
1318,32,140,0.0017464160919189453
1319,33,140,0.0017364025115966797
1320,34,140,0.0017218589782714844
1321,35,140,0.0016772747039794922
1322,36,140,0.0016503334045410156
1323,37,140,0.0016140937805175781
1324,38,140,0.0015330314636230469
1325,39,140,0.0015337467193603516
1326,40,140,0.0014772415161132812
1327,41,140,0.0015287399291992188
1328,42,140,0.0015058517456054688
1329,43,140,0.001470804214477539
1330,44,140,0.0014412403106689453
1331,45,140,0.0013856887817382812
1332,46,140,0.0013728141784667969
1333,47,140,0.0013821125030517578
1334,48,140,0.0013275146484375
1335,49,140,0.0013341903686523438
1336,50,140,0.0013539791107177734
1337,51,140,0.0013568401336669922
1338,52,140,0.0012578964233398438
1339,53,140,0.001238107681274414
1340,54,140,0.0012123584747314453
1341,55,140,0.0012087821960449219
1342,56,140,0.0012280941009521484
1343,57,140,0.0011539459228515625
1344,58,140,0.001188516616821289
1345,59,140,0.0011889934539794922
1346,60,140,0.001190185546875
1347,61,140,0.0011622905731201172
1348,62,140,0.0011682510375976562
1349,63,140,0.0011491775512695312
1350,64,140,0.0011343955993652344
1351,65,140,0.0011370182037353516
1352,66,140,0.0011057853698730469
1353,67,140,0.0011343955993652344
1354,68,140,0.0011026859283447266
1355,69,140,0.001102447509765625
1356,70,140,0.0011057853698730469
1357,71,140,0.001085042953491211
1358,72,140,0.0010426044464111328
1359,73,140,0.0010390281677246094
1360,74,140,0.0010485649108886719
1361,75,140,0.0010197162628173828
1362,76,140,0.001024007797241211
1363,77,140,0.0010335445404052734
1364,78,140,0.0010335445404052734
1365,79,140,0.0009987354278564453
1366,80,140,0.0010199546813964844
1367,81,140,0.0009720325469970703
1368,82,140,0.0009472370147705078
1369,83,140,0.0009586811065673828
1370,84,140,0.0009717941284179688
1371,85,140,0.0009717941284179688
1372,86,140,0.0009396076202392578
1373,87,140,0.0009226799011230469
1374,88,140,0.0009069442749023438
1375,89,140,0.0009274482727050781
1376,90,140,0.0009095668792724609
1377,91,140,0.0009016990661621094
1378,92,140,0.0009403228759765625
1379,93,140,0.0009467601776123047
1380,94,140,0.0009224414825439453
1381,95,140,0.0009360313415527344
1382,96,140,0.0009417533874511719
1383,97,140,0.000949859619140625
1384,98,140,0.0009250640869140625
1385,99,140,0.0009136199951171875
1386,1,150,0.010931968688964844
1387,2,150,0.009201526641845703
1388,3,150,0.007918596267700195
1389,4,150,0.007917642593383789
1390,5,150,0.00741887092590332
1391,6,150,0.006372213363647461
1392,7,150,0.005892515182495117
1393,8,150,0.005564451217651367
1394,9,150,0.004944562911987305
1395,10,150,0.004686832427978516
1396,11,150,0.004506349563598633
1397,12,150,0.004041194915771484
1398,13,150,0.003729104995727539
1399,14,150,0.0036058425903320312
1400,15,150,0.003448963165283203
1401,16,150,0.003236055374145508
1402,17,150,0.0031435489654541016
1403,18,150,0.0029659271240234375
1404,19,150,0.002822399139404297
1405,20,150,0.0027899742126464844
1406,21,150,0.002680540084838867
1407,22,150,0.002708911895751953
1408,23,150,0.002565622329711914
1409,24,150,0.0024716854095458984
1410,25,150,0.0024597644805908203
1411,26,150,0.0021736621856689453
1412,27,150,0.002183198928833008
1413,28,150,0.0021958351135253906
1414,29,150,0.002165079116821289
1415,30,150,0.002105236053466797
1416,31,150,0.002058267593383789
1417,32,150,0.002032041549682617
1418,33,150,0.001973390579223633
1419,34,150,0.0020155906677246094
1420,35,150,0.0018982887268066406
1421,36,150,0.0018362998962402344
1422,37,150,0.001837015151977539
1423,38,150,0.0018110275268554688
1424,39,150,0.0016636848449707031
1425,40,150,0.0017855167388916016
1426,41,150,0.0017278194427490234
1427,42,150,0.0016732215881347656
1428,43,150,0.0016498565673828125
1429,44,150,0.0016808509826660156
1430,45,150,0.001623392105102539
1431,46,150,0.0016140937805175781
1432,47,150,0.0015757083892822266
1433,48,150,0.0015251636505126953
1434,49,150,0.0015146732330322266
1435,50,150,0.0015425682067871094
1436,51,150,0.001501321792602539
1437,52,150,0.0014233589172363281
1438,53,150,0.0015707015991210938
1439,54,150,0.0014231204986572266
1440,55,150,0.0014233589172363281
1441,56,150,0.001417398452758789
1442,57,150,0.0013799667358398438
1443,58,150,0.0013248920440673828
1444,59,150,0.0013453960418701172
1445,60,150,0.0013473033905029297
1446,61,150,0.001295328140258789
1447,62,150,0.0013079643249511719
1448,63,150,0.0012943744659423828
1449,64,150,0.00128936767578125
1450,65,150,0.0012919902801513672
1451,66,150,0.0012466907501220703
1452,67,150,0.0012302398681640625
1453,68,150,0.0012581348419189453
1454,69,150,0.001245260238647461
1455,70,150,0.0012240409851074219
1456,71,150,0.0012462139129638672
1457,72,150,0.0012013912200927734
1458,73,150,0.0012052059173583984
1459,74,150,0.0012221336364746094
1460,75,150,0.0012052059173583984
1461,76,150,0.0011601448059082031
1462,77,150,0.0011415481567382812
1463,78,150,0.0012471675872802734
1464,79,150,0.001125335693359375
1465,80,150,0.0011124610900878906
1466,81,150,0.0011296272277832031
1467,82,150,0.0011181831359863281
1468,83,150,0.0011165142059326172
1469,84,150,0.0011031627655029297
1470,85,150,0.0010886192321777344
1471,86,150,0.0010988712310791016
1472,87,150,0.0010886192321777344
1473,88,150,0.0010716915130615234
1474,89,150,0.0010654926300048828
1475,90,150,0.001058340072631836
1476,91,150,0.001039743423461914
1477,92,150,0.001058340072631836
1478,93,150,0.0010480880737304688
1479,94,150,0.0010154247283935547
1480,95,150,0.0010204315185546875
1481,96,150,0.0010097026824951172
1482,97,150,0.0009968280792236328
1483,98,150,0.0010218620300292969
1484,99,150,0.0010204315185546875
1485,1,160,0.012389898300170898
1486,2,160,0.010417461395263672
1487,3,160,0.009035825729370117
1488,4,160,0.009047985076904297
1489,5,160,0.008346319198608398
1490,6,160,0.007269859313964844
1491,7,160,0.006719827651977539
1492,8,160,0.0063402652740478516
1493,9,160,0.005654335021972656
1494,10,160,0.005265235900878906
1495,11,160,0.0051114559173583984
1496,12,160,0.0047054290771484375
1497,13,160,0.004323720932006836
1498,14,160,0.004225730895996094
1499,15,160,0.003950834274291992
1500,16,160,0.0037920475006103516
1501,17,160,0.0035288333892822266
1502,18,160,0.0035240650177001953
1503,19,160,0.0033059120178222656
1504,20,160,0.003064393997192383
1505,21,160,0.0032563209533691406
1506,22,160,0.003102540969848633
1507,23,160,0.0030565261840820312
1508,24,160,0.002896547317504883
1509,25,160,0.002657651901245117
1510,26,160,0.0026111602783203125
1511,27,160,0.002469301223754883
1512,28,160,0.002418041229248047
1513,29,160,0.0023889541625976562
1514,30,160,0.0023584365844726562
1515,31,160,0.0023088455200195312
1516,32,160,0.0022895336151123047
1517,33,160,0.0022439956665039062
1518,34,160,0.0022122859954833984
1519,35,160,0.0021889209747314453
1520,36,160,0.002142190933227539
1521,37,160,0.0020399093627929688
1522,38,160,0.002039670944213867
1523,39,160,0.0020291805267333984
1524,40,160,0.0020203590393066406
1525,41,160,0.0019176006317138672
1526,42,160,0.001958131790161133
1527,43,160,0.0019121170043945312
1528,44,160,0.0019044876098632812
1529,45,160,0.0018270015716552734
1530,46,160,0.0017857551574707031
1531,47,160,0.0018134117126464844
1532,48,160,0.0017919540405273438
1533,49,160,0.001760244369506836
1534,50,160,0.0017023086547851562
1535,51,160,0.001661062240600586
1536,52,160,0.0016684532165527344
1537,53,160,0.0016336441040039062
1538,54,160,0.0016503334045410156
1539,55,160,0.0016155242919921875
1540,56,160,0.0015659332275390625
1541,57,160,0.0015976428985595703
1542,58,160,0.0015819072723388672
1543,59,160,0.0015194416046142578
1544,60,160,0.0014967918395996094
1545,61,160,0.001470327377319336
1546,62,160,0.0014369487762451172
1547,63,160,0.0014529228210449219
1548,64,160,0.001462697982788086
1549,65,160,0.0014281272888183594
1550,66,160,0.0014042854309082031
1551,67,160,0.0014233589172363281
1552,68,160,0.0014238357543945312
1553,69,160,0.0014100074768066406
1554,70,160,0.0014159679412841797
1555,71,160,0.0014028549194335938
1556,72,160,0.00136566162109375
1557,73,160,0.0013766288757324219
1558,74,160,0.0013718605041503906
1559,75,160,0.0013420581817626953
1560,76,160,0.0013496875762939453
1561,77,160,0.0013196468353271484
1562,78,160,0.001333475112915039
1563,79,160,0.0013308525085449219
1564,80,160,0.0012867450714111328
1565,81,160,0.0012927055358886719
1566,82,160,0.001268625259399414
1567,83,160,0.0012583732604980469
1568,84,160,0.0012471675872802734
1569,85,160,0.0012466907501220703
1570,86,160,0.001219034194946289
1571,87,160,0.001226186752319336
1572,88,160,0.0012118816375732422
1573,89,160,0.0012199878692626953
1574,90,160,0.0011985301971435547
1575,91,160,0.0011997222900390625
1576,92,160,0.0011391639709472656
1577,93,160,0.0011742115020751953
1578,94,160,0.0011491775512695312
1579,95,160,0.0011620521545410156
1580,96,160,0.0011754035949707031
1581,97,160,0.0011639595031738281
1582,98,160,0.0011262893676757812
1583,99,160,0.0011248588562011719
1584,1,170,0.013990163803100586
1585,2,170,0.011900186538696289
1586,3,170,0.010255813598632812
1587,4,170,0.010384798049926758
1588,5,170,0.009708642959594727
1589,6,170,0.00825047492980957
1590,7,170,0.0076334476470947266
1591,8,170,0.007353782653808594
1592,9,170,0.006601572036743164
1593,10,170,0.0061571598052978516
1594,11,170,0.0059206485748291016
1595,12,170,0.005478382110595703
1596,13,170,0.0050640106201171875
1597,14,170,0.0048100948333740234
1598,15,170,0.005822658538818359
1599,16,170,0.005751132965087891
1600,17,170,0.0056476593017578125
1601,18,170,0.005178213119506836
1602,19,170,0.005129337310791016
1603,20,170,0.004953145980834961
1604,21,170,0.004544734954833984
1605,22,170,0.004332065582275391
1606,23,170,0.004065036773681641
1607,24,170,0.0040435791015625
1608,25,170,0.004049777984619141
1609,26,170,0.003947019577026367
1610,27,170,0.003961801528930664
1611,28,170,0.003742694854736328
1612,29,170,0.0036401748657226562
1613,30,170,0.0035669803619384766
1614,31,170,0.0035042762756347656
1615,32,170,0.003489255905151367
1616,33,170,0.0032880306243896484
1617,34,170,0.0033621788024902344
1618,35,170,0.0032608509063720703
1619,36,170,0.0032372474670410156
1620,37,170,0.0031843185424804688
1621,38,170,0.0030717849731445312
1622,39,170,0.002985239028930664
1623,40,170,0.0029265880584716797
1624,41,170,0.002755403518676758
1625,42,170,0.0027475357055664062
1626,43,170,0.002712726593017578
1627,44,170,0.003284931182861328
1628,45,170,0.0033118724822998047
1629,46,170,0.003174304962158203
1630,47,170,0.003225564956665039
1631,48,170,0.003018617630004883
1632,49,170,0.0029702186584472656
1633,50,170,0.0029480457305908203
1634,51,170,0.0028929710388183594
1635,52,170,0.0024881362915039062
1636,53,170,0.0024204254150390625
1637,54,170,0.002414703369140625
1638,55,170,0.0023713111877441406
1639,56,170,0.0027151107788085938
1640,57,170,0.002637147903442383
1641,58,170,0.0024764537811279297
1642,59,170,0.0022351741790771484
1643,60,170,0.002477407455444336
1644,61,170,0.0023827552795410156
1645,62,170,0.002477884292602539
1646,63,170,0.0024573802947998047
1647,64,170,0.002397298812866211
1648,65,170,0.0024039745330810547
1649,66,170,0.00217437744140625
1650,67,170,0.0023500919342041016
1651,68,170,0.00237274169921875
1652,69,170,0.0023164749145507812
1653,70,170,0.002238035202026367
1654,71,170,0.0021979808807373047
1655,72,170,0.002298593521118164
1656,73,170,0.0022971630096435547
1657,74,170,0.002279996871948242
1658,75,170,0.002227783203125
1659,76,170,0.002498626708984375
1660,77,170,0.0025963783264160156
1661,78,170,0.002234935760498047
1662,79,170,0.002210378646850586
1663,80,170,0.0020928382873535156
1664,81,170,0.002100706100463867
1665,82,170,0.0025615692138671875
1666,83,170,0.0020477771759033203
1667,84,170,0.002093076705932617
1668,85,170,0.0020155906677246094
1669,86,170,0.0020220279693603516
1670,87,170,0.0019364356994628906
1671,88,170,0.0018661022186279297
1672,89,170,0.0018603801727294922
1673,90,170,0.002498149871826172
1674,91,170,0.0018382072448730469
1675,92,170,0.0024056434631347656
1676,93,170,0.0018475055694580078
1677,94,170,0.0018389225006103516
1678,95,170,0.0018265247344970703
1679,96,170,0.0018367767333984375
1680,97,170,0.0017845630645751953
1681,98,170,0.0017435550689697266
1682,99,170,0.0017392635345458984
1683,1,180,0.017324447631835938
1684,2,180,0.013603687286376953
1685,3,180,0.014566659927368164
1686,4,180,0.01607346534729004
1687,5,180,0.013181924819946289
1688,6,180,0.011206388473510742
1689,7,180,0.009983539581298828
1690,8,180,0.00931239128112793
1691,9,180,0.009818077087402344
1692,10,180,0.008986949920654297
1693,11,180,0.008275747299194336
1694,12,180,0.00760197639465332
1695,13,180,0.006841421127319336
1696,14,180,0.006560325622558594
1697,15,180,0.006876468658447266
1698,16,180,0.006500720977783203
1699,17,180,0.0060694217681884766
1700,18,180,0.006161689758300781
1701,19,180,0.006212472915649414
1702,20,180,0.005795717239379883
1703,21,180,0.005133152008056641
1704,22,180,0.004940986633300781
1705,23,180,0.005610466003417969
1706,24,180,0.005457878112792969
1707,25,180,0.005255222320556641
1708,26,180,0.005117654800415039
1709,27,180,0.0047495365142822266
1710,28,180,0.0048863887786865234
1711,29,180,0.004868507385253906
1712,30,180,0.0049800872802734375
1713,31,180,0.004471302032470703
1714,32,180,0.004401445388793945
1715,33,180,0.004420280456542969
1716,34,180,0.005182981491088867
1717,35,180,0.005052328109741211
1718,36,180,0.004521369934082031
1719,37,180,0.00491786003112793
1720,38,180,0.004379749298095703
1721,39,180,0.00448298454284668
1722,40,180,0.0050678253173828125
1723,41,180,0.005038022994995117
1724,42,180,0.004905223846435547
1725,43,180,0.00487065315246582
1726,44,180,0.004794120788574219
1727,45,180,0.004270315170288086
1728,46,180,0.004457712173461914
1729,47,180,0.004180192947387695
1730,48,180,0.004254341125488281
1731,49,180,0.00417637825012207
1732,50,180,0.0037894248962402344
1733,51,180,0.0037233829498291016
1734,52,180,0.0037882328033447266
1735,53,180,0.0049664974212646484
1736,54,180,0.003773212432861328
1737,55,180,0.003681182861328125
1738,56,180,0.003579854965209961
1739,57,180,0.004608154296875
1740,58,180,0.0034973621368408203
1741,59,180,0.004529237747192383
1742,60,180,0.004572391510009766
1743,61,180,0.0036249160766601562
1744,62,180,0.0034897327423095703
1745,63,180,0.003448486328125
1746,64,180,0.0034956932067871094
1747,65,180,0.0043752193450927734
1748,66,180,0.004239082336425781
1749,67,180,0.0042362213134765625
1750,68,180,0.0035581588745117188
1751,69,180,0.004067182540893555
1752,70,180,0.0038127899169921875
1753,71,180,0.004029989242553711
1754,72,180,0.003993034362792969
1755,73,180,0.003991842269897461
1756,74,180,0.0038406848907470703
1757,75,180,0.0038111209869384766
1758,76,180,0.003866434097290039
1759,77,180,0.0036668777465820312
1760,78,180,0.003635406494140625
1761,79,180,0.0038399696350097656
1762,80,180,0.003774881362915039
1763,81,180,0.0037136077880859375
1764,82,180,0.0036649703979492188
1765,83,180,0.003746509552001953
1766,84,180,0.003472566604614258
1767,85,180,0.0034766197204589844
1768,86,180,0.0037682056427001953
1769,87,180,0.003705739974975586
1770,88,180,0.003389120101928711
1771,89,180,0.0033881664276123047
1772,90,180,0.0032939910888671875
1773,91,180,0.003315448760986328
1774,92,180,0.0035326480865478516
1775,93,180,0.0032415390014648438
1776,94,180,0.0031735897064208984
1777,95,180,0.003465414047241211
1778,96,180,0.00311279296875
1779,97,180,0.003438711166381836
1780,98,180,0.0033550262451171875
1781,99,180,0.0034265518188476562
1782,1,190,0.03223371505737305
1783,2,190,0.023392200469970703
1784,3,190,0.019141674041748047
1785,4,190,0.016431570053100586
1786,5,190,0.015325069427490234
1787,6,190,0.012655973434448242
1788,7,190,0.011793136596679688
1789,8,190,0.011274099349975586
1790,9,190,0.009998559951782227
1791,10,190,0.009183883666992188
1792,11,190,0.008962154388427734
1793,12,190,0.008191823959350586
1794,13,190,0.00784444808959961
1795,14,190,0.012711763381958008
1796,15,190,0.012547492980957031
1797,16,190,0.006574869155883789
1798,17,190,0.006398200988769531
1799,18,190,0.006283998489379883
1800,19,190,0.006531238555908203
1801,20,190,0.006279945373535156
1802,21,190,0.0061190128326416016
1803,22,190,0.005651712417602539
1804,23,190,0.006367683410644531
1805,24,190,0.006835222244262695
1806,25,190,0.008577585220336914
1807,26,190,0.008429288864135742
1808,27,190,0.008226394653320312
1809,28,190,0.008079767227172852
1810,29,190,0.005939960479736328
1811,30,190,0.007803678512573242
1812,31,190,0.007534980773925781
1813,32,190,0.007400989532470703
1814,33,190,0.00538945198059082
1815,34,190,0.005411863327026367
1816,35,190,0.0052165985107421875
1817,36,190,0.005143642425537109
1818,37,190,0.0050737857818603516
1819,38,190,0.005080699920654297
1820,39,190,0.004971742630004883
1821,40,190,0.004358530044555664
1822,41,190,0.0063343048095703125
1823,42,190,0.0039055347442626953
1824,43,190,0.003977775573730469
1825,44,190,0.003843069076538086
1826,45,190,0.0037958621978759766
1827,46,190,0.0037565231323242188
1828,47,190,0.0036957263946533203
1829,48,190,0.0036666393280029297
1830,49,190,0.0035681724548339844
1831,50,190,0.0035352706909179688
1832,51,190,0.003427267074584961
1833,52,190,0.0034651756286621094
1834,53,190,0.0033516883850097656
1835,54,190,0.0028848648071289062
1836,55,190,0.0053920745849609375
1837,56,190,0.00526738166809082
1838,57,190,0.005261421203613281
1839,58,190,0.0033729076385498047
1840,59,190,0.003322601318359375
1841,60,190,0.003412961959838867
1842,61,190,0.0049304962158203125
1843,62,190,0.0048675537109375
1844,63,190,0.0032525062561035156
1845,64,190,0.004807949066162109
1846,65,190,0.003294706344604492
1847,66,190,0.003154754638671875
1848,67,190,0.003180265426635742
1849,68,190,0.0032706260681152344
1850,69,190,0.004608869552612305
1851,70,190,0.0044918060302734375
1852,71,190,0.0032494068145751953
1853,72,190,0.003126382827758789
1854,73,190,0.00432586669921875
1855,74,190,0.004126071929931641
1856,75,190,0.004317045211791992
1857,76,190,0.004317522048950195
1858,77,190,0.004325151443481445
1859,78,190,0.004293680191040039
1860,79,190,0.0038912296295166016
1861,80,190,0.003925800323486328
1862,81,190,0.0035843849182128906
1863,82,190,0.0038602352142333984
1864,83,190,0.0038521289825439453
1865,84,190,0.003830432891845703
1866,85,190,0.0035986900329589844
1867,86,190,0.0037789344787597656
1868,87,190,0.0037615299224853516
1869,88,190,0.004072427749633789
1870,89,190,0.0037572383880615234
1871,90,190,0.0036437511444091797
1872,91,190,0.004016876220703125
1873,92,190,0.003996849060058594
1874,93,190,0.003947734832763672
1875,94,190,0.003781557083129883
1876,95,190,0.003503084182739258
1877,96,190,0.003525972366333008
1878,97,190,0.00353240966796875
1879,98,190,0.003397226333618164
1880,99,190,0.00399470329284668
1881,1,200,0.03398919105529785
1882,2,200,0.020984172821044922
1883,3,200,0.02214980125427246
1884,4,200,0.019039392471313477
1885,5,200,0.01631903648376465
1886,6,200,0.014093160629272461
1887,7,200,0.013049125671386719
1888,8,200,0.01575160026550293
1889,9,200,0.015190362930297852
1890,10,200,0.013993024826049805
1891,11,200,0.012888669967651367
1892,12,200,0.011175394058227539
1893,13,200,0.010943174362182617
1894,14,200,0.010781526565551758
1895,15,200,0.010504722595214844
1896,16,200,0.009434223175048828
1897,17,200,0.009567975997924805
1898,18,200,0.008709907531738281
1899,19,200,0.00832819938659668
1900,20,200,0.00800323486328125
1901,21,200,0.010119438171386719
1902,22,200,0.010485649108886719
1903,23,200,0.007833719253540039
1904,24,200,0.01011800765991211
1905,25,200,0.009173870086669922
1906,26,200,0.009024381637573242
1907,27,200,0.008327007293701172
1908,28,200,0.008919000625610352
1909,29,200,0.008727550506591797
1910,30,200,0.008560419082641602
1911,31,200,0.008331060409545898
1912,32,200,0.008215904235839844
1913,33,200,0.008197784423828125
1914,34,200,0.00789642333984375
1915,35,200,0.007730007171630859
1916,36,200,0.0076160430908203125
1917,37,200,0.0074803829193115234
1918,38,200,0.007387876510620117
1919,39,200,0.007201671600341797
1920,40,200,0.007298946380615234
1921,41,200,0.0065538883209228516
1922,42,200,0.0071413516998291016
1923,43,200,0.007091045379638672
1924,44,200,0.006964206695556641
1925,45,200,0.006875753402709961
1926,46,200,0.006705284118652344
1927,47,200,0.0066792964935302734
1928,48,200,0.006555318832397461
1929,49,200,0.006433248519897461
1930,50,200,0.006091117858886719
1931,51,200,0.006219387054443359
1932,52,200,0.005938053131103516
1933,53,200,0.006112575531005859
1934,54,200,0.006051301956176758
1935,55,200,0.005983114242553711
1936,56,200,0.005857706069946289
1937,57,200,0.005623579025268555
1938,58,200,0.005814790725708008
1939,59,200,0.005765199661254883
1940,60,200,0.005713701248168945
1941,61,200,0.00554966926574707
1942,62,200,0.005552768707275391
1943,63,200,0.005408525466918945
1944,64,200,0.005377292633056641
1945,65,200,0.005285739898681641
1946,66,200,0.0053331851959228516
1947,67,200,0.0052220821380615234
1948,68,200,0.005257606506347656
1949,69,200,0.005134105682373047
1950,70,200,0.0051174163818359375
1951,71,200,0.0051572322845458984
1952,72,200,0.0050351619720458984
1953,73,200,0.004977226257324219
1954,74,200,0.0049190521240234375
1955,75,200,0.004882097244262695
1956,76,200,0.0047893524169921875
1957,77,200,0.004650592803955078
1958,78,200,0.004104137420654297
1959,79,200,0.004327535629272461
1960,80,200,0.00470423698425293
1961,81,200,0.004642486572265625
1962,82,200,0.004549980163574219
1963,83,200,0.00455164909362793
1964,84,200,0.004595756530761719
1965,85,200,0.004524707794189453
1966,86,200,0.004597187042236328
1967,87,200,0.004591703414916992
1968,88,200,0.004495859146118164
1969,89,200,0.004454851150512695
1970,90,200,0.004382610321044922
1971,91,200,0.004422903060913086
1972,92,200,0.004445552825927734
1973,93,200,0.004448413848876953
1974,94,200,0.004337310791015625
1975,95,200,0.0043904781341552734
1976,96,200,0.00400543212890625
1977,97,200,0.004277944564819336
1978,98,200,0.004225969314575195
1979,99,200,0.004008054733276367
1980,1,210,0.04183697700500488
1981,2,210,0.022557497024536133
1982,3,210,0.021929025650024414
1983,4,210,0.023195266723632812
1984,5,210,0.0197598934173584
1985,6,210,0.015599727630615234
1986,7,210,0.01587200164794922
1987,8,210,0.015403032302856445
1988,9,210,0.012881278991699219
1989,10,210,0.012253761291503906
1990,11,210,0.012057781219482422
1991,12,210,0.011018753051757812
1992,13,210,0.009703874588012695
1993,14,210,0.009146451950073242
1994,15,210,0.008632898330688477
1995,16,210,0.008080005645751953
1996,17,210,0.014014482498168945
1997,18,210,0.013284683227539062
1998,19,210,0.007203102111816406
1999,20,210,0.007649421691894531
2000,21,210,0.007356405258178711
2001,22,210,0.007455348968505859
2002,23,210,0.007292270660400391
2003,24,210,0.007082700729370117
2004,25,210,0.006943941116333008
2005,26,210,0.006584882736206055
2006,27,210,0.006493330001831055
2007,28,210,0.009956598281860352
2008,29,210,0.00965738296508789
2009,30,210,0.009518146514892578
2010,31,210,0.00919198989868164
2011,32,210,0.009034872055053711
2012,33,210,0.0071392059326171875
2013,34,210,0.008882522583007812
2014,35,210,0.008625268936157227
2015,36,210,0.008241891860961914
2016,37,210,0.008117437362670898
2017,38,210,0.008067846298217773
2018,39,210,0.007344722747802734
2019,40,210,0.007525920867919922
2020,41,210,0.007124900817871094
2021,42,210,0.007278919219970703
2022,43,210,0.0077016353607177734
2023,44,210,0.0075724124908447266
2024,45,210,0.007433891296386719
2025,46,210,0.0073511600494384766
2026,47,210,0.007328987121582031
2027,48,210,0.0072917938232421875
2028,49,210,0.0070171356201171875
2029,50,210,0.007014751434326172
2030,51,210,0.006936311721801758
2031,52,210,0.00684809684753418
2032,53,210,0.006693363189697266
2033,54,210,0.006672382354736328
2034,55,210,0.006614208221435547
2035,56,210,0.006522655487060547
2036,57,210,0.006346464157104492
2037,58,210,0.006398439407348633
2038,59,210,0.006222724914550781
2039,60,210,0.006082296371459961
2040,61,210,0.006265878677368164
2041,62,210,0.006180524826049805
2042,63,210,0.006096363067626953
2043,64,210,0.0059893131256103516
2044,65,210,0.005864620208740234
2045,66,210,0.005846500396728516
2046,67,210,0.005795955657958984
2047,68,210,0.005667448043823242
2048,69,210,0.005708932876586914
2049,70,210,0.0057179927825927734
2050,71,210,0.005602836608886719
2051,72,210,0.005613088607788086
2052,73,210,0.005378246307373047
2053,74,210,0.005539894104003906
2054,75,210,0.005554676055908203
2055,76,210,0.00541996955871582
2056,77,210,0.005311727523803711
2057,78,210,0.0053064823150634766
2058,79,210,0.005145072937011719
2059,80,210,0.005152463912963867
2060,81,210,0.00504302978515625
2061,82,210,0.004586219787597656
2062,83,210,0.005038261413574219
2063,84,210,0.005044460296630859
2064,85,210,0.005041599273681641
2065,86,210,0.004999637603759766
2066,87,210,0.004965066909790039
2067,88,210,0.004912614822387695
2068,89,210,0.004945039749145508
2069,90,210,0.0049517154693603516
2070,91,210,0.004888772964477539
2071,92,210,0.004929304122924805
2072,93,210,0.004800558090209961
2073,94,210,0.004701852798461914
2074,95,210,0.004766941070556641
2075,96,210,0.004744768142700195
2076,97,210,0.0047152042388916016
2077,98,210,0.004620790481567383
2078,99,210,0.0046770572662353516
2079,1,220,0.044483184814453125
2080,2,220,0.02664947509765625
2081,3,220,0.02418065071105957
2082,4,220,0.021793842315673828
2083,5,220,0.01973724365234375
2084,6,220,0.017174482345581055
2085,7,220,0.015723705291748047
2086,8,220,0.015129327774047852
2087,9,220,0.014661788940429688
2088,10,220,0.013423681259155273
2089,11,220,0.012553930282592773
2090,12,220,0.011965751647949219
2091,13,220,0.01077723503112793
2092,14,220,0.01000356674194336
2093,15,220,0.009361743927001953
2094,16,220,0.008641719818115234
2095,17,220,0.008486509323120117
2096,18,220,0.008220195770263672
2097,19,220,0.0078105926513671875
2098,20,220,0.007444858551025391
2099,21,220,0.007438182830810547
2100,22,220,0.007187843322753906
2101,23,220,0.012259721755981445
2102,24,220,0.006684064865112305
2103,25,220,0.006506919860839844
2104,26,220,0.006299018859863281
2105,27,220,0.006221771240234375
2106,28,220,0.010689735412597656
2107,29,220,0.0061495304107666016
2108,30,220,0.00636601448059082
2109,31,220,0.0062487125396728516
2110,32,220,0.006009578704833984
2111,33,220,0.005899667739868164
2112,34,220,0.005898952484130859
2113,35,220,0.0058040618896484375
2114,36,220,0.009289979934692383
2115,37,220,0.009146928787231445
2116,38,220,0.008707761764526367
2117,39,220,0.008636474609375
2118,40,220,0.008515596389770508
2119,41,220,0.008466005325317383
2120,42,220,0.0077741146087646484
2121,43,220,0.007108926773071289
2122,44,220,0.007600307464599609
2123,45,220,0.007577419281005859
2124,46,220,0.007892608642578125
2125,47,220,0.0079193115234375
2126,48,220,0.006887674331665039
2127,49,220,0.007101535797119141
2128,50,220,0.0069806575775146484
2129,51,220,0.007464885711669922
2130,52,220,0.00686955451965332
2131,53,220,0.007287025451660156
2132,54,220,0.007351398468017578
2133,55,220,0.0071909427642822266
2134,56,220,0.007047414779663086
2135,57,220,0.0069544315338134766
2136,58,220,0.00693511962890625
2137,59,220,0.00680088996887207
2138,60,220,0.006686687469482422
2139,61,220,0.006658077239990234
2140,62,220,0.006575584411621094
2141,63,220,0.005993366241455078
2142,64,220,0.006534099578857422
2143,65,220,0.006505727767944336
2144,66,220,0.0065000057220458984
2145,67,220,0.00635838508605957
2146,68,220,0.006273508071899414
2147,69,220,0.006142854690551758
2148,70,220,0.006163358688354492
2149,71,220,0.006054878234863281
2150,72,220,0.006099224090576172
2151,73,220,0.006005287170410156
2152,74,220,0.006074190139770508
2153,75,220,0.0059812068939208984
2154,76,220,0.005946636199951172
2155,77,220,0.005820274353027344
2156,78,220,0.005887269973754883
2157,79,220,0.005848884582519531
2158,80,220,0.005641460418701172
2159,81,220,0.0055811405181884766
2160,82,220,0.0056896209716796875
2161,83,220,0.0055196285247802734
2162,84,220,0.005432605743408203
2163,85,220,0.005345344543457031
2164,86,220,0.004660844802856445
2165,87,220,0.005393505096435547
2166,88,220,0.00537109375
2167,89,220,0.005352497100830078
2168,90,220,0.0052568912506103516
2169,91,220,0.005274772644042969
2170,92,220,0.005257606506347656
2171,93,220,0.0052721500396728516
2172,94,220,0.005188703536987305
2173,95,220,0.0051877498626708984
2174,96,220,0.005095720291137695
2175,97,220,0.005129098892211914
2176,98,220,0.0050640106201171875
2177,99,220,0.004952907562255859
2178,1,230,0.04658007621765137
2179,2,230,0.02686333656311035
2180,3,230,0.027104854583740234
2181,4,230,0.02413630485534668
2182,5,230,0.02154827117919922
2183,6,230,0.01856374740600586
2184,7,230,0.017185449600219727
2185,8,230,0.016440153121948242
2186,9,230,0.014690399169921875
2187,10,230,0.019824504852294922
2188,11,230,0.019143342971801758
2189,12,230,0.01633763313293457
2190,13,230,0.01449131965637207
2191,14,230,0.013122081756591797
2192,15,230,0.011457681655883789
2193,16,230,0.010817289352416992
2194,17,230,0.015389442443847656
2195,18,230,0.015535116195678711
2196,19,230,0.01392221450805664
2197,20,230,0.013353586196899414
2198,21,230,0.012843608856201172
2199,22,230,0.011460065841674805
2200,23,230,0.010302066802978516
2201,24,230,0.00878000259399414
2202,25,230,0.012537717819213867
2203,26,230,0.012200593948364258
2204,27,230,0.011784553527832031
2205,28,230,0.01090383529663086
2206,29,230,0.01052403450012207
2207,30,230,0.007648944854736328
2208,31,230,0.007757663726806641
2209,32,230,0.007799863815307617
2210,33,230,0.007526874542236328
2211,34,230,0.007127046585083008
2212,35,230,0.010248899459838867
2213,36,230,0.006587028503417969
2214,37,230,0.006779193878173828
2215,38,230,0.006689548492431641
2216,39,230,0.006561279296875
2217,40,230,0.00929117202758789
2218,41,230,0.009123563766479492
2219,42,230,0.0065343379974365234
2220,43,230,0.006876468658447266
2221,44,230,0.006867647171020508
2222,45,230,0.008537530899047852
2223,46,230,0.008678913116455078
2224,47,230,0.0085601806640625
2225,48,230,0.008340835571289062
2226,49,230,0.006337642669677734
2227,50,230,0.008133649826049805
2228,51,230,0.008075952529907227
2229,52,230,0.008025884628295898
2230,53,230,0.007868051528930664
2231,54,230,0.007816076278686523
2232,55,230,0.007275581359863281
2233,56,230,0.007130146026611328
2234,57,230,0.007061004638671875
2235,58,230,0.0068929195404052734
2236,59,230,0.006409406661987305
2237,60,230,0.006961345672607422
2238,61,230,0.0063326358795166016
2239,62,230,0.006805896759033203
2240,63,230,0.007149696350097656
2241,64,230,0.00698542594909668
2242,65,230,0.006960868835449219
2243,66,230,0.006815910339355469
2244,67,230,0.0068645477294921875
2245,68,230,0.00590205192565918
2246,69,230,0.006829023361206055
2247,70,230,0.005828142166137695
2248,71,230,0.006642818450927734
2249,72,230,0.006503582000732422
2250,73,230,0.006364583969116211
2251,74,230,0.006398677825927734
2252,75,230,0.006327390670776367
2253,76,230,0.006349086761474609
2254,77,230,0.0063555240631103516
2255,78,230,0.0063550472259521484
2256,79,230,0.006200075149536133
2257,80,230,0.006140708923339844
2258,81,230,0.0061266422271728516
2259,82,230,0.006231069564819336
2260,83,230,0.005990743637084961
2261,84,230,0.005963563919067383
2262,85,230,0.0060575008392333984
2263,86,230,0.005959033966064453
2264,87,230,0.005814790725708008
2265,88,230,0.005728721618652344
2266,89,230,0.005524396896362305
2267,90,230,0.005199432373046875
2268,91,230,0.005609750747680664
2269,92,230,0.005687713623046875
2270,93,230,0.0056915283203125
2271,94,230,0.005632877349853516
2272,95,230,0.005579233169555664
2273,96,230,0.005541086196899414
2274,97,230,0.0055255889892578125
2275,98,230,0.005565643310546875
2276,99,230,0.0054950714111328125
2277,1,240,0.050376176834106445
2278,2,240,0.028575897216796875
2279,3,240,0.028493881225585938
2280,4,240,0.025066852569580078
2281,5,240,0.023409605026245117
2282,6,240,0.020138025283813477
2283,7,240,0.018752574920654297
2284,8,240,0.017921924591064453
2285,9,240,0.016085386276245117
2286,10,240,0.023049354553222656
2287,11,240,0.02237415313720703
2288,12,240,0.013048171997070312
2289,13,240,0.012588024139404297
2290,14,240,0.012738466262817383
2291,15,240,0.011967897415161133
2292,16,240,0.018540620803833008
2293,17,240,0.010394573211669922
2294,18,240,0.01741623878479004
2295,19,240,0.010675191879272461
2296,20,240,0.010246992111206055
2297,21,240,0.010021686553955078
2298,22,240,0.014853239059448242
2299,23,240,0.009300470352172852
2300,24,240,0.009209871292114258
2301,25,240,0.00879812240600586
2302,26,240,0.008569478988647461
2303,27,240,0.008569478988647461
2304,28,240,0.008182764053344727
2305,29,240,0.008151054382324219
2306,30,240,0.007685422897338867
2307,31,240,0.007651805877685547
2308,32,240,0.007624387741088867
2309,33,240,0.007526874542236328
2310,34,240,0.007313728332519531
2311,35,240,0.007280111312866211
2312,36,240,0.007008790969848633
2313,37,240,0.010778665542602539
2314,38,240,0.006926059722900391
2315,39,240,0.006777286529541016
2316,40,240,0.007059812545776367
2317,41,240,0.010056257247924805
2318,42,240,0.009743690490722656
2319,43,240,0.007031917572021484
2320,44,240,0.007193326950073242
2321,45,240,0.009629487991333008
2322,46,240,0.009570598602294922
2323,47,240,0.009153366088867188
2324,48,240,0.009315252304077148
2325,49,240,0.009171485900878906
2326,50,240,0.008908510208129883
2327,51,240,0.009108543395996094
2328,52,240,0.00889134407043457
2329,53,240,0.008744001388549805
2330,54,240,0.008626461029052734
2331,55,240,0.008720159530639648
2332,56,240,0.008552312850952148
2333,57,240,0.008337259292602539
2334,58,240,0.008267879486083984
2335,59,240,0.008196830749511719
2336,60,240,0.007988929748535156
2337,61,240,0.007842302322387695
2338,62,240,0.007952690124511719
2339,63,240,0.007386207580566406
2340,64,240,0.0076847076416015625
2341,65,240,0.0076732635498046875
2342,66,240,0.007622241973876953
2343,67,240,0.007452964782714844
2344,68,240,0.007409095764160156
2345,69,240,0.007385730743408203
2346,70,240,0.007468461990356445
2347,71,240,0.007460594177246094
2348,72,240,0.007254600524902344
2349,73,240,0.007205486297607422
2350,74,240,0.007102012634277344
2351,75,240,0.006974220275878906
2352,76,240,0.006992340087890625
2353,77,240,0.006818294525146484
2354,78,240,0.006830692291259766
2355,79,240,0.0066852569580078125
2356,80,240,0.0068378448486328125
2357,81,240,0.006774187088012695
2358,82,240,0.006643772125244141
2359,83,240,0.0065729618072509766
2360,84,240,0.006525516510009766
2361,85,240,0.006640195846557617
2362,86,240,0.006623029708862305
2363,87,240,0.006523609161376953
2364,88,240,0.006403207778930664
2365,89,240,0.006386756896972656
2366,90,240,0.00633549690246582
2367,91,240,0.0060575008392333984
2368,92,240,0.006132841110229492
2369,93,240,0.006007194519042969
2370,94,240,0.005734920501708984
2371,95,240,0.006070852279663086
2372,96,240,0.0060312747955322266
2373,97,240,0.005989551544189453
2374,98,240,0.005831480026245117
2375,99,240,0.00601506233215332
2376,1,250,0.05549979209899902
2377,2,250,0.03128504753112793
2378,3,250,0.027051687240600586
2379,4,250,0.027115345001220703
2380,5,250,0.02540755271911621
2381,6,250,0.021898746490478516
2382,7,250,0.020306110382080078
2383,8,250,0.019417762756347656
2384,9,250,0.01752758026123047
2385,10,250,0.029131174087524414
2386,11,250,0.01564788818359375
2387,12,250,0.014447212219238281
2388,13,250,0.01334524154663086
2389,14,250,0.012775659561157227
2390,15,250,0.012005329132080078
2391,16,250,0.011486530303955078
2392,17,250,0.010977029800415039
2393,18,250,0.010675191879272461
2394,19,250,0.010138273239135742
2395,20,250,0.009802818298339844
2396,21,250,0.009495735168457031
2397,22,250,0.016499996185302734
2398,23,250,0.01556396484375
2399,24,250,0.015529632568359375
2400,25,250,0.009684324264526367
2401,26,250,0.010520696640014648
2402,27,250,0.009926795959472656
2403,28,250,0.013938665390014648
2404,29,250,0.010236263275146484
2405,30,250,0.013520002365112305
2406,31,250,0.013161420822143555
2407,32,250,0.012503862380981445
2408,33,250,0.012618780136108398
2409,34,250,0.010935783386230469
2410,35,250,0.012299776077270508
2411,36,250,0.012024164199829102
2412,37,250,0.011879682540893555
2413,38,250,0.01155996322631836
2414,39,250,0.011204719543457031
2415,40,250,0.011324167251586914
2416,41,250,0.010310173034667969
2417,42,250,0.010219097137451172
2418,43,250,0.009864091873168945
2419,44,250,0.009613275527954102
2420,45,250,0.010448455810546875
2421,46,250,0.009824514389038086
2422,47,250,0.010254859924316406
2423,48,250,0.010107278823852539
2424,49,250,0.009840011596679688
2425,50,250,0.009818553924560547
2426,51,250,0.00966501235961914
2427,52,250,0.009481191635131836
2428,53,250,0.009488344192504883
2429,54,250,0.0091705322265625
2430,55,250,0.00931239128112793
2431,56,250,0.009182453155517578
2432,57,250,0.00912332534790039
2433,58,250,0.008908271789550781
2434,59,250,0.008868217468261719
2435,60,250,0.008842945098876953
2436,61,250,0.008652210235595703
2437,62,250,0.008614778518676758
2438,63,250,0.008502006530761719
2439,64,250,0.008296489715576172
2440,65,250,0.008162736892700195
2441,66,250,0.008257150650024414
2442,67,250,0.00824737548828125
2443,68,250,0.007800102233886719
2444,69,250,0.008063793182373047
2445,70,250,0.007856607437133789
2446,71,250,0.007694244384765625
2447,72,250,0.007812738418579102
2448,73,250,0.007927656173706055
2449,74,250,0.007863759994506836
2450,75,250,0.007771492004394531
2451,76,250,0.007638216018676758
2452,77,250,0.0075702667236328125
2453,78,250,0.007325649261474609
2454,79,250,0.007408857345581055
2455,80,250,0.007266998291015625
2456,81,250,0.00725865364074707
2457,82,250,0.007170200347900391
2458,83,250,0.00717473030090332
2459,84,250,0.0073125362396240234
2460,85,250,0.007196664810180664
2461,86,250,0.007123708724975586
2462,87,250,0.0069506168365478516
2463,88,250,0.006822347640991211
2464,89,250,0.007021903991699219
2465,90,250,0.00699162483215332
2466,91,250,0.0068759918212890625
2467,92,250,0.00666499137878418
2468,93,250,0.006819725036621094
2469,94,250,0.006680727005004883
2470,95,250,0.006587505340576172
2471,96,250,0.00648951530456543
2472,97,250,0.006384611129760742
2473,98,250,0.006177186965942383
2474,99,250,0.006424665451049805
2475,1,260,0.05861353874206543
2476,2,260,0.03364968299865723
2477,3,260,0.029227018356323242
2478,4,260,0.02927112579345703
2479,5,260,0.0274808406829834
2480,6,260,0.023634672164916992
2481,7,260,0.021916627883911133
2482,8,260,0.020928382873535156
2483,9,260,0.018716096878051758
2484,10,260,0.017620563507080078
2485,11,260,0.030572175979614258
2486,12,260,0.025684595108032227
2487,13,260,0.014432668685913086
2488,14,260,0.015186071395874023
2489,15,260,0.02114248275756836
2490,16,260,0.02024674415588379
2491,17,260,0.01331949234008789
2492,18,260,0.013867378234863281
2493,19,260,0.01809382438659668
2494,20,260,0.018205881118774414
2495,21,260,0.014627933502197266
2496,22,260,0.014694929122924805
2497,23,260,0.014821052551269531
2498,24,260,0.016483068466186523
2499,25,260,0.01626420021057129
2500,26,260,0.015750408172607422
2501,27,260,0.014376640319824219
2502,28,260,0.013986349105834961
2503,29,260,0.012846231460571289
2504,30,260,0.01230764389038086
2505,31,260,0.014217853546142578
2506,32,260,0.013801097869873047
2507,33,260,0.01357579231262207
2508,34,260,0.013125419616699219
2509,35,260,0.012981653213500977
2510,36,260,0.01289987564086914
2511,37,260,0.011600255966186523
2512,38,260,0.01160430908203125
2513,39,260,0.011556625366210938
2514,40,260,0.010410547256469727
2515,41,260,0.010422468185424805
2516,42,260,0.011961936950683594
2517,43,260,0.011828899383544922
2518,44,260,0.010570526123046875
2519,45,260,0.010921239852905273
2520,46,260,0.011055231094360352
2521,47,260,0.01103663444519043
2522,48,260,0.010708332061767578
2523,49,260,0.010826349258422852
2524,50,260,0.010659217834472656
2525,51,260,0.010261058807373047
2526,52,260,0.010400056838989258
2527,53,260,0.010306835174560547
2528,54,260,0.010022163391113281
2529,55,260,0.010123252868652344
2530,56,260,0.009860515594482422
2531,57,260,0.009735584259033203
2532,58,260,0.009644269943237305
2533,59,260,0.00968623161315918
2534,60,260,0.00950312614440918
2535,61,260,0.009435892105102539
2536,62,260,0.00933074951171875
2537,63,260,0.008555412292480469
2538,64,260,0.009081363677978516
2539,65,260,0.009094715118408203
2540,66,260,0.008741617202758789
2541,67,260,0.008824825286865234
2542,68,260,0.00866389274597168
2543,69,260,0.008635282516479492
2544,70,260,0.008588314056396484
2545,71,260,0.008591175079345703
2546,72,260,0.008536577224731445
2547,73,260,0.008273839950561523
2548,74,260,0.007745504379272461
2549,75,260,0.008318662643432617
2550,76,260,0.008272886276245117
2551,77,260,0.008314371109008789
2552,78,260,0.008246660232543945
2553,79,260,0.008123636245727539
2554,80,260,0.008055686950683594
2555,81,260,0.007818460464477539
2556,82,260,0.007756948471069336
2557,83,260,0.007681131362915039
2558,84,260,0.007725715637207031
2559,85,260,0.007561445236206055
2560,86,260,0.007645130157470703
2561,87,260,0.007715463638305664
2562,88,260,0.009433507919311523
2563,89,260,0.010851144790649414
2564,90,260,0.010576248168945312
2565,91,260,0.01061105728149414
2566,92,260,0.007418632507324219
2567,93,260,0.007275104522705078
2568,94,260,0.007361412048339844
2569,95,260,0.0073473453521728516
2570,96,260,0.007243633270263672
2571,97,260,0.007218599319458008
2572,98,260,0.0070037841796875
2573,99,260,0.006930112838745117
2574,1,270,0.058754682540893555
2575,2,270,0.036258697509765625
2576,3,270,0.031414031982421875
2577,4,270,0.03148341178894043
2578,5,270,0.029611587524414062
2579,6,270,0.025428056716918945
2580,7,270,0.024456024169921875
2581,8,270,0.022578954696655273
2582,9,270,0.020296573638916016
2583,10,270,0.018830299377441406
2584,11,270,0.018179655075073242
2585,12,270,0.01674795150756836
2586,13,270,0.01542043685913086
2587,14,270,0.014903783798217773
2588,15,270,0.014174222946166992
2589,16,270,0.013402938842773438
2590,17,270,0.012880086898803711
2591,18,270,0.012311697006225586
2592,19,270,0.011798858642578125
2593,20,270,0.011423587799072266
2594,21,270,0.011138200759887695
2595,22,270,0.0106048583984375
2596,23,270,0.010364770889282227
2597,24,270,0.010229825973510742
2598,25,270,0.01716470718383789
2599,26,270,0.016901016235351562
2600,27,270,0.01654505729675293
2601,28,270,0.015072107315063477
2602,29,270,0.014646530151367188
2603,30,270,0.013563871383666992
2604,31,270,0.014050483703613281
2605,32,270,0.014850378036499023
2606,33,270,0.014553308486938477
2607,34,270,0.014383316040039062
2608,35,270,0.014108419418334961
2609,36,270,0.012948751449584961
2610,37,270,0.01277613639831543
2611,38,270,0.012592315673828125
2612,39,270,0.013105630874633789
2613,40,270,0.013140201568603516
2614,41,270,0.012922525405883789
2615,42,270,0.012752771377563477
2616,43,270,0.012672662734985352
2617,44,270,0.01245427131652832
2618,45,270,0.012279033660888672
2619,46,270,0.011870384216308594
2620,47,270,0.011742591857910156
2621,48,270,0.011321783065795898
2622,49,270,0.010572433471679688
2623,50,270,0.010439157485961914
2624,51,270,0.01038980484008789
2625,52,270,0.010328054428100586
2626,53,270,0.010102510452270508
2627,54,270,0.010135412216186523
2628,55,270,0.010011434555053711
2629,56,270,0.010598182678222656
2630,57,270,0.010617494583129883
2631,58,270,0.010542154312133789
2632,59,270,0.010206460952758789
2633,60,270,0.010107040405273438
2634,61,270,0.010207653045654297
2635,62,270,0.01009988784790039
2636,63,270,0.009977579116821289
2637,64,270,0.00982046127319336
2638,65,270,0.00933218002319336
2639,66,270,0.009731531143188477
2640,67,270,0.009622573852539062
2641,68,270,0.00952911376953125
2642,69,270,0.00917673110961914
2643,70,270,0.009141206741333008
2644,71,270,0.009033918380737305
2645,72,270,0.009068489074707031
2646,73,270,0.008983373641967773
2647,74,270,0.009006738662719727
2648,75,270,0.008824825286865234
2649,76,270,0.008720636367797852
2650,77,270,0.00842428207397461
2651,78,270,0.008697032928466797
2652,79,270,0.008719444274902344
2653,80,270,0.008642435073852539
2654,81,270,0.00861215591430664
2655,82,270,0.008453845977783203
2656,83,270,0.00826883316040039
2657,84,270,0.008258342742919922
2658,85,270,0.008131265640258789
2659,86,270,0.008131027221679688
2660,87,270,0.008034467697143555
2661,88,270,0.008003473281860352
2662,89,270,0.007933855056762695
2663,90,270,0.008086204528808594
2664,91,270,0.007983922958374023
2665,92,270,0.007924556732177734
2666,93,270,0.008014440536499023
2667,94,270,0.007791280746459961
2668,95,270,0.007745981216430664
2669,96,270,0.007696866989135742
2670,97,270,0.007858514785766602
2671,98,270,0.007669687271118164
2672,99,270,0.007598161697387695
2673,1,280,0.06511998176574707
2674,2,280,0.038881540298461914
2675,3,280,0.03503775596618652
2676,4,280,0.03386831283569336
2677,5,280,0.03180074691772461
2678,6,280,0.02729940414428711
2679,7,280,0.02546858787536621
2680,8,280,0.0242922306060791
2681,9,280,0.02175116539001465
2682,10,280,0.020379304885864258
2683,11,280,0.019503116607666016
2684,12,280,0.018103599548339844
2685,13,280,0.01664876937866211
2686,14,280,0.016099214553833008
2687,15,280,0.015190362930297852
2688,16,280,0.014730215072631836
2689,17,280,0.021329879760742188
2690,18,280,0.014519453048706055
2691,19,280,0.014634132385253906
2692,20,280,0.013886213302612305
2693,21,280,0.013692140579223633
2694,22,280,0.01316213607788086
2695,23,280,0.01214289665222168
2696,24,280,0.01193380355834961
2697,25,280,0.011359453201293945
2698,26,280,0.011039018630981445
2699,27,280,0.010900497436523438
2700,28,280,0.01078653335571289
2701,29,280,0.010452508926391602
2702,30,280,0.010153055191040039
2703,31,280,0.01016998291015625
2704,32,280,0.00983119010925293
2705,33,280,0.009575843811035156
2706,34,280,0.015465497970581055
2707,35,280,0.015135049819946289
2708,36,280,0.014868021011352539
2709,37,280,0.010798931121826172
2710,38,280,0.011525630950927734
2711,39,280,0.01148676872253418
2712,40,280,0.011350870132446289
2713,41,280,0.013785123825073242
2714,42,280,0.013602018356323242
2715,43,280,0.013700246810913086
2716,44,280,0.0133056640625
2717,45,280,0.013133049011230469
2718,46,280,0.013089418411254883
2719,47,280,0.012761354446411133
2720,48,280,0.012308835983276367
2721,49,280,0.012207984924316406
2722,50,280,0.012030601501464844
2723,51,280,0.011998891830444336
2724,52,280,0.011947393417358398
2725,53,280,0.011865377426147461
2726,54,280,0.011657953262329102
2727,55,280,0.011486053466796875
2728,56,280,0.011424779891967773
2729,57,280,0.011258125305175781
2730,58,280,0.011017560958862305
2731,59,280,0.0101470947265625
2732,60,280,0.010248661041259766
2733,61,280,0.010074615478515625
2734,62,280,0.009940147399902344
2735,63,280,0.009893417358398438
2736,64,280,0.009870529174804688
2737,65,280,0.009795427322387695
2738,66,280,0.009601831436157227
2739,67,280,0.009473085403442383
2740,68,280,0.009437084197998047
2741,69,280,0.009340047836303711
2742,70,280,0.009277820587158203
2743,71,280,0.009185552597045898
2744,72,280,0.009076356887817383
2745,73,280,0.009243011474609375
2746,74,280,0.009671688079833984
2747,75,280,0.009502410888671875
2748,76,280,0.009341001510620117
2749,77,280,0.009393692016601562
2750,78,280,0.009248733520507812
2751,79,280,0.009117841720581055
2752,80,280,0.008944511413574219
2753,81,280,0.00921773910522461
2754,82,280,0.009189605712890625
2755,83,280,0.009163618087768555
2756,84,280,0.009067535400390625
2757,85,280,0.009027719497680664
2758,86,280,0.008912086486816406
2759,87,280,0.008794307708740234
2760,88,280,0.008589744567871094
2761,89,280,0.008539676666259766
2762,90,280,0.00857234001159668
2763,91,280,0.008553743362426758
2764,92,280,0.008429765701293945
2765,93,280,0.008432388305664062
2766,94,280,0.008538246154785156
2767,95,280,0.008462905883789062
2768,96,280,0.008370161056518555
2769,97,280,0.008174419403076172
2770,98,280,0.008112430572509766
2771,99,280,0.008143186569213867
2772,1,290,0.06810927391052246
2773,2,290,0.04185748100280762
2774,3,290,0.03619742393493652
2775,4,290,0.03640317916870117
2776,5,290,0.03391003608703613
2777,6,290,0.0293276309967041
2778,7,290,0.02715301513671875
2779,8,290,0.02613520622253418
2780,9,290,0.024158954620361328
2781,10,290,0.02339625358581543
2782,11,290,0.022886991500854492
2783,12,290,0.02219676971435547
2784,13,290,0.021442174911499023
2785,14,290,0.017177343368530273
2786,15,290,0.020624160766601562
2787,16,290,0.01966381072998047
2788,17,290,0.017914295196533203
2789,18,290,0.016272306442260742
2790,19,290,0.02222275733947754
2791,20,290,0.021351099014282227
2792,21,290,0.019440174102783203
2793,22,290,0.017714262008666992
2794,23,290,0.01832270622253418
2795,24,290,0.019205808639526367
2796,25,290,0.018645286560058594
2797,26,290,0.017859935760498047
2798,27,290,0.01626873016357422
2799,28,290,0.015187501907348633
2800,29,290,0.018427371978759766
2801,30,290,0.01768040657043457
2802,31,290,0.017399311065673828
2803,32,290,0.016023635864257812
2804,33,290,0.015684127807617188
2805,34,290,0.016464948654174805
2806,35,290,0.016397953033447266
2807,36,290,0.01612997055053711
2808,37,290,0.015541553497314453
2809,38,290,0.015515327453613281
2810,39,290,0.014018774032592773
2811,40,290,0.014014005661010742
2812,41,290,0.014941930770874023
2813,42,290,0.014656305313110352
2814,43,290,0.014660120010375977
2815,44,290,0.014215946197509766
2816,45,290,0.014023780822753906
2817,46,290,0.013938188552856445
2818,47,290,0.012834787368774414
2819,48,290,0.01259756088256836
2820,49,290,0.012252330780029297
2821,50,290,0.012053251266479492
2822,51,290,0.011703252792358398
2823,52,290,0.01267552375793457
2824,53,290,0.012438535690307617
2825,54,290,0.012481689453125
2826,55,290,0.012238502502441406
2827,56,290,0.012327909469604492
2828,57,290,0.012055635452270508
2829,58,290,0.011941194534301758
2830,59,290,0.01192927360534668
2831,60,290,0.011699676513671875
2832,61,290,0.011682510375976562
2833,62,290,0.011656522750854492
2834,63,290,0.011437177658081055
2835,64,290,0.011319637298583984
2836,65,290,0.011166095733642578
2837,66,290,0.011236906051635742
2838,67,290,0.011000394821166992
2839,68,290,0.010945558547973633
2840,69,290,0.010835647583007812
2841,70,290,0.010775089263916016
2842,71,290,0.01080775260925293
2843,72,290,0.010643959045410156
2844,73,290,0.010513544082641602
2845,74,290,0.010222434997558594
2846,75,290,0.010143280029296875
2847,76,290,0.010074377059936523
2848,77,290,0.010091781616210938
2849,78,290,0.010010719299316406
2850,79,290,0.009701967239379883
2851,80,290,0.009850502014160156
2852,81,290,0.00976419448852539
2853,82,290,0.009634733200073242
2854,83,290,0.009543180465698242
2855,84,290,0.009789705276489258
2856,85,290,0.00963139533996582
2857,86,290,0.009623289108276367
2858,87,290,0.009618520736694336
2859,88,290,0.009424209594726562
2860,89,290,0.009338617324829102
2861,90,290,0.009232282638549805
2862,91,290,0.009050607681274414
2863,92,290,0.009190082550048828
2864,93,290,0.008983612060546875
2865,94,290,0.008934736251831055
2866,95,290,0.008867263793945312
2867,96,290,0.008967399597167969
2868,97,290,0.00892329216003418
2869,98,290,0.008888721466064453
2870,99,290,0.008754253387451172
2871,1,300,0.07209610939025879
2872,2,300,0.04457402229309082
2873,3,300,0.03867030143737793
2874,4,300,0.03890109062194824
2875,5,300,0.03817415237426758
2876,6,300,0.031235218048095703
2877,7,300,0.029016971588134766
2878,8,300,0.028149127960205078
2879,9,300,0.025059938430786133
2880,10,300,0.02805328369140625
2881,11,300,0.025542497634887695
2882,12,300,0.022326946258544922
2883,13,300,0.019861698150634766
2884,14,300,0.01843881607055664
2885,15,300,0.017362594604492188
2886,16,300,0.016367435455322266
2887,17,300,0.015893936157226562
2888,18,300,0.015166521072387695
2889,19,300,0.014598846435546875
2890,20,300,0.013984918594360352
2891,21,300,0.013584613800048828
2892,22,300,0.01307368278503418
2893,23,300,0.01276850700378418
2894,24,300,0.021971940994262695
2895,25,300,0.011968851089477539
2896,26,300,0.02078390121459961
2897,27,300,0.0204317569732666
2898,28,300,0.01837921142578125
2899,29,300,0.01585555076599121
2900,30,300,0.015354633331298828
2901,31,300,0.01876544952392578
2902,32,300,0.014812707901000977
2903,33,300,0.014711141586303711
2904,34,300,0.014375448226928711
2905,35,300,0.013979911804199219
2906,36,300,0.017423152923583984
2907,37,300,0.016847610473632812
2908,38,300,0.01635885238647461
2909,39,300,0.01625204086303711
2910,40,300,0.01479482650756836
2911,41,300,0.01289057731628418
2912,42,300,0.01294088363647461
2913,43,300,0.015520095825195312
2914,44,300,0.015361547470092773
2915,45,300,0.014964580535888672
2916,46,300,0.014956951141357422
2917,47,300,0.013098955154418945
2918,48,300,0.013283252716064453
2919,49,300,0.013230562210083008
2920,50,300,0.013129472732543945
2921,51,300,0.011985063552856445
2922,52,300,0.013475418090820312
2923,53,300,0.013321876525878906
2924,54,300,0.013266324996948242
2925,55,300,0.0131072998046875
2926,56,300,0.013065814971923828
2927,57,300,0.012977838516235352
2928,58,300,0.012858152389526367
2929,59,300,0.012495040893554688
2930,60,300,0.012542486190795898
2931,61,300,0.012462377548217773
2932,62,300,0.012310028076171875
2933,63,300,0.01209259033203125
2934,64,300,0.012239933013916016
2935,65,300,0.012062788009643555
2936,66,300,0.011863231658935547
2937,67,300,0.01178288459777832
2938,68,300,0.011831045150756836
2939,69,300,0.011549949645996094
2940,70,300,0.011499404907226562
2941,71,300,0.011303901672363281
2942,72,300,0.011271476745605469
2943,73,300,0.011207103729248047
2944,74,300,0.011102437973022461
2945,75,300,0.010896444320678711
2946,76,300,0.01081705093383789
2947,77,300,0.010761260986328125
2948,78,300,0.010661125183105469
2949,79,300,0.010683536529541016
2950,80,300,0.010669946670532227
2951,81,300,0.010599374771118164
2952,82,300,0.010383129119873047
2953,83,300,0.01034092903137207
2954,84,300,0.010309219360351562
2955,85,300,0.010287046432495117
2956,86,300,0.009905099868774414
2957,87,300,0.010146379470825195
2958,88,300,0.010112762451171875
2959,89,300,0.01013636589050293
2960,90,300,0.010110616683959961
2961,91,300,0.009985923767089844
2962,92,300,0.009886980056762695
2963,93,300,0.00966954231262207
2964,94,300,0.009534597396850586
2965,95,300,0.009572744369506836
2966,96,300,0.009469270706176758
2967,97,300,0.009344339370727539
2968,98,300,0.009387016296386719
2969,99,300,0.009333133697509766
2970,1,310,0.07556295394897461
2971,2,310,0.04782891273498535
2972,3,310,0.041280508041381836
2973,4,310,0.04141497611999512
2974,5,310,0.038828372955322266
2975,6,310,0.03371787071228027
2976,7,310,0.031142711639404297
2977,8,310,0.029700756072998047
2978,9,310,0.026635408401489258
2979,10,310,0.02478766441345215
2980,11,310,0.023855209350585938
2981,12,310,0.03964996337890625
2982,13,310,0.031310319900512695
2983,14,310,0.025498628616333008
2984,15,310,0.023427963256835938
2985,16,310,0.023540735244750977
2986,17,310,0.018889188766479492
2987,18,310,0.01849985122680664
2988,19,310,0.016869783401489258
2989,20,310,0.0164794921875
2990,21,310,0.025709867477416992
2991,22,310,0.024903535842895508
2992,23,310,0.016576051712036133
2993,24,310,0.01643967628479004
2994,25,310,0.022762298583984375
2995,26,310,0.02182769775390625
2996,27,310,0.020268917083740234
2997,28,310,0.018500328063964844
2998,29,310,0.016518831253051758
2999,30,310,0.020735502243041992
3000,31,310,0.01618170738220215
3001,32,310,0.016820907592773438
3002,33,310,0.019102811813354492
3003,34,310,0.018936872482299805
3004,35,310,0.01872420310974121
3005,36,310,0.01808786392211914
3006,37,310,0.01820063591003418
3007,38,310,0.017682790756225586
3008,39,310,0.017165422439575195
3009,40,310,0.017069101333618164
3010,41,310,0.01573967933654785
3011,42,310,0.01442408561706543
3012,43,310,0.01664257049560547
3013,44,310,0.014204740524291992
3014,45,310,0.014868974685668945
3015,46,310,0.01467275619506836
3016,47,310,0.014376401901245117
3017,48,310,0.01432180404663086
3018,49,310,0.014207601547241211
3019,50,310,0.013092279434204102
3020,51,310,0.012783050537109375
3021,52,310,0.01250004768371582
3022,53,310,0.012384414672851562
3023,54,310,0.01225733757019043
3024,55,310,0.012133598327636719
3025,56,310,0.01183176040649414
3026,57,310,0.011647462844848633
3027,58,310,0.011826276779174805
3028,59,310,0.01171112060546875
3029,60,310,0.011521100997924805
3030,61,310,0.011290550231933594
3031,62,310,0.013026237487792969
3032,63,310,0.012865781784057617
3033,64,310,0.012524604797363281
3034,65,310,0.012592792510986328
3035,66,310,0.012688159942626953
3036,67,310,0.01214456558227539
3037,68,310,0.012372732162475586
3038,69,310,0.01217341423034668
3039,70,310,0.012236356735229492
3040,71,310,0.012064933776855469
3041,72,310,0.012157440185546875
3042,73,310,0.012032270431518555
3043,74,310,0.011778593063354492
3044,75,310,0.01170492172241211
3045,76,310,0.011635065078735352
3046,77,310,0.011522293090820312
3047,78,310,0.011450767517089844
3048,79,310,0.011398792266845703
3049,80,310,0.011325359344482422
3050,81,310,0.010751485824584961
3051,82,310,0.011027336120605469
3052,83,310,0.011060476303100586
3053,84,310,0.010973691940307617
3054,85,310,0.010963678359985352
3055,86,310,0.010793685913085938
3056,87,310,0.01076960563659668
3057,88,310,0.010578393936157227
3058,89,310,0.010486125946044922
3059,90,310,0.010644912719726562
3060,91,310,0.01025247573852539
3061,92,310,0.010532140731811523
3062,93,310,0.010524749755859375
3063,94,310,0.010362625122070312
3064,95,310,0.010316133499145508
3065,96,310,0.010051727294921875
3066,97,310,0.010053873062133789
3067,98,310,0.009966850280761719
3068,99,310,0.009781837463378906
3069,1,320,0.08094072341918945
3070,2,320,0.05078744888305664
3071,3,320,0.044020652770996094
3072,4,320,0.04411482810974121
3073,5,320,0.04128241539001465
3074,6,320,0.035745859146118164
3075,7,320,0.03316950798034668
3076,8,320,0.031783103942871094
3077,9,320,0.028549909591674805
3078,10,320,0.025847196578979492
3079,11,320,0.025386810302734375
3080,12,320,0.036371707916259766
3081,13,320,0.021562814712524414
3082,14,320,0.020064115524291992
3083,15,320,0.032234907150268555
3084,16,320,0.018602848052978516
3085,17,320,0.018764734268188477
3086,18,320,0.018880367279052734
3087,19,320,0.017166852951049805
3088,20,320,0.016210317611694336
3089,21,320,0.015224218368530273
3090,22,320,0.014972209930419922
3091,23,320,0.026063919067382812
3092,24,320,0.02519845962524414
3093,25,320,0.014942646026611328
3094,26,320,0.0159759521484375
3095,27,320,0.02304363250732422
3096,28,320,0.022426128387451172
3097,29,320,0.020476579666137695
3098,30,320,0.020134449005126953
3099,31,320,0.019899845123291016
3100,32,320,0.01936650276184082
3101,33,320,0.01762700080871582
3102,34,320,0.017331361770629883
3103,35,320,0.01714944839477539
3104,36,320,0.015720605850219727
3105,37,320,0.015446186065673828
3106,38,320,0.014373064041137695
3107,39,320,0.014200448989868164
3108,40,320,0.015855789184570312
3109,41,320,0.015408992767333984
3110,42,320,0.01540231704711914
3111,43,320,0.015299081802368164
3112,44,320,0.017393112182617188
3113,45,320,0.01588296890258789
3114,46,320,0.01562952995300293
3115,47,320,0.015398979187011719
3116,48,320,0.015133857727050781
3117,49,320,0.014247894287109375
3118,50,320,0.01585245132446289
3119,51,320,0.015805482864379883
3120,52,320,0.015654325485229492
3121,53,320,0.01554250717163086
3122,54,320,0.015211343765258789
3123,55,320,0.01486968994140625
3124,56,320,0.014693737030029297
3125,57,320,0.014454364776611328
3126,58,320,0.014312505722045898
3127,59,320,0.013883590698242188
3128,60,320,0.01423335075378418
3129,61,320,0.014155149459838867
3130,62,320,0.014138460159301758
3131,63,320,0.01364445686340332
3132,64,320,0.013622045516967773
3133,65,320,0.013673782348632812
3134,66,320,0.01344156265258789
3135,67,320,0.013252973556518555
3136,68,320,0.013361930847167969
3137,69,320,0.013142585754394531
3138,70,320,0.012816667556762695
3139,71,320,0.012916803359985352
3140,72,320,0.012761116027832031
3141,73,320,0.012806415557861328
3142,74,320,0.012619495391845703
3143,75,320,0.012503385543823242
3144,76,320,0.01244354248046875
3145,77,320,0.012158632278442383
3146,78,320,0.012277603149414062
3147,79,320,0.012152910232543945
3148,80,320,0.012130975723266602
3149,81,320,0.011939048767089844
3150,82,320,0.011777400970458984
3151,83,320,0.011660099029541016
3152,84,320,0.011655807495117188
3153,85,320,0.011724233627319336
3154,86,320,0.011605262756347656
3155,87,320,0.01134347915649414
3156,88,320,0.011538267135620117
3157,89,320,0.011352300643920898
3158,90,320,0.011229276657104492
3159,91,320,0.01078176498413086
3160,92,320,0.011152982711791992
3161,93,320,0.011312007904052734
3162,94,320,0.011012792587280273
3163,95,320,0.011216163635253906
3164,96,320,0.010961055755615234
3165,97,320,0.010701894760131836
3166,98,320,0.010676145553588867
3167,99,320,0.01045370101928711
3168,1,330,0.08049583435058594
3169,2,330,0.053941965103149414
3170,3,330,0.04674863815307617
3171,4,330,0.04659533500671387
3172,5,330,0.03799104690551758
3173,6,330,0.037412405014038086
3174,7,330,0.035207271575927734
3175,8,330,0.030887842178344727
3176,9,330,0.035733938217163086
3177,10,330,0.028156518936157227
3178,11,330,0.025441408157348633
3179,12,330,0.03615283966064453
3180,13,330,0.022846460342407227
3181,14,330,0.0213470458984375
3182,15,330,0.020700693130493164
3183,16,330,0.019709348678588867
3184,17,330,0.019164323806762695
3185,18,330,0.018322467803955078
3186,19,330,0.017344951629638672
3187,20,330,0.016513347625732422
3188,21,330,0.01625800132751465
3189,22,330,0.01564311981201172
3190,23,330,0.015358448028564453
3191,24,330,0.015000343322753906
3192,25,330,0.014369726181030273
3193,26,330,0.024895191192626953
3194,27,330,0.02429795265197754
3195,28,330,0.022153615951538086
3196,29,330,0.016980886459350586
3197,30,330,0.017670869827270508
3198,31,330,0.020309925079345703
3199,32,330,0.017976045608520508
3200,33,330,0.01876044273376465
3201,34,330,0.020926237106323242
3202,35,330,0.017991065979003906
3203,36,330,0.020898818969726562
3204,37,330,0.019045352935791016
3205,38,330,0.020032405853271484
3206,39,330,0.019394397735595703
3207,40,330,0.019748449325561523
3208,41,330,0.01775956153869629
3209,42,330,0.01741933822631836
3210,43,330,0.015787124633789062
3211,44,330,0.015697717666625977
3212,45,330,0.016344547271728516
3213,46,330,0.016686439514160156
3214,47,330,0.01614856719970703
3215,48,330,0.016223430633544922
3216,49,330,0.01598525047302246
3217,50,330,0.015616655349731445
3218,51,330,0.014561176300048828
3219,52,330,0.014288663864135742
3220,53,330,0.013987302780151367
3221,54,330,0.013977289199829102
3222,55,330,0.013930559158325195
3223,56,330,0.01368403434753418
3224,57,330,0.015295267105102539
3225,58,330,0.01500844955444336
3226,59,330,0.01496577262878418
3227,60,330,0.014822959899902344
3228,61,330,0.014660120010375977
3229,62,330,0.014759302139282227
3230,63,330,0.014797210693359375
3231,64,330,0.014596700668334961
3232,65,330,0.014201164245605469
3233,66,330,0.01431727409362793
3234,67,330,0.01314091682434082
3235,68,330,0.01389765739440918
3236,69,330,0.013775110244750977
3237,70,330,0.01385188102722168
3238,71,330,0.013572454452514648
3239,72,330,0.01358175277709961
3240,73,330,0.013446569442749023
3241,74,330,0.013280630111694336
3242,75,330,0.013252019882202148
3243,76,330,0.012915611267089844
3244,77,330,0.012996912002563477
3245,78,330,0.012959718704223633
3246,79,330,0.012856483459472656
3247,80,330,0.012778520584106445
3248,81,330,0.01277613639831543
3249,82,330,0.012556314468383789
3250,83,330,0.012431144714355469
3251,84,330,0.012325286865234375
3252,85,330,0.012358427047729492
3253,86,330,0.011819124221801758
3254,87,330,0.012244224548339844
3255,88,330,0.012180805206298828
3256,89,330,0.012034416198730469
3257,90,330,0.011916637420654297
3258,91,330,0.011955022811889648
3259,92,330,0.011776447296142578
3260,93,330,0.011671066284179688
3261,94,330,0.010811805725097656
3262,95,330,0.011516332626342773
3263,96,330,0.011682271957397461
3264,97,330,0.011563539505004883
3265,98,330,0.011545896530151367
3266,99,330,0.011470556259155273
3267,1,340,0.08985781669616699
3268,2,340,0.05733299255371094
3269,3,340,0.04941272735595703
3270,4,340,0.04961276054382324
3271,5,340,0.04655289649963379
3272,6,340,0.04010486602783203
3273,7,340,0.03724336624145508
3274,8,340,0.03562617301940918
3275,9,340,0.045510292053222656
3276,10,340,0.035321712493896484
3277,11,340,0.03112936019897461
3278,12,340,0.02879929542541504
3279,13,340,0.0280301570892334
3280,14,340,0.023494482040405273
3281,15,340,0.023474693298339844
3282,16,340,0.023053884506225586
3283,17,340,0.029242277145385742
3284,18,340,0.028073787689208984
3285,19,340,0.023546934127807617
3286,20,340,0.021450281143188477
3287,21,340,0.019826412200927734
3288,22,340,0.0183713436126709
3289,23,340,0.01802515983581543
3290,24,340,0.01685023307800293
3291,25,340,0.016265392303466797
3292,26,340,0.015604257583618164
3293,27,340,0.015212059020996094
3294,28,340,0.014756441116333008
3295,29,340,0.01471257209777832
3296,30,340,0.014461994171142578
3297,31,340,0.013985633850097656
3298,32,340,0.013701438903808594
3299,33,340,0.013765811920166016
3300,34,340,0.013330459594726562
3301,35,340,0.01306009292602539
3302,36,340,0.012925386428833008
3303,37,340,0.012788057327270508
3304,38,340,0.012453079223632812
3305,39,340,0.012264728546142578
3306,40,340,0.012113332748413086
3307,41,340,0.011925458908081055
3308,42,340,0.011631250381469727
3309,43,340,0.011429071426391602
3310,44,340,0.012270927429199219
3311,45,340,0.011439800262451172
3312,46,340,0.012090444564819336
3313,47,340,0.01212930679321289
3314,48,340,0.015888690948486328
3315,49,340,0.016876935958862305
3316,50,340,0.01286458969116211
3317,51,340,0.016325712203979492
3318,52,340,0.016085147857666016
3319,53,340,0.014866113662719727
3320,54,340,0.015893936157226562
3321,55,340,0.017069578170776367
3322,56,340,0.016459941864013672
3323,57,340,0.016510009765625
3324,58,340,0.0162351131439209
3325,59,340,0.015733957290649414
3326,60,340,0.01562356948852539
3327,61,340,0.015696048736572266
3328,62,340,0.015403509140014648
3329,63,340,0.01542520523071289
3330,64,340,0.015431880950927734
3331,65,340,0.015343904495239258
3332,66,340,0.015114784240722656
3333,67,340,0.014980554580688477
3334,68,340,0.014939546585083008
3335,69,340,0.01489400863647461
3336,70,340,0.01455998420715332
3337,71,340,0.013342618942260742
3338,72,340,0.014461994171142578
3339,73,340,0.014212846755981445
3340,74,340,0.014113664627075195
3341,75,340,0.013869524002075195
3342,76,340,0.014018058776855469
3343,77,340,0.01382136344909668
3344,78,340,0.01377415657043457
3345,79,340,0.013782501220703125
3346,80,340,0.013548612594604492
3347,81,340,0.013511896133422852
3348,82,340,0.013139963150024414
3349,83,340,0.013265848159790039
3350,84,340,0.013215065002441406
3351,85,340,0.013100862503051758
3352,86,340,0.012916803359985352
3353,87,340,0.012922525405883789
3354,88,340,0.012744665145874023
3355,89,340,0.012540340423583984
3356,90,340,0.01177072525024414
3357,91,340,0.011707544326782227
3358,92,340,0.012550830841064453
3359,93,340,0.010784626007080078
3360,94,340,0.012300252914428711
3361,95,340,0.01140737533569336
3362,96,340,0.011223316192626953
3363,97,340,0.0117340087890625
3364,98,340,0.011978626251220703
3365,99,340,0.012020587921142578
3366,1,350,0.0884249210357666
3367,2,350,0.06048417091369629
3368,3,350,0.052332401275634766
3369,4,350,0.052600860595703125
3370,5,350,0.049260854721069336
3371,6,350,0.04236459732055664
3372,7,350,0.03946805000305176
3373,8,350,0.037802696228027344
3374,9,350,0.03375053405761719
3375,10,350,0.03163790702819824
3376,11,350,0.05267667770385742
3377,12,350,0.03719305992126465
3378,13,350,0.031074047088623047
3379,14,350,0.02730250358581543
3380,15,350,0.03162074089050293
3381,16,350,0.031523704528808594
3382,17,350,0.023607730865478516
3383,18,350,0.02648782730102539
3384,19,350,0.025009632110595703
3385,20,350,0.024988651275634766
3386,21,350,0.0246121883392334
3387,22,350,0.02728414535522461
3388,23,350,0.02640223503112793
3389,24,350,0.024447202682495117
3390,25,350,0.02351212501525879
3391,26,350,0.022647619247436523
3392,27,350,0.02093982696533203
3393,28,350,0.01943373680114746
3394,29,350,0.018870115280151367
3395,30,350,0.02634906768798828
3396,31,350,0.018349647521972656
3397,32,350,0.018764972686767578
3398,33,350,0.018517494201660156
3399,34,350,0.01828765869140625
3400,35,350,0.017138957977294922
3401,36,350,0.016875267028808594
3402,37,350,0.01656484603881836
3403,38,350,0.016131162643432617
3404,39,350,0.015962839126586914
3405,40,350,0.021782636642456055
3406,41,350,0.015619039535522461
3407,42,350,0.01645207405090332
3408,43,350,0.015978097915649414
3409,44,350,0.020534038543701172
3410,45,350,0.0164186954498291
3411,46,350,0.01744365692138672
3412,47,350,0.0170745849609375
3413,48,350,0.019684553146362305
3414,49,350,0.016845226287841797
3415,50,350,0.017564773559570312
3416,51,350,0.01708078384399414
3417,52,350,0.016125917434692383
3418,53,350,0.01047372817993164
3419,54,350,0.010338068008422852
3420,55,350,0.010245561599731445
3421,56,350,0.010035991668701172
3422,57,350,0.009918212890625
3423,58,350,0.009761810302734375
3424,59,350,0.016918182373046875
3425,60,350,0.009420156478881836
3426,61,350,0.009323835372924805
3427,62,350,0.01618671417236328
3428,63,350,0.01610422134399414
3429,64,350,0.008983135223388672
3430,65,350,0.009033441543579102
3431,66,350,0.01584911346435547
3432,67,350,0.010717391967773438
3433,68,350,0.015511035919189453
3434,69,350,0.010952949523925781
3435,70,350,0.01097416877746582
3436,71,350,0.010969161987304688
3437,72,350,0.011340618133544922
3438,73,350,0.012005805969238281
3439,74,350,0.011974096298217773
3440,75,350,0.011309385299682617
3441,76,350,0.014555215835571289
3442,77,350,0.01102590560913086
3443,78,350,0.010830879211425781
3444,79,350,0.010938644409179688
3445,80,350,0.010972738265991211
3446,81,350,0.014159202575683594
3447,82,350,0.014114141464233398
3448,83,350,0.012103557586669922
3449,84,350,0.012857913970947266
3450,85,350,0.012789487838745117
3451,86,350,0.013709306716918945
3452,87,350,0.01257181167602539
3453,88,350,0.013497114181518555
3454,89,350,0.013342142105102539
3455,90,350,0.013280391693115234
3456,91,350,0.013169050216674805
3457,92,350,0.013157844543457031
3458,93,350,0.013219833374023438
3459,94,350,0.012884855270385742
3460,95,350,0.012818098068237305
3461,96,350,0.012938499450683594
3462,97,350,0.012825489044189453
3463,98,350,0.012619495391845703
3464,99,350,0.012519359588623047
3465,1,360,0.09938597679138184
3466,2,360,0.07398486137390137
3467,3,360,0.059173583984375
3468,4,360,0.048967599868774414
3469,5,360,0.04795503616333008
3470,6,360,0.0376739501953125
3471,7,360,0.03413033485412598
3472,8,360,0.0365142822265625
3473,9,360,0.035506248474121094
3474,10,360,0.03343796730041504
3475,11,360,0.032221317291259766
3476,12,360,0.02943897247314453
3477,13,360,0.03713226318359375
3478,14,360,0.025287151336669922
3479,15,360,0.03555560111999512
3480,16,360,0.030179977416992188
3481,17,360,0.02618861198425293
3482,18,360,0.024008989334106445
3483,19,360,0.032141923904418945
3484,20,360,0.030478954315185547
3485,21,360,0.02663135528564453
3486,22,360,0.02403092384338379
3487,23,360,0.028484821319580078
3488,24,360,0.022428035736083984
3489,25,360,0.02850198745727539
3490,26,360,0.024178743362426758
3491,27,360,0.027148723602294922
3492,28,360,0.024684429168701172
3493,29,360,0.026041746139526367
3494,30,360,0.025635719299316406
3495,31,360,0.027063608169555664
3496,32,360,0.022890806198120117
3497,33,360,0.025687694549560547
3498,34,360,0.02552318572998047
3499,35,360,0.023385286331176758
3500,36,360,0.02136063575744629
3501,37,360,0.02101898193359375
3502,38,360,0.023918867111206055
3503,39,360,0.019084692001342773
3504,40,360,0.02353382110595703
3505,41,360,0.02285480499267578
3506,42,360,0.020998239517211914
3507,43,360,0.02088618278503418
3508,44,360,0.02219843864440918
3509,45,360,0.0201568603515625
3510,46,360,0.02106642723083496
3511,47,360,0.019534587860107422
3512,48,360,0.0202333927154541
3513,49,360,0.019992828369140625
3514,50,360,0.020400285720825195
3515,51,360,0.019908428192138672
3516,52,360,0.019633054733276367
3517,53,360,0.01820087432861328
3518,54,360,0.019291162490844727
3519,55,360,0.017400741577148438
3520,56,360,0.018854618072509766
3521,57,360,0.018668174743652344
3522,58,360,0.018509864807128906
3523,59,360,0.018280029296875
3524,60,360,0.018180131912231445
3525,61,360,0.01780247688293457
3526,62,360,0.017522573471069336
3527,63,360,0.017330408096313477
3528,64,360,0.01708817481994629
3529,65,360,0.01721930503845215
3530,66,360,0.016917705535888672
3531,67,360,0.01653265953063965
3532,68,360,0.01683664321899414
3533,69,360,0.01669788360595703
3534,70,360,0.01627969741821289
3535,71,360,0.01608896255493164
3536,72,360,0.01598834991455078
3537,73,360,0.0159761905670166
3538,74,360,0.01588892936706543
3539,75,360,0.015537261962890625
3540,76,360,0.015672922134399414
3541,77,360,0.015641212463378906
3542,78,360,0.01546168327331543
3543,79,360,0.015323877334594727
3544,80,360,0.015245437622070312
3545,81,360,0.015114307403564453
3546,82,360,0.014981985092163086
3547,83,360,0.01496744155883789
3548,84,360,0.014792680740356445
3549,85,360,0.01478719711303711
3550,86,360,0.014651298522949219
3551,87,360,0.014589548110961914
3552,88,360,0.014514446258544922
3553,89,360,0.014242410659790039
3554,90,360,0.014261007308959961
3555,91,360,0.01414036750793457
3556,92,360,0.014129161834716797
3557,93,360,0.014102697372436523
3558,94,360,0.013192176818847656
3559,95,360,0.0138092041015625
3560,96,360,0.013770818710327148
3561,97,360,0.01365518569946289
3562,98,360,0.013408660888671875
3563,99,360,0.013615131378173828
3564,1,370,0.10296058654785156
3565,2,370,0.06775331497192383
3566,3,370,0.05843043327331543
3567,4,370,0.05889439582824707
3568,5,370,0.05516481399536133
3569,6,370,0.04753708839416504
3570,7,370,0.044092416763305664
3571,8,370,0.042298316955566406
3572,9,370,0.03809547424316406
3573,10,370,0.03511476516723633
3574,11,370,0.05396747589111328
3575,12,370,0.037941932678222656
3576,13,370,0.028821706771850586
3577,14,370,0.02803969383239746
3578,15,370,0.027520418167114258
3579,16,370,0.0383906364440918
3580,17,370,0.031522274017333984
3581,18,370,0.02767157554626465
3582,19,370,0.025178909301757812
3583,20,370,0.032362937927246094
3584,21,370,0.0310056209564209
3585,22,370,0.022868871688842773
3586,23,370,0.0276944637298584
3587,24,370,0.02567458152770996
3588,25,370,0.02488231658935547
3589,26,370,0.022685527801513672
3590,27,370,0.02126312255859375
3591,28,370,0.030409812927246094
3592,29,370,0.01988697052001953
3593,30,370,0.020734548568725586
3594,31,370,0.020531654357910156
3595,32,370,0.02785348892211914
3596,33,370,0.02718329429626465
3597,34,370,0.02494978904724121
3598,35,370,0.02291393280029297
3599,36,370,0.02152705192565918
3600,37,370,0.025574684143066406
3601,38,370,0.025125741958618164
3602,39,370,0.02475285530090332
3603,40,370,0.023888349533081055
3604,41,370,0.024450063705444336
3605,42,370,0.024000167846679688
3606,43,370,0.021754741668701172
3607,44,370,0.020240306854248047
3608,45,370,0.023070335388183594
3609,46,370,0.019523143768310547
3610,47,370,0.019117116928100586
3611,48,370,0.01866006851196289
3612,49,370,0.01874566078186035
3613,50,370,0.02146458625793457
3614,51,370,0.021024465560913086
3615,52,370,0.020933866500854492
3616,53,370,0.02065873146057129
3617,54,370,0.02052903175354004
3618,55,370,0.020125865936279297
3619,56,370,0.019765138626098633
3620,57,370,0.01960134506225586
3621,58,370,0.018857240676879883
3622,59,370,0.019463300704956055
3623,60,370,0.01922440528869629
3624,61,370,0.018674135208129883
3625,62,370,0.01863241195678711
3626,63,370,0.017024755477905273
3627,64,370,0.016750097274780273
3628,65,370,0.016457796096801758
3629,66,370,0.0164487361907959
3630,67,370,0.01645517349243164
3631,68,370,0.01616382598876953
3632,69,370,0.017281532287597656
3633,70,370,0.017337799072265625
3634,71,370,0.0170900821685791
3635,72,370,0.016937971115112305
3636,73,370,0.01676797866821289
3637,74,370,0.01661396026611328
3638,75,370,0.01675701141357422
3639,76,370,0.016599655151367188
3640,77,370,0.016323566436767578
3641,78,370,0.016388416290283203
3642,79,370,0.016284465789794922
3643,80,370,0.016047954559326172
3644,81,370,0.01588916778564453
3645,82,370,0.01575922966003418
3646,83,370,0.01560068130493164
3647,84,370,0.014617443084716797
3648,85,370,0.014553070068359375
3649,86,370,0.01557016372680664
3650,87,370,0.015355348587036133
3651,88,370,0.015387296676635742
3652,89,370,0.015060186386108398
3653,90,370,0.015100240707397461
3654,91,370,0.015055179595947266
3655,92,370,0.014589786529541016
3656,93,370,0.014786720275878906
3657,94,370,0.014380455017089844
3658,95,370,0.014590263366699219
3659,96,370,0.014341592788696289
3660,97,370,0.014246463775634766
3661,98,370,0.014274358749389648
3662,99,370,0.014148950576782227
3663,1,380,0.10579133033752441
3664,2,380,0.07153892517089844
3665,3,380,0.06163740158081055
3666,4,380,0.06189107894897461
3667,5,380,0.05790543556213379
3668,6,380,0.050157785415649414
3669,7,380,0.046454668045043945
3670,8,380,0.044130563735961914
3671,9,380,0.039923667907714844
3672,10,380,0.0371248722076416
3673,11,380,0.035797834396362305
3674,12,380,0.032694101333618164
3675,13,380,0.030472993850708008
3676,14,380,0.04067516326904297
3677,15,380,0.027765750885009766
3678,16,380,0.026271820068359375
3679,17,380,0.04075455665588379
3680,18,380,0.02443385124206543
3681,19,380,0.03319811820983887
3682,20,380,0.029564380645751953
3683,21,380,0.026063203811645508
3684,22,380,0.02397942543029785
3685,23,380,0.02239680290222168
3686,24,380,0.0218963623046875
3687,25,380,0.020194292068481445
3688,26,380,0.03322649002075195
3689,27,380,0.020087003707885742
3690,28,380,0.031678199768066406
3691,29,380,0.026860952377319336
3692,30,380,0.02499675750732422
3693,31,380,0.02287006378173828
3694,32,380,0.029271841049194336
3695,33,380,0.028532743453979492
3696,34,380,0.024108409881591797
3697,35,380,0.025307178497314453
3698,36,380,0.02378535270690918
3699,37,380,0.022284984588623047
3700,38,380,0.026294469833374023
3701,39,380,0.026033878326416016
3702,40,380,0.02400374412536621
3703,41,380,0.02529621124267578
3704,42,380,0.0254669189453125
3705,43,380,0.023174762725830078
3706,44,380,0.021071672439575195
3707,45,380,0.020760774612426758
3708,46,380,0.01962113380432129
3709,47,380,0.02295541763305664
3710,48,380,0.019973039627075195
3711,49,380,0.019631624221801758
3712,50,380,0.019482135772705078
3713,51,380,0.019057750701904297
3714,52,380,0.021941423416137695
3715,53,380,0.018723249435424805
3716,54,380,0.021724700927734375
3717,55,380,0.021294593811035156
3718,56,380,0.020892620086669922
3719,57,380,0.019265174865722656
3720,58,380,0.019153833389282227
3721,59,380,0.020315885543823242
3722,60,380,0.02019786834716797
3723,61,380,0.019825458526611328
3724,62,380,0.019620418548583984
3725,63,380,0.01964735984802246
3726,64,380,0.019260883331298828
3727,65,380,0.018956422805786133
3728,66,380,0.018684864044189453
3729,67,380,0.018355846405029297
3730,68,380,0.018091678619384766
3731,69,380,0.018222570419311523
3732,70,380,0.017533540725708008
3733,71,380,0.018091440200805664
3734,72,380,0.01802349090576172
3735,73,380,0.01780414581298828
3736,74,380,0.017621994018554688
3737,75,380,0.017479419708251953
3738,76,380,0.017035245895385742
3739,77,380,0.01730060577392578
3740,78,380,0.01728343963623047
3741,79,380,0.017023324966430664
3742,80,380,0.016991376876831055
3743,81,380,0.016729116439819336
3744,82,380,0.016625642776489258
3745,83,380,0.01647186279296875
3746,84,380,0.01650857925415039
3747,85,380,0.016446828842163086
3748,86,380,0.016380786895751953
3749,87,380,0.016305923461914062
3750,88,380,0.01618790626525879
3751,89,380,0.015997886657714844
3752,90,380,0.016023635864257812
3753,91,380,0.015825986862182617
3754,92,380,0.015669822692871094
3755,93,380,0.015727996826171875
3756,94,380,0.014944076538085938
3757,95,380,0.015248298645019531
3758,96,380,0.015146970748901367
3759,97,380,0.015237808227539062
3760,98,380,0.015094995498657227
3761,99,380,0.01469564437866211
3762,1,390,0.11151719093322754
3763,2,390,0.07508659362792969
3764,3,390,0.0648186206817627
3765,4,390,0.06524395942687988
3766,5,390,0.06111621856689453
3767,6,390,0.05271339416503906
3768,7,390,0.04897141456604004
3769,8,390,0.054495811462402344
3770,9,390,0.04363608360290527
3771,10,390,0.03910350799560547
3772,11,390,0.03909754753112793
3773,12,390,0.034703731536865234
3774,13,390,0.032172203063964844
3775,14,390,0.031081438064575195
3776,15,390,0.02935314178466797
3777,16,390,0.027596712112426758
3778,17,390,0.0268094539642334
3779,18,390,0.025554180145263672
3780,19,390,0.043005943298339844
3781,20,390,0.033483028411865234
3782,21,390,0.02487015724182129
3783,22,390,0.02527928352355957
3784,23,390,0.02470707893371582
3785,24,390,0.034531354904174805
3786,25,390,0.02339029312133789
3787,26,390,0.03142547607421875
3788,27,390,0.02471923828125
3789,28,390,0.03146219253540039
3790,29,390,0.02847433090209961
3791,30,390,0.028022289276123047
3792,31,390,0.02904820442199707
3793,32,390,0.028485774993896484
3794,33,390,0.02566671371459961
3795,34,390,0.029529809951782227
3796,35,390,0.027297019958496094
3797,36,390,0.028747081756591797
3798,37,390,0.025789260864257812
3799,38,390,0.026320695877075195
3800,39,390,0.023936986923217773
3801,40,390,0.027255535125732422
3802,41,390,0.023494720458984375
3803,42,390,0.026520967483520508
3804,43,390,0.026516437530517578
3805,44,390,0.02593994140625
3806,45,390,0.0254058837890625
3807,46,390,0.0249786376953125
3808,47,390,0.02234816551208496
3809,48,390,0.024388551712036133
3810,49,390,0.022396087646484375
3811,50,390,0.02354907989501953
3812,51,390,0.021328449249267578
3813,52,390,0.02097463607788086
3814,53,390,0.019681930541992188
3815,54,390,0.019611835479736328
3816,55,390,0.01933455467224121
3817,56,390,0.017945051193237305
3818,57,390,0.01776266098022461
3819,58,390,0.01759934425354004
3820,59,390,0.017335176467895508
3821,60,390,0.017168283462524414
3822,61,390,0.0166628360748291
3823,62,390,0.020552396774291992
3824,63,390,0.02041769027709961
3825,64,390,0.020264148712158203
3826,65,390,0.020140409469604492
3827,66,390,0.019739627838134766
3828,67,390,0.019476652145385742
3829,68,390,0.019283533096313477
3830,69,390,0.019025802612304688
3831,70,390,0.018881559371948242
3832,71,390,0.018828868865966797
3833,72,390,0.017173290252685547
3834,73,390,0.018845796585083008
3835,74,390,0.018427371978759766
3836,75,390,0.017158985137939453
3837,76,390,0.01682114601135254
3838,77,390,0.01793527603149414
3839,78,390,0.016557693481445312
3840,79,390,0.017927885055541992
3841,80,390,0.017868757247924805
3842,81,390,0.01757669448852539
3843,82,390,0.017482519149780273
3844,83,390,0.017653942108154297
3845,84,390,0.017237186431884766
3846,85,390,0.01723790168762207
3847,86,390,0.017129898071289062
3848,87,390,0.016713857650756836
3849,88,390,0.017040491104125977
3850,89,390,0.01691150665283203
3851,90,390,0.01674675941467285
3852,91,390,0.016468524932861328
3853,92,390,0.01657557487487793
3854,93,390,0.016405105590820312
3855,94,390,0.015624046325683594
3856,95,390,0.01626443862915039
3857,96,390,0.016220569610595703
3858,97,390,0.01590108871459961
3859,98,390,0.01575446128845215
3860,99,390,0.015674591064453125
3861,1,400,0.1111307144165039
3862,2,400,0.0788264274597168
3863,3,400,0.06833338737487793
3864,4,400,0.06846237182617188
3865,5,400,0.06427311897277832
3866,6,400,0.05523848533630371
3867,7,400,0.051274776458740234
3868,8,400,0.049172163009643555
3869,9,400,0.0440826416015625
3870,10,400,0.04115176200866699
3871,11,400,0.03972220420837402
3872,12,400,0.05188703536987305
3873,13,400,0.04028058052062988
3874,14,400,0.033791542053222656
3875,15,400,0.030972719192504883
3876,16,400,0.029180526733398438
3877,17,400,0.02804255485534668
3878,18,400,0.026984214782714844
3879,19,400,0.02559638023376465
3880,20,400,0.04274559020996094
3881,21,400,0.03419351577758789
3882,22,400,0.024074316024780273
3883,23,400,0.025716543197631836
3884,24,400,0.025446414947509766
3885,25,400,0.023453235626220703
3886,26,400,0.022687435150146484
3887,27,400,0.021132230758666992
3888,28,400,0.035268545150756836
3889,29,400,0.021392107009887695
3890,30,400,0.033896446228027344
3891,31,400,0.022517919540405273
3892,32,400,0.029985427856445312
3893,33,400,0.02359914779663086
3894,34,400,0.02935171127319336
3895,35,400,0.02867293357849121
3896,36,400,0.024562597274780273
3897,37,400,0.029639005661010742
3898,38,400,0.02457284927368164
3899,39,400,0.029436826705932617
3900,40,400,0.02655172348022461
3901,41,400,0.02829146385192871
3902,42,400,0.02806711196899414
3903,43,400,0.027558088302612305
3904,44,400,0.027312755584716797
3905,45,400,0.024846315383911133
3906,46,400,0.026163339614868164
3907,47,400,0.025818347930908203
3908,48,400,0.025810718536376953
3909,49,400,0.025539875030517578
3910,50,400,0.025023460388183594
3911,51,400,0.024457454681396484
3912,52,400,0.02407050132751465
3913,53,400,0.024016141891479492
3914,54,400,0.02363753318786621
3915,55,400,0.023835182189941406
3916,56,400,0.02349853515625
3917,57,400,0.02246713638305664
3918,58,400,0.022769927978515625
3919,59,400,0.02248978614807129
3920,60,400,0.022259235382080078
3921,61,400,0.022282123565673828
3922,62,400,0.021998882293701172
3923,63,400,0.02160477638244629
3924,64,400,0.02134871482849121
3925,65,400,0.021394014358520508
3926,66,400,0.020137548446655273
3927,67,400,0.02091526985168457
3928,68,400,0.020796537399291992
3929,69,400,0.0184938907623291
3930,70,400,0.018564224243164062
3931,71,400,0.018300533294677734
3932,72,400,0.018366098403930664
3933,73,400,0.016922950744628906
3934,74,400,0.016773223876953125
3935,75,400,0.01691126823425293
3936,76,400,0.0163116455078125
3937,77,400,0.019113779067993164
3938,78,400,0.01878833770751953
3939,79,400,0.01716446876525879
3940,80,400,0.018545150756835938
3941,81,400,0.018628835678100586
3942,82,400,0.018482446670532227
3943,83,400,0.018268823623657227
3944,84,400,0.018123626708984375
3945,85,400,0.018033981323242188
3946,86,400,0.018036603927612305
3947,87,400,0.01793670654296875
3948,88,400,0.017638683319091797
3949,89,400,0.017689228057861328
3950,90,400,0.017638683319091797
3951,91,400,0.017668962478637695
3952,92,400,0.017429351806640625
3953,93,400,0.01741647720336914
3954,94,400,0.017048120498657227
3955,95,400,0.017086029052734375
3956,96,400,0.01691913604736328
3957,97,400,0.016893863677978516
3958,98,400,0.016753196716308594
3959,99,400,0.01639413833618164
3960,1,410,0.12230682373046875
3961,2,410,0.08286595344543457
3962,3,410,0.07159066200256348
3963,4,410,0.07195091247558594
3964,5,410,0.06748843193054199
3965,6,410,0.05837678909301758
3966,7,410,0.05431056022644043
3967,8,410,0.05160331726074219
3968,9,410,0.0464177131652832
3969,10,410,0.06212878227233887
3970,11,410,0.04176163673400879
3971,12,410,0.038300514221191406
3972,13,410,0.03547859191894531
3973,14,410,0.04443550109863281
3974,15,410,0.03985095024108887
3975,16,410,0.03189420700073242
3976,17,410,0.02941584587097168
3977,18,410,0.028433561325073242
3978,19,410,0.02713751792907715
3979,20,410,0.02609419822692871
3980,21,410,0.025608539581298828
3981,22,410,0.024406909942626953
3982,23,410,0.023721933364868164
3983,24,410,0.04055333137512207
3984,25,410,0.02217268943786621
3985,26,410,0.02267289161682129
3986,27,410,0.0225374698638916
3987,28,410,0.03669476509094238
3988,29,410,0.031797170639038086
3989,30,410,0.027315378189086914
3990,31,410,0.024998903274536133
3991,32,410,0.023158788681030273
3992,33,410,0.02311873435974121
3993,34,410,0.021309852600097656
3994,35,410,0.021007299423217773
3995,36,410,0.03220200538635254
3996,37,410,0.020146846771240234
3997,38,410,0.03076314926147461
3998,39,410,0.022938251495361328
3999,40,410,0.023115873336791992
4000,41,410,0.022420167922973633
4001,42,410,0.021158933639526367
4002,43,410,0.020887136459350586
4003,44,410,0.020458698272705078
4004,45,410,0.019266128540039062
4005,46,410,0.02768731117248535
4006,47,410,0.027147293090820312
4007,48,410,0.024857759475708008
4008,49,410,0.022978544235229492
4009,50,410,0.022682666778564453
4010,51,410,0.02081012725830078
4011,52,410,0.02056884765625
4012,53,410,0.0201566219329834
4013,54,410,0.019030332565307617
4014,55,410,0.018764019012451172
4015,56,410,0.018440723419189453
4016,57,410,0.018344879150390625
4017,58,410,0.018175125122070312
4018,59,410,0.01767563819885254
4019,60,410,0.017775297164916992
4020,61,410,0.01752018928527832
4021,62,410,0.022756099700927734
4022,63,410,0.022452116012573242
4023,64,410,0.022248268127441406
4024,65,410,0.020452022552490234
4025,66,410,0.020421981811523438
4026,67,410,0.019084692001342773
4027,68,410,0.01866602897644043
4028,69,410,0.01739215850830078
4029,70,410,0.016926050186157227
4030,71,410,0.01662302017211914
4031,72,410,0.016503334045410156
4032,73,410,0.016304492950439453
4033,74,410,0.01634836196899414
4034,75,410,0.016220808029174805
4035,76,410,0.016002178192138672
4036,77,410,0.016165494918823242
4037,78,410,0.015964746475219727
4038,79,410,0.01967334747314453
4039,80,410,0.01919698715209961
4040,81,410,0.019232511520385742
4041,82,410,0.019072294235229492
4042,83,410,0.01929306983947754
4043,84,410,0.01906895637512207
4044,85,410,0.018747329711914062
4045,86,410,0.0188138484954834
4046,87,410,0.018731117248535156
4047,88,410,0.018579483032226562
4048,89,410,0.01853346824645996
4049,90,410,0.01854085922241211
4050,91,410,0.016979217529296875
4051,92,410,0.016660213470458984
4052,93,410,0.018165111541748047
4053,94,410,0.017938613891601562
4054,95,410,0.017922163009643555
4055,96,410,0.017772197723388672
4056,97,410,0.017604827880859375
4057,98,410,0.01754927635192871
4058,99,410,0.017319679260253906
4059,1,420,0.1243894100189209
4060,2,420,0.08687281608581543
4061,3,420,0.07503724098205566
4062,4,420,0.07557916641235352
4063,5,420,0.07076644897460938
4064,6,420,0.061228036880493164
4065,7,420,0.0567319393157959
4066,8,420,0.054162025451660156
4067,9,420,0.048682212829589844
4068,10,420,0.04522132873535156
4069,11,420,0.0478208065032959
4070,12,420,0.04105877876281738
4071,13,420,0.03740692138671875
4072,14,420,0.035727500915527344
4073,15,420,0.03406238555908203
4074,16,420,0.031998395919799805
4075,17,420,0.03019571304321289
4076,18,420,0.029343605041503906
4077,19,420,0.028502702713012695
4078,20,420,0.027520418167114258
4079,21,420,0.04553389549255371
4080,22,420,0.03640127182006836
4081,23,420,0.03181648254394531
4082,24,420,0.02789616584777832
4083,25,420,0.025693893432617188
4084,26,420,0.023613929748535156
4085,27,420,0.023385286331176758
4086,28,420,0.021483421325683594
4087,29,420,0.021491289138793945
4088,30,420,0.021239280700683594
4089,31,420,0.020441770553588867
4090,32,420,0.0199587345123291
4091,33,420,0.01992940902709961
4092,34,420,0.03451132774353027
4093,35,420,0.03117513656616211
4094,36,420,0.026825666427612305
4095,37,420,0.02543330192565918
4096,38,420,0.023194313049316406
4097,39,420,0.0230252742767334
4098,40,420,0.02165961265563965
4099,41,420,0.02144026756286621
4100,42,420,0.01983928680419922
4101,43,420,0.01974034309387207
4102,44,420,0.019263267517089844
4103,45,420,0.018866539001464844
4104,46,420,0.018850088119506836
4105,47,420,0.01795673370361328
4106,48,420,0.018195152282714844
4107,49,420,0.0180814266204834
4108,50,420,0.027344465255737305
4109,51,420,0.018484115600585938
4110,52,420,0.026439189910888672
4111,53,420,0.026048660278320312
4112,54,420,0.022289037704467773
4113,55,420,0.022365808486938477
4114,56,420,0.021708250045776367
4115,57,420,0.02503657341003418
4116,58,420,0.024833202362060547
4117,59,420,0.024687767028808594
4118,60,420,0.024245738983154297
4119,61,420,0.024216651916503906
4120,62,420,0.022261381149291992
4121,63,420,0.02199554443359375
4122,64,420,0.020385265350341797
4123,65,420,0.019996166229248047
4124,66,420,0.02292633056640625
4125,67,420,0.0228273868560791
4126,68,420,0.021014690399169922
4127,69,420,0.022496938705444336
4128,70,420,0.02224445343017578
4129,71,420,0.022071123123168945
4130,72,420,0.021593332290649414
4131,73,420,0.021355152130126953
4132,74,420,0.021111488342285156
4133,75,420,0.019711017608642578
4134,76,420,0.01956772804260254
4135,77,420,0.018179655075073242
4136,78,420,0.017907381057739258
4137,79,420,0.020479679107666016
4138,80,420,0.02051568031311035
4139,81,420,0.020079612731933594
4140,82,420,0.020104408264160156
4141,83,420,0.01986527442932129
4142,84,420,0.02001643180847168
4143,85,420,0.019676923751831055
4144,86,420,0.017069101333618164
4145,87,420,0.018177509307861328
4146,88,420,0.019441604614257812
4147,89,420,0.01966547966003418
4148,90,420,0.01939702033996582
4149,91,420,0.01938462257385254
4150,92,420,0.01909351348876953
4151,93,420,0.01768660545349121
4152,94,420,0.018631458282470703
4153,95,420,0.018893718719482422
4154,96,420,0.018784523010253906
4155,97,420,0.018593788146972656
4156,98,420,0.018338918685913086
4157,99,420,0.01832270622253418
4158,1,430,0.13259434700012207
4159,2,430,0.0913083553314209
4160,3,430,0.07880544662475586
4161,4,430,0.07929253578186035
4162,5,430,0.07427835464477539
4163,6,430,0.06427359580993652
4164,7,430,0.05930137634277344
4165,8,430,0.056839942932128906
4166,9,430,0.0506291389465332
4167,10,430,0.0472414493560791
4168,11,430,0.05495095252990723
4169,12,430,0.04365968704223633
4170,13,430,0.03882765769958496
4171,14,430,0.037015438079833984
4172,15,430,0.034946441650390625
4173,16,430,0.03351306915283203
4174,17,430,0.03147172927856445
4175,18,430,0.052681684494018555
4176,19,430,0.02948617935180664
4177,20,430,0.028194665908813477
4178,21,430,0.041747093200683594
4179,22,430,0.02823019027709961
4180,23,430,0.028670310974121094
4181,24,430,0.03903913497924805
4182,25,430,0.03314518928527832
4183,26,430,0.028698444366455078
4184,27,430,0.03335070610046387
4185,28,430,0.02752542495727539
4186,29,430,0.028670787811279297
4187,30,430,0.024989604949951172
4188,31,430,0.02475595474243164
4189,32,430,0.022959232330322266
4190,33,430,0.03635573387145996
4191,34,430,0.03318643569946289
4192,35,430,0.028620243072509766
4193,36,430,0.02630925178527832
4194,37,430,0.03158164024353027
4195,38,430,0.031219959259033203
4196,39,430,0.02858734130859375
4197,40,430,0.028444528579711914
4198,41,430,0.030318260192871094
4199,42,430,0.029789447784423828
4200,43,430,0.0256502628326416
4201,44,430,0.02406024932861328
4202,45,430,0.023508787155151367
4203,46,430,0.021942138671875
4204,47,430,0.02157425880432129
4205,48,430,0.021345853805541992
4206,49,430,0.019649744033813477
4207,50,430,0.028380870819091797
4208,51,430,0.028048992156982422
4209,52,430,0.02608013153076172
4210,53,430,0.024020910263061523
4211,54,430,0.021997451782226562
4212,55,430,0.019037246704101562
4213,56,430,0.020074844360351562
4214,57,430,0.020148754119873047
4215,58,430,0.01873493194580078
4216,59,430,0.0187070369720459
4217,60,430,0.018588781356811523
4218,61,430,0.025285720825195312
4219,62,430,0.018021583557128906
4220,63,430,0.01789689064025879
4221,64,430,0.017619609832763672
4222,65,430,0.017414569854736328
4223,66,430,0.017342805862426758
4224,67,430,0.017049312591552734
4225,68,430,0.01705193519592285
4226,69,430,0.023488521575927734
4227,70,430,0.016747474670410156
4228,71,430,0.016422271728515625
4229,72,430,0.022720813751220703
4230,73,430,0.022633075714111328
4231,74,430,0.020535707473754883
4232,75,430,0.02028512954711914
4233,76,430,0.018741846084594727
4234,77,430,0.018335819244384766
4235,78,430,0.02143716812133789
4236,79,430,0.02137923240661621
4237,80,430,0.021350860595703125
4238,81,430,0.019814491271972656
4239,82,430,0.02119612693786621
4240,83,430,0.020978927612304688
4241,84,430,0.02082657814025879
4242,85,430,0.020561695098876953
4243,86,430,0.020607948303222656
4244,87,430,0.020244836807250977
4245,88,430,0.02040576934814453
4246,89,430,0.020272493362426758
4247,90,430,0.020003318786621094
4248,91,430,0.02035045623779297
4249,92,430,0.020085811614990234
4250,93,430,0.01954483985900879
4251,94,430,0.019641637802124023
4252,95,430,0.01966381072998047
4253,96,430,0.019126176834106445
4254,97,430,0.019542217254638672
4255,98,430,0.019246339797973633
4256,99,430,0.019199132919311523
4257,1,440,0.13787007331848145
4258,2,440,0.09549164772033691
4259,3,440,0.08231878280639648
4260,4,440,0.08270001411437988
4261,5,440,0.07741689682006836
4262,6,440,0.06677770614624023
4263,7,440,0.06220293045043945
4264,8,440,0.059151649475097656
4265,9,440,0.05341148376464844
4266,10,440,0.04950284957885742
4267,11,440,0.04779410362243652
4268,12,440,0.043878793716430664
4269,13,440,0.040990591049194336
4270,14,440,0.03245210647583008
4271,15,440,0.036536455154418945
4272,16,440,0.03490710258483887
4273,17,440,0.03271818161010742
4274,18,440,0.03196382522583008
4275,19,440,0.030948400497436523
4276,20,440,0.029391765594482422
4277,21,440,0.028703927993774414
4278,22,440,0.027755260467529297
4279,23,440,0.026859283447265625
4280,24,440,0.026612520217895508
4281,25,440,0.025660276412963867
4282,26,440,0.02475452423095703
4283,27,440,0.024498939514160156
4284,28,440,0.023903846740722656
4285,29,440,0.02310633659362793
4286,30,440,0.040232181549072266
4287,31,440,0.022582054138183594
4288,32,440,0.02287912368774414
4289,33,440,0.022754669189453125
4290,34,440,0.02130913734436035
4291,35,440,0.03672361373901367
4292,36,440,0.031540870666503906
4293,37,440,0.028926610946655273
4294,38,440,0.02555561065673828
4295,39,440,0.03009629249572754
4296,40,440,0.025997638702392578
4297,41,440,0.025705814361572266
4298,42,440,0.024226665496826172
4299,43,440,0.03359079360961914
4300,44,440,0.03239893913269043
4301,45,440,0.028010845184326172
4302,46,440,0.029317855834960938
4303,47,440,0.027155160903930664
4304,48,440,0.02700495719909668
4305,49,440,0.031007051467895508
4306,50,440,0.02611398696899414
4307,51,440,0.025536060333251953
4308,52,440,0.025179386138916016
4309,53,440,0.02358865737915039
4310,54,440,0.021747350692749023
4311,55,440,0.028169870376586914
4312,56,440,0.027715682983398438
4313,57,440,0.02525925636291504
4314,58,440,0.023591995239257812
4315,59,440,0.02333688735961914
4316,60,440,0.025879383087158203
4317,61,440,0.023091554641723633
4318,62,440,0.022647619247436523
4319,63,440,0.025776386260986328
4320,64,440,0.023716211318969727
4321,65,440,0.02353215217590332
4322,66,440,0.02345895767211914
4323,67,440,0.021628379821777344
4324,68,440,0.024699687957763672
4325,69,440,0.02081465721130371
4326,70,440,0.02434086799621582
4327,71,440,0.024065256118774414
4328,72,440,0.024052858352661133
4329,73,440,0.023936748504638672
4330,74,440,0.02358388900756836
4331,75,440,0.0216064453125
4332,76,440,0.022908687591552734
4333,77,440,0.021132230758666992
4334,78,440,0.02257561683654785
4335,79,440,0.022385358810424805
4336,80,440,0.022098541259765625
4337,81,440,0.022047042846679688
4338,82,440,0.020466089248657227
4339,83,440,0.020401477813720703
4340,84,440,0.02037787437438965
4341,85,440,0.020108938217163086
4342,86,440,0.019816160202026367
4343,87,440,0.018516063690185547
4344,88,440,0.018390893936157227
4345,89,440,0.018214941024780273
4346,90,440,0.018357276916503906
4347,91,440,0.01816391944885254
4348,92,440,0.017634153366088867
4349,93,440,0.01810145378112793
4350,94,440,0.01768779754638672
4351,95,440,0.020240306854248047
4352,96,440,0.0175473690032959
4353,97,440,0.018841028213500977
4354,98,440,0.019924402236938477
4355,99,440,0.019929885864257812
4356,1,450,0.14169859886169434
4357,2,450,0.09942102432250977
4358,3,450,0.08630824089050293
4359,4,450,0.08641862869262695
4360,5,450,0.08128094673156738
4361,6,450,0.06984376907348633
4362,7,450,0.06515073776245117
4363,8,450,0.061948537826538086
4364,9,450,0.055753231048583984
4365,10,450,0.05163860321044922
4366,11,450,0.05922985076904297
4367,12,450,0.04515242576599121
4368,13,450,0.04238319396972656
4369,14,450,0.03465986251831055
4370,15,450,0.0319056510925293
4371,16,450,0.030035972595214844
4372,17,450,0.02910017967224121
4373,18,450,0.0507204532623291
4374,19,450,0.026605844497680664
4375,20,450,0.02723550796508789
4376,21,450,0.026641130447387695
4377,22,450,0.025641679763793945
4378,23,450,0.024178504943847656
4379,24,450,0.023736238479614258
4380,25,450,0.022037506103515625
4381,26,450,0.04399704933166504
4382,27,450,0.021660327911376953
4383,28,450,0.022906780242919922
4384,29,450,0.023453712463378906
4385,30,450,0.02274632453918457
4386,31,450,0.02145528793334961
4387,32,450,0.02130866050720215
4388,33,450,0.020905017852783203
4389,34,450,0.020288944244384766
4390,35,450,0.020061492919921875
4391,36,450,0.019875049591064453
4392,37,450,0.03686809539794922
4393,38,450,0.01974797248840332
4394,39,450,0.02132105827331543
4395,40,450,0.02114105224609375
4396,41,450,0.03515172004699707
4397,42,450,0.030048608779907227
4398,43,450,0.02139735221862793
4399,44,450,0.029661178588867188
4400,45,450,0.027089357376098633
4401,46,450,0.024943828582763672
4402,47,450,0.028010845184326172
4403,48,450,0.024637222290039062
4404,49,450,0.025992631912231445
4405,50,450,0.03166818618774414
4406,51,450,0.02479720115661621
4407,52,450,0.02479696273803711
4408,53,450,0.024468421936035156
4409,54,450,0.030076980590820312
4410,55,450,0.024126768112182617
4411,56,450,0.023588180541992188
4412,57,450,0.023021936416625977
4413,58,450,0.028277158737182617
4414,59,450,0.023026227951049805
4415,60,450,0.022591114044189453
4416,61,450,0.022576093673706055
4417,62,450,0.021895885467529297
4418,63,450,0.020693540573120117
4419,64,450,0.0266873836517334
4420,65,450,0.026454448699951172
4421,66,450,0.0213015079498291
4422,67,450,0.0258786678314209
4423,68,450,0.025613784790039062
4424,69,450,0.023683786392211914
4425,70,450,0.023774385452270508
4426,71,450,0.023282527923583984
4427,72,450,0.025103330612182617
4428,73,450,0.024888277053833008
4429,74,450,0.022956132888793945
4430,75,450,0.022795438766479492
4431,76,450,0.024114370346069336
4432,77,450,0.02169060707092285
4433,78,450,0.021685123443603516
4434,79,450,0.021462202072143555
4435,80,450,0.020157814025878906
4436,81,450,0.023212432861328125
4437,82,450,0.022910118103027344
4438,83,450,0.02169346809387207
4439,84,450,0.02285170555114746
4440,85,450,0.022596359252929688
4441,86,450,0.02261638641357422
4442,87,450,0.02247309684753418
4443,88,450,0.021893739700317383
4444,89,450,0.02196025848388672
4445,90,450,0.021936893463134766
4446,91,450,0.0200045108795166
4447,92,450,0.0200958251953125
4448,93,450,0.01992034912109375
4449,94,450,0.020904541015625
4450,95,450,0.020045042037963867
4451,96,450,0.021349430084228516
4452,97,450,0.02105259895324707
4453,98,450,0.020981311798095703
4454,99,450,0.020803451538085938
4455,1,460,0.14409208297729492
4456,2,460,0.10409760475158691
4457,3,460,0.09026122093200684
4458,4,460,0.09023880958557129
4459,5,460,0.08460259437561035
4460,6,460,0.07284426689147949
4461,7,460,0.06739425659179688
4462,8,460,0.06461453437805176
4463,9,460,0.05822157859802246
4464,10,460,0.05423283576965332
4465,11,460,0.052246809005737305
4466,12,460,0.04299354553222656
4467,13,460,0.03684592247009277
4468,14,460,0.03486990928649902
4469,15,460,0.03342938423156738
4470,16,460,0.05126810073852539
4471,17,460,0.030454158782958984
4472,18,460,0.02932906150817871
4473,19,460,0.027660608291625977
4474,20,460,0.027146577835083008
4475,21,460,0.025882482528686523
4476,22,460,0.024991750717163086
4477,23,460,0.02422356605529785
4478,24,460,0.023541927337646484
4479,25,460,0.02289891242980957
4480,26,460,0.022322416305541992
4481,27,460,0.045053958892822266
4482,28,460,0.03425455093383789
4483,29,460,0.030766963958740234
4484,30,460,0.027395248413085938
4485,31,460,0.02970409393310547
4486,32,460,0.030259370803833008
4487,33,460,0.029929637908935547
4488,34,460,0.031216859817504883
4489,35,460,0.030534744262695312
4490,36,460,0.027164697647094727
4491,37,460,0.03618049621582031
4492,38,460,0.025949478149414062
4493,39,460,0.026803016662597656
4494,40,460,0.025578022003173828
4495,41,460,0.024097442626953125
4496,42,460,0.02347850799560547
4497,43,460,0.036176443099975586
4498,44,460,0.033148765563964844
4499,45,460,0.02841496467590332
4500,46,460,0.027966976165771484
4501,47,460,0.03417491912841797
4502,48,460,0.03354501724243164
4503,49,460,0.028840065002441406
4504,50,460,0.03243851661682129
4505,51,460,0.03250885009765625
4506,52,460,0.03220534324645996
4507,53,460,0.03163886070251465
4508,54,460,0.026981592178344727
4509,55,460,0.025301694869995117
4510,56,460,0.02303600311279297
4511,57,460,0.0229337215423584
4512,58,460,0.021290302276611328
4513,59,460,0.021010637283325195
4514,60,460,0.02837347984313965
4515,61,460,0.022173404693603516
4516,62,460,0.028219938278198242
4517,63,460,0.02782464027404785
4518,64,460,0.025928735733032227
4519,65,460,0.025825977325439453
4520,66,460,0.027272462844848633
4521,67,460,0.02720332145690918
4522,68,460,0.027088165283203125
4523,69,460,0.026729822158813477
4524,70,460,0.024106502532958984
4525,71,460,0.022710323333740234
4526,72,460,0.02573680877685547
4527,73,460,0.022611618041992188
4528,74,460,0.02392435073852539
4529,75,460,0.025629043579101562
4530,76,460,0.025098800659179688
4531,77,460,0.025188207626342773
4532,78,460,0.02481865882873535
4533,79,460,0.024331331253051758
4534,80,460,0.0242617130279541
4535,81,460,0.023897647857666016
4536,82,460,0.0238797664642334
4537,83,460,0.023839712142944336
4538,84,460,0.023436546325683594
4539,85,460,0.02324080467224121
4540,86,460,0.023607254028320312
4541,87,460,0.023469924926757812
4542,88,460,0.023436784744262695
4543,89,460,0.022986173629760742
4544,90,460,0.022574186325073242
4545,91,460,0.02243828773498535
4546,92,460,0.02265310287475586
4547,93,460,0.022528648376464844
4548,94,460,0.02251911163330078
4549,95,460,0.022355318069458008
4550,96,460,0.021968841552734375
4551,97,460,0.02067399024963379
4552,98,460,0.02026963233947754
4553,99,460,0.021895170211791992
4554,1,470,0.1512584686279297
4555,2,470,0.10869503021240234
4556,3,470,0.09366250038146973
4557,4,470,0.07713580131530762
4558,5,470,0.0721275806427002
4559,6,470,0.07651472091674805
4560,7,470,0.06697368621826172
4561,8,470,0.06211280822753906
4562,9,470,0.05962038040161133
4563,10,470,0.056667327880859375
4564,11,470,0.054041147232055664
4565,12,470,0.06770658493041992
4566,13,470,0.046227455139160156
4567,14,470,0.03792428970336914
4568,15,470,0.04552125930786133
4569,16,470,0.03505873680114746
4570,17,470,0.044333457946777344
4571,18,470,0.03874659538269043
4572,19,470,0.03513216972351074
4573,20,470,0.04301643371582031
4574,21,470,0.03911542892456055
4575,22,470,0.034684181213378906
4576,23,470,0.03381776809692383
4577,24,470,0.03693795204162598
4578,25,470,0.03339242935180664
4579,26,470,0.02947831153869629
4580,27,470,0.027485132217407227
4581,28,470,0.027096986770629883
4582,29,470,0.02637934684753418
4583,30,470,0.04581022262573242
4584,31,470,0.034388065338134766
4585,32,470,0.03175497055053711
4586,33,470,0.031290292739868164
4587,34,470,0.03059101104736328
4588,35,470,0.030185699462890625
4589,36,470,0.03605055809020996
4590,37,470,0.026387929916381836
4591,38,470,0.03457021713256836
4592,39,470,0.02574944496154785
4593,40,470,0.0318753719329834
4594,41,470,0.026350736618041992
4595,42,470,0.027322053909301758
4596,43,470,0.03500699996948242
4597,44,470,0.02523517608642578
4598,45,470,0.03397035598754883
4599,46,470,0.022396087646484375
4600,47,470,0.03319525718688965
4601,48,470,0.030582904815673828
4602,49,470,0.02843785285949707
4603,50,470,0.02123713493347168
4604,51,470,0.020945072174072266
4605,52,470,0.028674840927124023
4606,53,470,0.020346879959106445
4607,54,470,0.030076026916503906
4608,55,470,0.0277101993560791
4609,56,470,0.01976609230041504
4610,57,470,0.019452333450317383
4611,58,470,0.028533935546875
4612,59,470,0.018833398818969727
4613,60,470,0.027779817581176758
4614,61,470,0.025631427764892578
4615,62,470,0.02395033836364746
4616,63,470,0.0181272029876709
4617,64,470,0.022860288619995117
4618,65,470,0.017798662185668945
4619,66,470,0.017709732055664062
4620,67,470,0.01714611053466797
4621,68,470,0.017183303833007812
4622,69,470,0.017017126083374023
4623,70,470,0.016845703125
4624,71,470,0.016547203063964844
4625,72,470,0.01676201820373535
4626,73,470,0.026749849319458008
4627,74,470,0.01807880401611328
4628,75,470,0.02654433250427246
4629,76,470,0.020009517669677734
4630,77,470,0.0260009765625
4631,78,470,0.02394890785217285
4632,79,470,0.023650646209716797
4633,80,470,0.023566007614135742
4634,81,470,0.02500438690185547
4635,82,470,0.02297663688659668
4636,83,470,0.02462458610534668
4637,84,470,0.024628400802612305
4638,85,470,0.024185657501220703
4639,86,470,0.024127483367919922
4640,87,470,0.024290800094604492
4641,88,470,0.024194002151489258
4642,89,470,0.024062633514404297
4643,90,470,0.02412581443786621
4644,91,470,0.023977994918823242
4645,92,470,0.023149490356445312
4646,93,470,0.02348017692565918
4647,94,470,0.0233156681060791
4648,95,470,0.02302718162536621
4649,96,470,0.021447181701660156
4650,97,470,0.021277189254760742
4651,98,470,0.019597291946411133
4652,99,470,0.022649049758911133
4653,1,480,0.15666866302490234
4654,2,480,0.09440851211547852
4655,3,480,0.09773540496826172
4656,4,480,0.09819579124450684
4657,5,480,0.09211921691894531
4658,6,480,0.07855749130249023
4659,7,480,0.06991815567016602
4660,8,480,0.06734156608581543
4661,9,480,0.0625462532043457
4662,10,480,0.05892801284790039
4663,11,480,0.056496620178222656
4664,12,480,0.05221438407897949
4665,13,480,0.04809927940368652
4666,14,480,0.04454374313354492
4667,15,480,0.04335308074951172
4668,16,480,0.04133939743041992
4669,17,480,0.03861522674560547
4670,18,480,0.06308960914611816
4671,19,480,0.032536983489990234
4672,20,480,0.04192829132080078
4673,21,480,0.03565168380737305
4674,22,480,0.03808021545410156
4675,23,480,0.03701329231262207
4676,24,480,0.03183698654174805
4677,25,480,0.04129219055175781
4678,26,480,0.0370635986328125
4679,27,480,0.031612396240234375
4680,28,480,0.038167476654052734
4681,29,480,0.027759075164794922
4682,30,480,0.02852034568786621
4683,31,480,0.04085421562194824
4684,32,480,0.028090715408325195
4685,33,480,0.02939009666442871
4686,34,480,0.027802467346191406
4687,35,480,0.04226970672607422
4688,36,480,0.03505563735961914
4689,37,480,0.030814647674560547
4690,38,480,0.02460312843322754
4691,39,480,0.029730558395385742
4692,40,480,0.029171466827392578
4693,41,480,0.029032468795776367
4694,42,480,0.02897024154663086
4695,43,480,0.03131842613220215
4696,44,480,0.029403209686279297
4697,45,480,0.028930187225341797
4698,46,480,0.034938812255859375
4699,47,480,0.027868032455444336
4700,48,480,0.03416943550109863
4701,49,480,0.02957010269165039
4702,50,480,0.033231496810913086
4703,51,480,0.03016042709350586
4704,52,480,0.032140493392944336
4705,53,480,0.03467082977294922
4706,54,480,0.029656410217285156
4707,55,480,0.03383636474609375
4708,56,480,0.031049013137817383
4709,57,480,0.030215740203857422
4710,58,480,0.027980804443359375
4711,59,480,0.031839609146118164
4712,60,480,0.027375221252441406
4713,61,480,0.02705240249633789
4714,62,480,0.0307919979095459
4715,63,480,0.030470848083496094
4716,64,480,0.03039717674255371
4717,65,480,0.030091524124145508
4718,66,480,0.02756357192993164
4719,67,480,0.025887489318847656
4720,68,480,0.029380083084106445
4721,69,480,0.029105186462402344
4722,70,480,0.0258331298828125
4723,71,480,0.02854323387145996
4724,72,480,0.028306245803833008
4725,73,480,0.026003599166870117
4726,74,480,0.025530576705932617
4727,75,480,0.023874998092651367
4728,76,480,0.023719072341918945
4729,77,480,0.022128582000732422
4730,78,480,0.02205967903137207
4731,79,480,0.02056264877319336
4732,80,480,0.026841163635253906
4733,81,480,0.026517868041992188
4734,82,480,0.024224281311035156
4735,83,480,0.022176504135131836
4736,84,480,0.022198200225830078
4737,85,480,0.022072315216064453
4738,86,480,0.020095348358154297
4739,87,480,0.020674467086791992
4740,88,480,0.02023005485534668
4741,89,480,0.024929046630859375
4742,90,480,0.02501702308654785
4743,91,480,0.024774551391601562
4744,92,480,0.022987842559814453
4745,93,480,0.021300077438354492
4746,94,480,0.020375967025756836
4747,95,480,0.023973941802978516
4748,96,480,0.02226853370666504
4749,97,480,0.023847579956054688
4750,98,480,0.023817777633666992
4751,99,480,0.023445606231689453
4752,1,490,0.15928316116333008
4753,2,490,0.11804413795471191
4754,3,490,0.10163569450378418
4755,4,490,0.10248327255249023
4756,5,490,0.07852458953857422
4757,6,490,0.08282947540283203
4758,7,490,0.06281352043151855
4759,8,490,0.06728887557983398
4760,9,490,0.06490349769592285
4761,10,490,0.060091495513916016
4762,11,490,0.05018901824951172
4763,12,490,0.04437756538391113
4764,13,490,0.04224681854248047
4765,14,490,0.04308891296386719
4766,15,490,0.0377504825592041
4767,16,490,0.044690847396850586
4768,17,490,0.04267144203186035
4769,18,490,0.03308224678039551
4770,19,490,0.03657269477844238
4771,20,490,0.03040766716003418
4772,21,490,0.029549121856689453
4773,22,490,0.028288602828979492
4774,23,490,0.027594566345214844
4775,24,490,0.04339313507080078
4776,25,490,0.03806757926940918
4777,26,490,0.025322914123535156
4778,27,490,0.025079965591430664
4779,28,490,0.027250289916992188
4780,29,490,0.025491952896118164
4781,30,490,0.04284048080444336
4782,31,490,0.025426626205444336
4783,32,490,0.03582930564880371
4784,33,490,0.03343391418457031
4785,34,490,0.031568288803100586
4786,35,490,0.031369686126708984
4787,36,490,0.03274655342102051
4788,37,490,0.03159928321838379
4789,38,490,0.03138995170593262
4790,39,490,0.029155492782592773
4791,40,490,0.041838884353637695
4792,41,490,0.02736496925354004
4793,42,490,0.028516292572021484
4794,43,490,0.028038740158081055
4795,44,490,0.026058673858642578
4796,45,490,0.02432107925415039
4797,46,490,0.023912429809570312
4798,47,490,0.038665771484375
4799,48,490,0.023894786834716797
4800,49,490,0.037320613861083984
4801,50,490,0.03222084045410156
4802,51,490,0.029610872268676758
4803,52,490,0.031075477600097656
4804,53,490,0.030211210250854492
4805,54,490,0.030790090560913086
4806,55,490,0.032526254653930664
4807,56,490,0.03215646743774414
4808,57,490,0.031062841415405273
4809,58,490,0.030625343322753906
4810,59,490,0.03321123123168945
4811,60,490,0.03267073631286621
4812,61,490,0.033396244049072266
4813,62,490,0.03205680847167969
4814,63,490,0.031717538833618164
4815,64,490,0.028383970260620117
4816,65,490,0.029512882232666016
4817,66,490,0.031026840209960938
4818,67,490,0.02880096435546875
4819,68,490,0.030572175979614258
4820,69,490,0.024645566940307617
4821,70,490,0.025884628295898438
4822,71,490,0.0240628719329834
4823,72,490,0.029215097427368164
4824,73,490,0.025013446807861328
4825,74,490,0.028832674026489258
4826,75,490,0.02873992919921875
4827,76,490,0.02655506134033203
4828,77,490,0.024441957473754883
4829,78,490,0.024358272552490234
4830,79,490,0.02283191680908203
4831,80,490,0.027788162231445312
4832,81,490,0.02217268943786621
4833,82,490,0.023760557174682617
4834,83,490,0.023267269134521484
4835,84,490,0.02675151824951172
4836,85,490,0.022896766662597656
4837,86,490,0.022952556610107422
4838,87,490,0.02260732650756836
4839,88,490,0.025882244110107422
4840,89,490,0.02590203285217285
4841,90,490,0.025727272033691406
4842,91,490,0.02565741539001465
4843,92,490,0.025960206985473633
4844,93,490,0.025416851043701172
4845,94,490,0.02551126480102539
4846,95,490,0.025208234786987305
4847,96,490,0.023663759231567383
4848,97,490,0.024631261825561523
4849,98,490,0.02474498748779297
4850,99,490,0.024504423141479492
